"Model","Category","Item","PartNumber","ApplicationId","Scope","RuleIndex","RawRule","SourceFile"
"M3187","C8450","I1","GJA9460BHSDC","139752","CATEGORY","1","[A37,615,0,0,1]","pl_id_3187_attributes.xml"
"M3187","C8450","I1","GJA9460BHSDC","139752","TOP","1","[A155,2932,0,0][A23,154,0,0]","tl_M3187_C8450_attributes.xml"
"M3187","C8450","I1","GJA9460BHSDC","139752","TOP","2","[A155,2932,0,0][A23,157,0,0]","tl_M3187_C8450_attributes.xml"
"M3187","C8450","I1","GJA9460BHSDC","139752","TOP","3","[A155,2924,0,0][A23,154,0,0][C,  018108,0,0][C,  024686,1,0]","tl_M3187_C8450_attributes.xml"
"M3187","C8450","I1","GJA9460BHSDC","139752","TOP","4","[A155,2924,0,0][A23,154,0,0]","tl_M3187_C8450_attributes.xml"
"M3187","C8450","I1","GJA9460BHSDC","139752","TOP","5","[A155,2924,0,0][A23,157,0,0]","tl_M3187_C8450_attributes.xml"
"M3187","C8450","I1","GJA9460BHSDC","139752","TOP","6","[A23,154,0,0][A155,2901,0,0][C,  018108,0,0][C,  024686,1,0]","tl_M3187_C8450_attributes.xml"
"M3187","C8450","I1","GJA9460BHSDC","139752","TOP","7","[A23,154,0,0][A155,2901,0,0][C,  028939,0,0]","tl_M3187_C8450_attributes.xml"
"M3187","C8450","I1","GJA9460BHSDC","139752","TOP","8","[A23,154,0,0][A155,2901,0,0]","tl_M3187_C8450_attributes.xml"
"M3187","C8450","I1","GJA9460BHSDC","139752","TOP","9","[A23,157,0,0][A155,2901,0,0]","tl_M3187_C8450_attributes.xml"
"M3187","C8450","I1","GJA9460BHSDC","139752","TOP","10","[A23,154,0,0][A155,2908,0,0][C,  018108,0,0][C,  024686,1,0]","tl_M3187_C8450_attributes.xml"
"M3187","C8450","I1","GJA9460BHSDC","139752","TOP","11","[A23,154,0,0][A155,2908,0,0][C,  024687,0,0][C,  028938,1,0]","tl_M3187_C8450_attributes.xml"
"M3187","C8450","I1","GJA9460BHSDC","139752","TOP","12","[A23,154,0,0][A155,2908,0,0]","tl_M3187_C8450_attributes.xml"
"M3187","C8450","I1","GJA9460BHSDC","139752","TOP","13","[A23,157,0,0][A155,2908,0,0]","tl_M3187_C8450_attributes.xml"
"M3187","C8450","I1","GJA9460BHSDC","139752","APPLICATION","1","[A155,2932,0,0][A23,154,0,0]","Itm_M3187_C8450_I1_attributes.xml"
"M3187","C8450","I1","GJA9460BJSDC","142208","CATEGORY","1","[A37,615,0,0,1]","pl_id_3187_attributes.xml"
"M3187","C8450","I1","GJA9460BJSDC","142208","TOP","1","[A155,2932,0,0][A23,154,0,0]","tl_M3187_C8450_attributes.xml"
"M3187","C8450","I1","GJA9460BJSDC","142208","TOP","2","[A155,2932,0,0][A23,157,0,0]","tl_M3187_C8450_attributes.xml"
"M3187","C8450","I1","GJA9460BJSDC","142208","TOP","3","[A155,2924,0,0][A23,154,0,0][C,  018108,0,0][C,  024686,1,0]","tl_M3187_C8450_attributes.xml"
"M3187","C8450","I1","GJA9460BJSDC","142208","TOP","4","[A155,2924,0,0][A23,154,0,0]","tl_M3187_C8450_attributes.xml"
"M3187","C8450","I1","GJA9460BJSDC","142208","TOP","5","[A155,2924,0,0][A23,157,0,0]","tl_M3187_C8450_attributes.xml"
"M3187","C8450","I1","GJA9460BJSDC","142208","TOP","6","[A23,154,0,0][A155,2901,0,0][C,  018108,0,0][C,  024686,1,0]","tl_M3187_C8450_attributes.xml"
"M3187","C8450","I1","GJA9460BJSDC","142208","TOP","7","[A23,154,0,0][A155,2901,0,0][C,  028939,0,0]","tl_M3187_C8450_attributes.xml"
"M3187","C8450","I1","GJA9460BJSDC","142208","TOP","8","[A23,154,0,0][A155,2901,0,0]","tl_M3187_C8450_attributes.xml"
"M3187","C8450","I1","GJA9460BJSDC","142208","TOP","9","[A23,157,0,0][A155,2901,0,0]","tl_M3187_C8450_attributes.xml"
"M3187","C8450","I1","GJA9460BJSDC","142208","TOP","10","[A23,154,0,0][A155,2908,0,0][C,  018108,0,0][C,  024686,1,0]","tl_M3187_C8450_attributes.xml"
"M3187","C8450","I1","GJA9460BJSDC","142208","TOP","11","[A23,154,0,0][A155,2908,0,0][C,  024687,0,0][C,  028938,1,0]","tl_M3187_C8450_attributes.xml"
"M3187","C8450","I1","GJA9460BJSDC","142208","TOP","12","[A23,154,0,0][A155,2908,0,0]","tl_M3187_C8450_attributes.xml"
"M3187","C8450","I1","GJA9460BJSDC","142208","TOP","13","[A23,157,0,0][A155,2908,0,0]","tl_M3187_C8450_attributes.xml"
"M3187","C8450","I1","GJA9460BJSDC","142208","APPLICATION","1","[A155,2932,0,0][A23,154,0,0]","Itm_M3187_C8450_I1_attributes.xml"
"M3187","C8450","I1","GJA9460AJSDC","142155","CATEGORY","1","[A37,615,0,0,1]","pl_id_3187_attributes.xml"
"M3187","C8450","I1","GJA9460AJSDC","142155","TOP","1","[A155,2932,0,0][A23,154,0,0]","tl_M3187_C8450_attributes.xml"
"M3187","C8450","I1","GJA9460AJSDC","142155","TOP","2","[A155,2932,0,0][A23,157,0,0]","tl_M3187_C8450_attributes.xml"
"M3187","C8450","I1","GJA9460AJSDC","142155","TOP","3","[A155,2924,0,0][A23,154,0,0][C,  018108,0,0][C,  024686,1,0]","tl_M3187_C8450_attributes.xml"
"M3187","C8450","I1","GJA9460AJSDC","142155","TOP","4","[A155,2924,0,0][A23,154,0,0]","tl_M3187_C8450_attributes.xml"
"M3187","C8450","I1","GJA9460AJSDC","142155","TOP","5","[A155,2924,0,0][A23,157,0,0]","tl_M3187_C8450_attributes.xml"
"M3187","C8450","I1","GJA9460AJSDC","142155","TOP","6","[A23,154,0,0][A155,2901,0,0][C,  018108,0,0][C,  024686,1,0]","tl_M3187_C8450_attributes.xml"
"M3187","C8450","I1","GJA9460AJSDC","142155","TOP","7","[A23,154,0,0][A155,2901,0,0][C,  028939,0,0]","tl_M3187_C8450_attributes.xml"
"M3187","C8450","I1","GJA9460AJSDC","142155","TOP","8","[A23,154,0,0][A155,2901,0,0]","tl_M3187_C8450_attributes.xml"
"M3187","C8450","I1","GJA9460AJSDC","142155","TOP","9","[A23,157,0,0][A155,2901,0,0]","tl_M3187_C8450_attributes.xml"
"M3187","C8450","I1","GJA9460AJSDC","142155","TOP","10","[A23,154,0,0][A155,2908,0,0][C,  018108,0,0][C,  024686,1,0]","tl_M3187_C8450_attributes.xml"
"M3187","C8450","I1","GJA9460AJSDC","142155","TOP","11","[A23,154,0,0][A155,2908,0,0][C,  024687,0,0][C,  028938,1,0]","tl_M3187_C8450_attributes.xml"
"M3187","C8450","I1","GJA9460AJSDC","142155","TOP","12","[A23,154,0,0][A155,2908,0,0]","tl_M3187_C8450_attributes.xml"
"M3187","C8450","I1","GJA9460AJSDC","142155","TOP","13","[A23,157,0,0][A155,2908,0,0]","tl_M3187_C8450_attributes.xml"
"M3187","C8450","I1","GJA9460AJSDC","142155","APPLICATION","1","[A155,2932,0,0][A23,157,0,0]","Itm_M3187_C8450_I1_attributes.xml"
"M3187","C8450","I1","GJA9460BLLFN","150129","CATEGORY","1","[A37,615,0,0,1]","pl_id_3187_attributes.xml"
"M3187","C8450","I1","GJA9460BLLFN","150129","TOP","1","[A155,2932,0,0][A23,154,0,0]","tl_M3187_C8450_attributes.xml"
"M3187","C8450","I1","GJA9460BLLFN","150129","TOP","2","[A155,2932,0,0][A23,157,0,0]","tl_M3187_C8450_attributes.xml"
"M3187","C8450","I1","GJA9460BLLFN","150129","TOP","3","[A155,2924,0,0][A23,154,0,0][C,  018108,0,0][C,  024686,1,0]","tl_M3187_C8450_attributes.xml"
"M3187","C8450","I1","GJA9460BLLFN","150129","TOP","4","[A155,2924,0,0][A23,154,0,0]","tl_M3187_C8450_attributes.xml"
"M3187","C8450","I1","GJA9460BLLFN","150129","TOP","5","[A155,2924,0,0][A23,157,0,0]","tl_M3187_C8450_attributes.xml"
"M3187","C8450","I1","GJA9460BLLFN","150129","TOP","6","[A23,154,0,0][A155,2901,0,0][C,  018108,0,0][C,  024686,1,0]","tl_M3187_C8450_attributes.xml"
"M3187","C8450","I1","GJA9460BLLFN","150129","TOP","7","[A23,154,0,0][A155,2901,0,0][C,  028939,0,0]","tl_M3187_C8450_attributes.xml"
"M3187","C8450","I1","GJA9460BLLFN","150129","TOP","8","[A23,154,0,0][A155,2901,0,0]","tl_M3187_C8450_attributes.xml"
"M3187","C8450","I1","GJA9460BLLFN","150129","TOP","9","[A23,157,0,0][A155,2901,0,0]","tl_M3187_C8450_attributes.xml"
"M3187","C8450","I1","GJA9460BLLFN","150129","TOP","10","[A23,154,0,0][A155,2908,0,0][C,  018108,0,0][C,  024686,1,0]","tl_M3187_C8450_attributes.xml"
"M3187","C8450","I1","GJA9460BLLFN","150129","TOP","11","[A23,154,0,0][A155,2908,0,0][C,  024687,0,0][C,  028938,1,0]","tl_M3187_C8450_attributes.xml"
"M3187","C8450","I1","GJA9460BLLFN","150129","TOP","12","[A23,154,0,0][A155,2908,0,0]","tl_M3187_C8450_attributes.xml"
"M3187","C8450","I1","GJA9460BLLFN","150129","TOP","13","[A23,157,0,0][A155,2908,0,0]","tl_M3187_C8450_attributes.xml"
"M3187","C8450","I1","GJA9460BLLFN","150129","APPLICATION","1","[A155,2924,0,0][A23,154,0,0][C,  018108,0,0][C,  024686,1,0]","Itm_M3187_C8450_I1_attributes.xml"
"M3187","C8450","I1","GJB9460BALFN","156403","CATEGORY","1","[A37,615,0,0,1]","pl_id_3187_attributes.xml"
"M3187","C8450","I1","GJB9460BALFN","156403","TOP","1","[A155,2932,0,0][A23,154,0,0]","tl_M3187_C8450_attributes.xml"
"M3187","C8450","I1","GJB9460BALFN","156403","TOP","2","[A155,2932,0,0][A23,157,0,0]","tl_M3187_C8450_attributes.xml"
"M3187","C8450","I1","GJB9460BALFN","156403","TOP","3","[A155,2924,0,0][A23,154,0,0][C,  018108,0,0][C,  024686,1,0]","tl_M3187_C8450_attributes.xml"
"M3187","C8450","I1","GJB9460BALFN","156403","TOP","4","[A155,2924,0,0][A23,154,0,0]","tl_M3187_C8450_attributes.xml"
"M3187","C8450","I1","GJB9460BALFN","156403","TOP","5","[A155,2924,0,0][A23,157,0,0]","tl_M3187_C8450_attributes.xml"
"M3187","C8450","I1","GJB9460BALFN","156403","TOP","6","[A23,154,0,0][A155,2901,0,0][C,  018108,0,0][C,  024686,1,0]","tl_M3187_C8450_attributes.xml"
"M3187","C8450","I1","GJB9460BALFN","156403","TOP","7","[A23,154,0,0][A155,2901,0,0][C,  028939,0,0]","tl_M3187_C8450_attributes.xml"
"M3187","C8450","I1","GJB9460BALFN","156403","TOP","8","[A23,154,0,0][A155,2901,0,0]","tl_M3187_C8450_attributes.xml"
"M3187","C8450","I1","GJB9460BALFN","156403","TOP","9","[A23,157,0,0][A155,2901,0,0]","tl_M3187_C8450_attributes.xml"
"M3187","C8450","I1","GJB9460BALFN","156403","TOP","10","[A23,154,0,0][A155,2908,0,0][C,  018108,0,0][C,  024686,1,0]","tl_M3187_C8450_attributes.xml"
"M3187","C8450","I1","GJB9460BALFN","156403","TOP","11","[A23,154,0,0][A155,2908,0,0][C,  024687,0,0][C,  028938,1,0]","tl_M3187_C8450_attributes.xml"
"M3187","C8450","I1","GJB9460BALFN","156403","TOP","12","[A23,154,0,0][A155,2908,0,0]","tl_M3187_C8450_attributes.xml"
"M3187","C8450","I1","GJB9460BALFN","156403","TOP","13","[A23,157,0,0][A155,2908,0,0]","tl_M3187_C8450_attributes.xml"
"M3187","C8450","I1","GJB9460BALFN","156403","APPLICATION","1","[A155,2924,0,0][A23,154,0,0]","Itm_M3187_C8450_I1_attributes.xml"
"M3187","C8450","I1","GJA9460BJLFN","142204","CATEGORY","1","[A37,615,0,0,1]","pl_id_3187_attributes.xml"
"M3187","C8450","I1","GJA9460BJLFN","142204","TOP","1","[A155,2932,0,0][A23,154,0,0]","tl_M3187_C8450_attributes.xml"
"M3187","C8450","I1","GJA9460BJLFN","142204","TOP","2","[A155,2932,0,0][A23,157,0,0]","tl_M3187_C8450_attributes.xml"
"M3187","C8450","I1","GJA9460BJLFN","142204","TOP","3","[A155,2924,0,0][A23,154,0,0][C,  018108,0,0][C,  024686,1,0]","tl_M3187_C8450_attributes.xml"
"M3187","C8450","I1","GJA9460BJLFN","142204","TOP","4","[A155,2924,0,0][A23,154,0,0]","tl_M3187_C8450_attributes.xml"
"M3187","C8450","I1","GJA9460BJLFN","142204","TOP","5","[A155,2924,0,0][A23,157,0,0]","tl_M3187_C8450_attributes.xml"
"M3187","C8450","I1","GJA9460BJLFN","142204","TOP","6","[A23,154,0,0][A155,2901,0,0][C,  018108,0,0][C,  024686,1,0]","tl_M3187_C8450_attributes.xml"
"M3187","C8450","I1","GJA9460BJLFN","142204","TOP","7","[A23,154,0,0][A155,2901,0,0][C,  028939,0,0]","tl_M3187_C8450_attributes.xml"
"M3187","C8450","I1","GJA9460BJLFN","142204","TOP","8","[A23,154,0,0][A155,2901,0,0]","tl_M3187_C8450_attributes.xml"
"M3187","C8450","I1","GJA9460BJLFN","142204","TOP","9","[A23,157,0,0][A155,2901,0,0]","tl_M3187_C8450_attributes.xml"
"M3187","C8450","I1","GJA9460BJLFN","142204","TOP","10","[A23,154,0,0][A155,2908,0,0][C,  018108,0,0][C,  024686,1,0]","tl_M3187_C8450_attributes.xml"
"M3187","C8450","I1","GJA9460BJLFN","142204","TOP","11","[A23,154,0,0][A155,2908,0,0][C,  024687,0,0][C,  028938,1,0]","tl_M3187_C8450_attributes.xml"
"M3187","C8450","I1","GJA9460BJLFN","142204","TOP","12","[A23,154,0,0][A155,2908,0,0]","tl_M3187_C8450_attributes.xml"
"M3187","C8450","I1","GJA9460BJLFN","142204","TOP","13","[A23,157,0,0][A155,2908,0,0]","tl_M3187_C8450_attributes.xml"
"M3187","C8450","I1","GJA9460BJLFN","142204","APPLICATION","1","[A155,2924,0,0][A23,154,0,0]","Itm_M3187_C8450_I1_attributes.xml"
"M3187","C8450","I1","GJA9460BHLFN","139748","CATEGORY","1","[A37,615,0,0,1]","pl_id_3187_attributes.xml"
"M3187","C8450","I1","GJA9460BHLFN","139748","TOP","1","[A155,2932,0,0][A23,154,0,0]","tl_M3187_C8450_attributes.xml"
"M3187","C8450","I1","GJA9460BHLFN","139748","TOP","2","[A155,2932,0,0][A23,157,0,0]","tl_M3187_C8450_attributes.xml"
"M3187","C8450","I1","GJA9460BHLFN","139748","TOP","3","[A155,2924,0,0][A23,154,0,0][C,  018108,0,0][C,  024686,1,0]","tl_M3187_C8450_attributes.xml"
"M3187","C8450","I1","GJA9460BHLFN","139748","TOP","4","[A155,2924,0,0][A23,154,0,0]","tl_M3187_C8450_attributes.xml"
"M3187","C8450","I1","GJA9460BHLFN","139748","TOP","5","[A155,2924,0,0][A23,157,0,0]","tl_M3187_C8450_attributes.xml"
"M3187","C8450","I1","GJA9460BHLFN","139748","TOP","6","[A23,154,0,0][A155,2901,0,0][C,  018108,0,0][C,  024686,1,0]","tl_M3187_C8450_attributes.xml"
"M3187","C8450","I1","GJA9460BHLFN","139748","TOP","7","[A23,154,0,0][A155,2901,0,0][C,  028939,0,0]","tl_M3187_C8450_attributes.xml"
"M3187","C8450","I1","GJA9460BHLFN","139748","TOP","8","[A23,154,0,0][A155,2901,0,0]","tl_M3187_C8450_attributes.xml"
"M3187","C8450","I1","GJA9460BHLFN","139748","TOP","9","[A23,157,0,0][A155,2901,0,0]","tl_M3187_C8450_attributes.xml"
"M3187","C8450","I1","GJA9460BHLFN","139748","TOP","10","[A23,154,0,0][A155,2908,0,0][C,  018108,0,0][C,  024686,1,0]","tl_M3187_C8450_attributes.xml"
"M3187","C8450","I1","GJA9460BHLFN","139748","TOP","11","[A23,154,0,0][A155,2908,0,0][C,  024687,0,0][C,  028938,1,0]","tl_M3187_C8450_attributes.xml"
"M3187","C8450","I1","GJA9460BHLFN","139748","TOP","12","[A23,154,0,0][A155,2908,0,0]","tl_M3187_C8450_attributes.xml"
"M3187","C8450","I1","GJA9460BHLFN","139748","TOP","13","[A23,157,0,0][A155,2908,0,0]","tl_M3187_C8450_attributes.xml"
"M3187","C8450","I1","GJA9460BHLFN","139748","APPLICATION","1","[A155,2924,0,0][A23,154,0,0]","Itm_M3187_C8450_I1_attributes.xml"
"M3187","C8450","I1","GJB9460BBLFN","158188","CATEGORY","1","[A37,615,0,0,1]","pl_id_3187_attributes.xml"
"M3187","C8450","I1","GJB9460BBLFN","158188","TOP","1","[A155,2932,0,0][A23,154,0,0]","tl_M3187_C8450_attributes.xml"
"M3187","C8450","I1","GJB9460BBLFN","158188","TOP","2","[A155,2932,0,0][A23,157,0,0]","tl_M3187_C8450_attributes.xml"
"M3187","C8450","I1","GJB9460BBLFN","158188","TOP","3","[A155,2924,0,0][A23,154,0,0][C,  018108,0,0][C,  024686,1,0]","tl_M3187_C8450_attributes.xml"
"M3187","C8450","I1","GJB9460BBLFN","158188","TOP","4","[A155,2924,0,0][A23,154,0,0]","tl_M3187_C8450_attributes.xml"
"M3187","C8450","I1","GJB9460BBLFN","158188","TOP","5","[A155,2924,0,0][A23,157,0,0]","tl_M3187_C8450_attributes.xml"
"M3187","C8450","I1","GJB9460BBLFN","158188","TOP","6","[A23,154,0,0][A155,2901,0,0][C,  018108,0,0][C,  024686,1,0]","tl_M3187_C8450_attributes.xml"
"M3187","C8450","I1","GJB9460BBLFN","158188","TOP","7","[A23,154,0,0][A155,2901,0,0][C,  028939,0,0]","tl_M3187_C8450_attributes.xml"
"M3187","C8450","I1","GJB9460BBLFN","158188","TOP","8","[A23,154,0,0][A155,2901,0,0]","tl_M3187_C8450_attributes.xml"
"M3187","C8450","I1","GJB9460BBLFN","158188","TOP","9","[A23,157,0,0][A155,2901,0,0]","tl_M3187_C8450_attributes.xml"
"M3187","C8450","I1","GJB9460BBLFN","158188","TOP","10","[A23,154,0,0][A155,2908,0,0][C,  018108,0,0][C,  024686,1,0]","tl_M3187_C8450_attributes.xml"
"M3187","C8450","I1","GJB9460BBLFN","158188","TOP","11","[A23,154,0,0][A155,2908,0,0][C,  024687,0,0][C,  028938,1,0]","tl_M3187_C8450_attributes.xml"
"M3187","C8450","I1","GJB9460BBLFN","158188","TOP","12","[A23,154,0,0][A155,2908,0,0]","tl_M3187_C8450_attributes.xml"
"M3187","C8450","I1","GJB9460BBLFN","158188","TOP","13","[A23,157,0,0][A155,2908,0,0]","tl_M3187_C8450_attributes.xml"
"M3187","C8450","I1","GJB9460BBLFN","158188","APPLICATION","1","[A155,2924,0,0][A23,154,0,0]","Itm_M3187_C8450_I1_attributes.xml"
"M3187","C8450","I1","GJB9460AALFN","156395","CATEGORY","1","[A37,615,0,0,1]","pl_id_3187_attributes.xml"
"M3187","C8450","I1","GJB9460AALFN","156395","TOP","1","[A155,2932,0,0][A23,154,0,0]","tl_M3187_C8450_attributes.xml"
"M3187","C8450","I1","GJB9460AALFN","156395","TOP","2","[A155,2932,0,0][A23,157,0,0]","tl_M3187_C8450_attributes.xml"
"M3187","C8450","I1","GJB9460AALFN","156395","TOP","3","[A155,2924,0,0][A23,154,0,0][C,  018108,0,0][C,  024686,1,0]","tl_M3187_C8450_attributes.xml"
"M3187","C8450","I1","GJB9460AALFN","156395","TOP","4","[A155,2924,0,0][A23,154,0,0]","tl_M3187_C8450_attributes.xml"
"M3187","C8450","I1","GJB9460AALFN","156395","TOP","5","[A155,2924,0,0][A23,157,0,0]","tl_M3187_C8450_attributes.xml"
"M3187","C8450","I1","GJB9460AALFN","156395","TOP","6","[A23,154,0,0][A155,2901,0,0][C,  018108,0,0][C,  024686,1,0]","tl_M3187_C8450_attributes.xml"
"M3187","C8450","I1","GJB9460AALFN","156395","TOP","7","[A23,154,0,0][A155,2901,0,0][C,  028939,0,0]","tl_M3187_C8450_attributes.xml"
"M3187","C8450","I1","GJB9460AALFN","156395","TOP","8","[A23,154,0,0][A155,2901,0,0]","tl_M3187_C8450_attributes.xml"
"M3187","C8450","I1","GJB9460AALFN","156395","TOP","9","[A23,157,0,0][A155,2901,0,0]","tl_M3187_C8450_attributes.xml"
"M3187","C8450","I1","GJB9460AALFN","156395","TOP","10","[A23,154,0,0][A155,2908,0,0][C,  018108,0,0][C,  024686,1,0]","tl_M3187_C8450_attributes.xml"
"M3187","C8450","I1","GJB9460AALFN","156395","TOP","11","[A23,154,0,0][A155,2908,0,0][C,  024687,0,0][C,  028938,1,0]","tl_M3187_C8450_attributes.xml"
"M3187","C8450","I1","GJB9460AALFN","156395","TOP","12","[A23,154,0,0][A155,2908,0,0]","tl_M3187_C8450_attributes.xml"
"M3187","C8450","I1","GJB9460AALFN","156395","TOP","13","[A23,157,0,0][A155,2908,0,0]","tl_M3187_C8450_attributes.xml"
"M3187","C8450","I1","GJB9460AALFN","156395","APPLICATION","1","[A155,2924,0,0][A23,157,0,0]","Itm_M3187_C8450_I1_attributes.xml"
"M3187","C8450","I1","GJA9460ALLFN","150090","CATEGORY","1","[A37,615,0,0,1]","pl_id_3187_attributes.xml"
"M3187","C8450","I1","GJA9460ALLFN","150090","TOP","1","[A155,2932,0,0][A23,154,0,0]","tl_M3187_C8450_attributes.xml"
"M3187","C8450","I1","GJA9460ALLFN","150090","TOP","2","[A155,2932,0,0][A23,157,0,0]","tl_M3187_C8450_attributes.xml"
"M3187","C8450","I1","GJA9460ALLFN","150090","TOP","3","[A155,2924,0,0][A23,154,0,0][C,  018108,0,0][C,  024686,1,0]","tl_M3187_C8450_attributes.xml"
"M3187","C8450","I1","GJA9460ALLFN","150090","TOP","4","[A155,2924,0,0][A23,154,0,0]","tl_M3187_C8450_attributes.xml"
"M3187","C8450","I1","GJA9460ALLFN","150090","TOP","5","[A155,2924,0,0][A23,157,0,0]","tl_M3187_C8450_attributes.xml"
"M3187","C8450","I1","GJA9460ALLFN","150090","TOP","6","[A23,154,0,0][A155,2901,0,0][C,  018108,0,0][C,  024686,1,0]","tl_M3187_C8450_attributes.xml"
"M3187","C8450","I1","GJA9460ALLFN","150090","TOP","7","[A23,154,0,0][A155,2901,0,0][C,  028939,0,0]","tl_M3187_C8450_attributes.xml"
"M3187","C8450","I1","GJA9460ALLFN","150090","TOP","8","[A23,154,0,0][A155,2901,0,0]","tl_M3187_C8450_attributes.xml"
"M3187","C8450","I1","GJA9460ALLFN","150090","TOP","9","[A23,157,0,0][A155,2901,0,0]","tl_M3187_C8450_attributes.xml"
"M3187","C8450","I1","GJA9460ALLFN","150090","TOP","10","[A23,154,0,0][A155,2908,0,0][C,  018108,0,0][C,  024686,1,0]","tl_M3187_C8450_attributes.xml"
"M3187","C8450","I1","GJA9460ALLFN","150090","TOP","11","[A23,154,0,0][A155,2908,0,0][C,  024687,0,0][C,  028938,1,0]","tl_M3187_C8450_attributes.xml"
"M3187","C8450","I1","GJA9460ALLFN","150090","TOP","12","[A23,154,0,0][A155,2908,0,0]","tl_M3187_C8450_attributes.xml"
"M3187","C8450","I1","GJA9460ALLFN","150090","TOP","13","[A23,157,0,0][A155,2908,0,0]","tl_M3187_C8450_attributes.xml"
"M3187","C8450","I1","GJA9460ALLFN","150090","APPLICATION","1","[A155,2924,0,0][A23,157,0,0]","Itm_M3187_C8450_I1_attributes.xml"
"M3187","C8450","I1","GJA9460AJLFN","142153","CATEGORY","1","[A37,615,0,0,1]","pl_id_3187_attributes.xml"
"M3187","C8450","I1","GJA9460AJLFN","142153","TOP","1","[A155,2932,0,0][A23,154,0,0]","tl_M3187_C8450_attributes.xml"
"M3187","C8450","I1","GJA9460AJLFN","142153","TOP","2","[A155,2932,0,0][A23,157,0,0]","tl_M3187_C8450_attributes.xml"
"M3187","C8450","I1","GJA9460AJLFN","142153","TOP","3","[A155,2924,0,0][A23,154,0,0][C,  018108,0,0][C,  024686,1,0]","tl_M3187_C8450_attributes.xml"
"M3187","C8450","I1","GJA9460AJLFN","142153","TOP","4","[A155,2924,0,0][A23,154,0,0]","tl_M3187_C8450_attributes.xml"
"M3187","C8450","I1","GJA9460AJLFN","142153","TOP","5","[A155,2924,0,0][A23,157,0,0]","tl_M3187_C8450_attributes.xml"
"M3187","C8450","I1","GJA9460AJLFN","142153","TOP","6","[A23,154,0,0][A155,2901,0,0][C,  018108,0,0][C,  024686,1,0]","tl_M3187_C8450_attributes.xml"
"M3187","C8450","I1","GJA9460AJLFN","142153","TOP","7","[A23,154,0,0][A155,2901,0,0][C,  028939,0,0]","tl_M3187_C8450_attributes.xml"
"M3187","C8450","I1","GJA9460AJLFN","142153","TOP","8","[A23,154,0,0][A155,2901,0,0]","tl_M3187_C8450_attributes.xml"
"M3187","C8450","I1","GJA9460AJLFN","142153","TOP","9","[A23,157,0,0][A155,2901,0,0]","tl_M3187_C8450_attributes.xml"
"M3187","C8450","I1","GJA9460AJLFN","142153","TOP","10","[A23,154,0,0][A155,2908,0,0][C,  018108,0,0][C,  024686,1,0]","tl_M3187_C8450_attributes.xml"
"M3187","C8450","I1","GJA9460AJLFN","142153","TOP","11","[A23,154,0,0][A155,2908,0,0][C,  024687,0,0][C,  028938,1,0]","tl_M3187_C8450_attributes.xml"
"M3187","C8450","I1","GJA9460AJLFN","142153","TOP","12","[A23,154,0,0][A155,2908,0,0]","tl_M3187_C8450_attributes.xml"
"M3187","C8450","I1","GJA9460AJLFN","142153","TOP","13","[A23,157,0,0][A155,2908,0,0]","tl_M3187_C8450_attributes.xml"
"M3187","C8450","I1","GJA9460AJLFN","142153","APPLICATION","1","[A155,2924,0,0][A23,157,0,0]","Itm_M3187_C8450_I1_attributes.xml"
"M3187","C8450","I1","GJB9460ABLFN","158178","CATEGORY","1","[A37,615,0,0,1]","pl_id_3187_attributes.xml"
"M3187","C8450","I1","GJB9460ABLFN","158178","TOP","1","[A155,2932,0,0][A23,154,0,0]","tl_M3187_C8450_attributes.xml"
"M3187","C8450","I1","GJB9460ABLFN","158178","TOP","2","[A155,2932,0,0][A23,157,0,0]","tl_M3187_C8450_attributes.xml"
"M3187","C8450","I1","GJB9460ABLFN","158178","TOP","3","[A155,2924,0,0][A23,154,0,0][C,  018108,0,0][C,  024686,1,0]","tl_M3187_C8450_attributes.xml"
"M3187","C8450","I1","GJB9460ABLFN","158178","TOP","4","[A155,2924,0,0][A23,154,0,0]","tl_M3187_C8450_attributes.xml"
"M3187","C8450","I1","GJB9460ABLFN","158178","TOP","5","[A155,2924,0,0][A23,157,0,0]","tl_M3187_C8450_attributes.xml"
"M3187","C8450","I1","GJB9460ABLFN","158178","TOP","6","[A23,154,0,0][A155,2901,0,0][C,  018108,0,0][C,  024686,1,0]","tl_M3187_C8450_attributes.xml"
"M3187","C8450","I1","GJB9460ABLFN","158178","TOP","7","[A23,154,0,0][A155,2901,0,0][C,  028939,0,0]","tl_M3187_C8450_attributes.xml"
"M3187","C8450","I1","GJB9460ABLFN","158178","TOP","8","[A23,154,0,0][A155,2901,0,0]","tl_M3187_C8450_attributes.xml"
"M3187","C8450","I1","GJB9460ABLFN","158178","TOP","9","[A23,157,0,0][A155,2901,0,0]","tl_M3187_C8450_attributes.xml"
"M3187","C8450","I1","GJB9460ABLFN","158178","TOP","10","[A23,154,0,0][A155,2908,0,0][C,  018108,0,0][C,  024686,1,0]","tl_M3187_C8450_attributes.xml"
"M3187","C8450","I1","GJB9460ABLFN","158178","TOP","11","[A23,154,0,0][A155,2908,0,0][C,  024687,0,0][C,  028938,1,0]","tl_M3187_C8450_attributes.xml"
"M3187","C8450","I1","GJB9460ABLFN","158178","TOP","12","[A23,154,0,0][A155,2908,0,0]","tl_M3187_C8450_attributes.xml"
"M3187","C8450","I1","GJB9460ABLFN","158178","TOP","13","[A23,157,0,0][A155,2908,0,0]","tl_M3187_C8450_attributes.xml"
"M3187","C8450","I1","GJB9460ABLFN","158178","APPLICATION","1","[A155,2924,0,0][A23,157,0,0]","Itm_M3187_C8450_I1_attributes.xml"
"M3187","C8450","I1","GJA9460BLAEK","150133","CATEGORY","1","[A37,615,0,0,1]","pl_id_3187_attributes.xml"
"M3187","C8450","I1","GJA9460BLAEK","150133","TOP","1","[A155,2932,0,0][A23,154,0,0]","tl_M3187_C8450_attributes.xml"
"M3187","C8450","I1","GJA9460BLAEK","150133","TOP","2","[A155,2932,0,0][A23,157,0,0]","tl_M3187_C8450_attributes.xml"
"M3187","C8450","I1","GJA9460BLAEK","150133","TOP","3","[A155,2924,0,0][A23,154,0,0][C,  018108,0,0][C,  024686,1,0]","tl_M3187_C8450_attributes.xml"
"M3187","C8450","I1","GJA9460BLAEK","150133","TOP","4","[A155,2924,0,0][A23,154,0,0]","tl_M3187_C8450_attributes.xml"
"M3187","C8450","I1","GJA9460BLAEK","150133","TOP","5","[A155,2924,0,0][A23,157,0,0]","tl_M3187_C8450_attributes.xml"
"M3187","C8450","I1","GJA9460BLAEK","150133","TOP","6","[A23,154,0,0][A155,2901,0,0][C,  018108,0,0][C,  024686,1,0]","tl_M3187_C8450_attributes.xml"
"M3187","C8450","I1","GJA9460BLAEK","150133","TOP","7","[A23,154,0,0][A155,2901,0,0][C,  028939,0,0]","tl_M3187_C8450_attributes.xml"
"M3187","C8450","I1","GJA9460BLAEK","150133","TOP","8","[A23,154,0,0][A155,2901,0,0]","tl_M3187_C8450_attributes.xml"
"M3187","C8450","I1","GJA9460BLAEK","150133","TOP","9","[A23,157,0,0][A155,2901,0,0]","tl_M3187_C8450_attributes.xml"
"M3187","C8450","I1","GJA9460BLAEK","150133","TOP","10","[A23,154,0,0][A155,2908,0,0][C,  018108,0,0][C,  024686,1,0]","tl_M3187_C8450_attributes.xml"
"M3187","C8450","I1","GJA9460BLAEK","150133","TOP","11","[A23,154,0,0][A155,2908,0,0][C,  024687,0,0][C,  028938,1,0]","tl_M3187_C8450_attributes.xml"
"M3187","C8450","I1","GJA9460BLAEK","150133","TOP","12","[A23,154,0,0][A155,2908,0,0]","tl_M3187_C8450_attributes.xml"
"M3187","C8450","I1","GJA9460BLAEK","150133","TOP","13","[A23,157,0,0][A155,2908,0,0]","tl_M3187_C8450_attributes.xml"
"M3187","C8450","I1","GJA9460BLAEK","150133","APPLICATION","1","[A23,154,0,0][A155,2901,0,0][C,  018108,0,0][C,  024686,1,0]","Itm_M3187_C8450_I1_attributes.xml"
"M3187","C8450","I1","GJB9460BCAEK","169473","CATEGORY","1","[A37,615,0,0,1]","pl_id_3187_attributes.xml"
"M3187","C8450","I1","GJB9460BCAEK","169473","TOP","1","[A155,2932,0,0][A23,154,0,0]","tl_M3187_C8450_attributes.xml"
"M3187","C8450","I1","GJB9460BCAEK","169473","TOP","2","[A155,2932,0,0][A23,157,0,0]","tl_M3187_C8450_attributes.xml"
"M3187","C8450","I1","GJB9460BCAEK","169473","TOP","3","[A155,2924,0,0][A23,154,0,0][C,  018108,0,0][C,  024686,1,0]","tl_M3187_C8450_attributes.xml"
"M3187","C8450","I1","GJB9460BCAEK","169473","TOP","4","[A155,2924,0,0][A23,154,0,0]","tl_M3187_C8450_attributes.xml"
"M3187","C8450","I1","GJB9460BCAEK","169473","TOP","5","[A155,2924,0,0][A23,157,0,0]","tl_M3187_C8450_attributes.xml"
"M3187","C8450","I1","GJB9460BCAEK","169473","TOP","6","[A23,154,0,0][A155,2901,0,0][C,  018108,0,0][C,  024686,1,0]","tl_M3187_C8450_attributes.xml"
"M3187","C8450","I1","GJB9460BCAEK","169473","TOP","7","[A23,154,0,0][A155,2901,0,0][C,  028939,0,0]","tl_M3187_C8450_attributes.xml"
"M3187","C8450","I1","GJB9460BCAEK","169473","TOP","8","[A23,154,0,0][A155,2901,0,0]","tl_M3187_C8450_attributes.xml"
"M3187","C8450","I1","GJB9460BCAEK","169473","TOP","9","[A23,157,0,0][A155,2901,0,0]","tl_M3187_C8450_attributes.xml"
"M3187","C8450","I1","GJB9460BCAEK","169473","TOP","10","[A23,154,0,0][A155,2908,0,0][C,  018108,0,0][C,  024686,1,0]","tl_M3187_C8450_attributes.xml"
"M3187","C8450","I1","GJB9460BCAEK","169473","TOP","11","[A23,154,0,0][A155,2908,0,0][C,  024687,0,0][C,  028938,1,0]","tl_M3187_C8450_attributes.xml"
"M3187","C8450","I1","GJB9460BCAEK","169473","TOP","12","[A23,154,0,0][A155,2908,0,0]","tl_M3187_C8450_attributes.xml"
"M3187","C8450","I1","GJB9460BCAEK","169473","TOP","13","[A23,157,0,0][A155,2908,0,0]","tl_M3187_C8450_attributes.xml"
"M3187","C8450","I1","GJB9460BCAEK","169473","APPLICATION","1","[A23,154,0,0][A155,2901,0,0][C,  028939,0,0]","Itm_M3187_C8450_I1_attributes.xml"
"M3187","C8450","I1","GJB9460BAAEK","156407","CATEGORY","1","[A37,615,0,0,1]","pl_id_3187_attributes.xml"
"M3187","C8450","I1","GJB9460BAAEK","156407","TOP","1","[A155,2932,0,0][A23,154,0,0]","tl_M3187_C8450_attributes.xml"
"M3187","C8450","I1","GJB9460BAAEK","156407","TOP","2","[A155,2932,0,0][A23,157,0,0]","tl_M3187_C8450_attributes.xml"
"M3187","C8450","I1","GJB9460BAAEK","156407","TOP","3","[A155,2924,0,0][A23,154,0,0][C,  018108,0,0][C,  024686,1,0]","tl_M3187_C8450_attributes.xml"
"M3187","C8450","I1","GJB9460BAAEK","156407","TOP","4","[A155,2924,0,0][A23,154,0,0]","tl_M3187_C8450_attributes.xml"
"M3187","C8450","I1","GJB9460BAAEK","156407","TOP","5","[A155,2924,0,0][A23,157,0,0]","tl_M3187_C8450_attributes.xml"
"M3187","C8450","I1","GJB9460BAAEK","156407","TOP","6","[A23,154,0,0][A155,2901,0,0][C,  018108,0,0][C,  024686,1,0]","tl_M3187_C8450_attributes.xml"
"M3187","C8450","I1","GJB9460BAAEK","156407","TOP","7","[A23,154,0,0][A155,2901,0,0][C,  028939,0,0]","tl_M3187_C8450_attributes.xml"
"M3187","C8450","I1","GJB9460BAAEK","156407","TOP","8","[A23,154,0,0][A155,2901,0,0]","tl_M3187_C8450_attributes.xml"
"M3187","C8450","I1","GJB9460BAAEK","156407","TOP","9","[A23,157,0,0][A155,2901,0,0]","tl_M3187_C8450_attributes.xml"
"M3187","C8450","I1","GJB9460BAAEK","156407","TOP","10","[A23,154,0,0][A155,2908,0,0][C,  018108,0,0][C,  024686,1,0]","tl_M3187_C8450_attributes.xml"
"M3187","C8450","I1","GJB9460BAAEK","156407","TOP","11","[A23,154,0,0][A155,2908,0,0][C,  024687,0,0][C,  028938,1,0]","tl_M3187_C8450_attributes.xml"
"M3187","C8450","I1","GJB9460BAAEK","156407","TOP","12","[A23,154,0,0][A155,2908,0,0]","tl_M3187_C8450_attributes.xml"
"M3187","C8450","I1","GJB9460BAAEK","156407","TOP","13","[A23,157,0,0][A155,2908,0,0]","tl_M3187_C8450_attributes.xml"
"M3187","C8450","I1","GJB9460BAAEK","156407","APPLICATION","1","[A23,154,0,0][A155,2901,0,0]","Itm_M3187_C8450_I1_attributes.xml"
"M3187","C8450","I1","GJA9460BHAEK","139756","CATEGORY","1","[A37,615,0,0,1]","pl_id_3187_attributes.xml"
"M3187","C8450","I1","GJA9460BHAEK","139756","TOP","1","[A155,2932,0,0][A23,154,0,0]","tl_M3187_C8450_attributes.xml"
"M3187","C8450","I1","GJA9460BHAEK","139756","TOP","2","[A155,2932,0,0][A23,157,0,0]","tl_M3187_C8450_attributes.xml"
"M3187","C8450","I1","GJA9460BHAEK","139756","TOP","3","[A155,2924,0,0][A23,154,0,0][C,  018108,0,0][C,  024686,1,0]","tl_M3187_C8450_attributes.xml"
"M3187","C8450","I1","GJA9460BHAEK","139756","TOP","4","[A155,2924,0,0][A23,154,0,0]","tl_M3187_C8450_attributes.xml"
"M3187","C8450","I1","GJA9460BHAEK","139756","TOP","5","[A155,2924,0,0][A23,157,0,0]","tl_M3187_C8450_attributes.xml"
"M3187","C8450","I1","GJA9460BHAEK","139756","TOP","6","[A23,154,0,0][A155,2901,0,0][C,  018108,0,0][C,  024686,1,0]","tl_M3187_C8450_attributes.xml"
"M3187","C8450","I1","GJA9460BHAEK","139756","TOP","7","[A23,154,0,0][A155,2901,0,0][C,  028939,0,0]","tl_M3187_C8450_attributes.xml"
"M3187","C8450","I1","GJA9460BHAEK","139756","TOP","8","[A23,154,0,0][A155,2901,0,0]","tl_M3187_C8450_attributes.xml"
"M3187","C8450","I1","GJA9460BHAEK","139756","TOP","9","[A23,157,0,0][A155,2901,0,0]","tl_M3187_C8450_attributes.xml"
"M3187","C8450","I1","GJA9460BHAEK","139756","TOP","10","[A23,154,0,0][A155,2908,0,0][C,  018108,0,0][C,  024686,1,0]","tl_M3187_C8450_attributes.xml"
"M3187","C8450","I1","GJA9460BHAEK","139756","TOP","11","[A23,154,0,0][A155,2908,0,0][C,  024687,0,0][C,  028938,1,0]","tl_M3187_C8450_attributes.xml"
"M3187","C8450","I1","GJA9460BHAEK","139756","TOP","12","[A23,154,0,0][A155,2908,0,0]","tl_M3187_C8450_attributes.xml"
"M3187","C8450","I1","GJA9460BHAEK","139756","TOP","13","[A23,157,0,0][A155,2908,0,0]","tl_M3187_C8450_attributes.xml"
"M3187","C8450","I1","GJA9460BHAEK","139756","APPLICATION","1","[A23,154,0,0][A155,2901,0,0]","Itm_M3187_C8450_I1_attributes.xml"
"M3187","C8450","I1","GJA9460BJAEK","142212","CATEGORY","1","[A37,615,0,0,1]","pl_id_3187_attributes.xml"
"M3187","C8450","I1","GJA9460BJAEK","142212","TOP","1","[A155,2932,0,0][A23,154,0,0]","tl_M3187_C8450_attributes.xml"
"M3187","C8450","I1","GJA9460BJAEK","142212","TOP","2","[A155,2932,0,0][A23,157,0,0]","tl_M3187_C8450_attributes.xml"
"M3187","C8450","I1","GJA9460BJAEK","142212","TOP","3","[A155,2924,0,0][A23,154,0,0][C,  018108,0,0][C,  024686,1,0]","tl_M3187_C8450_attributes.xml"
"M3187","C8450","I1","GJA9460BJAEK","142212","TOP","4","[A155,2924,0,0][A23,154,0,0]","tl_M3187_C8450_attributes.xml"
"M3187","C8450","I1","GJA9460BJAEK","142212","TOP","5","[A155,2924,0,0][A23,157,0,0]","tl_M3187_C8450_attributes.xml"
"M3187","C8450","I1","GJA9460BJAEK","142212","TOP","6","[A23,154,0,0][A155,2901,0,0][C,  018108,0,0][C,  024686,1,0]","tl_M3187_C8450_attributes.xml"
"M3187","C8450","I1","GJA9460BJAEK","142212","TOP","7","[A23,154,0,0][A155,2901,0,0][C,  028939,0,0]","tl_M3187_C8450_attributes.xml"
"M3187","C8450","I1","GJA9460BJAEK","142212","TOP","8","[A23,154,0,0][A155,2901,0,0]","tl_M3187_C8450_attributes.xml"
"M3187","C8450","I1","GJA9460BJAEK","142212","TOP","9","[A23,157,0,0][A155,2901,0,0]","tl_M3187_C8450_attributes.xml"
"M3187","C8450","I1","GJA9460BJAEK","142212","TOP","10","[A23,154,0,0][A155,2908,0,0][C,  018108,0,0][C,  024686,1,0]","tl_M3187_C8450_attributes.xml"
"M3187","C8450","I1","GJA9460BJAEK","142212","TOP","11","[A23,154,0,0][A155,2908,0,0][C,  024687,0,0][C,  028938,1,0]","tl_M3187_C8450_attributes.xml"
"M3187","C8450","I1","GJA9460BJAEK","142212","TOP","12","[A23,154,0,0][A155,2908,0,0]","tl_M3187_C8450_attributes.xml"
"M3187","C8450","I1","GJA9460BJAEK","142212","TOP","13","[A23,157,0,0][A155,2908,0,0]","tl_M3187_C8450_attributes.xml"
"M3187","C8450","I1","GJA9460BJAEK","142212","APPLICATION","1","[A23,154,0,0][A155,2901,0,0]","Itm_M3187_C8450_I1_attributes.xml"
"M3187","C8450","I1","GJB9460AAAEK","156397","CATEGORY","1","[A37,615,0,0,1]","pl_id_3187_attributes.xml"
"M3187","C8450","I1","GJB9460AAAEK","156397","TOP","1","[A155,2932,0,0][A23,154,0,0]","tl_M3187_C8450_attributes.xml"
"M3187","C8450","I1","GJB9460AAAEK","156397","TOP","2","[A155,2932,0,0][A23,157,0,0]","tl_M3187_C8450_attributes.xml"
"M3187","C8450","I1","GJB9460AAAEK","156397","TOP","3","[A155,2924,0,0][A23,154,0,0][C,  018108,0,0][C,  024686,1,0]","tl_M3187_C8450_attributes.xml"
"M3187","C8450","I1","GJB9460AAAEK","156397","TOP","4","[A155,2924,0,0][A23,154,0,0]","tl_M3187_C8450_attributes.xml"
"M3187","C8450","I1","GJB9460AAAEK","156397","TOP","5","[A155,2924,0,0][A23,157,0,0]","tl_M3187_C8450_attributes.xml"
"M3187","C8450","I1","GJB9460AAAEK","156397","TOP","6","[A23,154,0,0][A155,2901,0,0][C,  018108,0,0][C,  024686,1,0]","tl_M3187_C8450_attributes.xml"
"M3187","C8450","I1","GJB9460AAAEK","156397","TOP","7","[A23,154,0,0][A155,2901,0,0][C,  028939,0,0]","tl_M3187_C8450_attributes.xml"
"M3187","C8450","I1","GJB9460AAAEK","156397","TOP","8","[A23,154,0,0][A155,2901,0,0]","tl_M3187_C8450_attributes.xml"
"M3187","C8450","I1","GJB9460AAAEK","156397","TOP","9","[A23,157,0,0][A155,2901,0,0]","tl_M3187_C8450_attributes.xml"
"M3187","C8450","I1","GJB9460AAAEK","156397","TOP","10","[A23,154,0,0][A155,2908,0,0][C,  018108,0,0][C,  024686,1,0]","tl_M3187_C8450_attributes.xml"
"M3187","C8450","I1","GJB9460AAAEK","156397","TOP","11","[A23,154,0,0][A155,2908,0,0][C,  024687,0,0][C,  028938,1,0]","tl_M3187_C8450_attributes.xml"
"M3187","C8450","I1","GJB9460AAAEK","156397","TOP","12","[A23,154,0,0][A155,2908,0,0]","tl_M3187_C8450_attributes.xml"
"M3187","C8450","I1","GJB9460AAAEK","156397","TOP","13","[A23,157,0,0][A155,2908,0,0]","tl_M3187_C8450_attributes.xml"
"M3187","C8450","I1","GJB9460AAAEK","156397","APPLICATION","1","[A23,157,0,0][A155,2901,0,0]","Itm_M3187_C8450_I1_attributes.xml"
"M3187","C8450","I1","GJA9460ALAEK","150092","CATEGORY","1","[A37,615,0,0,1]","pl_id_3187_attributes.xml"
"M3187","C8450","I1","GJA9460ALAEK","150092","TOP","1","[A155,2932,0,0][A23,154,0,0]","tl_M3187_C8450_attributes.xml"
"M3187","C8450","I1","GJA9460ALAEK","150092","TOP","2","[A155,2932,0,0][A23,157,0,0]","tl_M3187_C8450_attributes.xml"
"M3187","C8450","I1","GJA9460ALAEK","150092","TOP","3","[A155,2924,0,0][A23,154,0,0][C,  018108,0,0][C,  024686,1,0]","tl_M3187_C8450_attributes.xml"
"M3187","C8450","I1","GJA9460ALAEK","150092","TOP","4","[A155,2924,0,0][A23,154,0,0]","tl_M3187_C8450_attributes.xml"
"M3187","C8450","I1","GJA9460ALAEK","150092","TOP","5","[A155,2924,0,0][A23,157,0,0]","tl_M3187_C8450_attributes.xml"
"M3187","C8450","I1","GJA9460ALAEK","150092","TOP","6","[A23,154,0,0][A155,2901,0,0][C,  018108,0,0][C,  024686,1,0]","tl_M3187_C8450_attributes.xml"
"M3187","C8450","I1","GJA9460ALAEK","150092","TOP","7","[A23,154,0,0][A155,2901,0,0][C,  028939,0,0]","tl_M3187_C8450_attributes.xml"
"M3187","C8450","I1","GJA9460ALAEK","150092","TOP","8","[A23,154,0,0][A155,2901,0,0]","tl_M3187_C8450_attributes.xml"
"M3187","C8450","I1","GJA9460ALAEK","150092","TOP","9","[A23,157,0,0][A155,2901,0,0]","tl_M3187_C8450_attributes.xml"
"M3187","C8450","I1","GJA9460ALAEK","150092","TOP","10","[A23,154,0,0][A155,2908,0,0][C,  018108,0,0][C,  024686,1,0]","tl_M3187_C8450_attributes.xml"
"M3187","C8450","I1","GJA9460ALAEK","150092","TOP","11","[A23,154,0,0][A155,2908,0,0][C,  024687,0,0][C,  028938,1,0]","tl_M3187_C8450_attributes.xml"
"M3187","C8450","I1","GJA9460ALAEK","150092","TOP","12","[A23,154,0,0][A155,2908,0,0]","tl_M3187_C8450_attributes.xml"
"M3187","C8450","I1","GJA9460ALAEK","150092","TOP","13","[A23,157,0,0][A155,2908,0,0]","tl_M3187_C8450_attributes.xml"
"M3187","C8450","I1","GJA9460ALAEK","150092","APPLICATION","1","[A23,157,0,0][A155,2901,0,0]","Itm_M3187_C8450_I1_attributes.xml"
"M3187","C8450","I1","GJA9460AJAEK","142157","CATEGORY","1","[A37,615,0,0,1]","pl_id_3187_attributes.xml"
"M3187","C8450","I1","GJA9460AJAEK","142157","TOP","1","[A155,2932,0,0][A23,154,0,0]","tl_M3187_C8450_attributes.xml"
"M3187","C8450","I1","GJA9460AJAEK","142157","TOP","2","[A155,2932,0,0][A23,157,0,0]","tl_M3187_C8450_attributes.xml"
"M3187","C8450","I1","GJA9460AJAEK","142157","TOP","3","[A155,2924,0,0][A23,154,0,0][C,  018108,0,0][C,  024686,1,0]","tl_M3187_C8450_attributes.xml"
"M3187","C8450","I1","GJA9460AJAEK","142157","TOP","4","[A155,2924,0,0][A23,154,0,0]","tl_M3187_C8450_attributes.xml"
"M3187","C8450","I1","GJA9460AJAEK","142157","TOP","5","[A155,2924,0,0][A23,157,0,0]","tl_M3187_C8450_attributes.xml"
"M3187","C8450","I1","GJA9460AJAEK","142157","TOP","6","[A23,154,0,0][A155,2901,0,0][C,  018108,0,0][C,  024686,1,0]","tl_M3187_C8450_attributes.xml"
"M3187","C8450","I1","GJA9460AJAEK","142157","TOP","7","[A23,154,0,0][A155,2901,0,0][C,  028939,0,0]","tl_M3187_C8450_attributes.xml"
"M3187","C8450","I1","GJA9460AJAEK","142157","TOP","8","[A23,154,0,0][A155,2901,0,0]","tl_M3187_C8450_attributes.xml"
"M3187","C8450","I1","GJA9460AJAEK","142157","TOP","9","[A23,157,0,0][A155,2901,0,0]","tl_M3187_C8450_attributes.xml"
"M3187","C8450","I1","GJA9460AJAEK","142157","TOP","10","[A23,154,0,0][A155,2908,0,0][C,  018108,0,0][C,  024686,1,0]","tl_M3187_C8450_attributes.xml"
"M3187","C8450","I1","GJA9460AJAEK","142157","TOP","11","[A23,154,0,0][A155,2908,0,0][C,  024687,0,0][C,  028938,1,0]","tl_M3187_C8450_attributes.xml"
"M3187","C8450","I1","GJA9460AJAEK","142157","TOP","12","[A23,154,0,0][A155,2908,0,0]","tl_M3187_C8450_attributes.xml"
"M3187","C8450","I1","GJA9460AJAEK","142157","TOP","13","[A23,157,0,0][A155,2908,0,0]","tl_M3187_C8450_attributes.xml"
"M3187","C8450","I1","GJA9460AJAEK","142157","APPLICATION","1","[A23,157,0,0][A155,2901,0,0]","Itm_M3187_C8450_I1_attributes.xml"
"M3187","C8450","I1","GJB9460ABAEK","158174","CATEGORY","1","[A37,615,0,0,1]","pl_id_3187_attributes.xml"
"M3187","C8450","I1","GJB9460ABAEK","158174","TOP","1","[A155,2932,0,0][A23,154,0,0]","tl_M3187_C8450_attributes.xml"
"M3187","C8450","I1","GJB9460ABAEK","158174","TOP","2","[A155,2932,0,0][A23,157,0,0]","tl_M3187_C8450_attributes.xml"
"M3187","C8450","I1","GJB9460ABAEK","158174","TOP","3","[A155,2924,0,0][A23,154,0,0][C,  018108,0,0][C,  024686,1,0]","tl_M3187_C8450_attributes.xml"
"M3187","C8450","I1","GJB9460ABAEK","158174","TOP","4","[A155,2924,0,0][A23,154,0,0]","tl_M3187_C8450_attributes.xml"
"M3187","C8450","I1","GJB9460ABAEK","158174","TOP","5","[A155,2924,0,0][A23,157,0,0]","tl_M3187_C8450_attributes.xml"
"M3187","C8450","I1","GJB9460ABAEK","158174","TOP","6","[A23,154,0,0][A155,2901,0,0][C,  018108,0,0][C,  024686,1,0]","tl_M3187_C8450_attributes.xml"
"M3187","C8450","I1","GJB9460ABAEK","158174","TOP","7","[A23,154,0,0][A155,2901,0,0][C,  028939,0,0]","tl_M3187_C8450_attributes.xml"
"M3187","C8450","I1","GJB9460ABAEK","158174","TOP","8","[A23,154,0,0][A155,2901,0,0]","tl_M3187_C8450_attributes.xml"
"M3187","C8450","I1","GJB9460ABAEK","158174","TOP","9","[A23,157,0,0][A155,2901,0,0]","tl_M3187_C8450_attributes.xml"
"M3187","C8450","I1","GJB9460ABAEK","158174","TOP","10","[A23,154,0,0][A155,2908,0,0][C,  018108,0,0][C,  024686,1,0]","tl_M3187_C8450_attributes.xml"
"M3187","C8450","I1","GJB9460ABAEK","158174","TOP","11","[A23,154,0,0][A155,2908,0,0][C,  024687,0,0][C,  028938,1,0]","tl_M3187_C8450_attributes.xml"
"M3187","C8450","I1","GJB9460ABAEK","158174","TOP","12","[A23,154,0,0][A155,2908,0,0]","tl_M3187_C8450_attributes.xml"
"M3187","C8450","I1","GJB9460ABAEK","158174","TOP","13","[A23,157,0,0][A155,2908,0,0]","tl_M3187_C8450_attributes.xml"
"M3187","C8450","I1","GJB9460ABAEK","158174","APPLICATION","1","[A23,157,0,0][A155,2901,0,0]","Itm_M3187_C8450_I1_attributes.xml"
"M3187","C8450","I1","GJA9460BLHDX","150125","CATEGORY","1","[A37,615,0,0,1]","pl_id_3187_attributes.xml"
"M3187","C8450","I1","GJA9460BLHDX","150125","TOP","1","[A155,2932,0,0][A23,154,0,0]","tl_M3187_C8450_attributes.xml"
"M3187","C8450","I1","GJA9460BLHDX","150125","TOP","2","[A155,2932,0,0][A23,157,0,0]","tl_M3187_C8450_attributes.xml"
"M3187","C8450","I1","GJA9460BLHDX","150125","TOP","3","[A155,2924,0,0][A23,154,0,0][C,  018108,0,0][C,  024686,1,0]","tl_M3187_C8450_attributes.xml"
"M3187","C8450","I1","GJA9460BLHDX","150125","TOP","4","[A155,2924,0,0][A23,154,0,0]","tl_M3187_C8450_attributes.xml"
"M3187","C8450","I1","GJA9460BLHDX","150125","TOP","5","[A155,2924,0,0][A23,157,0,0]","tl_M3187_C8450_attributes.xml"
"M3187","C8450","I1","GJA9460BLHDX","150125","TOP","6","[A23,154,0,0][A155,2901,0,0][C,  018108,0,0][C,  024686,1,0]","tl_M3187_C8450_attributes.xml"
"M3187","C8450","I1","GJA9460BLHDX","150125","TOP","7","[A23,154,0,0][A155,2901,0,0][C,  028939,0,0]","tl_M3187_C8450_attributes.xml"
"M3187","C8450","I1","GJA9460BLHDX","150125","TOP","8","[A23,154,0,0][A155,2901,0,0]","tl_M3187_C8450_attributes.xml"
"M3187","C8450","I1","GJA9460BLHDX","150125","TOP","9","[A23,157,0,0][A155,2901,0,0]","tl_M3187_C8450_attributes.xml"
"M3187","C8450","I1","GJA9460BLHDX","150125","TOP","10","[A23,154,0,0][A155,2908,0,0][C,  018108,0,0][C,  024686,1,0]","tl_M3187_C8450_attributes.xml"
"M3187","C8450","I1","GJA9460BLHDX","150125","TOP","11","[A23,154,0,0][A155,2908,0,0][C,  024687,0,0][C,  028938,1,0]","tl_M3187_C8450_attributes.xml"
"M3187","C8450","I1","GJA9460BLHDX","150125","TOP","12","[A23,154,0,0][A155,2908,0,0]","tl_M3187_C8450_attributes.xml"
"M3187","C8450","I1","GJA9460BLHDX","150125","TOP","13","[A23,157,0,0][A155,2908,0,0]","tl_M3187_C8450_attributes.xml"
"M3187","C8450","I1","GJA9460BLHDX","150125","APPLICATION","1","[A23,154,0,0][A155,2908,0,0][C,  018108,0,0][C,  024686,1,0]","Itm_M3187_C8450_I1_attributes.xml"
"M3187","C8450","I1","GJB9460BAHDX","156399","CATEGORY","1","[A37,615,0,0,1]","pl_id_3187_attributes.xml"
"M3187","C8450","I1","GJB9460BAHDX","156399","TOP","1","[A155,2932,0,0][A23,154,0,0]","tl_M3187_C8450_attributes.xml"
"M3187","C8450","I1","GJB9460BAHDX","156399","TOP","2","[A155,2932,0,0][A23,157,0,0]","tl_M3187_C8450_attributes.xml"
"M3187","C8450","I1","GJB9460BAHDX","156399","TOP","3","[A155,2924,0,0][A23,154,0,0][C,  018108,0,0][C,  024686,1,0]","tl_M3187_C8450_attributes.xml"
"M3187","C8450","I1","GJB9460BAHDX","156399","TOP","4","[A155,2924,0,0][A23,154,0,0]","tl_M3187_C8450_attributes.xml"
"M3187","C8450","I1","GJB9460BAHDX","156399","TOP","5","[A155,2924,0,0][A23,157,0,0]","tl_M3187_C8450_attributes.xml"
"M3187","C8450","I1","GJB9460BAHDX","156399","TOP","6","[A23,154,0,0][A155,2901,0,0][C,  018108,0,0][C,  024686,1,0]","tl_M3187_C8450_attributes.xml"
"M3187","C8450","I1","GJB9460BAHDX","156399","TOP","7","[A23,154,0,0][A155,2901,0,0][C,  028939,0,0]","tl_M3187_C8450_attributes.xml"
"M3187","C8450","I1","GJB9460BAHDX","156399","TOP","8","[A23,154,0,0][A155,2901,0,0]","tl_M3187_C8450_attributes.xml"
"M3187","C8450","I1","GJB9460BAHDX","156399","TOP","9","[A23,157,0,0][A155,2901,0,0]","tl_M3187_C8450_attributes.xml"
"M3187","C8450","I1","GJB9460BAHDX","156399","TOP","10","[A23,154,0,0][A155,2908,0,0][C,  018108,0,0][C,  024686,1,0]","tl_M3187_C8450_attributes.xml"
"M3187","C8450","I1","GJB9460BAHDX","156399","TOP","11","[A23,154,0,0][A155,2908,0,0][C,  024687,0,0][C,  028938,1,0]","tl_M3187_C8450_attributes.xml"
"M3187","C8450","I1","GJB9460BAHDX","156399","TOP","12","[A23,154,0,0][A155,2908,0,0]","tl_M3187_C8450_attributes.xml"
"M3187","C8450","I1","GJB9460BAHDX","156399","TOP","13","[A23,157,0,0][A155,2908,0,0]","tl_M3187_C8450_attributes.xml"
"M3187","C8450","I1","GJB9460BAHDX","156399","APPLICATION","1","[A23,154,0,0][A155,2908,0,0][C,  024687,0,0][C,  028938,1,0]","Itm_M3187_C8450_I1_attributes.xml"
"M3187","C8450","I1","GJA9460BHHDX","139744","CATEGORY","1","[A37,615,0,0,1]","pl_id_3187_attributes.xml"
"M3187","C8450","I1","GJA9460BHHDX","139744","TOP","1","[A155,2932,0,0][A23,154,0,0]","tl_M3187_C8450_attributes.xml"
"M3187","C8450","I1","GJA9460BHHDX","139744","TOP","2","[A155,2932,0,0][A23,157,0,0]","tl_M3187_C8450_attributes.xml"
"M3187","C8450","I1","GJA9460BHHDX","139744","TOP","3","[A155,2924,0,0][A23,154,0,0][C,  018108,0,0][C,  024686,1,0]","tl_M3187_C8450_attributes.xml"
"M3187","C8450","I1","GJA9460BHHDX","139744","TOP","4","[A155,2924,0,0][A23,154,0,0]","tl_M3187_C8450_attributes.xml"
"M3187","C8450","I1","GJA9460BHHDX","139744","TOP","5","[A155,2924,0,0][A23,157,0,0]","tl_M3187_C8450_attributes.xml"
"M3187","C8450","I1","GJA9460BHHDX","139744","TOP","6","[A23,154,0,0][A155,2901,0,0][C,  018108,0,0][C,  024686,1,0]","tl_M3187_C8450_attributes.xml"
"M3187","C8450","I1","GJA9460BHHDX","139744","TOP","7","[A23,154,0,0][A155,2901,0,0][C,  028939,0,0]","tl_M3187_C8450_attributes.xml"
"M3187","C8450","I1","GJA9460BHHDX","139744","TOP","8","[A23,154,0,0][A155,2901,0,0]","tl_M3187_C8450_attributes.xml"
"M3187","C8450","I1","GJA9460BHHDX","139744","TOP","9","[A23,157,0,0][A155,2901,0,0]","tl_M3187_C8450_attributes.xml"
"M3187","C8450","I1","GJA9460BHHDX","139744","TOP","10","[A23,154,0,0][A155,2908,0,0][C,  018108,0,0][C,  024686,1,0]","tl_M3187_C8450_attributes.xml"
"M3187","C8450","I1","GJA9460BHHDX","139744","TOP","11","[A23,154,0,0][A155,2908,0,0][C,  024687,0,0][C,  028938,1,0]","tl_M3187_C8450_attributes.xml"
"M3187","C8450","I1","GJA9460BHHDX","139744","TOP","12","[A23,154,0,0][A155,2908,0,0]","tl_M3187_C8450_attributes.xml"
"M3187","C8450","I1","GJA9460BHHDX","139744","TOP","13","[A23,157,0,0][A155,2908,0,0]","tl_M3187_C8450_attributes.xml"
"M3187","C8450","I1","GJA9460BHHDX","139744","APPLICATION","1","[A23,154,0,0][A155,2908,0,0]","Itm_M3187_C8450_I1_attributes.xml"
"M3187","C8450","I1","GJA9460BJHDX","142200","CATEGORY","1","[A37,615,0,0,1]","pl_id_3187_attributes.xml"
"M3187","C8450","I1","GJA9460BJHDX","142200","TOP","1","[A155,2932,0,0][A23,154,0,0]","tl_M3187_C8450_attributes.xml"
"M3187","C8450","I1","GJA9460BJHDX","142200","TOP","2","[A155,2932,0,0][A23,157,0,0]","tl_M3187_C8450_attributes.xml"
"M3187","C8450","I1","GJA9460BJHDX","142200","TOP","3","[A155,2924,0,0][A23,154,0,0][C,  018108,0,0][C,  024686,1,0]","tl_M3187_C8450_attributes.xml"
"M3187","C8450","I1","GJA9460BJHDX","142200","TOP","4","[A155,2924,0,0][A23,154,0,0]","tl_M3187_C8450_attributes.xml"
"M3187","C8450","I1","GJA9460BJHDX","142200","TOP","5","[A155,2924,0,0][A23,157,0,0]","tl_M3187_C8450_attributes.xml"
"M3187","C8450","I1","GJA9460BJHDX","142200","TOP","6","[A23,154,0,0][A155,2901,0,0][C,  018108,0,0][C,  024686,1,0]","tl_M3187_C8450_attributes.xml"
"M3187","C8450","I1","GJA9460BJHDX","142200","TOP","7","[A23,154,0,0][A155,2901,0,0][C,  028939,0,0]","tl_M3187_C8450_attributes.xml"
"M3187","C8450","I1","GJA9460BJHDX","142200","TOP","8","[A23,154,0,0][A155,2901,0,0]","tl_M3187_C8450_attributes.xml"
"M3187","C8450","I1","GJA9460BJHDX","142200","TOP","9","[A23,157,0,0][A155,2901,0,0]","tl_M3187_C8450_attributes.xml"
"M3187","C8450","I1","GJA9460BJHDX","142200","TOP","10","[A23,154,0,0][A155,2908,0,0][C,  018108,0,0][C,  024686,1,0]","tl_M3187_C8450_attributes.xml"
"M3187","C8450","I1","GJA9460BJHDX","142200","TOP","11","[A23,154,0,0][A155,2908,0,0][C,  024687,0,0][C,  028938,1,0]","tl_M3187_C8450_attributes.xml"
"M3187","C8450","I1","GJA9460BJHDX","142200","TOP","12","[A23,154,0,0][A155,2908,0,0]","tl_M3187_C8450_attributes.xml"
"M3187","C8450","I1","GJA9460BJHDX","142200","TOP","13","[A23,157,0,0][A155,2908,0,0]","tl_M3187_C8450_attributes.xml"
"M3187","C8450","I1","GJA9460BJHDX","142200","APPLICATION","1","[A23,154,0,0][A155,2908,0,0]","Itm_M3187_C8450_I1_attributes.xml"
"M3187","C8450","I1","GJB9460BBHDX","158290","CATEGORY","1","[A37,615,0,0,1]","pl_id_3187_attributes.xml"
"M3187","C8450","I1","GJB9460BBHDX","158290","TOP","1","[A155,2932,0,0][A23,154,0,0]","tl_M3187_C8450_attributes.xml"
"M3187","C8450","I1","GJB9460BBHDX","158290","TOP","2","[A155,2932,0,0][A23,157,0,0]","tl_M3187_C8450_attributes.xml"
"M3187","C8450","I1","GJB9460BBHDX","158290","TOP","3","[A155,2924,0,0][A23,154,0,0][C,  018108,0,0][C,  024686,1,0]","tl_M3187_C8450_attributes.xml"
"M3187","C8450","I1","GJB9460BBHDX","158290","TOP","4","[A155,2924,0,0][A23,154,0,0]","tl_M3187_C8450_attributes.xml"
"M3187","C8450","I1","GJB9460BBHDX","158290","TOP","5","[A155,2924,0,0][A23,157,0,0]","tl_M3187_C8450_attributes.xml"
"M3187","C8450","I1","GJB9460BBHDX","158290","TOP","6","[A23,154,0,0][A155,2901,0,0][C,  018108,0,0][C,  024686,1,0]","tl_M3187_C8450_attributes.xml"
"M3187","C8450","I1","GJB9460BBHDX","158290","TOP","7","[A23,154,0,0][A155,2901,0,0][C,  028939,0,0]","tl_M3187_C8450_attributes.xml"
"M3187","C8450","I1","GJB9460BBHDX","158290","TOP","8","[A23,154,0,0][A155,2901,0,0]","tl_M3187_C8450_attributes.xml"
"M3187","C8450","I1","GJB9460BBHDX","158290","TOP","9","[A23,157,0,0][A155,2901,0,0]","tl_M3187_C8450_attributes.xml"
"M3187","C8450","I1","GJB9460BBHDX","158290","TOP","10","[A23,154,0,0][A155,2908,0,0][C,  018108,0,0][C,  024686,1,0]","tl_M3187_C8450_attributes.xml"
"M3187","C8450","I1","GJB9460BBHDX","158290","TOP","11","[A23,154,0,0][A155,2908,0,0][C,  024687,0,0][C,  028938,1,0]","tl_M3187_C8450_attributes.xml"
"M3187","C8450","I1","GJB9460BBHDX","158290","TOP","12","[A23,154,0,0][A155,2908,0,0]","tl_M3187_C8450_attributes.xml"
"M3187","C8450","I1","GJB9460BBHDX","158290","TOP","13","[A23,157,0,0][A155,2908,0,0]","tl_M3187_C8450_attributes.xml"
"M3187","C8450","I1","GJB9460BBHDX","158290","APPLICATION","1","[A23,154,0,0][A155,2908,0,0]","Itm_M3187_C8450_I1_attributes.xml"
"M3187","C8450","I1","GJB9460AAHDX","156393","CATEGORY","1","[A37,615,0,0,1]","pl_id_3187_attributes.xml"
"M3187","C8450","I1","GJB9460AAHDX","156393","TOP","1","[A155,2932,0,0][A23,154,0,0]","tl_M3187_C8450_attributes.xml"
"M3187","C8450","I1","GJB9460AAHDX","156393","TOP","2","[A155,2932,0,0][A23,157,0,0]","tl_M3187_C8450_attributes.xml"
"M3187","C8450","I1","GJB9460AAHDX","156393","TOP","3","[A155,2924,0,0][A23,154,0,0][C,  018108,0,0][C,  024686,1,0]","tl_M3187_C8450_attributes.xml"
"M3187","C8450","I1","GJB9460AAHDX","156393","TOP","4","[A155,2924,0,0][A23,154,0,0]","tl_M3187_C8450_attributes.xml"
"M3187","C8450","I1","GJB9460AAHDX","156393","TOP","5","[A155,2924,0,0][A23,157,0,0]","tl_M3187_C8450_attributes.xml"
"M3187","C8450","I1","GJB9460AAHDX","156393","TOP","6","[A23,154,0,0][A155,2901,0,0][C,  018108,0,0][C,  024686,1,0]","tl_M3187_C8450_attributes.xml"
"M3187","C8450","I1","GJB9460AAHDX","156393","TOP","7","[A23,154,0,0][A155,2901,0,0][C,  028939,0,0]","tl_M3187_C8450_attributes.xml"
"M3187","C8450","I1","GJB9460AAHDX","156393","TOP","8","[A23,154,0,0][A155,2901,0,0]","tl_M3187_C8450_attributes.xml"
"M3187","C8450","I1","GJB9460AAHDX","156393","TOP","9","[A23,157,0,0][A155,2901,0,0]","tl_M3187_C8450_attributes.xml"
"M3187","C8450","I1","GJB9460AAHDX","156393","TOP","10","[A23,154,0,0][A155,2908,0,0][C,  018108,0,0][C,  024686,1,0]","tl_M3187_C8450_attributes.xml"
"M3187","C8450","I1","GJB9460AAHDX","156393","TOP","11","[A23,154,0,0][A155,2908,0,0][C,  024687,0,0][C,  028938,1,0]","tl_M3187_C8450_attributes.xml"
"M3187","C8450","I1","GJB9460AAHDX","156393","TOP","12","[A23,154,0,0][A155,2908,0,0]","tl_M3187_C8450_attributes.xml"
"M3187","C8450","I1","GJB9460AAHDX","156393","TOP","13","[A23,157,0,0][A155,2908,0,0]","tl_M3187_C8450_attributes.xml"
"M3187","C8450","I1","GJB9460AAHDX","156393","APPLICATION","1","[A23,157,0,0][A155,2908,0,0]","Itm_M3187_C8450_I1_attributes.xml"
"M3187","C8450","I1","GJA9460ALHDX","150088","CATEGORY","1","[A37,615,0,0,1]","pl_id_3187_attributes.xml"
"M3187","C8450","I1","GJA9460ALHDX","150088","TOP","1","[A155,2932,0,0][A23,154,0,0]","tl_M3187_C8450_attributes.xml"
"M3187","C8450","I1","GJA9460ALHDX","150088","TOP","2","[A155,2932,0,0][A23,157,0,0]","tl_M3187_C8450_attributes.xml"
"M3187","C8450","I1","GJA9460ALHDX","150088","TOP","3","[A155,2924,0,0][A23,154,0,0][C,  018108,0,0][C,  024686,1,0]","tl_M3187_C8450_attributes.xml"
"M3187","C8450","I1","GJA9460ALHDX","150088","TOP","4","[A155,2924,0,0][A23,154,0,0]","tl_M3187_C8450_attributes.xml"
"M3187","C8450","I1","GJA9460ALHDX","150088","TOP","5","[A155,2924,0,0][A23,157,0,0]","tl_M3187_C8450_attributes.xml"
"M3187","C8450","I1","GJA9460ALHDX","150088","TOP","6","[A23,154,0,0][A155,2901,0,0][C,  018108,0,0][C,  024686,1,0]","tl_M3187_C8450_attributes.xml"
"M3187","C8450","I1","GJA9460ALHDX","150088","TOP","7","[A23,154,0,0][A155,2901,0,0][C,  028939,0,0]","tl_M3187_C8450_attributes.xml"
"M3187","C8450","I1","GJA9460ALHDX","150088","TOP","8","[A23,154,0,0][A155,2901,0,0]","tl_M3187_C8450_attributes.xml"
"M3187","C8450","I1","GJA9460ALHDX","150088","TOP","9","[A23,157,0,0][A155,2901,0,0]","tl_M3187_C8450_attributes.xml"
"M3187","C8450","I1","GJA9460ALHDX","150088","TOP","10","[A23,154,0,0][A155,2908,0,0][C,  018108,0,0][C,  024686,1,0]","tl_M3187_C8450_attributes.xml"
"M3187","C8450","I1","GJA9460ALHDX","150088","TOP","11","[A23,154,0,0][A155,2908,0,0][C,  024687,0,0][C,  028938,1,0]","tl_M3187_C8450_attributes.xml"
"M3187","C8450","I1","GJA9460ALHDX","150088","TOP","12","[A23,154,0,0][A155,2908,0,0]","tl_M3187_C8450_attributes.xml"
"M3187","C8450","I1","GJA9460ALHDX","150088","TOP","13","[A23,157,0,0][A155,2908,0,0]","tl_M3187_C8450_attributes.xml"
"M3187","C8450","I1","GJA9460ALHDX","150088","APPLICATION","1","[A23,157,0,0][A155,2908,0,0]","Itm_M3187_C8450_I1_attributes.xml"
"M3187","C8450","I1","GJB9460ABHDX","158288","CATEGORY","1","[A37,615,0,0,1]","pl_id_3187_attributes.xml"
"M3187","C8450","I1","GJB9460ABHDX","158288","TOP","1","[A155,2932,0,0][A23,154,0,0]","tl_M3187_C8450_attributes.xml"
"M3187","C8450","I1","GJB9460ABHDX","158288","TOP","2","[A155,2932,0,0][A23,157,0,0]","tl_M3187_C8450_attributes.xml"
"M3187","C8450","I1","GJB9460ABHDX","158288","TOP","3","[A155,2924,0,0][A23,154,0,0][C,  018108,0,0][C,  024686,1,0]","tl_M3187_C8450_attributes.xml"
"M3187","C8450","I1","GJB9460ABHDX","158288","TOP","4","[A155,2924,0,0][A23,154,0,0]","tl_M3187_C8450_attributes.xml"
"M3187","C8450","I1","GJB9460ABHDX","158288","TOP","5","[A155,2924,0,0][A23,157,0,0]","tl_M3187_C8450_attributes.xml"
"M3187","C8450","I1","GJB9460ABHDX","158288","TOP","6","[A23,154,0,0][A155,2901,0,0][C,  018108,0,0][C,  024686,1,0]","tl_M3187_C8450_attributes.xml"
"M3187","C8450","I1","GJB9460ABHDX","158288","TOP","7","[A23,154,0,0][A155,2901,0,0][C,  028939,0,0]","tl_M3187_C8450_attributes.xml"
"M3187","C8450","I1","GJB9460ABHDX","158288","TOP","8","[A23,154,0,0][A155,2901,0,0]","tl_M3187_C8450_attributes.xml"
"M3187","C8450","I1","GJB9460ABHDX","158288","TOP","9","[A23,157,0,0][A155,2901,0,0]","tl_M3187_C8450_attributes.xml"
"M3187","C8450","I1","GJB9460ABHDX","158288","TOP","10","[A23,154,0,0][A155,2908,0,0][C,  018108,0,0][C,  024686,1,0]","tl_M3187_C8450_attributes.xml"
"M3187","C8450","I1","GJB9460ABHDX","158288","TOP","11","[A23,154,0,0][A155,2908,0,0][C,  024687,0,0][C,  028938,1,0]","tl_M3187_C8450_attributes.xml"
"M3187","C8450","I1","GJB9460ABHDX","158288","TOP","12","[A23,154,0,0][A155,2908,0,0]","tl_M3187_C8450_attributes.xml"
"M3187","C8450","I1","GJB9460ABHDX","158288","TOP","13","[A23,157,0,0][A155,2908,0,0]","tl_M3187_C8450_attributes.xml"
"M3187","C8450","I1","GJB9460ABHDX","158288","APPLICATION","1","[A23,157,0,0][A155,2908,0,0]","Itm_M3187_C8450_I1_attributes.xml"
"M3187","C8450","I1","GJA9460AJHDX","142151","CATEGORY","1","[A37,615,0,0,1]","pl_id_3187_attributes.xml"
"M3187","C8450","I1","GJA9460AJHDX","142151","TOP","1","[A155,2932,0,0][A23,154,0,0]","tl_M3187_C8450_attributes.xml"
"M3187","C8450","I1","GJA9460AJHDX","142151","TOP","2","[A155,2932,0,0][A23,157,0,0]","tl_M3187_C8450_attributes.xml"
"M3187","C8450","I1","GJA9460AJHDX","142151","TOP","3","[A155,2924,0,0][A23,154,0,0][C,  018108,0,0][C,  024686,1,0]","tl_M3187_C8450_attributes.xml"
"M3187","C8450","I1","GJA9460AJHDX","142151","TOP","4","[A155,2924,0,0][A23,154,0,0]","tl_M3187_C8450_attributes.xml"
"M3187","C8450","I1","GJA9460AJHDX","142151","TOP","5","[A155,2924,0,0][A23,157,0,0]","tl_M3187_C8450_attributes.xml"
"M3187","C8450","I1","GJA9460AJHDX","142151","TOP","6","[A23,154,0,0][A155,2901,0,0][C,  018108,0,0][C,  024686,1,0]","tl_M3187_C8450_attributes.xml"
"M3187","C8450","I1","GJA9460AJHDX","142151","TOP","7","[A23,154,0,0][A155,2901,0,0][C,  028939,0,0]","tl_M3187_C8450_attributes.xml"
"M3187","C8450","I1","GJA9460AJHDX","142151","TOP","8","[A23,154,0,0][A155,2901,0,0]","tl_M3187_C8450_attributes.xml"
"M3187","C8450","I1","GJA9460AJHDX","142151","TOP","9","[A23,157,0,0][A155,2901,0,0]","tl_M3187_C8450_attributes.xml"
"M3187","C8450","I1","GJA9460AJHDX","142151","TOP","10","[A23,154,0,0][A155,2908,0,0][C,  018108,0,0][C,  024686,1,0]","tl_M3187_C8450_attributes.xml"
"M3187","C8450","I1","GJA9460AJHDX","142151","TOP","11","[A23,154,0,0][A155,2908,0,0][C,  024687,0,0][C,  028938,1,0]","tl_M3187_C8450_attributes.xml"
"M3187","C8450","I1","GJA9460AJHDX","142151","TOP","12","[A23,154,0,0][A155,2908,0,0]","tl_M3187_C8450_attributes.xml"
"M3187","C8450","I1","GJA9460AJHDX","142151","TOP","13","[A23,157,0,0][A155,2908,0,0]","tl_M3187_C8450_attributes.xml"
"M3187","C8450","I1","GJA9460AJHDX","142151","APPLICATION","1","[A23,157,0,0][A155,2908,0,0]","Itm_M3187_C8450_I1_attributes.xml"
"M3187","C8450","I2","GJA9461BHSDC","139782","CATEGORY","1","[A37,615,0,0,1]","pl_id_3187_attributes.xml"
"M3187","C8450","I2","GJA9461BHSDC","139782","TOP","1","[A155,2932,0,0][A23,154,0,0]","tl_M3187_C8450_attributes.xml"
"M3187","C8450","I2","GJA9461BHSDC","139782","TOP","2","[A155,2932,0,0][A23,157,0,0][C,  003249,1,0]","tl_M3187_C8450_attributes.xml"
"M3187","C8450","I2","GJA9461BHSDC","139782","TOP","3","[A155,2932,0,0][A23,157,0,0][C,  003250,0,0][C,  018107,1,0]","tl_M3187_C8450_attributes.xml"
"M3187","C8450","I2","GJA9461BHSDC","139782","TOP","4","[A155,2924,0,0][A23,154,0,0][C,  018108,0,0][C,  024686,1,0]","tl_M3187_C8450_attributes.xml"
"M3187","C8450","I2","GJA9461BHSDC","139782","TOP","5","[A155,2924,0,0][A23,154,0,0]","tl_M3187_C8450_attributes.xml"
"M3187","C8450","I2","GJA9461BHSDC","139782","TOP","6","[A155,2924,0,0][A23,157,0,0][C,  003249,1,0]","tl_M3187_C8450_attributes.xml"
"M3187","C8450","I2","GJA9461BHSDC","139782","TOP","7","[A155,2924,0,0][A23,157,0,0][C,  003250,0,0][C,  018107,1,0]","tl_M3187_C8450_attributes.xml"
"M3187","C8450","I2","GJA9461BHSDC","139782","TOP","8","[A155,2924,0,0][A23,157,0,0][C,  018108,0,0][C,  024686,1,0]","tl_M3187_C8450_attributes.xml"
"M3187","C8450","I2","GJA9461BHSDC","139782","TOP","9","[A155,2924,0,0][A23,157,0,0][C,  024687,0,0][C,  028938,1,0]","tl_M3187_C8450_attributes.xml"
"M3187","C8450","I2","GJA9461BHSDC","139782","TOP","10","[A155,2924,0,0][A23,157,0,0][C,  028939,0,0]","tl_M3187_C8450_attributes.xml"
"M3187","C8450","I2","GJA9461BHSDC","139782","TOP","11","[A23,154,0,0][A155,2901,0,0]","tl_M3187_C8450_attributes.xml"
"M3187","C8450","I2","GJA9461BHSDC","139782","TOP","12","[A23,157,0,0][A155,2901,0,0][C,  003249,1,0]","tl_M3187_C8450_attributes.xml"
"M3187","C8450","I2","GJA9461BHSDC","139782","TOP","13","[A23,157,0,0][A155,2901,0,0][C,  003250,0,0][C,  018107,1,0]","tl_M3187_C8450_attributes.xml"
"M3187","C8450","I2","GJA9461BHSDC","139782","TOP","14","[A23,157,0,0][A155,2901,0,0][C,  018108,0,0][C,  024686,1,0]","tl_M3187_C8450_attributes.xml"
"M3187","C8450","I2","GJA9461BHSDC","139782","TOP","15","[A23,157,0,0][A155,2901,0,0][C,  024687,0,0][C,  028938,1,0]","tl_M3187_C8450_attributes.xml"
"M3187","C8450","I2","GJA9461BHSDC","139782","TOP","16","[A23,157,0,0][A155,2901,0,0][C,  028939,0,0]","tl_M3187_C8450_attributes.xml"
"M3187","C8450","I2","GJA9461BHSDC","139782","TOP","17","[A23,154,0,0][A155,2908,0,0][C,  018108,0,0][C,  024686,1,0]","tl_M3187_C8450_attributes.xml"
"M3187","C8450","I2","GJA9461BHSDC","139782","TOP","18","[A23,154,0,0][A155,2908,0,0]","tl_M3187_C8450_attributes.xml"
"M3187","C8450","I2","GJA9461BHSDC","139782","TOP","19","[A23,157,0,0][A155,2908,0,0][C,  003249,1,0]","tl_M3187_C8450_attributes.xml"
"M3187","C8450","I2","GJA9461BHSDC","139782","TOP","20","[A23,157,0,0][A155,2908,0,0][C,  003250,0,0][C,  018107,1,0]","tl_M3187_C8450_attributes.xml"
"M3187","C8450","I2","GJA9461BHSDC","139782","TOP","21","[A23,157,0,0][A155,2908,0,0][C,  018108,0,0][C,  024686,1,0]","tl_M3187_C8450_attributes.xml"
"M3187","C8450","I2","GJA9461BHSDC","139782","TOP","22","[A23,157,0,0][A155,2908,0,0][C,  024687,0,0][C,  028938,1,0]","tl_M3187_C8450_attributes.xml"
"M3187","C8450","I2","GJA9461BHSDC","139782","TOP","23","[A23,157,0,0][A155,2908,0,0][C,  028939,0,0]","tl_M3187_C8450_attributes.xml"
"M3187","C8450","I2","GJA9461BHSDC","139782","APPLICATION","1","[A155,2932,0,0][A23,154,0,0]","Itm_M3187_C8450_I2_attributes.xml"
"M3187","C8450","I2","GJA9461BJSDC","142253","CATEGORY","1","[A37,615,0,0,1]","pl_id_3187_attributes.xml"
"M3187","C8450","I2","GJA9461BJSDC","142253","TOP","1","[A155,2932,0,0][A23,154,0,0]","tl_M3187_C8450_attributes.xml"
"M3187","C8450","I2","GJA9461BJSDC","142253","TOP","2","[A155,2932,0,0][A23,157,0,0][C,  003249,1,0]","tl_M3187_C8450_attributes.xml"
"M3187","C8450","I2","GJA9461BJSDC","142253","TOP","3","[A155,2932,0,0][A23,157,0,0][C,  003250,0,0][C,  018107,1,0]","tl_M3187_C8450_attributes.xml"
"M3187","C8450","I2","GJA9461BJSDC","142253","TOP","4","[A155,2924,0,0][A23,154,0,0][C,  018108,0,0][C,  024686,1,0]","tl_M3187_C8450_attributes.xml"
"M3187","C8450","I2","GJA9461BJSDC","142253","TOP","5","[A155,2924,0,0][A23,154,0,0]","tl_M3187_C8450_attributes.xml"
"M3187","C8450","I2","GJA9461BJSDC","142253","TOP","6","[A155,2924,0,0][A23,157,0,0][C,  003249,1,0]","tl_M3187_C8450_attributes.xml"
"M3187","C8450","I2","GJA9461BJSDC","142253","TOP","7","[A155,2924,0,0][A23,157,0,0][C,  003250,0,0][C,  018107,1,0]","tl_M3187_C8450_attributes.xml"
"M3187","C8450","I2","GJA9461BJSDC","142253","TOP","8","[A155,2924,0,0][A23,157,0,0][C,  018108,0,0][C,  024686,1,0]","tl_M3187_C8450_attributes.xml"
"M3187","C8450","I2","GJA9461BJSDC","142253","TOP","9","[A155,2924,0,0][A23,157,0,0][C,  024687,0,0][C,  028938,1,0]","tl_M3187_C8450_attributes.xml"
"M3187","C8450","I2","GJA9461BJSDC","142253","TOP","10","[A155,2924,0,0][A23,157,0,0][C,  028939,0,0]","tl_M3187_C8450_attributes.xml"
"M3187","C8450","I2","GJA9461BJSDC","142253","TOP","11","[A23,154,0,0][A155,2901,0,0]","tl_M3187_C8450_attributes.xml"
"M3187","C8450","I2","GJA9461BJSDC","142253","TOP","12","[A23,157,0,0][A155,2901,0,0][C,  003249,1,0]","tl_M3187_C8450_attributes.xml"
"M3187","C8450","I2","GJA9461BJSDC","142253","TOP","13","[A23,157,0,0][A155,2901,0,0][C,  003250,0,0][C,  018107,1,0]","tl_M3187_C8450_attributes.xml"
"M3187","C8450","I2","GJA9461BJSDC","142253","TOP","14","[A23,157,0,0][A155,2901,0,0][C,  018108,0,0][C,  024686,1,0]","tl_M3187_C8450_attributes.xml"
"M3187","C8450","I2","GJA9461BJSDC","142253","TOP","15","[A23,157,0,0][A155,2901,0,0][C,  024687,0,0][C,  028938,1,0]","tl_M3187_C8450_attributes.xml"
"M3187","C8450","I2","GJA9461BJSDC","142253","TOP","16","[A23,157,0,0][A155,2901,0,0][C,  028939,0,0]","tl_M3187_C8450_attributes.xml"
"M3187","C8450","I2","GJA9461BJSDC","142253","TOP","17","[A23,154,0,0][A155,2908,0,0][C,  018108,0,0][C,  024686,1,0]","tl_M3187_C8450_attributes.xml"
"M3187","C8450","I2","GJA9461BJSDC","142253","TOP","18","[A23,154,0,0][A155,2908,0,0]","tl_M3187_C8450_attributes.xml"
"M3187","C8450","I2","GJA9461BJSDC","142253","TOP","19","[A23,157,0,0][A155,2908,0,0][C,  003249,1,0]","tl_M3187_C8450_attributes.xml"
"M3187","C8450","I2","GJA9461BJSDC","142253","TOP","20","[A23,157,0,0][A155,2908,0,0][C,  003250,0,0][C,  018107,1,0]","tl_M3187_C8450_attributes.xml"
"M3187","C8450","I2","GJA9461BJSDC","142253","TOP","21","[A23,157,0,0][A155,2908,0,0][C,  018108,0,0][C,  024686,1,0]","tl_M3187_C8450_attributes.xml"
"M3187","C8450","I2","GJA9461BJSDC","142253","TOP","22","[A23,157,0,0][A155,2908,0,0][C,  024687,0,0][C,  028938,1,0]","tl_M3187_C8450_attributes.xml"
"M3187","C8450","I2","GJA9461BJSDC","142253","TOP","23","[A23,157,0,0][A155,2908,0,0][C,  028939,0,0]","tl_M3187_C8450_attributes.xml"
"M3187","C8450","I2","GJA9461BJSDC","142253","APPLICATION","1","[A155,2932,0,0][A23,154,0,0]","Itm_M3187_C8450_I2_attributes.xml"
"M3187","C8450","I2","GJA9461AESDC","137250","CATEGORY","1","[A37,615,0,0,1]","pl_id_3187_attributes.xml"
"M3187","C8450","I2","GJA9461AESDC","137250","TOP","1","[A155,2932,0,0][A23,154,0,0]","tl_M3187_C8450_attributes.xml"
"M3187","C8450","I2","GJA9461AESDC","137250","TOP","2","[A155,2932,0,0][A23,157,0,0][C,  003249,1,0]","tl_M3187_C8450_attributes.xml"
"M3187","C8450","I2","GJA9461AESDC","137250","TOP","3","[A155,2932,0,0][A23,157,0,0][C,  003250,0,0][C,  018107,1,0]","tl_M3187_C8450_attributes.xml"
"M3187","C8450","I2","GJA9461AESDC","137250","TOP","4","[A155,2924,0,0][A23,154,0,0][C,  018108,0,0][C,  024686,1,0]","tl_M3187_C8450_attributes.xml"
"M3187","C8450","I2","GJA9461AESDC","137250","TOP","5","[A155,2924,0,0][A23,154,0,0]","tl_M3187_C8450_attributes.xml"
"M3187","C8450","I2","GJA9461AESDC","137250","TOP","6","[A155,2924,0,0][A23,157,0,0][C,  003249,1,0]","tl_M3187_C8450_attributes.xml"
"M3187","C8450","I2","GJA9461AESDC","137250","TOP","7","[A155,2924,0,0][A23,157,0,0][C,  003250,0,0][C,  018107,1,0]","tl_M3187_C8450_attributes.xml"
"M3187","C8450","I2","GJA9461AESDC","137250","TOP","8","[A155,2924,0,0][A23,157,0,0][C,  018108,0,0][C,  024686,1,0]","tl_M3187_C8450_attributes.xml"
"M3187","C8450","I2","GJA9461AESDC","137250","TOP","9","[A155,2924,0,0][A23,157,0,0][C,  024687,0,0][C,  028938,1,0]","tl_M3187_C8450_attributes.xml"
"M3187","C8450","I2","GJA9461AESDC","137250","TOP","10","[A155,2924,0,0][A23,157,0,0][C,  028939,0,0]","tl_M3187_C8450_attributes.xml"
"M3187","C8450","I2","GJA9461AESDC","137250","TOP","11","[A23,154,0,0][A155,2901,0,0]","tl_M3187_C8450_attributes.xml"
"M3187","C8450","I2","GJA9461AESDC","137250","TOP","12","[A23,157,0,0][A155,2901,0,0][C,  003249,1,0]","tl_M3187_C8450_attributes.xml"
"M3187","C8450","I2","GJA9461AESDC","137250","TOP","13","[A23,157,0,0][A155,2901,0,0][C,  003250,0,0][C,  018107,1,0]","tl_M3187_C8450_attributes.xml"
"M3187","C8450","I2","GJA9461AESDC","137250","TOP","14","[A23,157,0,0][A155,2901,0,0][C,  018108,0,0][C,  024686,1,0]","tl_M3187_C8450_attributes.xml"
"M3187","C8450","I2","GJA9461AESDC","137250","TOP","15","[A23,157,0,0][A155,2901,0,0][C,  024687,0,0][C,  028938,1,0]","tl_M3187_C8450_attributes.xml"
"M3187","C8450","I2","GJA9461AESDC","137250","TOP","16","[A23,157,0,0][A155,2901,0,0][C,  028939,0,0]","tl_M3187_C8450_attributes.xml"
"M3187","C8450","I2","GJA9461AESDC","137250","TOP","17","[A23,154,0,0][A155,2908,0,0][C,  018108,0,0][C,  024686,1,0]","tl_M3187_C8450_attributes.xml"
"M3187","C8450","I2","GJA9461AESDC","137250","TOP","18","[A23,154,0,0][A155,2908,0,0]","tl_M3187_C8450_attributes.xml"
"M3187","C8450","I2","GJA9461AESDC","137250","TOP","19","[A23,157,0,0][A155,2908,0,0][C,  003249,1,0]","tl_M3187_C8450_attributes.xml"
"M3187","C8450","I2","GJA9461AESDC","137250","TOP","20","[A23,157,0,0][A155,2908,0,0][C,  003250,0,0][C,  018107,1,0]","tl_M3187_C8450_attributes.xml"
"M3187","C8450","I2","GJA9461AESDC","137250","TOP","21","[A23,157,0,0][A155,2908,0,0][C,  018108,0,0][C,  024686,1,0]","tl_M3187_C8450_attributes.xml"
"M3187","C8450","I2","GJA9461AESDC","137250","TOP","22","[A23,157,0,0][A155,2908,0,0][C,  024687,0,0][C,  028938,1,0]","tl_M3187_C8450_attributes.xml"
"M3187","C8450","I2","GJA9461AESDC","137250","TOP","23","[A23,157,0,0][A155,2908,0,0][C,  028939,0,0]","tl_M3187_C8450_attributes.xml"
"M3187","C8450","I2","GJA9461AESDC","137250","APPLICATION","1","[A155,2932,0,0][A23,157,0,0][C,  003249,1,0]","Itm_M3187_C8450_I2_attributes.xml"
"M3187","C8450","I2","GJA9461AJSDC","142243","CATEGORY","1","[A37,615,0,0,1]","pl_id_3187_attributes.xml"
"M3187","C8450","I2","GJA9461AJSDC","142243","TOP","1","[A155,2932,0,0][A23,154,0,0]","tl_M3187_C8450_attributes.xml"
"M3187","C8450","I2","GJA9461AJSDC","142243","TOP","2","[A155,2932,0,0][A23,157,0,0][C,  003249,1,0]","tl_M3187_C8450_attributes.xml"
"M3187","C8450","I2","GJA9461AJSDC","142243","TOP","3","[A155,2932,0,0][A23,157,0,0][C,  003250,0,0][C,  018107,1,0]","tl_M3187_C8450_attributes.xml"
"M3187","C8450","I2","GJA9461AJSDC","142243","TOP","4","[A155,2924,0,0][A23,154,0,0][C,  018108,0,0][C,  024686,1,0]","tl_M3187_C8450_attributes.xml"
"M3187","C8450","I2","GJA9461AJSDC","142243","TOP","5","[A155,2924,0,0][A23,154,0,0]","tl_M3187_C8450_attributes.xml"
"M3187","C8450","I2","GJA9461AJSDC","142243","TOP","6","[A155,2924,0,0][A23,157,0,0][C,  003249,1,0]","tl_M3187_C8450_attributes.xml"
"M3187","C8450","I2","GJA9461AJSDC","142243","TOP","7","[A155,2924,0,0][A23,157,0,0][C,  003250,0,0][C,  018107,1,0]","tl_M3187_C8450_attributes.xml"
"M3187","C8450","I2","GJA9461AJSDC","142243","TOP","8","[A155,2924,0,0][A23,157,0,0][C,  018108,0,0][C,  024686,1,0]","tl_M3187_C8450_attributes.xml"
"M3187","C8450","I2","GJA9461AJSDC","142243","TOP","9","[A155,2924,0,0][A23,157,0,0][C,  024687,0,0][C,  028938,1,0]","tl_M3187_C8450_attributes.xml"
"M3187","C8450","I2","GJA9461AJSDC","142243","TOP","10","[A155,2924,0,0][A23,157,0,0][C,  028939,0,0]","tl_M3187_C8450_attributes.xml"
"M3187","C8450","I2","GJA9461AJSDC","142243","TOP","11","[A23,154,0,0][A155,2901,0,0]","tl_M3187_C8450_attributes.xml"
"M3187","C8450","I2","GJA9461AJSDC","142243","TOP","12","[A23,157,0,0][A155,2901,0,0][C,  003249,1,0]","tl_M3187_C8450_attributes.xml"
"M3187","C8450","I2","GJA9461AJSDC","142243","TOP","13","[A23,157,0,0][A155,2901,0,0][C,  003250,0,0][C,  018107,1,0]","tl_M3187_C8450_attributes.xml"
"M3187","C8450","I2","GJA9461AJSDC","142243","TOP","14","[A23,157,0,0][A155,2901,0,0][C,  018108,0,0][C,  024686,1,0]","tl_M3187_C8450_attributes.xml"
"M3187","C8450","I2","GJA9461AJSDC","142243","TOP","15","[A23,157,0,0][A155,2901,0,0][C,  024687,0,0][C,  028938,1,0]","tl_M3187_C8450_attributes.xml"
"M3187","C8450","I2","GJA9461AJSDC","142243","TOP","16","[A23,157,0,0][A155,2901,0,0][C,  028939,0,0]","tl_M3187_C8450_attributes.xml"
"M3187","C8450","I2","GJA9461AJSDC","142243","TOP","17","[A23,154,0,0][A155,2908,0,0][C,  018108,0,0][C,  024686,1,0]","tl_M3187_C8450_attributes.xml"
"M3187","C8450","I2","GJA9461AJSDC","142243","TOP","18","[A23,154,0,0][A155,2908,0,0]","tl_M3187_C8450_attributes.xml"
"M3187","C8450","I2","GJA9461AJSDC","142243","TOP","19","[A23,157,0,0][A155,2908,0,0][C,  003249,1,0]","tl_M3187_C8450_attributes.xml"
"M3187","C8450","I2","GJA9461AJSDC","142243","TOP","20","[A23,157,0,0][A155,2908,0,0][C,  003250,0,0][C,  018107,1,0]","tl_M3187_C8450_attributes.xml"
"M3187","C8450","I2","GJA9461AJSDC","142243","TOP","21","[A23,157,0,0][A155,2908,0,0][C,  018108,0,0][C,  024686,1,0]","tl_M3187_C8450_attributes.xml"
"M3187","C8450","I2","GJA9461AJSDC","142243","TOP","22","[A23,157,0,0][A155,2908,0,0][C,  024687,0,0][C,  028938,1,0]","tl_M3187_C8450_attributes.xml"
"M3187","C8450","I2","GJA9461AJSDC","142243","TOP","23","[A23,157,0,0][A155,2908,0,0][C,  028939,0,0]","tl_M3187_C8450_attributes.xml"
"M3187","C8450","I2","GJA9461AJSDC","142243","APPLICATION","1","[A155,2932,0,0][A23,157,0,0][C,  003250,0,0][C,  018107,1,0]","Itm_M3187_C8450_I2_attributes.xml"
"M3187","C8450","I2","GJA9461BLLFN","150141","CATEGORY","1","[A37,615,0,0,1]","pl_id_3187_attributes.xml"
"M3187","C8450","I2","GJA9461BLLFN","150141","TOP","1","[A155,2932,0,0][A23,154,0,0]","tl_M3187_C8450_attributes.xml"
"M3187","C8450","I2","GJA9461BLLFN","150141","TOP","2","[A155,2932,0,0][A23,157,0,0][C,  003249,1,0]","tl_M3187_C8450_attributes.xml"
"M3187","C8450","I2","GJA9461BLLFN","150141","TOP","3","[A155,2932,0,0][A23,157,0,0][C,  003250,0,0][C,  018107,1,0]","tl_M3187_C8450_attributes.xml"
"M3187","C8450","I2","GJA9461BLLFN","150141","TOP","4","[A155,2924,0,0][A23,154,0,0][C,  018108,0,0][C,  024686,1,0]","tl_M3187_C8450_attributes.xml"
"M3187","C8450","I2","GJA9461BLLFN","150141","TOP","5","[A155,2924,0,0][A23,154,0,0]","tl_M3187_C8450_attributes.xml"
"M3187","C8450","I2","GJA9461BLLFN","150141","TOP","6","[A155,2924,0,0][A23,157,0,0][C,  003249,1,0]","tl_M3187_C8450_attributes.xml"
"M3187","C8450","I2","GJA9461BLLFN","150141","TOP","7","[A155,2924,0,0][A23,157,0,0][C,  003250,0,0][C,  018107,1,0]","tl_M3187_C8450_attributes.xml"
"M3187","C8450","I2","GJA9461BLLFN","150141","TOP","8","[A155,2924,0,0][A23,157,0,0][C,  018108,0,0][C,  024686,1,0]","tl_M3187_C8450_attributes.xml"
"M3187","C8450","I2","GJA9461BLLFN","150141","TOP","9","[A155,2924,0,0][A23,157,0,0][C,  024687,0,0][C,  028938,1,0]","tl_M3187_C8450_attributes.xml"
"M3187","C8450","I2","GJA9461BLLFN","150141","TOP","10","[A155,2924,0,0][A23,157,0,0][C,  028939,0,0]","tl_M3187_C8450_attributes.xml"
"M3187","C8450","I2","GJA9461BLLFN","150141","TOP","11","[A23,154,0,0][A155,2901,0,0]","tl_M3187_C8450_attributes.xml"
"M3187","C8450","I2","GJA9461BLLFN","150141","TOP","12","[A23,157,0,0][A155,2901,0,0][C,  003249,1,0]","tl_M3187_C8450_attributes.xml"
"M3187","C8450","I2","GJA9461BLLFN","150141","TOP","13","[A23,157,0,0][A155,2901,0,0][C,  003250,0,0][C,  018107,1,0]","tl_M3187_C8450_attributes.xml"
"M3187","C8450","I2","GJA9461BLLFN","150141","TOP","14","[A23,157,0,0][A155,2901,0,0][C,  018108,0,0][C,  024686,1,0]","tl_M3187_C8450_attributes.xml"
"M3187","C8450","I2","GJA9461BLLFN","150141","TOP","15","[A23,157,0,0][A155,2901,0,0][C,  024687,0,0][C,  028938,1,0]","tl_M3187_C8450_attributes.xml"
"M3187","C8450","I2","GJA9461BLLFN","150141","TOP","16","[A23,157,0,0][A155,2901,0,0][C,  028939,0,0]","tl_M3187_C8450_attributes.xml"
"M3187","C8450","I2","GJA9461BLLFN","150141","TOP","17","[A23,154,0,0][A155,2908,0,0][C,  018108,0,0][C,  024686,1,0]","tl_M3187_C8450_attributes.xml"
"M3187","C8450","I2","GJA9461BLLFN","150141","TOP","18","[A23,154,0,0][A155,2908,0,0]","tl_M3187_C8450_attributes.xml"
"M3187","C8450","I2","GJA9461BLLFN","150141","TOP","19","[A23,157,0,0][A155,2908,0,0][C,  003249,1,0]","tl_M3187_C8450_attributes.xml"
"M3187","C8450","I2","GJA9461BLLFN","150141","TOP","20","[A23,157,0,0][A155,2908,0,0][C,  003250,0,0][C,  018107,1,0]","tl_M3187_C8450_attributes.xml"
"M3187","C8450","I2","GJA9461BLLFN","150141","TOP","21","[A23,157,0,0][A155,2908,0,0][C,  018108,0,0][C,  024686,1,0]","tl_M3187_C8450_attributes.xml"
"M3187","C8450","I2","GJA9461BLLFN","150141","TOP","22","[A23,157,0,0][A155,2908,0,0][C,  024687,0,0][C,  028938,1,0]","tl_M3187_C8450_attributes.xml"
"M3187","C8450","I2","GJA9461BLLFN","150141","TOP","23","[A23,157,0,0][A155,2908,0,0][C,  028939,0,0]","tl_M3187_C8450_attributes.xml"
"M3187","C8450","I2","GJA9461BLLFN","150141","APPLICATION","1","[A155,2924,0,0][A23,154,0,0][C,  018108,0,0][C,  024686,1,0]","Itm_M3187_C8450_I2_attributes.xml"
"M3187","C8450","I2","GJB9461BBLFN","158212","CATEGORY","1","[A37,615,0,0,1]","pl_id_3187_attributes.xml"
"M3187","C8450","I2","GJB9461BBLFN","158212","TOP","1","[A155,2932,0,0][A23,154,0,0]","tl_M3187_C8450_attributes.xml"
"M3187","C8450","I2","GJB9461BBLFN","158212","TOP","2","[A155,2932,0,0][A23,157,0,0][C,  003249,1,0]","tl_M3187_C8450_attributes.xml"
"M3187","C8450","I2","GJB9461BBLFN","158212","TOP","3","[A155,2932,0,0][A23,157,0,0][C,  003250,0,0][C,  018107,1,0]","tl_M3187_C8450_attributes.xml"
"M3187","C8450","I2","GJB9461BBLFN","158212","TOP","4","[A155,2924,0,0][A23,154,0,0][C,  018108,0,0][C,  024686,1,0]","tl_M3187_C8450_attributes.xml"
"M3187","C8450","I2","GJB9461BBLFN","158212","TOP","5","[A155,2924,0,0][A23,154,0,0]","tl_M3187_C8450_attributes.xml"
"M3187","C8450","I2","GJB9461BBLFN","158212","TOP","6","[A155,2924,0,0][A23,157,0,0][C,  003249,1,0]","tl_M3187_C8450_attributes.xml"
"M3187","C8450","I2","GJB9461BBLFN","158212","TOP","7","[A155,2924,0,0][A23,157,0,0][C,  003250,0,0][C,  018107,1,0]","tl_M3187_C8450_attributes.xml"
"M3187","C8450","I2","GJB9461BBLFN","158212","TOP","8","[A155,2924,0,0][A23,157,0,0][C,  018108,0,0][C,  024686,1,0]","tl_M3187_C8450_attributes.xml"
"M3187","C8450","I2","GJB9461BBLFN","158212","TOP","9","[A155,2924,0,0][A23,157,0,0][C,  024687,0,0][C,  028938,1,0]","tl_M3187_C8450_attributes.xml"
"M3187","C8450","I2","GJB9461BBLFN","158212","TOP","10","[A155,2924,0,0][A23,157,0,0][C,  028939,0,0]","tl_M3187_C8450_attributes.xml"
"M3187","C8450","I2","GJB9461BBLFN","158212","TOP","11","[A23,154,0,0][A155,2901,0,0]","tl_M3187_C8450_attributes.xml"
"M3187","C8450","I2","GJB9461BBLFN","158212","TOP","12","[A23,157,0,0][A155,2901,0,0][C,  003249,1,0]","tl_M3187_C8450_attributes.xml"
"M3187","C8450","I2","GJB9461BBLFN","158212","TOP","13","[A23,157,0,0][A155,2901,0,0][C,  003250,0,0][C,  018107,1,0]","tl_M3187_C8450_attributes.xml"
"M3187","C8450","I2","GJB9461BBLFN","158212","TOP","14","[A23,157,0,0][A155,2901,0,0][C,  018108,0,0][C,  024686,1,0]","tl_M3187_C8450_attributes.xml"
"M3187","C8450","I2","GJB9461BBLFN","158212","TOP","15","[A23,157,0,0][A155,2901,0,0][C,  024687,0,0][C,  028938,1,0]","tl_M3187_C8450_attributes.xml"
"M3187","C8450","I2","GJB9461BBLFN","158212","TOP","16","[A23,157,0,0][A155,2901,0,0][C,  028939,0,0]","tl_M3187_C8450_attributes.xml"
"M3187","C8450","I2","GJB9461BBLFN","158212","TOP","17","[A23,154,0,0][A155,2908,0,0][C,  018108,0,0][C,  024686,1,0]","tl_M3187_C8450_attributes.xml"
"M3187","C8450","I2","GJB9461BBLFN","158212","TOP","18","[A23,154,0,0][A155,2908,0,0]","tl_M3187_C8450_attributes.xml"
"M3187","C8450","I2","GJB9461BBLFN","158212","TOP","19","[A23,157,0,0][A155,2908,0,0][C,  003249,1,0]","tl_M3187_C8450_attributes.xml"
"M3187","C8450","I2","GJB9461BBLFN","158212","TOP","20","[A23,157,0,0][A155,2908,0,0][C,  003250,0,0][C,  018107,1,0]","tl_M3187_C8450_attributes.xml"
"M3187","C8450","I2","GJB9461BBLFN","158212","TOP","21","[A23,157,0,0][A155,2908,0,0][C,  018108,0,0][C,  024686,1,0]","tl_M3187_C8450_attributes.xml"
"M3187","C8450","I2","GJB9461BBLFN","158212","TOP","22","[A23,157,0,0][A155,2908,0,0][C,  024687,0,0][C,  028938,1,0]","tl_M3187_C8450_attributes.xml"
"M3187","C8450","I2","GJB9461BBLFN","158212","TOP","23","[A23,157,0,0][A155,2908,0,0][C,  028939,0,0]","tl_M3187_C8450_attributes.xml"
"M3187","C8450","I2","GJB9461BBLFN","158212","APPLICATION","1","[A155,2924,0,0][A23,154,0,0]","Itm_M3187_C8450_I2_attributes.xml"
"M3187","C8450","I2","GJA9461BJLFN","142250","CATEGORY","1","[A37,615,0,0,1]","pl_id_3187_attributes.xml"
"M3187","C8450","I2","GJA9461BJLFN","142250","TOP","1","[A155,2932,0,0][A23,154,0,0]","tl_M3187_C8450_attributes.xml"
"M3187","C8450","I2","GJA9461BJLFN","142250","TOP","2","[A155,2932,0,0][A23,157,0,0][C,  003249,1,0]","tl_M3187_C8450_attributes.xml"
"M3187","C8450","I2","GJA9461BJLFN","142250","TOP","3","[A155,2932,0,0][A23,157,0,0][C,  003250,0,0][C,  018107,1,0]","tl_M3187_C8450_attributes.xml"
"M3187","C8450","I2","GJA9461BJLFN","142250","TOP","4","[A155,2924,0,0][A23,154,0,0][C,  018108,0,0][C,  024686,1,0]","tl_M3187_C8450_attributes.xml"
"M3187","C8450","I2","GJA9461BJLFN","142250","TOP","5","[A155,2924,0,0][A23,154,0,0]","tl_M3187_C8450_attributes.xml"
"M3187","C8450","I2","GJA9461BJLFN","142250","TOP","6","[A155,2924,0,0][A23,157,0,0][C,  003249,1,0]","tl_M3187_C8450_attributes.xml"
"M3187","C8450","I2","GJA9461BJLFN","142250","TOP","7","[A155,2924,0,0][A23,157,0,0][C,  003250,0,0][C,  018107,1,0]","tl_M3187_C8450_attributes.xml"
"M3187","C8450","I2","GJA9461BJLFN","142250","TOP","8","[A155,2924,0,0][A23,157,0,0][C,  018108,0,0][C,  024686,1,0]","tl_M3187_C8450_attributes.xml"
"M3187","C8450","I2","GJA9461BJLFN","142250","TOP","9","[A155,2924,0,0][A23,157,0,0][C,  024687,0,0][C,  028938,1,0]","tl_M3187_C8450_attributes.xml"
"M3187","C8450","I2","GJA9461BJLFN","142250","TOP","10","[A155,2924,0,0][A23,157,0,0][C,  028939,0,0]","tl_M3187_C8450_attributes.xml"
"M3187","C8450","I2","GJA9461BJLFN","142250","TOP","11","[A23,154,0,0][A155,2901,0,0]","tl_M3187_C8450_attributes.xml"
"M3187","C8450","I2","GJA9461BJLFN","142250","TOP","12","[A23,157,0,0][A155,2901,0,0][C,  003249,1,0]","tl_M3187_C8450_attributes.xml"
"M3187","C8450","I2","GJA9461BJLFN","142250","TOP","13","[A23,157,0,0][A155,2901,0,0][C,  003250,0,0][C,  018107,1,0]","tl_M3187_C8450_attributes.xml"
"M3187","C8450","I2","GJA9461BJLFN","142250","TOP","14","[A23,157,0,0][A155,2901,0,0][C,  018108,0,0][C,  024686,1,0]","tl_M3187_C8450_attributes.xml"
"M3187","C8450","I2","GJA9461BJLFN","142250","TOP","15","[A23,157,0,0][A155,2901,0,0][C,  024687,0,0][C,  028938,1,0]","tl_M3187_C8450_attributes.xml"
"M3187","C8450","I2","GJA9461BJLFN","142250","TOP","16","[A23,157,0,0][A155,2901,0,0][C,  028939,0,0]","tl_M3187_C8450_attributes.xml"
"M3187","C8450","I2","GJA9461BJLFN","142250","TOP","17","[A23,154,0,0][A155,2908,0,0][C,  018108,0,0][C,  024686,1,0]","tl_M3187_C8450_attributes.xml"
"M3187","C8450","I2","GJA9461BJLFN","142250","TOP","18","[A23,154,0,0][A155,2908,0,0]","tl_M3187_C8450_attributes.xml"
"M3187","C8450","I2","GJA9461BJLFN","142250","TOP","19","[A23,157,0,0][A155,2908,0,0][C,  003249,1,0]","tl_M3187_C8450_attributes.xml"
"M3187","C8450","I2","GJA9461BJLFN","142250","TOP","20","[A23,157,0,0][A155,2908,0,0][C,  003250,0,0][C,  018107,1,0]","tl_M3187_C8450_attributes.xml"
"M3187","C8450","I2","GJA9461BJLFN","142250","TOP","21","[A23,157,0,0][A155,2908,0,0][C,  018108,0,0][C,  024686,1,0]","tl_M3187_C8450_attributes.xml"
"M3187","C8450","I2","GJA9461BJLFN","142250","TOP","22","[A23,157,0,0][A155,2908,0,0][C,  024687,0,0][C,  028938,1,0]","tl_M3187_C8450_attributes.xml"
"M3187","C8450","I2","GJA9461BJLFN","142250","TOP","23","[A23,157,0,0][A155,2908,0,0][C,  028939,0,0]","tl_M3187_C8450_attributes.xml"
"M3187","C8450","I2","GJA9461BJLFN","142250","APPLICATION","1","[A155,2924,0,0][A23,154,0,0]","Itm_M3187_C8450_I2_attributes.xml"
"M3187","C8450","I2","GJA9461BHLFN","139778","CATEGORY","1","[A37,615,0,0,1]","pl_id_3187_attributes.xml"
"M3187","C8450","I2","GJA9461BHLFN","139778","TOP","1","[A155,2932,0,0][A23,154,0,0]","tl_M3187_C8450_attributes.xml"
"M3187","C8450","I2","GJA9461BHLFN","139778","TOP","2","[A155,2932,0,0][A23,157,0,0][C,  003249,1,0]","tl_M3187_C8450_attributes.xml"
"M3187","C8450","I2","GJA9461BHLFN","139778","TOP","3","[A155,2932,0,0][A23,157,0,0][C,  003250,0,0][C,  018107,1,0]","tl_M3187_C8450_attributes.xml"
"M3187","C8450","I2","GJA9461BHLFN","139778","TOP","4","[A155,2924,0,0][A23,154,0,0][C,  018108,0,0][C,  024686,1,0]","tl_M3187_C8450_attributes.xml"
"M3187","C8450","I2","GJA9461BHLFN","139778","TOP","5","[A155,2924,0,0][A23,154,0,0]","tl_M3187_C8450_attributes.xml"
"M3187","C8450","I2","GJA9461BHLFN","139778","TOP","6","[A155,2924,0,0][A23,157,0,0][C,  003249,1,0]","tl_M3187_C8450_attributes.xml"
"M3187","C8450","I2","GJA9461BHLFN","139778","TOP","7","[A155,2924,0,0][A23,157,0,0][C,  003250,0,0][C,  018107,1,0]","tl_M3187_C8450_attributes.xml"
"M3187","C8450","I2","GJA9461BHLFN","139778","TOP","8","[A155,2924,0,0][A23,157,0,0][C,  018108,0,0][C,  024686,1,0]","tl_M3187_C8450_attributes.xml"
"M3187","C8450","I2","GJA9461BHLFN","139778","TOP","9","[A155,2924,0,0][A23,157,0,0][C,  024687,0,0][C,  028938,1,0]","tl_M3187_C8450_attributes.xml"
"M3187","C8450","I2","GJA9461BHLFN","139778","TOP","10","[A155,2924,0,0][A23,157,0,0][C,  028939,0,0]","tl_M3187_C8450_attributes.xml"
"M3187","C8450","I2","GJA9461BHLFN","139778","TOP","11","[A23,154,0,0][A155,2901,0,0]","tl_M3187_C8450_attributes.xml"
"M3187","C8450","I2","GJA9461BHLFN","139778","TOP","12","[A23,157,0,0][A155,2901,0,0][C,  003249,1,0]","tl_M3187_C8450_attributes.xml"
"M3187","C8450","I2","GJA9461BHLFN","139778","TOP","13","[A23,157,0,0][A155,2901,0,0][C,  003250,0,0][C,  018107,1,0]","tl_M3187_C8450_attributes.xml"
"M3187","C8450","I2","GJA9461BHLFN","139778","TOP","14","[A23,157,0,0][A155,2901,0,0][C,  018108,0,0][C,  024686,1,0]","tl_M3187_C8450_attributes.xml"
"M3187","C8450","I2","GJA9461BHLFN","139778","TOP","15","[A23,157,0,0][A155,2901,0,0][C,  024687,0,0][C,  028938,1,0]","tl_M3187_C8450_attributes.xml"
"M3187","C8450","I2","GJA9461BHLFN","139778","TOP","16","[A23,157,0,0][A155,2901,0,0][C,  028939,0,0]","tl_M3187_C8450_attributes.xml"
"M3187","C8450","I2","GJA9461BHLFN","139778","TOP","17","[A23,154,0,0][A155,2908,0,0][C,  018108,0,0][C,  024686,1,0]","tl_M3187_C8450_attributes.xml"
"M3187","C8450","I2","GJA9461BHLFN","139778","TOP","18","[A23,154,0,0][A155,2908,0,0]","tl_M3187_C8450_attributes.xml"
"M3187","C8450","I2","GJA9461BHLFN","139778","TOP","19","[A23,157,0,0][A155,2908,0,0][C,  003249,1,0]","tl_M3187_C8450_attributes.xml"
"M3187","C8450","I2","GJA9461BHLFN","139778","TOP","20","[A23,157,0,0][A155,2908,0,0][C,  003250,0,0][C,  018107,1,0]","tl_M3187_C8450_attributes.xml"
"M3187","C8450","I2","GJA9461BHLFN","139778","TOP","21","[A23,157,0,0][A155,2908,0,0][C,  018108,0,0][C,  024686,1,0]","tl_M3187_C8450_attributes.xml"
"M3187","C8450","I2","GJA9461BHLFN","139778","TOP","22","[A23,157,0,0][A155,2908,0,0][C,  024687,0,0][C,  028938,1,0]","tl_M3187_C8450_attributes.xml"
"M3187","C8450","I2","GJA9461BHLFN","139778","TOP","23","[A23,157,0,0][A155,2908,0,0][C,  028939,0,0]","tl_M3187_C8450_attributes.xml"
"M3187","C8450","I2","GJA9461BHLFN","139778","APPLICATION","1","[A155,2924,0,0][A23,154,0,0]","Itm_M3187_C8450_I2_attributes.xml"
"M3187","C8450","I2","GJB9461BALFN","156421","CATEGORY","1","[A37,615,0,0,1]","pl_id_3187_attributes.xml"
"M3187","C8450","I2","GJB9461BALFN","156421","TOP","1","[A155,2932,0,0][A23,154,0,0]","tl_M3187_C8450_attributes.xml"
"M3187","C8450","I2","GJB9461BALFN","156421","TOP","2","[A155,2932,0,0][A23,157,0,0][C,  003249,1,0]","tl_M3187_C8450_attributes.xml"
"M3187","C8450","I2","GJB9461BALFN","156421","TOP","3","[A155,2932,0,0][A23,157,0,0][C,  003250,0,0][C,  018107,1,0]","tl_M3187_C8450_attributes.xml"
"M3187","C8450","I2","GJB9461BALFN","156421","TOP","4","[A155,2924,0,0][A23,154,0,0][C,  018108,0,0][C,  024686,1,0]","tl_M3187_C8450_attributes.xml"
"M3187","C8450","I2","GJB9461BALFN","156421","TOP","5","[A155,2924,0,0][A23,154,0,0]","tl_M3187_C8450_attributes.xml"
"M3187","C8450","I2","GJB9461BALFN","156421","TOP","6","[A155,2924,0,0][A23,157,0,0][C,  003249,1,0]","tl_M3187_C8450_attributes.xml"
"M3187","C8450","I2","GJB9461BALFN","156421","TOP","7","[A155,2924,0,0][A23,157,0,0][C,  003250,0,0][C,  018107,1,0]","tl_M3187_C8450_attributes.xml"
"M3187","C8450","I2","GJB9461BALFN","156421","TOP","8","[A155,2924,0,0][A23,157,0,0][C,  018108,0,0][C,  024686,1,0]","tl_M3187_C8450_attributes.xml"
"M3187","C8450","I2","GJB9461BALFN","156421","TOP","9","[A155,2924,0,0][A23,157,0,0][C,  024687,0,0][C,  028938,1,0]","tl_M3187_C8450_attributes.xml"
"M3187","C8450","I2","GJB9461BALFN","156421","TOP","10","[A155,2924,0,0][A23,157,0,0][C,  028939,0,0]","tl_M3187_C8450_attributes.xml"
"M3187","C8450","I2","GJB9461BALFN","156421","TOP","11","[A23,154,0,0][A155,2901,0,0]","tl_M3187_C8450_attributes.xml"
"M3187","C8450","I2","GJB9461BALFN","156421","TOP","12","[A23,157,0,0][A155,2901,0,0][C,  003249,1,0]","tl_M3187_C8450_attributes.xml"
"M3187","C8450","I2","GJB9461BALFN","156421","TOP","13","[A23,157,0,0][A155,2901,0,0][C,  003250,0,0][C,  018107,1,0]","tl_M3187_C8450_attributes.xml"
"M3187","C8450","I2","GJB9461BALFN","156421","TOP","14","[A23,157,0,0][A155,2901,0,0][C,  018108,0,0][C,  024686,1,0]","tl_M3187_C8450_attributes.xml"
"M3187","C8450","I2","GJB9461BALFN","156421","TOP","15","[A23,157,0,0][A155,2901,0,0][C,  024687,0,0][C,  028938,1,0]","tl_M3187_C8450_attributes.xml"
"M3187","C8450","I2","GJB9461BALFN","156421","TOP","16","[A23,157,0,0][A155,2901,0,0][C,  028939,0,0]","tl_M3187_C8450_attributes.xml"
"M3187","C8450","I2","GJB9461BALFN","156421","TOP","17","[A23,154,0,0][A155,2908,0,0][C,  018108,0,0][C,  024686,1,0]","tl_M3187_C8450_attributes.xml"
"M3187","C8450","I2","GJB9461BALFN","156421","TOP","18","[A23,154,0,0][A155,2908,0,0]","tl_M3187_C8450_attributes.xml"
"M3187","C8450","I2","GJB9461BALFN","156421","TOP","19","[A23,157,0,0][A155,2908,0,0][C,  003249,1,0]","tl_M3187_C8450_attributes.xml"
"M3187","C8450","I2","GJB9461BALFN","156421","TOP","20","[A23,157,0,0][A155,2908,0,0][C,  003250,0,0][C,  018107,1,0]","tl_M3187_C8450_attributes.xml"
"M3187","C8450","I2","GJB9461BALFN","156421","TOP","21","[A23,157,0,0][A155,2908,0,0][C,  018108,0,0][C,  024686,1,0]","tl_M3187_C8450_attributes.xml"
"M3187","C8450","I2","GJB9461BALFN","156421","TOP","22","[A23,157,0,0][A155,2908,0,0][C,  024687,0,0][C,  028938,1,0]","tl_M3187_C8450_attributes.xml"
"M3187","C8450","I2","GJB9461BALFN","156421","TOP","23","[A23,157,0,0][A155,2908,0,0][C,  028939,0,0]","tl_M3187_C8450_attributes.xml"
"M3187","C8450","I2","GJB9461BALFN","156421","APPLICATION","1","[A155,2924,0,0][A23,154,0,0]","Itm_M3187_C8450_I2_attributes.xml"
"M3187","C8450","I2","GJA9461AELFN","137248","CATEGORY","1","[A37,615,0,0,1]","pl_id_3187_attributes.xml"
"M3187","C8450","I2","GJA9461AELFN","137248","TOP","1","[A155,2932,0,0][A23,154,0,0]","tl_M3187_C8450_attributes.xml"
"M3187","C8450","I2","GJA9461AELFN","137248","TOP","2","[A155,2932,0,0][A23,157,0,0][C,  003249,1,0]","tl_M3187_C8450_attributes.xml"
"M3187","C8450","I2","GJA9461AELFN","137248","TOP","3","[A155,2932,0,0][A23,157,0,0][C,  003250,0,0][C,  018107,1,0]","tl_M3187_C8450_attributes.xml"
"M3187","C8450","I2","GJA9461AELFN","137248","TOP","4","[A155,2924,0,0][A23,154,0,0][C,  018108,0,0][C,  024686,1,0]","tl_M3187_C8450_attributes.xml"
"M3187","C8450","I2","GJA9461AELFN","137248","TOP","5","[A155,2924,0,0][A23,154,0,0]","tl_M3187_C8450_attributes.xml"
"M3187","C8450","I2","GJA9461AELFN","137248","TOP","6","[A155,2924,0,0][A23,157,0,0][C,  003249,1,0]","tl_M3187_C8450_attributes.xml"
"M3187","C8450","I2","GJA9461AELFN","137248","TOP","7","[A155,2924,0,0][A23,157,0,0][C,  003250,0,0][C,  018107,1,0]","tl_M3187_C8450_attributes.xml"
"M3187","C8450","I2","GJA9461AELFN","137248","TOP","8","[A155,2924,0,0][A23,157,0,0][C,  018108,0,0][C,  024686,1,0]","tl_M3187_C8450_attributes.xml"
"M3187","C8450","I2","GJA9461AELFN","137248","TOP","9","[A155,2924,0,0][A23,157,0,0][C,  024687,0,0][C,  028938,1,0]","tl_M3187_C8450_attributes.xml"
"M3187","C8450","I2","GJA9461AELFN","137248","TOP","10","[A155,2924,0,0][A23,157,0,0][C,  028939,0,0]","tl_M3187_C8450_attributes.xml"
"M3187","C8450","I2","GJA9461AELFN","137248","TOP","11","[A23,154,0,0][A155,2901,0,0]","tl_M3187_C8450_attributes.xml"
"M3187","C8450","I2","GJA9461AELFN","137248","TOP","12","[A23,157,0,0][A155,2901,0,0][C,  003249,1,0]","tl_M3187_C8450_attributes.xml"
"M3187","C8450","I2","GJA9461AELFN","137248","TOP","13","[A23,157,0,0][A155,2901,0,0][C,  003250,0,0][C,  018107,1,0]","tl_M3187_C8450_attributes.xml"
"M3187","C8450","I2","GJA9461AELFN","137248","TOP","14","[A23,157,0,0][A155,2901,0,0][C,  018108,0,0][C,  024686,1,0]","tl_M3187_C8450_attributes.xml"
"M3187","C8450","I2","GJA9461AELFN","137248","TOP","15","[A23,157,0,0][A155,2901,0,0][C,  024687,0,0][C,  028938,1,0]","tl_M3187_C8450_attributes.xml"
"M3187","C8450","I2","GJA9461AELFN","137248","TOP","16","[A23,157,0,0][A155,2901,0,0][C,  028939,0,0]","tl_M3187_C8450_attributes.xml"
"M3187","C8450","I2","GJA9461AELFN","137248","TOP","17","[A23,154,0,0][A155,2908,0,0][C,  018108,0,0][C,  024686,1,0]","tl_M3187_C8450_attributes.xml"
"M3187","C8450","I2","GJA9461AELFN","137248","TOP","18","[A23,154,0,0][A155,2908,0,0]","tl_M3187_C8450_attributes.xml"
"M3187","C8450","I2","GJA9461AELFN","137248","TOP","19","[A23,157,0,0][A155,2908,0,0][C,  003249,1,0]","tl_M3187_C8450_attributes.xml"
"M3187","C8450","I2","GJA9461AELFN","137248","TOP","20","[A23,157,0,0][A155,2908,0,0][C,  003250,0,0][C,  018107,1,0]","tl_M3187_C8450_attributes.xml"
"M3187","C8450","I2","GJA9461AELFN","137248","TOP","21","[A23,157,0,0][A155,2908,0,0][C,  018108,0,0][C,  024686,1,0]","tl_M3187_C8450_attributes.xml"
"M3187","C8450","I2","GJA9461AELFN","137248","TOP","22","[A23,157,0,0][A155,2908,0,0][C,  024687,0,0][C,  028938,1,0]","tl_M3187_C8450_attributes.xml"
"M3187","C8450","I2","GJA9461AELFN","137248","TOP","23","[A23,157,0,0][A155,2908,0,0][C,  028939,0,0]","tl_M3187_C8450_attributes.xml"
"M3187","C8450","I2","GJA9461AELFN","137248","APPLICATION","1","[A155,2924,0,0][A23,157,0,0][C,  003249,1,0]","Itm_M3187_C8450_I2_attributes.xml"
"M3187","C8450","I2","GJA9461AJLFN","142241","CATEGORY","1","[A37,615,0,0,1]","pl_id_3187_attributes.xml"
"M3187","C8450","I2","GJA9461AJLFN","142241","TOP","1","[A155,2932,0,0][A23,154,0,0]","tl_M3187_C8450_attributes.xml"
"M3187","C8450","I2","GJA9461AJLFN","142241","TOP","2","[A155,2932,0,0][A23,157,0,0][C,  003249,1,0]","tl_M3187_C8450_attributes.xml"
"M3187","C8450","I2","GJA9461AJLFN","142241","TOP","3","[A155,2932,0,0][A23,157,0,0][C,  003250,0,0][C,  018107,1,0]","tl_M3187_C8450_attributes.xml"
"M3187","C8450","I2","GJA9461AJLFN","142241","TOP","4","[A155,2924,0,0][A23,154,0,0][C,  018108,0,0][C,  024686,1,0]","tl_M3187_C8450_attributes.xml"
"M3187","C8450","I2","GJA9461AJLFN","142241","TOP","5","[A155,2924,0,0][A23,154,0,0]","tl_M3187_C8450_attributes.xml"
"M3187","C8450","I2","GJA9461AJLFN","142241","TOP","6","[A155,2924,0,0][A23,157,0,0][C,  003249,1,0]","tl_M3187_C8450_attributes.xml"
"M3187","C8450","I2","GJA9461AJLFN","142241","TOP","7","[A155,2924,0,0][A23,157,0,0][C,  003250,0,0][C,  018107,1,0]","tl_M3187_C8450_attributes.xml"
"M3187","C8450","I2","GJA9461AJLFN","142241","TOP","8","[A155,2924,0,0][A23,157,0,0][C,  018108,0,0][C,  024686,1,0]","tl_M3187_C8450_attributes.xml"
"M3187","C8450","I2","GJA9461AJLFN","142241","TOP","9","[A155,2924,0,0][A23,157,0,0][C,  024687,0,0][C,  028938,1,0]","tl_M3187_C8450_attributes.xml"
"M3187","C8450","I2","GJA9461AJLFN","142241","TOP","10","[A155,2924,0,0][A23,157,0,0][C,  028939,0,0]","tl_M3187_C8450_attributes.xml"
"M3187","C8450","I2","GJA9461AJLFN","142241","TOP","11","[A23,154,0,0][A155,2901,0,0]","tl_M3187_C8450_attributes.xml"
"M3187","C8450","I2","GJA9461AJLFN","142241","TOP","12","[A23,157,0,0][A155,2901,0,0][C,  003249,1,0]","tl_M3187_C8450_attributes.xml"
"M3187","C8450","I2","GJA9461AJLFN","142241","TOP","13","[A23,157,0,0][A155,2901,0,0][C,  003250,0,0][C,  018107,1,0]","tl_M3187_C8450_attributes.xml"
"M3187","C8450","I2","GJA9461AJLFN","142241","TOP","14","[A23,157,0,0][A155,2901,0,0][C,  018108,0,0][C,  024686,1,0]","tl_M3187_C8450_attributes.xml"
"M3187","C8450","I2","GJA9461AJLFN","142241","TOP","15","[A23,157,0,0][A155,2901,0,0][C,  024687,0,0][C,  028938,1,0]","tl_M3187_C8450_attributes.xml"
"M3187","C8450","I2","GJA9461AJLFN","142241","TOP","16","[A23,157,0,0][A155,2901,0,0][C,  028939,0,0]","tl_M3187_C8450_attributes.xml"
"M3187","C8450","I2","GJA9461AJLFN","142241","TOP","17","[A23,154,0,0][A155,2908,0,0][C,  018108,0,0][C,  024686,1,0]","tl_M3187_C8450_attributes.xml"
"M3187","C8450","I2","GJA9461AJLFN","142241","TOP","18","[A23,154,0,0][A155,2908,0,0]","tl_M3187_C8450_attributes.xml"
"M3187","C8450","I2","GJA9461AJLFN","142241","TOP","19","[A23,157,0,0][A155,2908,0,0][C,  003249,1,0]","tl_M3187_C8450_attributes.xml"
"M3187","C8450","I2","GJA9461AJLFN","142241","TOP","20","[A23,157,0,0][A155,2908,0,0][C,  003250,0,0][C,  018107,1,0]","tl_M3187_C8450_attributes.xml"
"M3187","C8450","I2","GJA9461AJLFN","142241","TOP","21","[A23,157,0,0][A155,2908,0,0][C,  018108,0,0][C,  024686,1,0]","tl_M3187_C8450_attributes.xml"
"M3187","C8450","I2","GJA9461AJLFN","142241","TOP","22","[A23,157,0,0][A155,2908,0,0][C,  024687,0,0][C,  028938,1,0]","tl_M3187_C8450_attributes.xml"
"M3187","C8450","I2","GJA9461AJLFN","142241","TOP","23","[A23,157,0,0][A155,2908,0,0][C,  028939,0,0]","tl_M3187_C8450_attributes.xml"
"M3187","C8450","I2","GJA9461AJLFN","142241","APPLICATION","1","[A155,2924,0,0][A23,157,0,0][C,  003250,0,0][C,  018107,1,0]","Itm_M3187_C8450_I2_attributes.xml"
"M3187","C8450","I2","GJA9461ALLFN","150100","CATEGORY","1","[A37,615,0,0,1]","pl_id_3187_attributes.xml"
"M3187","C8450","I2","GJA9461ALLFN","150100","TOP","1","[A155,2932,0,0][A23,154,0,0]","tl_M3187_C8450_attributes.xml"
"M3187","C8450","I2","GJA9461ALLFN","150100","TOP","2","[A155,2932,0,0][A23,157,0,0][C,  003249,1,0]","tl_M3187_C8450_attributes.xml"
"M3187","C8450","I2","GJA9461ALLFN","150100","TOP","3","[A155,2932,0,0][A23,157,0,0][C,  003250,0,0][C,  018107,1,0]","tl_M3187_C8450_attributes.xml"
"M3187","C8450","I2","GJA9461ALLFN","150100","TOP","4","[A155,2924,0,0][A23,154,0,0][C,  018108,0,0][C,  024686,1,0]","tl_M3187_C8450_attributes.xml"
"M3187","C8450","I2","GJA9461ALLFN","150100","TOP","5","[A155,2924,0,0][A23,154,0,0]","tl_M3187_C8450_attributes.xml"
"M3187","C8450","I2","GJA9461ALLFN","150100","TOP","6","[A155,2924,0,0][A23,157,0,0][C,  003249,1,0]","tl_M3187_C8450_attributes.xml"
"M3187","C8450","I2","GJA9461ALLFN","150100","TOP","7","[A155,2924,0,0][A23,157,0,0][C,  003250,0,0][C,  018107,1,0]","tl_M3187_C8450_attributes.xml"
"M3187","C8450","I2","GJA9461ALLFN","150100","TOP","8","[A155,2924,0,0][A23,157,0,0][C,  018108,0,0][C,  024686,1,0]","tl_M3187_C8450_attributes.xml"
"M3187","C8450","I2","GJA9461ALLFN","150100","TOP","9","[A155,2924,0,0][A23,157,0,0][C,  024687,0,0][C,  028938,1,0]","tl_M3187_C8450_attributes.xml"
"M3187","C8450","I2","GJA9461ALLFN","150100","TOP","10","[A155,2924,0,0][A23,157,0,0][C,  028939,0,0]","tl_M3187_C8450_attributes.xml"
"M3187","C8450","I2","GJA9461ALLFN","150100","TOP","11","[A23,154,0,0][A155,2901,0,0]","tl_M3187_C8450_attributes.xml"
"M3187","C8450","I2","GJA9461ALLFN","150100","TOP","12","[A23,157,0,0][A155,2901,0,0][C,  003249,1,0]","tl_M3187_C8450_attributes.xml"
"M3187","C8450","I2","GJA9461ALLFN","150100","TOP","13","[A23,157,0,0][A155,2901,0,0][C,  003250,0,0][C,  018107,1,0]","tl_M3187_C8450_attributes.xml"
"M3187","C8450","I2","GJA9461ALLFN","150100","TOP","14","[A23,157,0,0][A155,2901,0,0][C,  018108,0,0][C,  024686,1,0]","tl_M3187_C8450_attributes.xml"
"M3187","C8450","I2","GJA9461ALLFN","150100","TOP","15","[A23,157,0,0][A155,2901,0,0][C,  024687,0,0][C,  028938,1,0]","tl_M3187_C8450_attributes.xml"
"M3187","C8450","I2","GJA9461ALLFN","150100","TOP","16","[A23,157,0,0][A155,2901,0,0][C,  028939,0,0]","tl_M3187_C8450_attributes.xml"
"M3187","C8450","I2","GJA9461ALLFN","150100","TOP","17","[A23,154,0,0][A155,2908,0,0][C,  018108,0,0][C,  024686,1,0]","tl_M3187_C8450_attributes.xml"
"M3187","C8450","I2","GJA9461ALLFN","150100","TOP","18","[A23,154,0,0][A155,2908,0,0]","tl_M3187_C8450_attributes.xml"
"M3187","C8450","I2","GJA9461ALLFN","150100","TOP","19","[A23,157,0,0][A155,2908,0,0][C,  003249,1,0]","tl_M3187_C8450_attributes.xml"
"M3187","C8450","I2","GJA9461ALLFN","150100","TOP","20","[A23,157,0,0][A155,2908,0,0][C,  003250,0,0][C,  018107,1,0]","tl_M3187_C8450_attributes.xml"
"M3187","C8450","I2","GJA9461ALLFN","150100","TOP","21","[A23,157,0,0][A155,2908,0,0][C,  018108,0,0][C,  024686,1,0]","tl_M3187_C8450_attributes.xml"
"M3187","C8450","I2","GJA9461ALLFN","150100","TOP","22","[A23,157,0,0][A155,2908,0,0][C,  024687,0,0][C,  028938,1,0]","tl_M3187_C8450_attributes.xml"
"M3187","C8450","I2","GJA9461ALLFN","150100","TOP","23","[A23,157,0,0][A155,2908,0,0][C,  028939,0,0]","tl_M3187_C8450_attributes.xml"
"M3187","C8450","I2","GJA9461ALLFN","150100","APPLICATION","1","[A155,2924,0,0][A23,157,0,0][C,  018108,0,0][C,  024686,1,0]","Itm_M3187_C8450_I2_attributes.xml"
"M3187","C8450","I2","GJB9461AALFN","156413","CATEGORY","1","[A37,615,0,0,1]","pl_id_3187_attributes.xml"
"M3187","C8450","I2","GJB9461AALFN","156413","TOP","1","[A155,2932,0,0][A23,154,0,0]","tl_M3187_C8450_attributes.xml"
"M3187","C8450","I2","GJB9461AALFN","156413","TOP","2","[A155,2932,0,0][A23,157,0,0][C,  003249,1,0]","tl_M3187_C8450_attributes.xml"
"M3187","C8450","I2","GJB9461AALFN","156413","TOP","3","[A155,2932,0,0][A23,157,0,0][C,  003250,0,0][C,  018107,1,0]","tl_M3187_C8450_attributes.xml"
"M3187","C8450","I2","GJB9461AALFN","156413","TOP","4","[A155,2924,0,0][A23,154,0,0][C,  018108,0,0][C,  024686,1,0]","tl_M3187_C8450_attributes.xml"
"M3187","C8450","I2","GJB9461AALFN","156413","TOP","5","[A155,2924,0,0][A23,154,0,0]","tl_M3187_C8450_attributes.xml"
"M3187","C8450","I2","GJB9461AALFN","156413","TOP","6","[A155,2924,0,0][A23,157,0,0][C,  003249,1,0]","tl_M3187_C8450_attributes.xml"
"M3187","C8450","I2","GJB9461AALFN","156413","TOP","7","[A155,2924,0,0][A23,157,0,0][C,  003250,0,0][C,  018107,1,0]","tl_M3187_C8450_attributes.xml"
"M3187","C8450","I2","GJB9461AALFN","156413","TOP","8","[A155,2924,0,0][A23,157,0,0][C,  018108,0,0][C,  024686,1,0]","tl_M3187_C8450_attributes.xml"
"M3187","C8450","I2","GJB9461AALFN","156413","TOP","9","[A155,2924,0,0][A23,157,0,0][C,  024687,0,0][C,  028938,1,0]","tl_M3187_C8450_attributes.xml"
"M3187","C8450","I2","GJB9461AALFN","156413","TOP","10","[A155,2924,0,0][A23,157,0,0][C,  028939,0,0]","tl_M3187_C8450_attributes.xml"
"M3187","C8450","I2","GJB9461AALFN","156413","TOP","11","[A23,154,0,0][A155,2901,0,0]","tl_M3187_C8450_attributes.xml"
"M3187","C8450","I2","GJB9461AALFN","156413","TOP","12","[A23,157,0,0][A155,2901,0,0][C,  003249,1,0]","tl_M3187_C8450_attributes.xml"
"M3187","C8450","I2","GJB9461AALFN","156413","TOP","13","[A23,157,0,0][A155,2901,0,0][C,  003250,0,0][C,  018107,1,0]","tl_M3187_C8450_attributes.xml"
"M3187","C8450","I2","GJB9461AALFN","156413","TOP","14","[A23,157,0,0][A155,2901,0,0][C,  018108,0,0][C,  024686,1,0]","tl_M3187_C8450_attributes.xml"
"M3187","C8450","I2","GJB9461AALFN","156413","TOP","15","[A23,157,0,0][A155,2901,0,0][C,  024687,0,0][C,  028938,1,0]","tl_M3187_C8450_attributes.xml"
"M3187","C8450","I2","GJB9461AALFN","156413","TOP","16","[A23,157,0,0][A155,2901,0,0][C,  028939,0,0]","tl_M3187_C8450_attributes.xml"
"M3187","C8450","I2","GJB9461AALFN","156413","TOP","17","[A23,154,0,0][A155,2908,0,0][C,  018108,0,0][C,  024686,1,0]","tl_M3187_C8450_attributes.xml"
"M3187","C8450","I2","GJB9461AALFN","156413","TOP","18","[A23,154,0,0][A155,2908,0,0]","tl_M3187_C8450_attributes.xml"
"M3187","C8450","I2","GJB9461AALFN","156413","TOP","19","[A23,157,0,0][A155,2908,0,0][C,  003249,1,0]","tl_M3187_C8450_attributes.xml"
"M3187","C8450","I2","GJB9461AALFN","156413","TOP","20","[A23,157,0,0][A155,2908,0,0][C,  003250,0,0][C,  018107,1,0]","tl_M3187_C8450_attributes.xml"
"M3187","C8450","I2","GJB9461AALFN","156413","TOP","21","[A23,157,0,0][A155,2908,0,0][C,  018108,0,0][C,  024686,1,0]","tl_M3187_C8450_attributes.xml"
"M3187","C8450","I2","GJB9461AALFN","156413","TOP","22","[A23,157,0,0][A155,2908,0,0][C,  024687,0,0][C,  028938,1,0]","tl_M3187_C8450_attributes.xml"
"M3187","C8450","I2","GJB9461AALFN","156413","TOP","23","[A23,157,0,0][A155,2908,0,0][C,  028939,0,0]","tl_M3187_C8450_attributes.xml"
"M3187","C8450","I2","GJB9461AALFN","156413","APPLICATION","1","[A155,2924,0,0][A23,157,0,0][C,  024687,0,0][C,  028938,1,0]","Itm_M3187_C8450_I2_attributes.xml"
"M3187","C8450","I2","GJB9461ABLFN","158200","CATEGORY","1","[A37,615,0,0,1]","pl_id_3187_attributes.xml"
"M3187","C8450","I2","GJB9461ABLFN","158200","TOP","1","[A155,2932,0,0][A23,154,0,0]","tl_M3187_C8450_attributes.xml"
"M3187","C8450","I2","GJB9461ABLFN","158200","TOP","2","[A155,2932,0,0][A23,157,0,0][C,  003249,1,0]","tl_M3187_C8450_attributes.xml"
"M3187","C8450","I2","GJB9461ABLFN","158200","TOP","3","[A155,2932,0,0][A23,157,0,0][C,  003250,0,0][C,  018107,1,0]","tl_M3187_C8450_attributes.xml"
"M3187","C8450","I2","GJB9461ABLFN","158200","TOP","4","[A155,2924,0,0][A23,154,0,0][C,  018108,0,0][C,  024686,1,0]","tl_M3187_C8450_attributes.xml"
"M3187","C8450","I2","GJB9461ABLFN","158200","TOP","5","[A155,2924,0,0][A23,154,0,0]","tl_M3187_C8450_attributes.xml"
"M3187","C8450","I2","GJB9461ABLFN","158200","TOP","6","[A155,2924,0,0][A23,157,0,0][C,  003249,1,0]","tl_M3187_C8450_attributes.xml"
"M3187","C8450","I2","GJB9461ABLFN","158200","TOP","7","[A155,2924,0,0][A23,157,0,0][C,  003250,0,0][C,  018107,1,0]","tl_M3187_C8450_attributes.xml"
"M3187","C8450","I2","GJB9461ABLFN","158200","TOP","8","[A155,2924,0,0][A23,157,0,0][C,  018108,0,0][C,  024686,1,0]","tl_M3187_C8450_attributes.xml"
"M3187","C8450","I2","GJB9461ABLFN","158200","TOP","9","[A155,2924,0,0][A23,157,0,0][C,  024687,0,0][C,  028938,1,0]","tl_M3187_C8450_attributes.xml"
"M3187","C8450","I2","GJB9461ABLFN","158200","TOP","10","[A155,2924,0,0][A23,157,0,0][C,  028939,0,0]","tl_M3187_C8450_attributes.xml"
"M3187","C8450","I2","GJB9461ABLFN","158200","TOP","11","[A23,154,0,0][A155,2901,0,0]","tl_M3187_C8450_attributes.xml"
"M3187","C8450","I2","GJB9461ABLFN","158200","TOP","12","[A23,157,0,0][A155,2901,0,0][C,  003249,1,0]","tl_M3187_C8450_attributes.xml"
"M3187","C8450","I2","GJB9461ABLFN","158200","TOP","13","[A23,157,0,0][A155,2901,0,0][C,  003250,0,0][C,  018107,1,0]","tl_M3187_C8450_attributes.xml"
"M3187","C8450","I2","GJB9461ABLFN","158200","TOP","14","[A23,157,0,0][A155,2901,0,0][C,  018108,0,0][C,  024686,1,0]","tl_M3187_C8450_attributes.xml"
"M3187","C8450","I2","GJB9461ABLFN","158200","TOP","15","[A23,157,0,0][A155,2901,0,0][C,  024687,0,0][C,  028938,1,0]","tl_M3187_C8450_attributes.xml"
"M3187","C8450","I2","GJB9461ABLFN","158200","TOP","16","[A23,157,0,0][A155,2901,0,0][C,  028939,0,0]","tl_M3187_C8450_attributes.xml"
"M3187","C8450","I2","GJB9461ABLFN","158200","TOP","17","[A23,154,0,0][A155,2908,0,0][C,  018108,0,0][C,  024686,1,0]","tl_M3187_C8450_attributes.xml"
"M3187","C8450","I2","GJB9461ABLFN","158200","TOP","18","[A23,154,0,0][A155,2908,0,0]","tl_M3187_C8450_attributes.xml"
"M3187","C8450","I2","GJB9461ABLFN","158200","TOP","19","[A23,157,0,0][A155,2908,0,0][C,  003249,1,0]","tl_M3187_C8450_attributes.xml"
"M3187","C8450","I2","GJB9461ABLFN","158200","TOP","20","[A23,157,0,0][A155,2908,0,0][C,  003250,0,0][C,  018107,1,0]","tl_M3187_C8450_attributes.xml"
"M3187","C8450","I2","GJB9461ABLFN","158200","TOP","21","[A23,157,0,0][A155,2908,0,0][C,  018108,0,0][C,  024686,1,0]","tl_M3187_C8450_attributes.xml"
"M3187","C8450","I2","GJB9461ABLFN","158200","TOP","22","[A23,157,0,0][A155,2908,0,0][C,  024687,0,0][C,  028938,1,0]","tl_M3187_C8450_attributes.xml"
"M3187","C8450","I2","GJB9461ABLFN","158200","TOP","23","[A23,157,0,0][A155,2908,0,0][C,  028939,0,0]","tl_M3187_C8450_attributes.xml"
"M3187","C8450","I2","GJB9461ABLFN","158200","APPLICATION","1","[A155,2924,0,0][A23,157,0,0][C,  028939,0,0]","Itm_M3187_C8450_I2_attributes.xml"
"M3187","C8450","I2","GJB9461BAAEK","156426","CATEGORY","1","[A37,615,0,0,1]","pl_id_3187_attributes.xml"
"M3187","C8450","I2","GJB9461BAAEK","156426","TOP","1","[A155,2932,0,0][A23,154,0,0]","tl_M3187_C8450_attributes.xml"
"M3187","C8450","I2","GJB9461BAAEK","156426","TOP","2","[A155,2932,0,0][A23,157,0,0][C,  003249,1,0]","tl_M3187_C8450_attributes.xml"
"M3187","C8450","I2","GJB9461BAAEK","156426","TOP","3","[A155,2932,0,0][A23,157,0,0][C,  003250,0,0][C,  018107,1,0]","tl_M3187_C8450_attributes.xml"
"M3187","C8450","I2","GJB9461BAAEK","156426","TOP","4","[A155,2924,0,0][A23,154,0,0][C,  018108,0,0][C,  024686,1,0]","tl_M3187_C8450_attributes.xml"
"M3187","C8450","I2","GJB9461BAAEK","156426","TOP","5","[A155,2924,0,0][A23,154,0,0]","tl_M3187_C8450_attributes.xml"
"M3187","C8450","I2","GJB9461BAAEK","156426","TOP","6","[A155,2924,0,0][A23,157,0,0][C,  003249,1,0]","tl_M3187_C8450_attributes.xml"
"M3187","C8450","I2","GJB9461BAAEK","156426","TOP","7","[A155,2924,0,0][A23,157,0,0][C,  003250,0,0][C,  018107,1,0]","tl_M3187_C8450_attributes.xml"
"M3187","C8450","I2","GJB9461BAAEK","156426","TOP","8","[A155,2924,0,0][A23,157,0,0][C,  018108,0,0][C,  024686,1,0]","tl_M3187_C8450_attributes.xml"
"M3187","C8450","I2","GJB9461BAAEK","156426","TOP","9","[A155,2924,0,0][A23,157,0,0][C,  024687,0,0][C,  028938,1,0]","tl_M3187_C8450_attributes.xml"
"M3187","C8450","I2","GJB9461BAAEK","156426","TOP","10","[A155,2924,0,0][A23,157,0,0][C,  028939,0,0]","tl_M3187_C8450_attributes.xml"
"M3187","C8450","I2","GJB9461BAAEK","156426","TOP","11","[A23,154,0,0][A155,2901,0,0]","tl_M3187_C8450_attributes.xml"
"M3187","C8450","I2","GJB9461BAAEK","156426","TOP","12","[A23,157,0,0][A155,2901,0,0][C,  003249,1,0]","tl_M3187_C8450_attributes.xml"
"M3187","C8450","I2","GJB9461BAAEK","156426","TOP","13","[A23,157,0,0][A155,2901,0,0][C,  003250,0,0][C,  018107,1,0]","tl_M3187_C8450_attributes.xml"
"M3187","C8450","I2","GJB9461BAAEK","156426","TOP","14","[A23,157,0,0][A155,2901,0,0][C,  018108,0,0][C,  024686,1,0]","tl_M3187_C8450_attributes.xml"
"M3187","C8450","I2","GJB9461BAAEK","156426","TOP","15","[A23,157,0,0][A155,2901,0,0][C,  024687,0,0][C,  028938,1,0]","tl_M3187_C8450_attributes.xml"
"M3187","C8450","I2","GJB9461BAAEK","156426","TOP","16","[A23,157,0,0][A155,2901,0,0][C,  028939,0,0]","tl_M3187_C8450_attributes.xml"
"M3187","C8450","I2","GJB9461BAAEK","156426","TOP","17","[A23,154,0,0][A155,2908,0,0][C,  018108,0,0][C,  024686,1,0]","tl_M3187_C8450_attributes.xml"
"M3187","C8450","I2","GJB9461BAAEK","156426","TOP","18","[A23,154,0,0][A155,2908,0,0]","tl_M3187_C8450_attributes.xml"
"M3187","C8450","I2","GJB9461BAAEK","156426","TOP","19","[A23,157,0,0][A155,2908,0,0][C,  003249,1,0]","tl_M3187_C8450_attributes.xml"
"M3187","C8450","I2","GJB9461BAAEK","156426","TOP","20","[A23,157,0,0][A155,2908,0,0][C,  003250,0,0][C,  018107,1,0]","tl_M3187_C8450_attributes.xml"
"M3187","C8450","I2","GJB9461BAAEK","156426","TOP","21","[A23,157,0,0][A155,2908,0,0][C,  018108,0,0][C,  024686,1,0]","tl_M3187_C8450_attributes.xml"
"M3187","C8450","I2","GJB9461BAAEK","156426","TOP","22","[A23,157,0,0][A155,2908,0,0][C,  024687,0,0][C,  028938,1,0]","tl_M3187_C8450_attributes.xml"
"M3187","C8450","I2","GJB9461BAAEK","156426","TOP","23","[A23,157,0,0][A155,2908,0,0][C,  028939,0,0]","tl_M3187_C8450_attributes.xml"
"M3187","C8450","I2","GJB9461BAAEK","156426","APPLICATION","1","[A23,154,0,0][A155,2901,0,0]","Itm_M3187_C8450_I2_attributes.xml"
"M3187","C8450","I2","GJA9461BLAEK","150144","CATEGORY","1","[A37,615,0,0,1]","pl_id_3187_attributes.xml"
"M3187","C8450","I2","GJA9461BLAEK","150144","TOP","1","[A155,2932,0,0][A23,154,0,0]","tl_M3187_C8450_attributes.xml"
"M3187","C8450","I2","GJA9461BLAEK","150144","TOP","2","[A155,2932,0,0][A23,157,0,0][C,  003249,1,0]","tl_M3187_C8450_attributes.xml"
"M3187","C8450","I2","GJA9461BLAEK","150144","TOP","3","[A155,2932,0,0][A23,157,0,0][C,  003250,0,0][C,  018107,1,0]","tl_M3187_C8450_attributes.xml"
"M3187","C8450","I2","GJA9461BLAEK","150144","TOP","4","[A155,2924,0,0][A23,154,0,0][C,  018108,0,0][C,  024686,1,0]","tl_M3187_C8450_attributes.xml"
"M3187","C8450","I2","GJA9461BLAEK","150144","TOP","5","[A155,2924,0,0][A23,154,0,0]","tl_M3187_C8450_attributes.xml"
"M3187","C8450","I2","GJA9461BLAEK","150144","TOP","6","[A155,2924,0,0][A23,157,0,0][C,  003249,1,0]","tl_M3187_C8450_attributes.xml"
"M3187","C8450","I2","GJA9461BLAEK","150144","TOP","7","[A155,2924,0,0][A23,157,0,0][C,  003250,0,0][C,  018107,1,0]","tl_M3187_C8450_attributes.xml"
"M3187","C8450","I2","GJA9461BLAEK","150144","TOP","8","[A155,2924,0,0][A23,157,0,0][C,  018108,0,0][C,  024686,1,0]","tl_M3187_C8450_attributes.xml"
"M3187","C8450","I2","GJA9461BLAEK","150144","TOP","9","[A155,2924,0,0][A23,157,0,0][C,  024687,0,0][C,  028938,1,0]","tl_M3187_C8450_attributes.xml"
"M3187","C8450","I2","GJA9461BLAEK","150144","TOP","10","[A155,2924,0,0][A23,157,0,0][C,  028939,0,0]","tl_M3187_C8450_attributes.xml"
"M3187","C8450","I2","GJA9461BLAEK","150144","TOP","11","[A23,154,0,0][A155,2901,0,0]","tl_M3187_C8450_attributes.xml"
"M3187","C8450","I2","GJA9461BLAEK","150144","TOP","12","[A23,157,0,0][A155,2901,0,0][C,  003249,1,0]","tl_M3187_C8450_attributes.xml"
"M3187","C8450","I2","GJA9461BLAEK","150144","TOP","13","[A23,157,0,0][A155,2901,0,0][C,  003250,0,0][C,  018107,1,0]","tl_M3187_C8450_attributes.xml"
"M3187","C8450","I2","GJA9461BLAEK","150144","TOP","14","[A23,157,0,0][A155,2901,0,0][C,  018108,0,0][C,  024686,1,0]","tl_M3187_C8450_attributes.xml"
"M3187","C8450","I2","GJA9461BLAEK","150144","TOP","15","[A23,157,0,0][A155,2901,0,0][C,  024687,0,0][C,  028938,1,0]","tl_M3187_C8450_attributes.xml"
"M3187","C8450","I2","GJA9461BLAEK","150144","TOP","16","[A23,157,0,0][A155,2901,0,0][C,  028939,0,0]","tl_M3187_C8450_attributes.xml"
"M3187","C8450","I2","GJA9461BLAEK","150144","TOP","17","[A23,154,0,0][A155,2908,0,0][C,  018108,0,0][C,  024686,1,0]","tl_M3187_C8450_attributes.xml"
"M3187","C8450","I2","GJA9461BLAEK","150144","TOP","18","[A23,154,0,0][A155,2908,0,0]","tl_M3187_C8450_attributes.xml"
"M3187","C8450","I2","GJA9461BLAEK","150144","TOP","19","[A23,157,0,0][A155,2908,0,0][C,  003249,1,0]","tl_M3187_C8450_attributes.xml"
"M3187","C8450","I2","GJA9461BLAEK","150144","TOP","20","[A23,157,0,0][A155,2908,0,0][C,  003250,0,0][C,  018107,1,0]","tl_M3187_C8450_attributes.xml"
"M3187","C8450","I2","GJA9461BLAEK","150144","TOP","21","[A23,157,0,0][A155,2908,0,0][C,  018108,0,0][C,  024686,1,0]","tl_M3187_C8450_attributes.xml"
"M3187","C8450","I2","GJA9461BLAEK","150144","TOP","22","[A23,157,0,0][A155,2908,0,0][C,  024687,0,0][C,  028938,1,0]","tl_M3187_C8450_attributes.xml"
"M3187","C8450","I2","GJA9461BLAEK","150144","TOP","23","[A23,157,0,0][A155,2908,0,0][C,  028939,0,0]","tl_M3187_C8450_attributes.xml"
"M3187","C8450","I2","GJA9461BLAEK","150144","APPLICATION","1","[A23,154,0,0][A155,2901,0,0]","Itm_M3187_C8450_I2_attributes.xml"
"M3187","C8450","I2","GJB9461BBAEK","158204","CATEGORY","1","[A37,615,0,0,1]","pl_id_3187_attributes.xml"
"M3187","C8450","I2","GJB9461BBAEK","158204","TOP","1","[A155,2932,0,0][A23,154,0,0]","tl_M3187_C8450_attributes.xml"
"M3187","C8450","I2","GJB9461BBAEK","158204","TOP","2","[A155,2932,0,0][A23,157,0,0][C,  003249,1,0]","tl_M3187_C8450_attributes.xml"
"M3187","C8450","I2","GJB9461BBAEK","158204","TOP","3","[A155,2932,0,0][A23,157,0,0][C,  003250,0,0][C,  018107,1,0]","tl_M3187_C8450_attributes.xml"
"M3187","C8450","I2","GJB9461BBAEK","158204","TOP","4","[A155,2924,0,0][A23,154,0,0][C,  018108,0,0][C,  024686,1,0]","tl_M3187_C8450_attributes.xml"
"M3187","C8450","I2","GJB9461BBAEK","158204","TOP","5","[A155,2924,0,0][A23,154,0,0]","tl_M3187_C8450_attributes.xml"
"M3187","C8450","I2","GJB9461BBAEK","158204","TOP","6","[A155,2924,0,0][A23,157,0,0][C,  003249,1,0]","tl_M3187_C8450_attributes.xml"
"M3187","C8450","I2","GJB9461BBAEK","158204","TOP","7","[A155,2924,0,0][A23,157,0,0][C,  003250,0,0][C,  018107,1,0]","tl_M3187_C8450_attributes.xml"
"M3187","C8450","I2","GJB9461BBAEK","158204","TOP","8","[A155,2924,0,0][A23,157,0,0][C,  018108,0,0][C,  024686,1,0]","tl_M3187_C8450_attributes.xml"
"M3187","C8450","I2","GJB9461BBAEK","158204","TOP","9","[A155,2924,0,0][A23,157,0,0][C,  024687,0,0][C,  028938,1,0]","tl_M3187_C8450_attributes.xml"
"M3187","C8450","I2","GJB9461BBAEK","158204","TOP","10","[A155,2924,0,0][A23,157,0,0][C,  028939,0,0]","tl_M3187_C8450_attributes.xml"
"M3187","C8450","I2","GJB9461BBAEK","158204","TOP","11","[A23,154,0,0][A155,2901,0,0]","tl_M3187_C8450_attributes.xml"
"M3187","C8450","I2","GJB9461BBAEK","158204","TOP","12","[A23,157,0,0][A155,2901,0,0][C,  003249,1,0]","tl_M3187_C8450_attributes.xml"
"M3187","C8450","I2","GJB9461BBAEK","158204","TOP","13","[A23,157,0,0][A155,2901,0,0][C,  003250,0,0][C,  018107,1,0]","tl_M3187_C8450_attributes.xml"
"M3187","C8450","I2","GJB9461BBAEK","158204","TOP","14","[A23,157,0,0][A155,2901,0,0][C,  018108,0,0][C,  024686,1,0]","tl_M3187_C8450_attributes.xml"
"M3187","C8450","I2","GJB9461BBAEK","158204","TOP","15","[A23,157,0,0][A155,2901,0,0][C,  024687,0,0][C,  028938,1,0]","tl_M3187_C8450_attributes.xml"
"M3187","C8450","I2","GJB9461BBAEK","158204","TOP","16","[A23,157,0,0][A155,2901,0,0][C,  028939,0,0]","tl_M3187_C8450_attributes.xml"
"M3187","C8450","I2","GJB9461BBAEK","158204","TOP","17","[A23,154,0,0][A155,2908,0,0][C,  018108,0,0][C,  024686,1,0]","tl_M3187_C8450_attributes.xml"
"M3187","C8450","I2","GJB9461BBAEK","158204","TOP","18","[A23,154,0,0][A155,2908,0,0]","tl_M3187_C8450_attributes.xml"
"M3187","C8450","I2","GJB9461BBAEK","158204","TOP","19","[A23,157,0,0][A155,2908,0,0][C,  003249,1,0]","tl_M3187_C8450_attributes.xml"
"M3187","C8450","I2","GJB9461BBAEK","158204","TOP","20","[A23,157,0,0][A155,2908,0,0][C,  003250,0,0][C,  018107,1,0]","tl_M3187_C8450_attributes.xml"
"M3187","C8450","I2","GJB9461BBAEK","158204","TOP","21","[A23,157,0,0][A155,2908,0,0][C,  018108,0,0][C,  024686,1,0]","tl_M3187_C8450_attributes.xml"
"M3187","C8450","I2","GJB9461BBAEK","158204","TOP","22","[A23,157,0,0][A155,2908,0,0][C,  024687,0,0][C,  028938,1,0]","tl_M3187_C8450_attributes.xml"
"M3187","C8450","I2","GJB9461BBAEK","158204","TOP","23","[A23,157,0,0][A155,2908,0,0][C,  028939,0,0]","tl_M3187_C8450_attributes.xml"
"M3187","C8450","I2","GJB9461BBAEK","158204","APPLICATION","1","[A23,154,0,0][A155,2901,0,0]","Itm_M3187_C8450_I2_attributes.xml"
"M3187","C8450","I2","GJA9461BHAEK","139786","CATEGORY","1","[A37,615,0,0,1]","pl_id_3187_attributes.xml"
"M3187","C8450","I2","GJA9461BHAEK","139786","TOP","1","[A155,2932,0,0][A23,154,0,0]","tl_M3187_C8450_attributes.xml"
"M3187","C8450","I2","GJA9461BHAEK","139786","TOP","2","[A155,2932,0,0][A23,157,0,0][C,  003249,1,0]","tl_M3187_C8450_attributes.xml"
"M3187","C8450","I2","GJA9461BHAEK","139786","TOP","3","[A155,2932,0,0][A23,157,0,0][C,  003250,0,0][C,  018107,1,0]","tl_M3187_C8450_attributes.xml"
"M3187","C8450","I2","GJA9461BHAEK","139786","TOP","4","[A155,2924,0,0][A23,154,0,0][C,  018108,0,0][C,  024686,1,0]","tl_M3187_C8450_attributes.xml"
"M3187","C8450","I2","GJA9461BHAEK","139786","TOP","5","[A155,2924,0,0][A23,154,0,0]","tl_M3187_C8450_attributes.xml"
"M3187","C8450","I2","GJA9461BHAEK","139786","TOP","6","[A155,2924,0,0][A23,157,0,0][C,  003249,1,0]","tl_M3187_C8450_attributes.xml"
"M3187","C8450","I2","GJA9461BHAEK","139786","TOP","7","[A155,2924,0,0][A23,157,0,0][C,  003250,0,0][C,  018107,1,0]","tl_M3187_C8450_attributes.xml"
"M3187","C8450","I2","GJA9461BHAEK","139786","TOP","8","[A155,2924,0,0][A23,157,0,0][C,  018108,0,0][C,  024686,1,0]","tl_M3187_C8450_attributes.xml"
"M3187","C8450","I2","GJA9461BHAEK","139786","TOP","9","[A155,2924,0,0][A23,157,0,0][C,  024687,0,0][C,  028938,1,0]","tl_M3187_C8450_attributes.xml"
"M3187","C8450","I2","GJA9461BHAEK","139786","TOP","10","[A155,2924,0,0][A23,157,0,0][C,  028939,0,0]","tl_M3187_C8450_attributes.xml"
"M3187","C8450","I2","GJA9461BHAEK","139786","TOP","11","[A23,154,0,0][A155,2901,0,0]","tl_M3187_C8450_attributes.xml"
"M3187","C8450","I2","GJA9461BHAEK","139786","TOP","12","[A23,157,0,0][A155,2901,0,0][C,  003249,1,0]","tl_M3187_C8450_attributes.xml"
"M3187","C8450","I2","GJA9461BHAEK","139786","TOP","13","[A23,157,0,0][A155,2901,0,0][C,  003250,0,0][C,  018107,1,0]","tl_M3187_C8450_attributes.xml"
"M3187","C8450","I2","GJA9461BHAEK","139786","TOP","14","[A23,157,0,0][A155,2901,0,0][C,  018108,0,0][C,  024686,1,0]","tl_M3187_C8450_attributes.xml"
"M3187","C8450","I2","GJA9461BHAEK","139786","TOP","15","[A23,157,0,0][A155,2901,0,0][C,  024687,0,0][C,  028938,1,0]","tl_M3187_C8450_attributes.xml"
"M3187","C8450","I2","GJA9461BHAEK","139786","TOP","16","[A23,157,0,0][A155,2901,0,0][C,  028939,0,0]","tl_M3187_C8450_attributes.xml"
"M3187","C8450","I2","GJA9461BHAEK","139786","TOP","17","[A23,154,0,0][A155,2908,0,0][C,  018108,0,0][C,  024686,1,0]","tl_M3187_C8450_attributes.xml"
"M3187","C8450","I2","GJA9461BHAEK","139786","TOP","18","[A23,154,0,0][A155,2908,0,0]","tl_M3187_C8450_attributes.xml"
"M3187","C8450","I2","GJA9461BHAEK","139786","TOP","19","[A23,157,0,0][A155,2908,0,0][C,  003249,1,0]","tl_M3187_C8450_attributes.xml"
"M3187","C8450","I2","GJA9461BHAEK","139786","TOP","20","[A23,157,0,0][A155,2908,0,0][C,  003250,0,0][C,  018107,1,0]","tl_M3187_C8450_attributes.xml"
"M3187","C8450","I2","GJA9461BHAEK","139786","TOP","21","[A23,157,0,0][A155,2908,0,0][C,  018108,0,0][C,  024686,1,0]","tl_M3187_C8450_attributes.xml"
"M3187","C8450","I2","GJA9461BHAEK","139786","TOP","22","[A23,157,0,0][A155,2908,0,0][C,  024687,0,0][C,  028938,1,0]","tl_M3187_C8450_attributes.xml"
"M3187","C8450","I2","GJA9461BHAEK","139786","TOP","23","[A23,157,0,0][A155,2908,0,0][C,  028939,0,0]","tl_M3187_C8450_attributes.xml"
"M3187","C8450","I2","GJA9461BHAEK","139786","APPLICATION","1","[A23,154,0,0][A155,2901,0,0]","Itm_M3187_C8450_I2_attributes.xml"
"M3187","C8450","I2","GJA9461BJAEK","142256","CATEGORY","1","[A37,615,0,0,1]","pl_id_3187_attributes.xml"
"M3187","C8450","I2","GJA9461BJAEK","142256","TOP","1","[A155,2932,0,0][A23,154,0,0]","tl_M3187_C8450_attributes.xml"
"M3187","C8450","I2","GJA9461BJAEK","142256","TOP","2","[A155,2932,0,0][A23,157,0,0][C,  003249,1,0]","tl_M3187_C8450_attributes.xml"
"M3187","C8450","I2","GJA9461BJAEK","142256","TOP","3","[A155,2932,0,0][A23,157,0,0][C,  003250,0,0][C,  018107,1,0]","tl_M3187_C8450_attributes.xml"
"M3187","C8450","I2","GJA9461BJAEK","142256","TOP","4","[A155,2924,0,0][A23,154,0,0][C,  018108,0,0][C,  024686,1,0]","tl_M3187_C8450_attributes.xml"
"M3187","C8450","I2","GJA9461BJAEK","142256","TOP","5","[A155,2924,0,0][A23,154,0,0]","tl_M3187_C8450_attributes.xml"
"M3187","C8450","I2","GJA9461BJAEK","142256","TOP","6","[A155,2924,0,0][A23,157,0,0][C,  003249,1,0]","tl_M3187_C8450_attributes.xml"
"M3187","C8450","I2","GJA9461BJAEK","142256","TOP","7","[A155,2924,0,0][A23,157,0,0][C,  003250,0,0][C,  018107,1,0]","tl_M3187_C8450_attributes.xml"
"M3187","C8450","I2","GJA9461BJAEK","142256","TOP","8","[A155,2924,0,0][A23,157,0,0][C,  018108,0,0][C,  024686,1,0]","tl_M3187_C8450_attributes.xml"
"M3187","C8450","I2","GJA9461BJAEK","142256","TOP","9","[A155,2924,0,0][A23,157,0,0][C,  024687,0,0][C,  028938,1,0]","tl_M3187_C8450_attributes.xml"
"M3187","C8450","I2","GJA9461BJAEK","142256","TOP","10","[A155,2924,0,0][A23,157,0,0][C,  028939,0,0]","tl_M3187_C8450_attributes.xml"
"M3187","C8450","I2","GJA9461BJAEK","142256","TOP","11","[A23,154,0,0][A155,2901,0,0]","tl_M3187_C8450_attributes.xml"
"M3187","C8450","I2","GJA9461BJAEK","142256","TOP","12","[A23,157,0,0][A155,2901,0,0][C,  003249,1,0]","tl_M3187_C8450_attributes.xml"
"M3187","C8450","I2","GJA9461BJAEK","142256","TOP","13","[A23,157,0,0][A155,2901,0,0][C,  003250,0,0][C,  018107,1,0]","tl_M3187_C8450_attributes.xml"
"M3187","C8450","I2","GJA9461BJAEK","142256","TOP","14","[A23,157,0,0][A155,2901,0,0][C,  018108,0,0][C,  024686,1,0]","tl_M3187_C8450_attributes.xml"
"M3187","C8450","I2","GJA9461BJAEK","142256","TOP","15","[A23,157,0,0][A155,2901,0,0][C,  024687,0,0][C,  028938,1,0]","tl_M3187_C8450_attributes.xml"
"M3187","C8450","I2","GJA9461BJAEK","142256","TOP","16","[A23,157,0,0][A155,2901,0,0][C,  028939,0,0]","tl_M3187_C8450_attributes.xml"
"M3187","C8450","I2","GJA9461BJAEK","142256","TOP","17","[A23,154,0,0][A155,2908,0,0][C,  018108,0,0][C,  024686,1,0]","tl_M3187_C8450_attributes.xml"
"M3187","C8450","I2","GJA9461BJAEK","142256","TOP","18","[A23,154,0,0][A155,2908,0,0]","tl_M3187_C8450_attributes.xml"
"M3187","C8450","I2","GJA9461BJAEK","142256","TOP","19","[A23,157,0,0][A155,2908,0,0][C,  003249,1,0]","tl_M3187_C8450_attributes.xml"
"M3187","C8450","I2","GJA9461BJAEK","142256","TOP","20","[A23,157,0,0][A155,2908,0,0][C,  003250,0,0][C,  018107,1,0]","tl_M3187_C8450_attributes.xml"
"M3187","C8450","I2","GJA9461BJAEK","142256","TOP","21","[A23,157,0,0][A155,2908,0,0][C,  018108,0,0][C,  024686,1,0]","tl_M3187_C8450_attributes.xml"
"M3187","C8450","I2","GJA9461BJAEK","142256","TOP","22","[A23,157,0,0][A155,2908,0,0][C,  024687,0,0][C,  028938,1,0]","tl_M3187_C8450_attributes.xml"
"M3187","C8450","I2","GJA9461BJAEK","142256","TOP","23","[A23,157,0,0][A155,2908,0,0][C,  028939,0,0]","tl_M3187_C8450_attributes.xml"
"M3187","C8450","I2","GJA9461BJAEK","142256","APPLICATION","1","[A23,154,0,0][A155,2901,0,0]","Itm_M3187_C8450_I2_attributes.xml"
"M3187","C8450","I2","GJA9461AEAEK","137252","CATEGORY","1","[A37,615,0,0,1]","pl_id_3187_attributes.xml"
"M3187","C8450","I2","GJA9461AEAEK","137252","TOP","1","[A155,2932,0,0][A23,154,0,0]","tl_M3187_C8450_attributes.xml"
"M3187","C8450","I2","GJA9461AEAEK","137252","TOP","2","[A155,2932,0,0][A23,157,0,0][C,  003249,1,0]","tl_M3187_C8450_attributes.xml"
"M3187","C8450","I2","GJA9461AEAEK","137252","TOP","3","[A155,2932,0,0][A23,157,0,0][C,  003250,0,0][C,  018107,1,0]","tl_M3187_C8450_attributes.xml"
"M3187","C8450","I2","GJA9461AEAEK","137252","TOP","4","[A155,2924,0,0][A23,154,0,0][C,  018108,0,0][C,  024686,1,0]","tl_M3187_C8450_attributes.xml"
"M3187","C8450","I2","GJA9461AEAEK","137252","TOP","5","[A155,2924,0,0][A23,154,0,0]","tl_M3187_C8450_attributes.xml"
"M3187","C8450","I2","GJA9461AEAEK","137252","TOP","6","[A155,2924,0,0][A23,157,0,0][C,  003249,1,0]","tl_M3187_C8450_attributes.xml"
"M3187","C8450","I2","GJA9461AEAEK","137252","TOP","7","[A155,2924,0,0][A23,157,0,0][C,  003250,0,0][C,  018107,1,0]","tl_M3187_C8450_attributes.xml"
"M3187","C8450","I2","GJA9461AEAEK","137252","TOP","8","[A155,2924,0,0][A23,157,0,0][C,  018108,0,0][C,  024686,1,0]","tl_M3187_C8450_attributes.xml"
"M3187","C8450","I2","GJA9461AEAEK","137252","TOP","9","[A155,2924,0,0][A23,157,0,0][C,  024687,0,0][C,  028938,1,0]","tl_M3187_C8450_attributes.xml"
"M3187","C8450","I2","GJA9461AEAEK","137252","TOP","10","[A155,2924,0,0][A23,157,0,0][C,  028939,0,0]","tl_M3187_C8450_attributes.xml"
"M3187","C8450","I2","GJA9461AEAEK","137252","TOP","11","[A23,154,0,0][A155,2901,0,0]","tl_M3187_C8450_attributes.xml"
"M3187","C8450","I2","GJA9461AEAEK","137252","TOP","12","[A23,157,0,0][A155,2901,0,0][C,  003249,1,0]","tl_M3187_C8450_attributes.xml"
"M3187","C8450","I2","GJA9461AEAEK","137252","TOP","13","[A23,157,0,0][A155,2901,0,0][C,  003250,0,0][C,  018107,1,0]","tl_M3187_C8450_attributes.xml"
"M3187","C8450","I2","GJA9461AEAEK","137252","TOP","14","[A23,157,0,0][A155,2901,0,0][C,  018108,0,0][C,  024686,1,0]","tl_M3187_C8450_attributes.xml"
"M3187","C8450","I2","GJA9461AEAEK","137252","TOP","15","[A23,157,0,0][A155,2901,0,0][C,  024687,0,0][C,  028938,1,0]","tl_M3187_C8450_attributes.xml"
"M3187","C8450","I2","GJA9461AEAEK","137252","TOP","16","[A23,157,0,0][A155,2901,0,0][C,  028939,0,0]","tl_M3187_C8450_attributes.xml"
"M3187","C8450","I2","GJA9461AEAEK","137252","TOP","17","[A23,154,0,0][A155,2908,0,0][C,  018108,0,0][C,  024686,1,0]","tl_M3187_C8450_attributes.xml"
"M3187","C8450","I2","GJA9461AEAEK","137252","TOP","18","[A23,154,0,0][A155,2908,0,0]","tl_M3187_C8450_attributes.xml"
"M3187","C8450","I2","GJA9461AEAEK","137252","TOP","19","[A23,157,0,0][A155,2908,0,0][C,  003249,1,0]","tl_M3187_C8450_attributes.xml"
"M3187","C8450","I2","GJA9461AEAEK","137252","TOP","20","[A23,157,0,0][A155,2908,0,0][C,  003250,0,0][C,  018107,1,0]","tl_M3187_C8450_attributes.xml"
"M3187","C8450","I2","GJA9461AEAEK","137252","TOP","21","[A23,157,0,0][A155,2908,0,0][C,  018108,0,0][C,  024686,1,0]","tl_M3187_C8450_attributes.xml"
"M3187","C8450","I2","GJA9461AEAEK","137252","TOP","22","[A23,157,0,0][A155,2908,0,0][C,  024687,0,0][C,  028938,1,0]","tl_M3187_C8450_attributes.xml"
"M3187","C8450","I2","GJA9461AEAEK","137252","TOP","23","[A23,157,0,0][A155,2908,0,0][C,  028939,0,0]","tl_M3187_C8450_attributes.xml"
"M3187","C8450","I2","GJA9461AEAEK","137252","APPLICATION","1","[A23,157,0,0][A155,2901,0,0][C,  003249,1,0]","Itm_M3187_C8450_I2_attributes.xml"
"M3187","C8450","I2","GJA9461AJAEK","142245","CATEGORY","1","[A37,615,0,0,1]","pl_id_3187_attributes.xml"
"M3187","C8450","I2","GJA9461AJAEK","142245","TOP","1","[A155,2932,0,0][A23,154,0,0]","tl_M3187_C8450_attributes.xml"
"M3187","C8450","I2","GJA9461AJAEK","142245","TOP","2","[A155,2932,0,0][A23,157,0,0][C,  003249,1,0]","tl_M3187_C8450_attributes.xml"
"M3187","C8450","I2","GJA9461AJAEK","142245","TOP","3","[A155,2932,0,0][A23,157,0,0][C,  003250,0,0][C,  018107,1,0]","tl_M3187_C8450_attributes.xml"
"M3187","C8450","I2","GJA9461AJAEK","142245","TOP","4","[A155,2924,0,0][A23,154,0,0][C,  018108,0,0][C,  024686,1,0]","tl_M3187_C8450_attributes.xml"
"M3187","C8450","I2","GJA9461AJAEK","142245","TOP","5","[A155,2924,0,0][A23,154,0,0]","tl_M3187_C8450_attributes.xml"
"M3187","C8450","I2","GJA9461AJAEK","142245","TOP","6","[A155,2924,0,0][A23,157,0,0][C,  003249,1,0]","tl_M3187_C8450_attributes.xml"
"M3187","C8450","I2","GJA9461AJAEK","142245","TOP","7","[A155,2924,0,0][A23,157,0,0][C,  003250,0,0][C,  018107,1,0]","tl_M3187_C8450_attributes.xml"
"M3187","C8450","I2","GJA9461AJAEK","142245","TOP","8","[A155,2924,0,0][A23,157,0,0][C,  018108,0,0][C,  024686,1,0]","tl_M3187_C8450_attributes.xml"
"M3187","C8450","I2","GJA9461AJAEK","142245","TOP","9","[A155,2924,0,0][A23,157,0,0][C,  024687,0,0][C,  028938,1,0]","tl_M3187_C8450_attributes.xml"
"M3187","C8450","I2","GJA9461AJAEK","142245","TOP","10","[A155,2924,0,0][A23,157,0,0][C,  028939,0,0]","tl_M3187_C8450_attributes.xml"
"M3187","C8450","I2","GJA9461AJAEK","142245","TOP","11","[A23,154,0,0][A155,2901,0,0]","tl_M3187_C8450_attributes.xml"
"M3187","C8450","I2","GJA9461AJAEK","142245","TOP","12","[A23,157,0,0][A155,2901,0,0][C,  003249,1,0]","tl_M3187_C8450_attributes.xml"
"M3187","C8450","I2","GJA9461AJAEK","142245","TOP","13","[A23,157,0,0][A155,2901,0,0][C,  003250,0,0][C,  018107,1,0]","tl_M3187_C8450_attributes.xml"
"M3187","C8450","I2","GJA9461AJAEK","142245","TOP","14","[A23,157,0,0][A155,2901,0,0][C,  018108,0,0][C,  024686,1,0]","tl_M3187_C8450_attributes.xml"
"M3187","C8450","I2","GJA9461AJAEK","142245","TOP","15","[A23,157,0,0][A155,2901,0,0][C,  024687,0,0][C,  028938,1,0]","tl_M3187_C8450_attributes.xml"
"M3187","C8450","I2","GJA9461AJAEK","142245","TOP","16","[A23,157,0,0][A155,2901,0,0][C,  028939,0,0]","tl_M3187_C8450_attributes.xml"
"M3187","C8450","I2","GJA9461AJAEK","142245","TOP","17","[A23,154,0,0][A155,2908,0,0][C,  018108,0,0][C,  024686,1,0]","tl_M3187_C8450_attributes.xml"
"M3187","C8450","I2","GJA9461AJAEK","142245","TOP","18","[A23,154,0,0][A155,2908,0,0]","tl_M3187_C8450_attributes.xml"
"M3187","C8450","I2","GJA9461AJAEK","142245","TOP","19","[A23,157,0,0][A155,2908,0,0][C,  003249,1,0]","tl_M3187_C8450_attributes.xml"
"M3187","C8450","I2","GJA9461AJAEK","142245","TOP","20","[A23,157,0,0][A155,2908,0,0][C,  003250,0,0][C,  018107,1,0]","tl_M3187_C8450_attributes.xml"
"M3187","C8450","I2","GJA9461AJAEK","142245","TOP","21","[A23,157,0,0][A155,2908,0,0][C,  018108,0,0][C,  024686,1,0]","tl_M3187_C8450_attributes.xml"
"M3187","C8450","I2","GJA9461AJAEK","142245","TOP","22","[A23,157,0,0][A155,2908,0,0][C,  024687,0,0][C,  028938,1,0]","tl_M3187_C8450_attributes.xml"
"M3187","C8450","I2","GJA9461AJAEK","142245","TOP","23","[A23,157,0,0][A155,2908,0,0][C,  028939,0,0]","tl_M3187_C8450_attributes.xml"
"M3187","C8450","I2","GJA9461AJAEK","142245","APPLICATION","1","[A23,157,0,0][A155,2901,0,0][C,  003250,0,0][C,  018107,1,0]","Itm_M3187_C8450_I2_attributes.xml"
"M3187","C8450","I2","GJA9461ALAEK","150102","CATEGORY","1","[A37,615,0,0,1]","pl_id_3187_attributes.xml"
"M3187","C8450","I2","GJA9461ALAEK","150102","TOP","1","[A155,2932,0,0][A23,154,0,0]","tl_M3187_C8450_attributes.xml"
"M3187","C8450","I2","GJA9461ALAEK","150102","TOP","2","[A155,2932,0,0][A23,157,0,0][C,  003249,1,0]","tl_M3187_C8450_attributes.xml"
"M3187","C8450","I2","GJA9461ALAEK","150102","TOP","3","[A155,2932,0,0][A23,157,0,0][C,  003250,0,0][C,  018107,1,0]","tl_M3187_C8450_attributes.xml"
"M3187","C8450","I2","GJA9461ALAEK","150102","TOP","4","[A155,2924,0,0][A23,154,0,0][C,  018108,0,0][C,  024686,1,0]","tl_M3187_C8450_attributes.xml"
"M3187","C8450","I2","GJA9461ALAEK","150102","TOP","5","[A155,2924,0,0][A23,154,0,0]","tl_M3187_C8450_attributes.xml"
"M3187","C8450","I2","GJA9461ALAEK","150102","TOP","6","[A155,2924,0,0][A23,157,0,0][C,  003249,1,0]","tl_M3187_C8450_attributes.xml"
"M3187","C8450","I2","GJA9461ALAEK","150102","TOP","7","[A155,2924,0,0][A23,157,0,0][C,  003250,0,0][C,  018107,1,0]","tl_M3187_C8450_attributes.xml"
"M3187","C8450","I2","GJA9461ALAEK","150102","TOP","8","[A155,2924,0,0][A23,157,0,0][C,  018108,0,0][C,  024686,1,0]","tl_M3187_C8450_attributes.xml"
"M3187","C8450","I2","GJA9461ALAEK","150102","TOP","9","[A155,2924,0,0][A23,157,0,0][C,  024687,0,0][C,  028938,1,0]","tl_M3187_C8450_attributes.xml"
"M3187","C8450","I2","GJA9461ALAEK","150102","TOP","10","[A155,2924,0,0][A23,157,0,0][C,  028939,0,0]","tl_M3187_C8450_attributes.xml"
"M3187","C8450","I2","GJA9461ALAEK","150102","TOP","11","[A23,154,0,0][A155,2901,0,0]","tl_M3187_C8450_attributes.xml"
"M3187","C8450","I2","GJA9461ALAEK","150102","TOP","12","[A23,157,0,0][A155,2901,0,0][C,  003249,1,0]","tl_M3187_C8450_attributes.xml"
"M3187","C8450","I2","GJA9461ALAEK","150102","TOP","13","[A23,157,0,0][A155,2901,0,0][C,  003250,0,0][C,  018107,1,0]","tl_M3187_C8450_attributes.xml"
"M3187","C8450","I2","GJA9461ALAEK","150102","TOP","14","[A23,157,0,0][A155,2901,0,0][C,  018108,0,0][C,  024686,1,0]","tl_M3187_C8450_attributes.xml"
"M3187","C8450","I2","GJA9461ALAEK","150102","TOP","15","[A23,157,0,0][A155,2901,0,0][C,  024687,0,0][C,  028938,1,0]","tl_M3187_C8450_attributes.xml"
"M3187","C8450","I2","GJA9461ALAEK","150102","TOP","16","[A23,157,0,0][A155,2901,0,0][C,  028939,0,0]","tl_M3187_C8450_attributes.xml"
"M3187","C8450","I2","GJA9461ALAEK","150102","TOP","17","[A23,154,0,0][A155,2908,0,0][C,  018108,0,0][C,  024686,1,0]","tl_M3187_C8450_attributes.xml"
"M3187","C8450","I2","GJA9461ALAEK","150102","TOP","18","[A23,154,0,0][A155,2908,0,0]","tl_M3187_C8450_attributes.xml"
"M3187","C8450","I2","GJA9461ALAEK","150102","TOP","19","[A23,157,0,0][A155,2908,0,0][C,  003249,1,0]","tl_M3187_C8450_attributes.xml"
"M3187","C8450","I2","GJA9461ALAEK","150102","TOP","20","[A23,157,0,0][A155,2908,0,0][C,  003250,0,0][C,  018107,1,0]","tl_M3187_C8450_attributes.xml"
"M3187","C8450","I2","GJA9461ALAEK","150102","TOP","21","[A23,157,0,0][A155,2908,0,0][C,  018108,0,0][C,  024686,1,0]","tl_M3187_C8450_attributes.xml"
"M3187","C8450","I2","GJA9461ALAEK","150102","TOP","22","[A23,157,0,0][A155,2908,0,0][C,  024687,0,0][C,  028938,1,0]","tl_M3187_C8450_attributes.xml"
"M3187","C8450","I2","GJA9461ALAEK","150102","TOP","23","[A23,157,0,0][A155,2908,0,0][C,  028939,0,0]","tl_M3187_C8450_attributes.xml"
"M3187","C8450","I2","GJA9461ALAEK","150102","APPLICATION","1","[A23,157,0,0][A155,2901,0,0][C,  018108,0,0][C,  024686,1,0]","Itm_M3187_C8450_I2_attributes.xml"
"M3187","C8450","I2","GJB9461AAAEK","156415","CATEGORY","1","[A37,615,0,0,1]","pl_id_3187_attributes.xml"
"M3187","C8450","I2","GJB9461AAAEK","156415","TOP","1","[A155,2932,0,0][A23,154,0,0]","tl_M3187_C8450_attributes.xml"
"M3187","C8450","I2","GJB9461AAAEK","156415","TOP","2","[A155,2932,0,0][A23,157,0,0][C,  003249,1,0]","tl_M3187_C8450_attributes.xml"
"M3187","C8450","I2","GJB9461AAAEK","156415","TOP","3","[A155,2932,0,0][A23,157,0,0][C,  003250,0,0][C,  018107,1,0]","tl_M3187_C8450_attributes.xml"
"M3187","C8450","I2","GJB9461AAAEK","156415","TOP","4","[A155,2924,0,0][A23,154,0,0][C,  018108,0,0][C,  024686,1,0]","tl_M3187_C8450_attributes.xml"
"M3187","C8450","I2","GJB9461AAAEK","156415","TOP","5","[A155,2924,0,0][A23,154,0,0]","tl_M3187_C8450_attributes.xml"
"M3187","C8450","I2","GJB9461AAAEK","156415","TOP","6","[A155,2924,0,0][A23,157,0,0][C,  003249,1,0]","tl_M3187_C8450_attributes.xml"
"M3187","C8450","I2","GJB9461AAAEK","156415","TOP","7","[A155,2924,0,0][A23,157,0,0][C,  003250,0,0][C,  018107,1,0]","tl_M3187_C8450_attributes.xml"
"M3187","C8450","I2","GJB9461AAAEK","156415","TOP","8","[A155,2924,0,0][A23,157,0,0][C,  018108,0,0][C,  024686,1,0]","tl_M3187_C8450_attributes.xml"
"M3187","C8450","I2","GJB9461AAAEK","156415","TOP","9","[A155,2924,0,0][A23,157,0,0][C,  024687,0,0][C,  028938,1,0]","tl_M3187_C8450_attributes.xml"
"M3187","C8450","I2","GJB9461AAAEK","156415","TOP","10","[A155,2924,0,0][A23,157,0,0][C,  028939,0,0]","tl_M3187_C8450_attributes.xml"
"M3187","C8450","I2","GJB9461AAAEK","156415","TOP","11","[A23,154,0,0][A155,2901,0,0]","tl_M3187_C8450_attributes.xml"
"M3187","C8450","I2","GJB9461AAAEK","156415","TOP","12","[A23,157,0,0][A155,2901,0,0][C,  003249,1,0]","tl_M3187_C8450_attributes.xml"
"M3187","C8450","I2","GJB9461AAAEK","156415","TOP","13","[A23,157,0,0][A155,2901,0,0][C,  003250,0,0][C,  018107,1,0]","tl_M3187_C8450_attributes.xml"
"M3187","C8450","I2","GJB9461AAAEK","156415","TOP","14","[A23,157,0,0][A155,2901,0,0][C,  018108,0,0][C,  024686,1,0]","tl_M3187_C8450_attributes.xml"
"M3187","C8450","I2","GJB9461AAAEK","156415","TOP","15","[A23,157,0,0][A155,2901,0,0][C,  024687,0,0][C,  028938,1,0]","tl_M3187_C8450_attributes.xml"
"M3187","C8450","I2","GJB9461AAAEK","156415","TOP","16","[A23,157,0,0][A155,2901,0,0][C,  028939,0,0]","tl_M3187_C8450_attributes.xml"
"M3187","C8450","I2","GJB9461AAAEK","156415","TOP","17","[A23,154,0,0][A155,2908,0,0][C,  018108,0,0][C,  024686,1,0]","tl_M3187_C8450_attributes.xml"
"M3187","C8450","I2","GJB9461AAAEK","156415","TOP","18","[A23,154,0,0][A155,2908,0,0]","tl_M3187_C8450_attributes.xml"
"M3187","C8450","I2","GJB9461AAAEK","156415","TOP","19","[A23,157,0,0][A155,2908,0,0][C,  003249,1,0]","tl_M3187_C8450_attributes.xml"
"M3187","C8450","I2","GJB9461AAAEK","156415","TOP","20","[A23,157,0,0][A155,2908,0,0][C,  003250,0,0][C,  018107,1,0]","tl_M3187_C8450_attributes.xml"
"M3187","C8450","I2","GJB9461AAAEK","156415","TOP","21","[A23,157,0,0][A155,2908,0,0][C,  018108,0,0][C,  024686,1,0]","tl_M3187_C8450_attributes.xml"
"M3187","C8450","I2","GJB9461AAAEK","156415","TOP","22","[A23,157,0,0][A155,2908,0,0][C,  024687,0,0][C,  028938,1,0]","tl_M3187_C8450_attributes.xml"
"M3187","C8450","I2","GJB9461AAAEK","156415","TOP","23","[A23,157,0,0][A155,2908,0,0][C,  028939,0,0]","tl_M3187_C8450_attributes.xml"
"M3187","C8450","I2","GJB9461AAAEK","156415","APPLICATION","1","[A23,157,0,0][A155,2901,0,0][C,  024687,0,0][C,  028938,1,0]","Itm_M3187_C8450_I2_attributes.xml"
"M3187","C8450","I2","GJB9461ABAEK","158196","CATEGORY","1","[A37,615,0,0,1]","pl_id_3187_attributes.xml"
"M3187","C8450","I2","GJB9461ABAEK","158196","TOP","1","[A155,2932,0,0][A23,154,0,0]","tl_M3187_C8450_attributes.xml"
"M3187","C8450","I2","GJB9461ABAEK","158196","TOP","2","[A155,2932,0,0][A23,157,0,0][C,  003249,1,0]","tl_M3187_C8450_attributes.xml"
"M3187","C8450","I2","GJB9461ABAEK","158196","TOP","3","[A155,2932,0,0][A23,157,0,0][C,  003250,0,0][C,  018107,1,0]","tl_M3187_C8450_attributes.xml"
"M3187","C8450","I2","GJB9461ABAEK","158196","TOP","4","[A155,2924,0,0][A23,154,0,0][C,  018108,0,0][C,  024686,1,0]","tl_M3187_C8450_attributes.xml"
"M3187","C8450","I2","GJB9461ABAEK","158196","TOP","5","[A155,2924,0,0][A23,154,0,0]","tl_M3187_C8450_attributes.xml"
"M3187","C8450","I2","GJB9461ABAEK","158196","TOP","6","[A155,2924,0,0][A23,157,0,0][C,  003249,1,0]","tl_M3187_C8450_attributes.xml"
"M3187","C8450","I2","GJB9461ABAEK","158196","TOP","7","[A155,2924,0,0][A23,157,0,0][C,  003250,0,0][C,  018107,1,0]","tl_M3187_C8450_attributes.xml"
"M3187","C8450","I2","GJB9461ABAEK","158196","TOP","8","[A155,2924,0,0][A23,157,0,0][C,  018108,0,0][C,  024686,1,0]","tl_M3187_C8450_attributes.xml"
"M3187","C8450","I2","GJB9461ABAEK","158196","TOP","9","[A155,2924,0,0][A23,157,0,0][C,  024687,0,0][C,  028938,1,0]","tl_M3187_C8450_attributes.xml"
"M3187","C8450","I2","GJB9461ABAEK","158196","TOP","10","[A155,2924,0,0][A23,157,0,0][C,  028939,0,0]","tl_M3187_C8450_attributes.xml"
"M3187","C8450","I2","GJB9461ABAEK","158196","TOP","11","[A23,154,0,0][A155,2901,0,0]","tl_M3187_C8450_attributes.xml"
"M3187","C8450","I2","GJB9461ABAEK","158196","TOP","12","[A23,157,0,0][A155,2901,0,0][C,  003249,1,0]","tl_M3187_C8450_attributes.xml"
"M3187","C8450","I2","GJB9461ABAEK","158196","TOP","13","[A23,157,0,0][A155,2901,0,0][C,  003250,0,0][C,  018107,1,0]","tl_M3187_C8450_attributes.xml"
"M3187","C8450","I2","GJB9461ABAEK","158196","TOP","14","[A23,157,0,0][A155,2901,0,0][C,  018108,0,0][C,  024686,1,0]","tl_M3187_C8450_attributes.xml"
"M3187","C8450","I2","GJB9461ABAEK","158196","TOP","15","[A23,157,0,0][A155,2901,0,0][C,  024687,0,0][C,  028938,1,0]","tl_M3187_C8450_attributes.xml"
"M3187","C8450","I2","GJB9461ABAEK","158196","TOP","16","[A23,157,0,0][A155,2901,0,0][C,  028939,0,0]","tl_M3187_C8450_attributes.xml"
"M3187","C8450","I2","GJB9461ABAEK","158196","TOP","17","[A23,154,0,0][A155,2908,0,0][C,  018108,0,0][C,  024686,1,0]","tl_M3187_C8450_attributes.xml"
"M3187","C8450","I2","GJB9461ABAEK","158196","TOP","18","[A23,154,0,0][A155,2908,0,0]","tl_M3187_C8450_attributes.xml"
"M3187","C8450","I2","GJB9461ABAEK","158196","TOP","19","[A23,157,0,0][A155,2908,0,0][C,  003249,1,0]","tl_M3187_C8450_attributes.xml"
"M3187","C8450","I2","GJB9461ABAEK","158196","TOP","20","[A23,157,0,0][A155,2908,0,0][C,  003250,0,0][C,  018107,1,0]","tl_M3187_C8450_attributes.xml"
"M3187","C8450","I2","GJB9461ABAEK","158196","TOP","21","[A23,157,0,0][A155,2908,0,0][C,  018108,0,0][C,  024686,1,0]","tl_M3187_C8450_attributes.xml"
"M3187","C8450","I2","GJB9461ABAEK","158196","TOP","22","[A23,157,0,0][A155,2908,0,0][C,  024687,0,0][C,  028938,1,0]","tl_M3187_C8450_attributes.xml"
"M3187","C8450","I2","GJB9461ABAEK","158196","TOP","23","[A23,157,0,0][A155,2908,0,0][C,  028939,0,0]","tl_M3187_C8450_attributes.xml"
"M3187","C8450","I2","GJB9461ABAEK","158196","APPLICATION","1","[A23,157,0,0][A155,2901,0,0][C,  028939,0,0]","Itm_M3187_C8450_I2_attributes.xml"
"M3187","C8450","I2","GJA9461BLHDX","150137","CATEGORY","1","[A37,615,0,0,1]","pl_id_3187_attributes.xml"
"M3187","C8450","I2","GJA9461BLHDX","150137","TOP","1","[A155,2932,0,0][A23,154,0,0]","tl_M3187_C8450_attributes.xml"
"M3187","C8450","I2","GJA9461BLHDX","150137","TOP","2","[A155,2932,0,0][A23,157,0,0][C,  003249,1,0]","tl_M3187_C8450_attributes.xml"
"M3187","C8450","I2","GJA9461BLHDX","150137","TOP","3","[A155,2932,0,0][A23,157,0,0][C,  003250,0,0][C,  018107,1,0]","tl_M3187_C8450_attributes.xml"
"M3187","C8450","I2","GJA9461BLHDX","150137","TOP","4","[A155,2924,0,0][A23,154,0,0][C,  018108,0,0][C,  024686,1,0]","tl_M3187_C8450_attributes.xml"
"M3187","C8450","I2","GJA9461BLHDX","150137","TOP","5","[A155,2924,0,0][A23,154,0,0]","tl_M3187_C8450_attributes.xml"
"M3187","C8450","I2","GJA9461BLHDX","150137","TOP","6","[A155,2924,0,0][A23,157,0,0][C,  003249,1,0]","tl_M3187_C8450_attributes.xml"
"M3187","C8450","I2","GJA9461BLHDX","150137","TOP","7","[A155,2924,0,0][A23,157,0,0][C,  003250,0,0][C,  018107,1,0]","tl_M3187_C8450_attributes.xml"
"M3187","C8450","I2","GJA9461BLHDX","150137","TOP","8","[A155,2924,0,0][A23,157,0,0][C,  018108,0,0][C,  024686,1,0]","tl_M3187_C8450_attributes.xml"
"M3187","C8450","I2","GJA9461BLHDX","150137","TOP","9","[A155,2924,0,0][A23,157,0,0][C,  024687,0,0][C,  028938,1,0]","tl_M3187_C8450_attributes.xml"
"M3187","C8450","I2","GJA9461BLHDX","150137","TOP","10","[A155,2924,0,0][A23,157,0,0][C,  028939,0,0]","tl_M3187_C8450_attributes.xml"
"M3187","C8450","I2","GJA9461BLHDX","150137","TOP","11","[A23,154,0,0][A155,2901,0,0]","tl_M3187_C8450_attributes.xml"
"M3187","C8450","I2","GJA9461BLHDX","150137","TOP","12","[A23,157,0,0][A155,2901,0,0][C,  003249,1,0]","tl_M3187_C8450_attributes.xml"
"M3187","C8450","I2","GJA9461BLHDX","150137","TOP","13","[A23,157,0,0][A155,2901,0,0][C,  003250,0,0][C,  018107,1,0]","tl_M3187_C8450_attributes.xml"
"M3187","C8450","I2","GJA9461BLHDX","150137","TOP","14","[A23,157,0,0][A155,2901,0,0][C,  018108,0,0][C,  024686,1,0]","tl_M3187_C8450_attributes.xml"
"M3187","C8450","I2","GJA9461BLHDX","150137","TOP","15","[A23,157,0,0][A155,2901,0,0][C,  024687,0,0][C,  028938,1,0]","tl_M3187_C8450_attributes.xml"
"M3187","C8450","I2","GJA9461BLHDX","150137","TOP","16","[A23,157,0,0][A155,2901,0,0][C,  028939,0,0]","tl_M3187_C8450_attributes.xml"
"M3187","C8450","I2","GJA9461BLHDX","150137","TOP","17","[A23,154,0,0][A155,2908,0,0][C,  018108,0,0][C,  024686,1,0]","tl_M3187_C8450_attributes.xml"
"M3187","C8450","I2","GJA9461BLHDX","150137","TOP","18","[A23,154,0,0][A155,2908,0,0]","tl_M3187_C8450_attributes.xml"
"M3187","C8450","I2","GJA9461BLHDX","150137","TOP","19","[A23,157,0,0][A155,2908,0,0][C,  003249,1,0]","tl_M3187_C8450_attributes.xml"
"M3187","C8450","I2","GJA9461BLHDX","150137","TOP","20","[A23,157,0,0][A155,2908,0,0][C,  003250,0,0][C,  018107,1,0]","tl_M3187_C8450_attributes.xml"
"M3187","C8450","I2","GJA9461BLHDX","150137","TOP","21","[A23,157,0,0][A155,2908,0,0][C,  018108,0,0][C,  024686,1,0]","tl_M3187_C8450_attributes.xml"
"M3187","C8450","I2","GJA9461BLHDX","150137","TOP","22","[A23,157,0,0][A155,2908,0,0][C,  024687,0,0][C,  028938,1,0]","tl_M3187_C8450_attributes.xml"
"M3187","C8450","I2","GJA9461BLHDX","150137","TOP","23","[A23,157,0,0][A155,2908,0,0][C,  028939,0,0]","tl_M3187_C8450_attributes.xml"
"M3187","C8450","I2","GJA9461BLHDX","150137","APPLICATION","1","[A23,154,0,0][A155,2908,0,0][C,  018108,0,0][C,  024686,1,0]","Itm_M3187_C8450_I2_attributes.xml"
"M3187","C8450","I2","GJA9461BHHDX","139774","CATEGORY","1","[A37,615,0,0,1]","pl_id_3187_attributes.xml"
"M3187","C8450","I2","GJA9461BHHDX","139774","TOP","1","[A155,2932,0,0][A23,154,0,0]","tl_M3187_C8450_attributes.xml"
"M3187","C8450","I2","GJA9461BHHDX","139774","TOP","2","[A155,2932,0,0][A23,157,0,0][C,  003249,1,0]","tl_M3187_C8450_attributes.xml"
"M3187","C8450","I2","GJA9461BHHDX","139774","TOP","3","[A155,2932,0,0][A23,157,0,0][C,  003250,0,0][C,  018107,1,0]","tl_M3187_C8450_attributes.xml"
"M3187","C8450","I2","GJA9461BHHDX","139774","TOP","4","[A155,2924,0,0][A23,154,0,0][C,  018108,0,0][C,  024686,1,0]","tl_M3187_C8450_attributes.xml"
"M3187","C8450","I2","GJA9461BHHDX","139774","TOP","5","[A155,2924,0,0][A23,154,0,0]","tl_M3187_C8450_attributes.xml"
"M3187","C8450","I2","GJA9461BHHDX","139774","TOP","6","[A155,2924,0,0][A23,157,0,0][C,  003249,1,0]","tl_M3187_C8450_attributes.xml"
"M3187","C8450","I2","GJA9461BHHDX","139774","TOP","7","[A155,2924,0,0][A23,157,0,0][C,  003250,0,0][C,  018107,1,0]","tl_M3187_C8450_attributes.xml"
"M3187","C8450","I2","GJA9461BHHDX","139774","TOP","8","[A155,2924,0,0][A23,157,0,0][C,  018108,0,0][C,  024686,1,0]","tl_M3187_C8450_attributes.xml"
"M3187","C8450","I2","GJA9461BHHDX","139774","TOP","9","[A155,2924,0,0][A23,157,0,0][C,  024687,0,0][C,  028938,1,0]","tl_M3187_C8450_attributes.xml"
"M3187","C8450","I2","GJA9461BHHDX","139774","TOP","10","[A155,2924,0,0][A23,157,0,0][C,  028939,0,0]","tl_M3187_C8450_attributes.xml"
"M3187","C8450","I2","GJA9461BHHDX","139774","TOP","11","[A23,154,0,0][A155,2901,0,0]","tl_M3187_C8450_attributes.xml"
"M3187","C8450","I2","GJA9461BHHDX","139774","TOP","12","[A23,157,0,0][A155,2901,0,0][C,  003249,1,0]","tl_M3187_C8450_attributes.xml"
"M3187","C8450","I2","GJA9461BHHDX","139774","TOP","13","[A23,157,0,0][A155,2901,0,0][C,  003250,0,0][C,  018107,1,0]","tl_M3187_C8450_attributes.xml"
"M3187","C8450","I2","GJA9461BHHDX","139774","TOP","14","[A23,157,0,0][A155,2901,0,0][C,  018108,0,0][C,  024686,1,0]","tl_M3187_C8450_attributes.xml"
"M3187","C8450","I2","GJA9461BHHDX","139774","TOP","15","[A23,157,0,0][A155,2901,0,0][C,  024687,0,0][C,  028938,1,0]","tl_M3187_C8450_attributes.xml"
"M3187","C8450","I2","GJA9461BHHDX","139774","TOP","16","[A23,157,0,0][A155,2901,0,0][C,  028939,0,0]","tl_M3187_C8450_attributes.xml"
"M3187","C8450","I2","GJA9461BHHDX","139774","TOP","17","[A23,154,0,0][A155,2908,0,0][C,  018108,0,0][C,  024686,1,0]","tl_M3187_C8450_attributes.xml"
"M3187","C8450","I2","GJA9461BHHDX","139774","TOP","18","[A23,154,0,0][A155,2908,0,0]","tl_M3187_C8450_attributes.xml"
"M3187","C8450","I2","GJA9461BHHDX","139774","TOP","19","[A23,157,0,0][A155,2908,0,0][C,  003249,1,0]","tl_M3187_C8450_attributes.xml"
"M3187","C8450","I2","GJA9461BHHDX","139774","TOP","20","[A23,157,0,0][A155,2908,0,0][C,  003250,0,0][C,  018107,1,0]","tl_M3187_C8450_attributes.xml"
"M3187","C8450","I2","GJA9461BHHDX","139774","TOP","21","[A23,157,0,0][A155,2908,0,0][C,  018108,0,0][C,  024686,1,0]","tl_M3187_C8450_attributes.xml"
"M3187","C8450","I2","GJA9461BHHDX","139774","TOP","22","[A23,157,0,0][A155,2908,0,0][C,  024687,0,0][C,  028938,1,0]","tl_M3187_C8450_attributes.xml"
"M3187","C8450","I2","GJA9461BHHDX","139774","TOP","23","[A23,157,0,0][A155,2908,0,0][C,  028939,0,0]","tl_M3187_C8450_attributes.xml"
"M3187","C8450","I2","GJA9461BHHDX","139774","APPLICATION","1","[A23,154,0,0][A155,2908,0,0]","Itm_M3187_C8450_I2_attributes.xml"
"M3187","C8450","I2","GJB9461BBHDX","158296","CATEGORY","1","[A37,615,0,0,1]","pl_id_3187_attributes.xml"
"M3187","C8450","I2","GJB9461BBHDX","158296","TOP","1","[A155,2932,0,0][A23,154,0,0]","tl_M3187_C8450_attributes.xml"
"M3187","C8450","I2","GJB9461BBHDX","158296","TOP","2","[A155,2932,0,0][A23,157,0,0][C,  003249,1,0]","tl_M3187_C8450_attributes.xml"
"M3187","C8450","I2","GJB9461BBHDX","158296","TOP","3","[A155,2932,0,0][A23,157,0,0][C,  003250,0,0][C,  018107,1,0]","tl_M3187_C8450_attributes.xml"
"M3187","C8450","I2","GJB9461BBHDX","158296","TOP","4","[A155,2924,0,0][A23,154,0,0][C,  018108,0,0][C,  024686,1,0]","tl_M3187_C8450_attributes.xml"
"M3187","C8450","I2","GJB9461BBHDX","158296","TOP","5","[A155,2924,0,0][A23,154,0,0]","tl_M3187_C8450_attributes.xml"
"M3187","C8450","I2","GJB9461BBHDX","158296","TOP","6","[A155,2924,0,0][A23,157,0,0][C,  003249,1,0]","tl_M3187_C8450_attributes.xml"
"M3187","C8450","I2","GJB9461BBHDX","158296","TOP","7","[A155,2924,0,0][A23,157,0,0][C,  003250,0,0][C,  018107,1,0]","tl_M3187_C8450_attributes.xml"
"M3187","C8450","I2","GJB9461BBHDX","158296","TOP","8","[A155,2924,0,0][A23,157,0,0][C,  018108,0,0][C,  024686,1,0]","tl_M3187_C8450_attributes.xml"
"M3187","C8450","I2","GJB9461BBHDX","158296","TOP","9","[A155,2924,0,0][A23,157,0,0][C,  024687,0,0][C,  028938,1,0]","tl_M3187_C8450_attributes.xml"
"M3187","C8450","I2","GJB9461BBHDX","158296","TOP","10","[A155,2924,0,0][A23,157,0,0][C,  028939,0,0]","tl_M3187_C8450_attributes.xml"
"M3187","C8450","I2","GJB9461BBHDX","158296","TOP","11","[A23,154,0,0][A155,2901,0,0]","tl_M3187_C8450_attributes.xml"
"M3187","C8450","I2","GJB9461BBHDX","158296","TOP","12","[A23,157,0,0][A155,2901,0,0][C,  003249,1,0]","tl_M3187_C8450_attributes.xml"
"M3187","C8450","I2","GJB9461BBHDX","158296","TOP","13","[A23,157,0,0][A155,2901,0,0][C,  003250,0,0][C,  018107,1,0]","tl_M3187_C8450_attributes.xml"
"M3187","C8450","I2","GJB9461BBHDX","158296","TOP","14","[A23,157,0,0][A155,2901,0,0][C,  018108,0,0][C,  024686,1,0]","tl_M3187_C8450_attributes.xml"
"M3187","C8450","I2","GJB9461BBHDX","158296","TOP","15","[A23,157,0,0][A155,2901,0,0][C,  024687,0,0][C,  028938,1,0]","tl_M3187_C8450_attributes.xml"
"M3187","C8450","I2","GJB9461BBHDX","158296","TOP","16","[A23,157,0,0][A155,2901,0,0][C,  028939,0,0]","tl_M3187_C8450_attributes.xml"
"M3187","C8450","I2","GJB9461BBHDX","158296","TOP","17","[A23,154,0,0][A155,2908,0,0][C,  018108,0,0][C,  024686,1,0]","tl_M3187_C8450_attributes.xml"
"M3187","C8450","I2","GJB9461BBHDX","158296","TOP","18","[A23,154,0,0][A155,2908,0,0]","tl_M3187_C8450_attributes.xml"
"M3187","C8450","I2","GJB9461BBHDX","158296","TOP","19","[A23,157,0,0][A155,2908,0,0][C,  003249,1,0]","tl_M3187_C8450_attributes.xml"
"M3187","C8450","I2","GJB9461BBHDX","158296","TOP","20","[A23,157,0,0][A155,2908,0,0][C,  003250,0,0][C,  018107,1,0]","tl_M3187_C8450_attributes.xml"
"M3187","C8450","I2","GJB9461BBHDX","158296","TOP","21","[A23,157,0,0][A155,2908,0,0][C,  018108,0,0][C,  024686,1,0]","tl_M3187_C8450_attributes.xml"
"M3187","C8450","I2","GJB9461BBHDX","158296","TOP","22","[A23,157,0,0][A155,2908,0,0][C,  024687,0,0][C,  028938,1,0]","tl_M3187_C8450_attributes.xml"
"M3187","C8450","I2","GJB9461BBHDX","158296","TOP","23","[A23,157,0,0][A155,2908,0,0][C,  028939,0,0]","tl_M3187_C8450_attributes.xml"
"M3187","C8450","I2","GJB9461BBHDX","158296","APPLICATION","1","[A23,154,0,0][A155,2908,0,0]","Itm_M3187_C8450_I2_attributes.xml"
"M3187","C8450","I2","GJB9461BAHDX","156417","CATEGORY","1","[A37,615,0,0,1]","pl_id_3187_attributes.xml"
"M3187","C8450","I2","GJB9461BAHDX","156417","TOP","1","[A155,2932,0,0][A23,154,0,0]","tl_M3187_C8450_attributes.xml"
"M3187","C8450","I2","GJB9461BAHDX","156417","TOP","2","[A155,2932,0,0][A23,157,0,0][C,  003249,1,0]","tl_M3187_C8450_attributes.xml"
"M3187","C8450","I2","GJB9461BAHDX","156417","TOP","3","[A155,2932,0,0][A23,157,0,0][C,  003250,0,0][C,  018107,1,0]","tl_M3187_C8450_attributes.xml"
"M3187","C8450","I2","GJB9461BAHDX","156417","TOP","4","[A155,2924,0,0][A23,154,0,0][C,  018108,0,0][C,  024686,1,0]","tl_M3187_C8450_attributes.xml"
"M3187","C8450","I2","GJB9461BAHDX","156417","TOP","5","[A155,2924,0,0][A23,154,0,0]","tl_M3187_C8450_attributes.xml"
"M3187","C8450","I2","GJB9461BAHDX","156417","TOP","6","[A155,2924,0,0][A23,157,0,0][C,  003249,1,0]","tl_M3187_C8450_attributes.xml"
"M3187","C8450","I2","GJB9461BAHDX","156417","TOP","7","[A155,2924,0,0][A23,157,0,0][C,  003250,0,0][C,  018107,1,0]","tl_M3187_C8450_attributes.xml"
"M3187","C8450","I2","GJB9461BAHDX","156417","TOP","8","[A155,2924,0,0][A23,157,0,0][C,  018108,0,0][C,  024686,1,0]","tl_M3187_C8450_attributes.xml"
"M3187","C8450","I2","GJB9461BAHDX","156417","TOP","9","[A155,2924,0,0][A23,157,0,0][C,  024687,0,0][C,  028938,1,0]","tl_M3187_C8450_attributes.xml"
"M3187","C8450","I2","GJB9461BAHDX","156417","TOP","10","[A155,2924,0,0][A23,157,0,0][C,  028939,0,0]","tl_M3187_C8450_attributes.xml"
"M3187","C8450","I2","GJB9461BAHDX","156417","TOP","11","[A23,154,0,0][A155,2901,0,0]","tl_M3187_C8450_attributes.xml"
"M3187","C8450","I2","GJB9461BAHDX","156417","TOP","12","[A23,157,0,0][A155,2901,0,0][C,  003249,1,0]","tl_M3187_C8450_attributes.xml"
"M3187","C8450","I2","GJB9461BAHDX","156417","TOP","13","[A23,157,0,0][A155,2901,0,0][C,  003250,0,0][C,  018107,1,0]","tl_M3187_C8450_attributes.xml"
"M3187","C8450","I2","GJB9461BAHDX","156417","TOP","14","[A23,157,0,0][A155,2901,0,0][C,  018108,0,0][C,  024686,1,0]","tl_M3187_C8450_attributes.xml"
"M3187","C8450","I2","GJB9461BAHDX","156417","TOP","15","[A23,157,0,0][A155,2901,0,0][C,  024687,0,0][C,  028938,1,0]","tl_M3187_C8450_attributes.xml"
"M3187","C8450","I2","GJB9461BAHDX","156417","TOP","16","[A23,157,0,0][A155,2901,0,0][C,  028939,0,0]","tl_M3187_C8450_attributes.xml"
"M3187","C8450","I2","GJB9461BAHDX","156417","TOP","17","[A23,154,0,0][A155,2908,0,0][C,  018108,0,0][C,  024686,1,0]","tl_M3187_C8450_attributes.xml"
"M3187","C8450","I2","GJB9461BAHDX","156417","TOP","18","[A23,154,0,0][A155,2908,0,0]","tl_M3187_C8450_attributes.xml"
"M3187","C8450","I2","GJB9461BAHDX","156417","TOP","19","[A23,157,0,0][A155,2908,0,0][C,  003249,1,0]","tl_M3187_C8450_attributes.xml"
"M3187","C8450","I2","GJB9461BAHDX","156417","TOP","20","[A23,157,0,0][A155,2908,0,0][C,  003250,0,0][C,  018107,1,0]","tl_M3187_C8450_attributes.xml"
"M3187","C8450","I2","GJB9461BAHDX","156417","TOP","21","[A23,157,0,0][A155,2908,0,0][C,  018108,0,0][C,  024686,1,0]","tl_M3187_C8450_attributes.xml"
"M3187","C8450","I2","GJB9461BAHDX","156417","TOP","22","[A23,157,0,0][A155,2908,0,0][C,  024687,0,0][C,  028938,1,0]","tl_M3187_C8450_attributes.xml"
"M3187","C8450","I2","GJB9461BAHDX","156417","TOP","23","[A23,157,0,0][A155,2908,0,0][C,  028939,0,0]","tl_M3187_C8450_attributes.xml"
"M3187","C8450","I2","GJB9461BAHDX","156417","APPLICATION","1","[A23,154,0,0][A155,2908,0,0]","Itm_M3187_C8450_I2_attributes.xml"
"M3187","C8450","I2","GJA9461BJHDX","142247","CATEGORY","1","[A37,615,0,0,1]","pl_id_3187_attributes.xml"
"M3187","C8450","I2","GJA9461BJHDX","142247","TOP","1","[A155,2932,0,0][A23,154,0,0]","tl_M3187_C8450_attributes.xml"
"M3187","C8450","I2","GJA9461BJHDX","142247","TOP","2","[A155,2932,0,0][A23,157,0,0][C,  003249,1,0]","tl_M3187_C8450_attributes.xml"
"M3187","C8450","I2","GJA9461BJHDX","142247","TOP","3","[A155,2932,0,0][A23,157,0,0][C,  003250,0,0][C,  018107,1,0]","tl_M3187_C8450_attributes.xml"
"M3187","C8450","I2","GJA9461BJHDX","142247","TOP","4","[A155,2924,0,0][A23,154,0,0][C,  018108,0,0][C,  024686,1,0]","tl_M3187_C8450_attributes.xml"
"M3187","C8450","I2","GJA9461BJHDX","142247","TOP","5","[A155,2924,0,0][A23,154,0,0]","tl_M3187_C8450_attributes.xml"
"M3187","C8450","I2","GJA9461BJHDX","142247","TOP","6","[A155,2924,0,0][A23,157,0,0][C,  003249,1,0]","tl_M3187_C8450_attributes.xml"
"M3187","C8450","I2","GJA9461BJHDX","142247","TOP","7","[A155,2924,0,0][A23,157,0,0][C,  003250,0,0][C,  018107,1,0]","tl_M3187_C8450_attributes.xml"
"M3187","C8450","I2","GJA9461BJHDX","142247","TOP","8","[A155,2924,0,0][A23,157,0,0][C,  018108,0,0][C,  024686,1,0]","tl_M3187_C8450_attributes.xml"
"M3187","C8450","I2","GJA9461BJHDX","142247","TOP","9","[A155,2924,0,0][A23,157,0,0][C,  024687,0,0][C,  028938,1,0]","tl_M3187_C8450_attributes.xml"
"M3187","C8450","I2","GJA9461BJHDX","142247","TOP","10","[A155,2924,0,0][A23,157,0,0][C,  028939,0,0]","tl_M3187_C8450_attributes.xml"
"M3187","C8450","I2","GJA9461BJHDX","142247","TOP","11","[A23,154,0,0][A155,2901,0,0]","tl_M3187_C8450_attributes.xml"
"M3187","C8450","I2","GJA9461BJHDX","142247","TOP","12","[A23,157,0,0][A155,2901,0,0][C,  003249,1,0]","tl_M3187_C8450_attributes.xml"
"M3187","C8450","I2","GJA9461BJHDX","142247","TOP","13","[A23,157,0,0][A155,2901,0,0][C,  003250,0,0][C,  018107,1,0]","tl_M3187_C8450_attributes.xml"
"M3187","C8450","I2","GJA9461BJHDX","142247","TOP","14","[A23,157,0,0][A155,2901,0,0][C,  018108,0,0][C,  024686,1,0]","tl_M3187_C8450_attributes.xml"
"M3187","C8450","I2","GJA9461BJHDX","142247","TOP","15","[A23,157,0,0][A155,2901,0,0][C,  024687,0,0][C,  028938,1,0]","tl_M3187_C8450_attributes.xml"
"M3187","C8450","I2","GJA9461BJHDX","142247","TOP","16","[A23,157,0,0][A155,2901,0,0][C,  028939,0,0]","tl_M3187_C8450_attributes.xml"
"M3187","C8450","I2","GJA9461BJHDX","142247","TOP","17","[A23,154,0,0][A155,2908,0,0][C,  018108,0,0][C,  024686,1,0]","tl_M3187_C8450_attributes.xml"
"M3187","C8450","I2","GJA9461BJHDX","142247","TOP","18","[A23,154,0,0][A155,2908,0,0]","tl_M3187_C8450_attributes.xml"
"M3187","C8450","I2","GJA9461BJHDX","142247","TOP","19","[A23,157,0,0][A155,2908,0,0][C,  003249,1,0]","tl_M3187_C8450_attributes.xml"
"M3187","C8450","I2","GJA9461BJHDX","142247","TOP","20","[A23,157,0,0][A155,2908,0,0][C,  003250,0,0][C,  018107,1,0]","tl_M3187_C8450_attributes.xml"
"M3187","C8450","I2","GJA9461BJHDX","142247","TOP","21","[A23,157,0,0][A155,2908,0,0][C,  018108,0,0][C,  024686,1,0]","tl_M3187_C8450_attributes.xml"
"M3187","C8450","I2","GJA9461BJHDX","142247","TOP","22","[A23,157,0,0][A155,2908,0,0][C,  024687,0,0][C,  028938,1,0]","tl_M3187_C8450_attributes.xml"
"M3187","C8450","I2","GJA9461BJHDX","142247","TOP","23","[A23,157,0,0][A155,2908,0,0][C,  028939,0,0]","tl_M3187_C8450_attributes.xml"
"M3187","C8450","I2","GJA9461BJHDX","142247","APPLICATION","1","[A23,154,0,0][A155,2908,0,0]","Itm_M3187_C8450_I2_attributes.xml"
"M3187","C8450","I2","GJA9461AEHDX","137246","CATEGORY","1","[A37,615,0,0,1]","pl_id_3187_attributes.xml"
"M3187","C8450","I2","GJA9461AEHDX","137246","TOP","1","[A155,2932,0,0][A23,154,0,0]","tl_M3187_C8450_attributes.xml"
"M3187","C8450","I2","GJA9461AEHDX","137246","TOP","2","[A155,2932,0,0][A23,157,0,0][C,  003249,1,0]","tl_M3187_C8450_attributes.xml"
"M3187","C8450","I2","GJA9461AEHDX","137246","TOP","3","[A155,2932,0,0][A23,157,0,0][C,  003250,0,0][C,  018107,1,0]","tl_M3187_C8450_attributes.xml"
"M3187","C8450","I2","GJA9461AEHDX","137246","TOP","4","[A155,2924,0,0][A23,154,0,0][C,  018108,0,0][C,  024686,1,0]","tl_M3187_C8450_attributes.xml"
"M3187","C8450","I2","GJA9461AEHDX","137246","TOP","5","[A155,2924,0,0][A23,154,0,0]","tl_M3187_C8450_attributes.xml"
"M3187","C8450","I2","GJA9461AEHDX","137246","TOP","6","[A155,2924,0,0][A23,157,0,0][C,  003249,1,0]","tl_M3187_C8450_attributes.xml"
"M3187","C8450","I2","GJA9461AEHDX","137246","TOP","7","[A155,2924,0,0][A23,157,0,0][C,  003250,0,0][C,  018107,1,0]","tl_M3187_C8450_attributes.xml"
"M3187","C8450","I2","GJA9461AEHDX","137246","TOP","8","[A155,2924,0,0][A23,157,0,0][C,  018108,0,0][C,  024686,1,0]","tl_M3187_C8450_attributes.xml"
"M3187","C8450","I2","GJA9461AEHDX","137246","TOP","9","[A155,2924,0,0][A23,157,0,0][C,  024687,0,0][C,  028938,1,0]","tl_M3187_C8450_attributes.xml"
"M3187","C8450","I2","GJA9461AEHDX","137246","TOP","10","[A155,2924,0,0][A23,157,0,0][C,  028939,0,0]","tl_M3187_C8450_attributes.xml"
"M3187","C8450","I2","GJA9461AEHDX","137246","TOP","11","[A23,154,0,0][A155,2901,0,0]","tl_M3187_C8450_attributes.xml"
"M3187","C8450","I2","GJA9461AEHDX","137246","TOP","12","[A23,157,0,0][A155,2901,0,0][C,  003249,1,0]","tl_M3187_C8450_attributes.xml"
"M3187","C8450","I2","GJA9461AEHDX","137246","TOP","13","[A23,157,0,0][A155,2901,0,0][C,  003250,0,0][C,  018107,1,0]","tl_M3187_C8450_attributes.xml"
"M3187","C8450","I2","GJA9461AEHDX","137246","TOP","14","[A23,157,0,0][A155,2901,0,0][C,  018108,0,0][C,  024686,1,0]","tl_M3187_C8450_attributes.xml"
"M3187","C8450","I2","GJA9461AEHDX","137246","TOP","15","[A23,157,0,0][A155,2901,0,0][C,  024687,0,0][C,  028938,1,0]","tl_M3187_C8450_attributes.xml"
"M3187","C8450","I2","GJA9461AEHDX","137246","TOP","16","[A23,157,0,0][A155,2901,0,0][C,  028939,0,0]","tl_M3187_C8450_attributes.xml"
"M3187","C8450","I2","GJA9461AEHDX","137246","TOP","17","[A23,154,0,0][A155,2908,0,0][C,  018108,0,0][C,  024686,1,0]","tl_M3187_C8450_attributes.xml"
"M3187","C8450","I2","GJA9461AEHDX","137246","TOP","18","[A23,154,0,0][A155,2908,0,0]","tl_M3187_C8450_attributes.xml"
"M3187","C8450","I2","GJA9461AEHDX","137246","TOP","19","[A23,157,0,0][A155,2908,0,0][C,  003249,1,0]","tl_M3187_C8450_attributes.xml"
"M3187","C8450","I2","GJA9461AEHDX","137246","TOP","20","[A23,157,0,0][A155,2908,0,0][C,  003250,0,0][C,  018107,1,0]","tl_M3187_C8450_attributes.xml"
"M3187","C8450","I2","GJA9461AEHDX","137246","TOP","21","[A23,157,0,0][A155,2908,0,0][C,  018108,0,0][C,  024686,1,0]","tl_M3187_C8450_attributes.xml"
"M3187","C8450","I2","GJA9461AEHDX","137246","TOP","22","[A23,157,0,0][A155,2908,0,0][C,  024687,0,0][C,  028938,1,0]","tl_M3187_C8450_attributes.xml"
"M3187","C8450","I2","GJA9461AEHDX","137246","TOP","23","[A23,157,0,0][A155,2908,0,0][C,  028939,0,0]","tl_M3187_C8450_attributes.xml"
"M3187","C8450","I2","GJA9461AEHDX","137246","APPLICATION","1","[A23,157,0,0][A155,2908,0,0][C,  003249,1,0]","Itm_M3187_C8450_I2_attributes.xml"
"M3187","C8450","I2","GJA9461AJHDX","142239","CATEGORY","1","[A37,615,0,0,1]","pl_id_3187_attributes.xml"
"M3187","C8450","I2","GJA9461AJHDX","142239","TOP","1","[A155,2932,0,0][A23,154,0,0]","tl_M3187_C8450_attributes.xml"
"M3187","C8450","I2","GJA9461AJHDX","142239","TOP","2","[A155,2932,0,0][A23,157,0,0][C,  003249,1,0]","tl_M3187_C8450_attributes.xml"
"M3187","C8450","I2","GJA9461AJHDX","142239","TOP","3","[A155,2932,0,0][A23,157,0,0][C,  003250,0,0][C,  018107,1,0]","tl_M3187_C8450_attributes.xml"
"M3187","C8450","I2","GJA9461AJHDX","142239","TOP","4","[A155,2924,0,0][A23,154,0,0][C,  018108,0,0][C,  024686,1,0]","tl_M3187_C8450_attributes.xml"
"M3187","C8450","I2","GJA9461AJHDX","142239","TOP","5","[A155,2924,0,0][A23,154,0,0]","tl_M3187_C8450_attributes.xml"
"M3187","C8450","I2","GJA9461AJHDX","142239","TOP","6","[A155,2924,0,0][A23,157,0,0][C,  003249,1,0]","tl_M3187_C8450_attributes.xml"
"M3187","C8450","I2","GJA9461AJHDX","142239","TOP","7","[A155,2924,0,0][A23,157,0,0][C,  003250,0,0][C,  018107,1,0]","tl_M3187_C8450_attributes.xml"
"M3187","C8450","I2","GJA9461AJHDX","142239","TOP","8","[A155,2924,0,0][A23,157,0,0][C,  018108,0,0][C,  024686,1,0]","tl_M3187_C8450_attributes.xml"
"M3187","C8450","I2","GJA9461AJHDX","142239","TOP","9","[A155,2924,0,0][A23,157,0,0][C,  024687,0,0][C,  028938,1,0]","tl_M3187_C8450_attributes.xml"
"M3187","C8450","I2","GJA9461AJHDX","142239","TOP","10","[A155,2924,0,0][A23,157,0,0][C,  028939,0,0]","tl_M3187_C8450_attributes.xml"
"M3187","C8450","I2","GJA9461AJHDX","142239","TOP","11","[A23,154,0,0][A155,2901,0,0]","tl_M3187_C8450_attributes.xml"
"M3187","C8450","I2","GJA9461AJHDX","142239","TOP","12","[A23,157,0,0][A155,2901,0,0][C,  003249,1,0]","tl_M3187_C8450_attributes.xml"
"M3187","C8450","I2","GJA9461AJHDX","142239","TOP","13","[A23,157,0,0][A155,2901,0,0][C,  003250,0,0][C,  018107,1,0]","tl_M3187_C8450_attributes.xml"
"M3187","C8450","I2","GJA9461AJHDX","142239","TOP","14","[A23,157,0,0][A155,2901,0,0][C,  018108,0,0][C,  024686,1,0]","tl_M3187_C8450_attributes.xml"
"M3187","C8450","I2","GJA9461AJHDX","142239","TOP","15","[A23,157,0,0][A155,2901,0,0][C,  024687,0,0][C,  028938,1,0]","tl_M3187_C8450_attributes.xml"
"M3187","C8450","I2","GJA9461AJHDX","142239","TOP","16","[A23,157,0,0][A155,2901,0,0][C,  028939,0,0]","tl_M3187_C8450_attributes.xml"
"M3187","C8450","I2","GJA9461AJHDX","142239","TOP","17","[A23,154,0,0][A155,2908,0,0][C,  018108,0,0][C,  024686,1,0]","tl_M3187_C8450_attributes.xml"
"M3187","C8450","I2","GJA9461AJHDX","142239","TOP","18","[A23,154,0,0][A155,2908,0,0]","tl_M3187_C8450_attributes.xml"
"M3187","C8450","I2","GJA9461AJHDX","142239","TOP","19","[A23,157,0,0][A155,2908,0,0][C,  003249,1,0]","tl_M3187_C8450_attributes.xml"
"M3187","C8450","I2","GJA9461AJHDX","142239","TOP","20","[A23,157,0,0][A155,2908,0,0][C,  003250,0,0][C,  018107,1,0]","tl_M3187_C8450_attributes.xml"
"M3187","C8450","I2","GJA9461AJHDX","142239","TOP","21","[A23,157,0,0][A155,2908,0,0][C,  018108,0,0][C,  024686,1,0]","tl_M3187_C8450_attributes.xml"
"M3187","C8450","I2","GJA9461AJHDX","142239","TOP","22","[A23,157,0,0][A155,2908,0,0][C,  024687,0,0][C,  028938,1,0]","tl_M3187_C8450_attributes.xml"
"M3187","C8450","I2","GJA9461AJHDX","142239","TOP","23","[A23,157,0,0][A155,2908,0,0][C,  028939,0,0]","tl_M3187_C8450_attributes.xml"
"M3187","C8450","I2","GJA9461AJHDX","142239","APPLICATION","1","[A23,157,0,0][A155,2908,0,0][C,  003250,0,0][C,  018107,1,0]","Itm_M3187_C8450_I2_attributes.xml"
"M3187","C8450","I2","GJA9461ALHDX","150098","CATEGORY","1","[A37,615,0,0,1]","pl_id_3187_attributes.xml"
"M3187","C8450","I2","GJA9461ALHDX","150098","TOP","1","[A155,2932,0,0][A23,154,0,0]","tl_M3187_C8450_attributes.xml"
"M3187","C8450","I2","GJA9461ALHDX","150098","TOP","2","[A155,2932,0,0][A23,157,0,0][C,  003249,1,0]","tl_M3187_C8450_attributes.xml"
"M3187","C8450","I2","GJA9461ALHDX","150098","TOP","3","[A155,2932,0,0][A23,157,0,0][C,  003250,0,0][C,  018107,1,0]","tl_M3187_C8450_attributes.xml"
"M3187","C8450","I2","GJA9461ALHDX","150098","TOP","4","[A155,2924,0,0][A23,154,0,0][C,  018108,0,0][C,  024686,1,0]","tl_M3187_C8450_attributes.xml"
"M3187","C8450","I2","GJA9461ALHDX","150098","TOP","5","[A155,2924,0,0][A23,154,0,0]","tl_M3187_C8450_attributes.xml"
"M3187","C8450","I2","GJA9461ALHDX","150098","TOP","6","[A155,2924,0,0][A23,157,0,0][C,  003249,1,0]","tl_M3187_C8450_attributes.xml"
"M3187","C8450","I2","GJA9461ALHDX","150098","TOP","7","[A155,2924,0,0][A23,157,0,0][C,  003250,0,0][C,  018107,1,0]","tl_M3187_C8450_attributes.xml"
"M3187","C8450","I2","GJA9461ALHDX","150098","TOP","8","[A155,2924,0,0][A23,157,0,0][C,  018108,0,0][C,  024686,1,0]","tl_M3187_C8450_attributes.xml"
"M3187","C8450","I2","GJA9461ALHDX","150098","TOP","9","[A155,2924,0,0][A23,157,0,0][C,  024687,0,0][C,  028938,1,0]","tl_M3187_C8450_attributes.xml"
"M3187","C8450","I2","GJA9461ALHDX","150098","TOP","10","[A155,2924,0,0][A23,157,0,0][C,  028939,0,0]","tl_M3187_C8450_attributes.xml"
"M3187","C8450","I2","GJA9461ALHDX","150098","TOP","11","[A23,154,0,0][A155,2901,0,0]","tl_M3187_C8450_attributes.xml"
"M3187","C8450","I2","GJA9461ALHDX","150098","TOP","12","[A23,157,0,0][A155,2901,0,0][C,  003249,1,0]","tl_M3187_C8450_attributes.xml"
"M3187","C8450","I2","GJA9461ALHDX","150098","TOP","13","[A23,157,0,0][A155,2901,0,0][C,  003250,0,0][C,  018107,1,0]","tl_M3187_C8450_attributes.xml"
"M3187","C8450","I2","GJA9461ALHDX","150098","TOP","14","[A23,157,0,0][A155,2901,0,0][C,  018108,0,0][C,  024686,1,0]","tl_M3187_C8450_attributes.xml"
"M3187","C8450","I2","GJA9461ALHDX","150098","TOP","15","[A23,157,0,0][A155,2901,0,0][C,  024687,0,0][C,  028938,1,0]","tl_M3187_C8450_attributes.xml"
"M3187","C8450","I2","GJA9461ALHDX","150098","TOP","16","[A23,157,0,0][A155,2901,0,0][C,  028939,0,0]","tl_M3187_C8450_attributes.xml"
"M3187","C8450","I2","GJA9461ALHDX","150098","TOP","17","[A23,154,0,0][A155,2908,0,0][C,  018108,0,0][C,  024686,1,0]","tl_M3187_C8450_attributes.xml"
"M3187","C8450","I2","GJA9461ALHDX","150098","TOP","18","[A23,154,0,0][A155,2908,0,0]","tl_M3187_C8450_attributes.xml"
"M3187","C8450","I2","GJA9461ALHDX","150098","TOP","19","[A23,157,0,0][A155,2908,0,0][C,  003249,1,0]","tl_M3187_C8450_attributes.xml"
"M3187","C8450","I2","GJA9461ALHDX","150098","TOP","20","[A23,157,0,0][A155,2908,0,0][C,  003250,0,0][C,  018107,1,0]","tl_M3187_C8450_attributes.xml"
"M3187","C8450","I2","GJA9461ALHDX","150098","TOP","21","[A23,157,0,0][A155,2908,0,0][C,  018108,0,0][C,  024686,1,0]","tl_M3187_C8450_attributes.xml"
"M3187","C8450","I2","GJA9461ALHDX","150098","TOP","22","[A23,157,0,0][A155,2908,0,0][C,  024687,0,0][C,  028938,1,0]","tl_M3187_C8450_attributes.xml"
"M3187","C8450","I2","GJA9461ALHDX","150098","TOP","23","[A23,157,0,0][A155,2908,0,0][C,  028939,0,0]","tl_M3187_C8450_attributes.xml"
"M3187","C8450","I2","GJA9461ALHDX","150098","APPLICATION","1","[A23,157,0,0][A155,2908,0,0][C,  018108,0,0][C,  024686,1,0]","Itm_M3187_C8450_I2_attributes.xml"
"M3187","C8450","I2","GJB9461AAHDX","156411","CATEGORY","1","[A37,615,0,0,1]","pl_id_3187_attributes.xml"
"M3187","C8450","I2","GJB9461AAHDX","156411","TOP","1","[A155,2932,0,0][A23,154,0,0]","tl_M3187_C8450_attributes.xml"
"M3187","C8450","I2","GJB9461AAHDX","156411","TOP","2","[A155,2932,0,0][A23,157,0,0][C,  003249,1,0]","tl_M3187_C8450_attributes.xml"
"M3187","C8450","I2","GJB9461AAHDX","156411","TOP","3","[A155,2932,0,0][A23,157,0,0][C,  003250,0,0][C,  018107,1,0]","tl_M3187_C8450_attributes.xml"
"M3187","C8450","I2","GJB9461AAHDX","156411","TOP","4","[A155,2924,0,0][A23,154,0,0][C,  018108,0,0][C,  024686,1,0]","tl_M3187_C8450_attributes.xml"
"M3187","C8450","I2","GJB9461AAHDX","156411","TOP","5","[A155,2924,0,0][A23,154,0,0]","tl_M3187_C8450_attributes.xml"
"M3187","C8450","I2","GJB9461AAHDX","156411","TOP","6","[A155,2924,0,0][A23,157,0,0][C,  003249,1,0]","tl_M3187_C8450_attributes.xml"
"M3187","C8450","I2","GJB9461AAHDX","156411","TOP","7","[A155,2924,0,0][A23,157,0,0][C,  003250,0,0][C,  018107,1,0]","tl_M3187_C8450_attributes.xml"
"M3187","C8450","I2","GJB9461AAHDX","156411","TOP","8","[A155,2924,0,0][A23,157,0,0][C,  018108,0,0][C,  024686,1,0]","tl_M3187_C8450_attributes.xml"
"M3187","C8450","I2","GJB9461AAHDX","156411","TOP","9","[A155,2924,0,0][A23,157,0,0][C,  024687,0,0][C,  028938,1,0]","tl_M3187_C8450_attributes.xml"
"M3187","C8450","I2","GJB9461AAHDX","156411","TOP","10","[A155,2924,0,0][A23,157,0,0][C,  028939,0,0]","tl_M3187_C8450_attributes.xml"
"M3187","C8450","I2","GJB9461AAHDX","156411","TOP","11","[A23,154,0,0][A155,2901,0,0]","tl_M3187_C8450_attributes.xml"
"M3187","C8450","I2","GJB9461AAHDX","156411","TOP","12","[A23,157,0,0][A155,2901,0,0][C,  003249,1,0]","tl_M3187_C8450_attributes.xml"
"M3187","C8450","I2","GJB9461AAHDX","156411","TOP","13","[A23,157,0,0][A155,2901,0,0][C,  003250,0,0][C,  018107,1,0]","tl_M3187_C8450_attributes.xml"
"M3187","C8450","I2","GJB9461AAHDX","156411","TOP","14","[A23,157,0,0][A155,2901,0,0][C,  018108,0,0][C,  024686,1,0]","tl_M3187_C8450_attributes.xml"
"M3187","C8450","I2","GJB9461AAHDX","156411","TOP","15","[A23,157,0,0][A155,2901,0,0][C,  024687,0,0][C,  028938,1,0]","tl_M3187_C8450_attributes.xml"
"M3187","C8450","I2","GJB9461AAHDX","156411","TOP","16","[A23,157,0,0][A155,2901,0,0][C,  028939,0,0]","tl_M3187_C8450_attributes.xml"
"M3187","C8450","I2","GJB9461AAHDX","156411","TOP","17","[A23,154,0,0][A155,2908,0,0][C,  018108,0,0][C,  024686,1,0]","tl_M3187_C8450_attributes.xml"
"M3187","C8450","I2","GJB9461AAHDX","156411","TOP","18","[A23,154,0,0][A155,2908,0,0]","tl_M3187_C8450_attributes.xml"
"M3187","C8450","I2","GJB9461AAHDX","156411","TOP","19","[A23,157,0,0][A155,2908,0,0][C,  003249,1,0]","tl_M3187_C8450_attributes.xml"
"M3187","C8450","I2","GJB9461AAHDX","156411","TOP","20","[A23,157,0,0][A155,2908,0,0][C,  003250,0,0][C,  018107,1,0]","tl_M3187_C8450_attributes.xml"
"M3187","C8450","I2","GJB9461AAHDX","156411","TOP","21","[A23,157,0,0][A155,2908,0,0][C,  018108,0,0][C,  024686,1,0]","tl_M3187_C8450_attributes.xml"
"M3187","C8450","I2","GJB9461AAHDX","156411","TOP","22","[A23,157,0,0][A155,2908,0,0][C,  024687,0,0][C,  028938,1,0]","tl_M3187_C8450_attributes.xml"
"M3187","C8450","I2","GJB9461AAHDX","156411","TOP","23","[A23,157,0,0][A155,2908,0,0][C,  028939,0,0]","tl_M3187_C8450_attributes.xml"
"M3187","C8450","I2","GJB9461AAHDX","156411","APPLICATION","1","[A23,157,0,0][A155,2908,0,0][C,  024687,0,0][C,  028938,1,0]","Itm_M3187_C8450_I2_attributes.xml"
"M3187","C8450","I2","GJB9461ABHDX","158294","CATEGORY","1","[A37,615,0,0,1]","pl_id_3187_attributes.xml"
"M3187","C8450","I2","GJB9461ABHDX","158294","TOP","1","[A155,2932,0,0][A23,154,0,0]","tl_M3187_C8450_attributes.xml"
"M3187","C8450","I2","GJB9461ABHDX","158294","TOP","2","[A155,2932,0,0][A23,157,0,0][C,  003249,1,0]","tl_M3187_C8450_attributes.xml"
"M3187","C8450","I2","GJB9461ABHDX","158294","TOP","3","[A155,2932,0,0][A23,157,0,0][C,  003250,0,0][C,  018107,1,0]","tl_M3187_C8450_attributes.xml"
"M3187","C8450","I2","GJB9461ABHDX","158294","TOP","4","[A155,2924,0,0][A23,154,0,0][C,  018108,0,0][C,  024686,1,0]","tl_M3187_C8450_attributes.xml"
"M3187","C8450","I2","GJB9461ABHDX","158294","TOP","5","[A155,2924,0,0][A23,154,0,0]","tl_M3187_C8450_attributes.xml"
"M3187","C8450","I2","GJB9461ABHDX","158294","TOP","6","[A155,2924,0,0][A23,157,0,0][C,  003249,1,0]","tl_M3187_C8450_attributes.xml"
"M3187","C8450","I2","GJB9461ABHDX","158294","TOP","7","[A155,2924,0,0][A23,157,0,0][C,  003250,0,0][C,  018107,1,0]","tl_M3187_C8450_attributes.xml"
"M3187","C8450","I2","GJB9461ABHDX","158294","TOP","8","[A155,2924,0,0][A23,157,0,0][C,  018108,0,0][C,  024686,1,0]","tl_M3187_C8450_attributes.xml"
"M3187","C8450","I2","GJB9461ABHDX","158294","TOP","9","[A155,2924,0,0][A23,157,0,0][C,  024687,0,0][C,  028938,1,0]","tl_M3187_C8450_attributes.xml"
"M3187","C8450","I2","GJB9461ABHDX","158294","TOP","10","[A155,2924,0,0][A23,157,0,0][C,  028939,0,0]","tl_M3187_C8450_attributes.xml"
"M3187","C8450","I2","GJB9461ABHDX","158294","TOP","11","[A23,154,0,0][A155,2901,0,0]","tl_M3187_C8450_attributes.xml"
"M3187","C8450","I2","GJB9461ABHDX","158294","TOP","12","[A23,157,0,0][A155,2901,0,0][C,  003249,1,0]","tl_M3187_C8450_attributes.xml"
"M3187","C8450","I2","GJB9461ABHDX","158294","TOP","13","[A23,157,0,0][A155,2901,0,0][C,  003250,0,0][C,  018107,1,0]","tl_M3187_C8450_attributes.xml"
"M3187","C8450","I2","GJB9461ABHDX","158294","TOP","14","[A23,157,0,0][A155,2901,0,0][C,  018108,0,0][C,  024686,1,0]","tl_M3187_C8450_attributes.xml"
"M3187","C8450","I2","GJB9461ABHDX","158294","TOP","15","[A23,157,0,0][A155,2901,0,0][C,  024687,0,0][C,  028938,1,0]","tl_M3187_C8450_attributes.xml"
"M3187","C8450","I2","GJB9461ABHDX","158294","TOP","16","[A23,157,0,0][A155,2901,0,0][C,  028939,0,0]","tl_M3187_C8450_attributes.xml"
"M3187","C8450","I2","GJB9461ABHDX","158294","TOP","17","[A23,154,0,0][A155,2908,0,0][C,  018108,0,0][C,  024686,1,0]","tl_M3187_C8450_attributes.xml"
"M3187","C8450","I2","GJB9461ABHDX","158294","TOP","18","[A23,154,0,0][A155,2908,0,0]","tl_M3187_C8450_attributes.xml"
"M3187","C8450","I2","GJB9461ABHDX","158294","TOP","19","[A23,157,0,0][A155,2908,0,0][C,  003249,1,0]","tl_M3187_C8450_attributes.xml"
"M3187","C8450","I2","GJB9461ABHDX","158294","TOP","20","[A23,157,0,0][A155,2908,0,0][C,  003250,0,0][C,  018107,1,0]","tl_M3187_C8450_attributes.xml"
"M3187","C8450","I2","GJB9461ABHDX","158294","TOP","21","[A23,157,0,0][A155,2908,0,0][C,  018108,0,0][C,  024686,1,0]","tl_M3187_C8450_attributes.xml"
"M3187","C8450","I2","GJB9461ABHDX","158294","TOP","22","[A23,157,0,0][A155,2908,0,0][C,  024687,0,0][C,  028938,1,0]","tl_M3187_C8450_attributes.xml"
"M3187","C8450","I2","GJB9461ABHDX","158294","TOP","23","[A23,157,0,0][A155,2908,0,0][C,  028939,0,0]","tl_M3187_C8450_attributes.xml"
"M3187","C8450","I2","GJB9461ABHDX","158294","APPLICATION","1","[A23,157,0,0][A155,2908,0,0][C,  028939,0,0]","Itm_M3187_C8450_I2_attributes.xml"
"M3187","C8450","I3","KRF100001","94626","CATEGORY","1","[A37,615,0,0,1]","pl_id_3187_attributes.xml"
"M3187","C8450","I4","AGU2229SDC","140014","CATEGORY","1","[A37,615,0,0,1]","pl_id_3187_attributes.xml"
"M3187","C8450","I4","AGU2229SDC","140014","TOP","1","[A155,2923,0,0]","tl_M3187_C8450_attributes.xml"
"M3187","C8450","I4","AGU2229SDC","140014","TOP","2","[A156,2816,0,0][A155,2932,0,0]","tl_M3187_C8450_attributes.xml"
"M3187","C8450","I4","AGU2229SDC","140014","TOP","3","[A155,2924,0,0]","tl_M3187_C8450_attributes.xml"
"M3187","C8450","I4","AGU2229SDC","140014","TOP","4","[A155,2909,0,0]","tl_M3187_C8450_attributes.xml"
"M3187","C8450","I4","AGU2229SDC","140014","TOP","5","[A155,2901,0,0]","tl_M3187_C8450_attributes.xml"
"M3187","C8450","I4","AGU2229SDC","140014","TOP","6","[A155,2908,0,0]","tl_M3187_C8450_attributes.xml"
"M3187","C8450","I4","AGU2229SDC","140014","APPLICATION","1","[A155,2932,0,0][A156,2816,0,0]","Itm_M3187_C8450_I4_attributes.xml"
"M3187","C8450","I4","AGU2229LFN","140023","CATEGORY","1","[A37,615,0,0,1]","pl_id_3187_attributes.xml"
"M3187","C8450","I4","AGU2229LFN","140023","TOP","1","[A155,2923,0,0]","tl_M3187_C8450_attributes.xml"
"M3187","C8450","I4","AGU2229LFN","140023","TOP","2","[A156,2816,0,0][A155,2932,0,0]","tl_M3187_C8450_attributes.xml"
"M3187","C8450","I4","AGU2229LFN","140023","TOP","3","[A155,2924,0,0]","tl_M3187_C8450_attributes.xml"
"M3187","C8450","I4","AGU2229LFN","140023","TOP","4","[A155,2909,0,0]","tl_M3187_C8450_attributes.xml"
"M3187","C8450","I4","AGU2229LFN","140023","TOP","5","[A155,2901,0,0]","tl_M3187_C8450_attributes.xml"
"M3187","C8450","I4","AGU2229LFN","140023","TOP","6","[A155,2908,0,0]","tl_M3187_C8450_attributes.xml"
"M3187","C8450","I4","AGU2229LFN","140023","APPLICATION","1","[A155,2924,0,0]","Itm_M3187_C8450_I4_attributes.xml"
"M3187","C8450","I4","AGU2229HFZ","158136","CATEGORY","1","[A37,615,0,0,1]","pl_id_3187_attributes.xml"
"M3187","C8450","I4","AGU2229HFZ","158136","TOP","1","[A155,2923,0,0]","tl_M3187_C8450_attributes.xml"
"M3187","C8450","I4","AGU2229HFZ","158136","TOP","2","[A156,2816,0,0][A155,2932,0,0]","tl_M3187_C8450_attributes.xml"
"M3187","C8450","I4","AGU2229HFZ","158136","TOP","3","[A155,2924,0,0]","tl_M3187_C8450_attributes.xml"
"M3187","C8450","I4","AGU2229HFZ","158136","TOP","4","[A155,2909,0,0]","tl_M3187_C8450_attributes.xml"
"M3187","C8450","I4","AGU2229HFZ","158136","TOP","5","[A155,2901,0,0]","tl_M3187_C8450_attributes.xml"
"M3187","C8450","I4","AGU2229HFZ","158136","TOP","6","[A155,2908,0,0]","tl_M3187_C8450_attributes.xml"
"M3187","C8450","I4","AGU2229HFZ","158136","APPLICATION","1","[A155,2909,0,0]","Itm_M3187_C8450_I4_attributes.xml"
"M3187","C8450","I4","AGU2229AEK","139993","CATEGORY","1","[A37,615,0,0,1]","pl_id_3187_attributes.xml"
"M3187","C8450","I4","AGU2229AEK","139993","TOP","1","[A155,2923,0,0]","tl_M3187_C8450_attributes.xml"
"M3187","C8450","I4","AGU2229AEK","139993","TOP","2","[A156,2816,0,0][A155,2932,0,0]","tl_M3187_C8450_attributes.xml"
"M3187","C8450","I4","AGU2229AEK","139993","TOP","3","[A155,2924,0,0]","tl_M3187_C8450_attributes.xml"
"M3187","C8450","I4","AGU2229AEK","139993","TOP","4","[A155,2909,0,0]","tl_M3187_C8450_attributes.xml"
"M3187","C8450","I4","AGU2229AEK","139993","TOP","5","[A155,2901,0,0]","tl_M3187_C8450_attributes.xml"
"M3187","C8450","I4","AGU2229AEK","139993","TOP","6","[A155,2908,0,0]","tl_M3187_C8450_attributes.xml"
"M3187","C8450","I4","AGU2229AEK","139993","APPLICATION","1","[A155,2901,0,0]","Itm_M3187_C8450_I4_attributes.xml"
"M3187","C8450","I4","AGU2229LFM","158126","CATEGORY","1","[A37,615,0,0,1]","pl_id_3187_attributes.xml"
"M3187","C8450","I4","AGU2229LFM","158126","TOP","1","[A155,2923,0,0]","tl_M3187_C8450_attributes.xml"
"M3187","C8450","I4","AGU2229LFM","158126","TOP","2","[A156,2816,0,0][A155,2932,0,0]","tl_M3187_C8450_attributes.xml"
"M3187","C8450","I4","AGU2229LFM","158126","TOP","3","[A155,2924,0,0]","tl_M3187_C8450_attributes.xml"
"M3187","C8450","I4","AGU2229LFM","158126","TOP","4","[A155,2909,0,0]","tl_M3187_C8450_attributes.xml"
"M3187","C8450","I4","AGU2229LFM","158126","TOP","5","[A155,2901,0,0]","tl_M3187_C8450_attributes.xml"
"M3187","C8450","I4","AGU2229LFM","158126","TOP","6","[A155,2908,0,0]","tl_M3187_C8450_attributes.xml"
"M3187","C8450","I4","AGU2229LFM","158126","APPLICATION","1","[A155,2923,0,0]","Itm_M3187_C8450_I4_attributes.xml"
"M3187","C8450","I4","AGU2229HDX","140005","CATEGORY","1","[A37,615,0,0,1]","pl_id_3187_attributes.xml"
"M3187","C8450","I4","AGU2229HDX","140005","TOP","1","[A155,2923,0,0]","tl_M3187_C8450_attributes.xml"
"M3187","C8450","I4","AGU2229HDX","140005","TOP","2","[A156,2816,0,0][A155,2932,0,0]","tl_M3187_C8450_attributes.xml"
"M3187","C8450","I4","AGU2229HDX","140005","TOP","3","[A155,2924,0,0]","tl_M3187_C8450_attributes.xml"
"M3187","C8450","I4","AGU2229HDX","140005","TOP","4","[A155,2909,0,0]","tl_M3187_C8450_attributes.xml"
"M3187","C8450","I4","AGU2229HDX","140005","TOP","5","[A155,2901,0,0]","tl_M3187_C8450_attributes.xml"
"M3187","C8450","I4","AGU2229HDX","140005","TOP","6","[A155,2908,0,0]","tl_M3187_C8450_attributes.xml"
"M3187","C8450","I4","AGU2229HDX","140005","APPLICATION","1","[A155,2908,0,0]","Itm_M3187_C8450_I4_attributes.xml"
"M3187","C8450","I5","AGU2711","108945","CATEGORY","1","[A37,615,0,0,1]","pl_id_3187_attributes.xml"
"M3187","C8450","I6","GJA9476AB","117450","CATEGORY","1","[A37,615,0,0,1]","pl_id_3187_attributes.xml"
"M3187","C8450","I7","GJB9463BASDC","145062","CATEGORY","1","[A37,615,0,0,1]","pl_id_3187_attributes.xml"
"M3187","C8450","I7","GJB9463BASDC","145062","TOP","1","[A155,2932,0,0][A23,154,0,0][C,  018107,1,0]","tl_M3187_C8450_attributes.xml"
"M3187","C8450","I7","GJB9463BASDC","145062","TOP","2","[A155,2932,0,0][A23,157,0,0][C,  018107,1,0]","tl_M3187_C8450_attributes.xml"
"M3187","C8450","I7","GJB9463BASDC","145062","TOP","3","[A155,2924,0,0][A23,154,0,0]","tl_M3187_C8450_attributes.xml"
"M3187","C8450","I7","GJB9463BASDC","145062","TOP","4","[A155,2924,0,0][A23,154,0,0][C,  024686,1,0]","tl_M3187_C8450_attributes.xml"
"M3187","C8450","I7","GJB9463BASDC","145062","TOP","5","[A155,2924,0,0][A23,154,0,0][C,  024687,0,0]","tl_M3187_C8450_attributes.xml"
"M3187","C8450","I7","GJB9463BASDC","145062","TOP","6","[A155,2924,0,0][A23,157,0,0][C,  024686,1,0]","tl_M3187_C8450_attributes.xml"
"M3187","C8450","I7","GJB9463BASDC","145062","TOP","7","[A155,2924,0,0][A23,157,0,0][C,  024687,0,0]","tl_M3187_C8450_attributes.xml"
"M3187","C8450","I7","GJB9463BASDC","145062","TOP","8","[A155,2924,0,0][A23,157,0,0]","tl_M3187_C8450_attributes.xml"
"M3187","C8450","I7","GJB9463BASDC","145062","TOP","9","[A23,154,0,0][A155,2901,0,0]","tl_M3187_C8450_attributes.xml"
"M3187","C8450","I7","GJB9463BASDC","145062","TOP","10","[A23,154,0,0][A155,2901,0,0][C,  024686,1,0]","tl_M3187_C8450_attributes.xml"
"M3187","C8450","I7","GJB9463BASDC","145062","TOP","11","[A23,154,0,0][A155,2901,0,0][C,  024687,0,0]","tl_M3187_C8450_attributes.xml"
"M3187","C8450","I7","GJB9463BASDC","145062","TOP","12","[A23,157,0,0][A155,2901,0,0][C,  024686,1,0]","tl_M3187_C8450_attributes.xml"
"M3187","C8450","I7","GJB9463BASDC","145062","TOP","13","[A23,157,0,0][A155,2901,0,0][C,  024687,0,0]","tl_M3187_C8450_attributes.xml"
"M3187","C8450","I7","GJB9463BASDC","145062","TOP","14","[A23,157,0,0][A155,2901,0,0]","tl_M3187_C8450_attributes.xml"
"M3187","C8450","I7","GJB9463BASDC","145062","TOP","15","[A23,154,0,0][A155,2908,0,0]","tl_M3187_C8450_attributes.xml"
"M3187","C8450","I7","GJB9463BASDC","145062","TOP","16","[A23,154,0,0][A155,2908,0,0][C,  024686,1,0]","tl_M3187_C8450_attributes.xml"
"M3187","C8450","I7","GJB9463BASDC","145062","TOP","17","[A23,154,0,0][A155,2908,0,0][C,  024687,0,0]","tl_M3187_C8450_attributes.xml"
"M3187","C8450","I7","GJB9463BASDC","145062","TOP","18","[A23,157,0,0][A155,2908,0,0][C,  024686,1,0]","tl_M3187_C8450_attributes.xml"
"M3187","C8450","I7","GJB9463BASDC","145062","TOP","19","[A23,157,0,0][A155,2908,0,0][C,  024687,0,0]","tl_M3187_C8450_attributes.xml"
"M3187","C8450","I7","GJB9463BASDC","145062","TOP","20","[A23,157,0,0][A155,2908,0,0]","tl_M3187_C8450_attributes.xml"
"M3187","C8450","I7","GJB9463BASDC","145062","APPLICATION","1","[A155,2932,0,0][A23,154,0,0][C,  018107,1,0]","Itm_M3187_C8450_I7_attributes.xml"
"M3187","C8450","I7","GJB9462BASDC","145078","CATEGORY","1","[A37,615,0,0,1]","pl_id_3187_attributes.xml"
"M3187","C8450","I7","GJB9462BASDC","145078","TOP","1","[A155,2932,0,0][A23,154,0,0][C,  018107,1,0]","tl_M3187_C8450_attributes.xml"
"M3187","C8450","I7","GJB9462BASDC","145078","TOP","2","[A155,2932,0,0][A23,157,0,0][C,  018107,1,0]","tl_M3187_C8450_attributes.xml"
"M3187","C8450","I7","GJB9462BASDC","145078","TOP","3","[A155,2924,0,0][A23,154,0,0]","tl_M3187_C8450_attributes.xml"
"M3187","C8450","I7","GJB9462BASDC","145078","TOP","4","[A155,2924,0,0][A23,154,0,0][C,  024686,1,0]","tl_M3187_C8450_attributes.xml"
"M3187","C8450","I7","GJB9462BASDC","145078","TOP","5","[A155,2924,0,0][A23,154,0,0][C,  024687,0,0]","tl_M3187_C8450_attributes.xml"
"M3187","C8450","I7","GJB9462BASDC","145078","TOP","6","[A155,2924,0,0][A23,157,0,0][C,  024686,1,0]","tl_M3187_C8450_attributes.xml"
"M3187","C8450","I7","GJB9462BASDC","145078","TOP","7","[A155,2924,0,0][A23,157,0,0][C,  024687,0,0]","tl_M3187_C8450_attributes.xml"
"M3187","C8450","I7","GJB9462BASDC","145078","TOP","8","[A155,2924,0,0][A23,157,0,0]","tl_M3187_C8450_attributes.xml"
"M3187","C8450","I7","GJB9462BASDC","145078","TOP","9","[A23,154,0,0][A155,2901,0,0]","tl_M3187_C8450_attributes.xml"
"M3187","C8450","I7","GJB9462BASDC","145078","TOP","10","[A23,154,0,0][A155,2901,0,0][C,  024686,1,0]","tl_M3187_C8450_attributes.xml"
"M3187","C8450","I7","GJB9462BASDC","145078","TOP","11","[A23,154,0,0][A155,2901,0,0][C,  024687,0,0]","tl_M3187_C8450_attributes.xml"
"M3187","C8450","I7","GJB9462BASDC","145078","TOP","12","[A23,157,0,0][A155,2901,0,0][C,  024686,1,0]","tl_M3187_C8450_attributes.xml"
"M3187","C8450","I7","GJB9462BASDC","145078","TOP","13","[A23,157,0,0][A155,2901,0,0][C,  024687,0,0]","tl_M3187_C8450_attributes.xml"
"M3187","C8450","I7","GJB9462BASDC","145078","TOP","14","[A23,157,0,0][A155,2901,0,0]","tl_M3187_C8450_attributes.xml"
"M3187","C8450","I7","GJB9462BASDC","145078","TOP","15","[A23,154,0,0][A155,2908,0,0]","tl_M3187_C8450_attributes.xml"
"M3187","C8450","I7","GJB9462BASDC","145078","TOP","16","[A23,154,0,0][A155,2908,0,0][C,  024686,1,0]","tl_M3187_C8450_attributes.xml"
"M3187","C8450","I7","GJB9462BASDC","145078","TOP","17","[A23,154,0,0][A155,2908,0,0][C,  024687,0,0]","tl_M3187_C8450_attributes.xml"
"M3187","C8450","I7","GJB9462BASDC","145078","TOP","18","[A23,157,0,0][A155,2908,0,0][C,  024686,1,0]","tl_M3187_C8450_attributes.xml"
"M3187","C8450","I7","GJB9462BASDC","145078","TOP","19","[A23,157,0,0][A155,2908,0,0][C,  024687,0,0]","tl_M3187_C8450_attributes.xml"
"M3187","C8450","I7","GJB9462BASDC","145078","TOP","20","[A23,157,0,0][A155,2908,0,0]","tl_M3187_C8450_attributes.xml"
"M3187","C8450","I7","GJB9462BASDC","145078","APPLICATION","1","[A155,2932,0,0][A23,154,0,0][C,  018107,1,0]","Itm_M3187_C8450_I7_attributes.xml"
"M3187","C8450","I7","GJB9463AASDC","145044","CATEGORY","1","[A37,615,0,0,1]","pl_id_3187_attributes.xml"
"M3187","C8450","I7","GJB9463AASDC","145044","TOP","1","[A155,2932,0,0][A23,154,0,0][C,  018107,1,0]","tl_M3187_C8450_attributes.xml"
"M3187","C8450","I7","GJB9463AASDC","145044","TOP","2","[A155,2932,0,0][A23,157,0,0][C,  018107,1,0]","tl_M3187_C8450_attributes.xml"
"M3187","C8450","I7","GJB9463AASDC","145044","TOP","3","[A155,2924,0,0][A23,154,0,0]","tl_M3187_C8450_attributes.xml"
"M3187","C8450","I7","GJB9463AASDC","145044","TOP","4","[A155,2924,0,0][A23,154,0,0][C,  024686,1,0]","tl_M3187_C8450_attributes.xml"
"M3187","C8450","I7","GJB9463AASDC","145044","TOP","5","[A155,2924,0,0][A23,154,0,0][C,  024687,0,0]","tl_M3187_C8450_attributes.xml"
"M3187","C8450","I7","GJB9463AASDC","145044","TOP","6","[A155,2924,0,0][A23,157,0,0][C,  024686,1,0]","tl_M3187_C8450_attributes.xml"
"M3187","C8450","I7","GJB9463AASDC","145044","TOP","7","[A155,2924,0,0][A23,157,0,0][C,  024687,0,0]","tl_M3187_C8450_attributes.xml"
"M3187","C8450","I7","GJB9463AASDC","145044","TOP","8","[A155,2924,0,0][A23,157,0,0]","tl_M3187_C8450_attributes.xml"
"M3187","C8450","I7","GJB9463AASDC","145044","TOP","9","[A23,154,0,0][A155,2901,0,0]","tl_M3187_C8450_attributes.xml"
"M3187","C8450","I7","GJB9463AASDC","145044","TOP","10","[A23,154,0,0][A155,2901,0,0][C,  024686,1,0]","tl_M3187_C8450_attributes.xml"
"M3187","C8450","I7","GJB9463AASDC","145044","TOP","11","[A23,154,0,0][A155,2901,0,0][C,  024687,0,0]","tl_M3187_C8450_attributes.xml"
"M3187","C8450","I7","GJB9463AASDC","145044","TOP","12","[A23,157,0,0][A155,2901,0,0][C,  024686,1,0]","tl_M3187_C8450_attributes.xml"
"M3187","C8450","I7","GJB9463AASDC","145044","TOP","13","[A23,157,0,0][A155,2901,0,0][C,  024687,0,0]","tl_M3187_C8450_attributes.xml"
"M3187","C8450","I7","GJB9463AASDC","145044","TOP","14","[A23,157,0,0][A155,2901,0,0]","tl_M3187_C8450_attributes.xml"
"M3187","C8450","I7","GJB9463AASDC","145044","TOP","15","[A23,154,0,0][A155,2908,0,0]","tl_M3187_C8450_attributes.xml"
"M3187","C8450","I7","GJB9463AASDC","145044","TOP","16","[A23,154,0,0][A155,2908,0,0][C,  024686,1,0]","tl_M3187_C8450_attributes.xml"
"M3187","C8450","I7","GJB9463AASDC","145044","TOP","17","[A23,154,0,0][A155,2908,0,0][C,  024687,0,0]","tl_M3187_C8450_attributes.xml"
"M3187","C8450","I7","GJB9463AASDC","145044","TOP","18","[A23,157,0,0][A155,2908,0,0][C,  024686,1,0]","tl_M3187_C8450_attributes.xml"
"M3187","C8450","I7","GJB9463AASDC","145044","TOP","19","[A23,157,0,0][A155,2908,0,0][C,  024687,0,0]","tl_M3187_C8450_attributes.xml"
"M3187","C8450","I7","GJB9463AASDC","145044","TOP","20","[A23,157,0,0][A155,2908,0,0]","tl_M3187_C8450_attributes.xml"
"M3187","C8450","I7","GJB9463AASDC","145044","APPLICATION","1","[A155,2932,0,0][A23,157,0,0][C,  018107,1,0]","Itm_M3187_C8450_I7_attributes.xml"
"M3187","C8450","I7","GJB9462AASDC","145034","CATEGORY","1","[A37,615,0,0,1]","pl_id_3187_attributes.xml"
"M3187","C8450","I7","GJB9462AASDC","145034","TOP","1","[A155,2932,0,0][A23,154,0,0][C,  018107,1,0]","tl_M3187_C8450_attributes.xml"
"M3187","C8450","I7","GJB9462AASDC","145034","TOP","2","[A155,2932,0,0][A23,157,0,0][C,  018107,1,0]","tl_M3187_C8450_attributes.xml"
"M3187","C8450","I7","GJB9462AASDC","145034","TOP","3","[A155,2924,0,0][A23,154,0,0]","tl_M3187_C8450_attributes.xml"
"M3187","C8450","I7","GJB9462AASDC","145034","TOP","4","[A155,2924,0,0][A23,154,0,0][C,  024686,1,0]","tl_M3187_C8450_attributes.xml"
"M3187","C8450","I7","GJB9462AASDC","145034","TOP","5","[A155,2924,0,0][A23,154,0,0][C,  024687,0,0]","tl_M3187_C8450_attributes.xml"
"M3187","C8450","I7","GJB9462AASDC","145034","TOP","6","[A155,2924,0,0][A23,157,0,0][C,  024686,1,0]","tl_M3187_C8450_attributes.xml"
"M3187","C8450","I7","GJB9462AASDC","145034","TOP","7","[A155,2924,0,0][A23,157,0,0][C,  024687,0,0]","tl_M3187_C8450_attributes.xml"
"M3187","C8450","I7","GJB9462AASDC","145034","TOP","8","[A155,2924,0,0][A23,157,0,0]","tl_M3187_C8450_attributes.xml"
"M3187","C8450","I7","GJB9462AASDC","145034","TOP","9","[A23,154,0,0][A155,2901,0,0]","tl_M3187_C8450_attributes.xml"
"M3187","C8450","I7","GJB9462AASDC","145034","TOP","10","[A23,154,0,0][A155,2901,0,0][C,  024686,1,0]","tl_M3187_C8450_attributes.xml"
"M3187","C8450","I7","GJB9462AASDC","145034","TOP","11","[A23,154,0,0][A155,2901,0,0][C,  024687,0,0]","tl_M3187_C8450_attributes.xml"
"M3187","C8450","I7","GJB9462AASDC","145034","TOP","12","[A23,157,0,0][A155,2901,0,0][C,  024686,1,0]","tl_M3187_C8450_attributes.xml"
"M3187","C8450","I7","GJB9462AASDC","145034","TOP","13","[A23,157,0,0][A155,2901,0,0][C,  024687,0,0]","tl_M3187_C8450_attributes.xml"
"M3187","C8450","I7","GJB9462AASDC","145034","TOP","14","[A23,157,0,0][A155,2901,0,0]","tl_M3187_C8450_attributes.xml"
"M3187","C8450","I7","GJB9462AASDC","145034","TOP","15","[A23,154,0,0][A155,2908,0,0]","tl_M3187_C8450_attributes.xml"
"M3187","C8450","I7","GJB9462AASDC","145034","TOP","16","[A23,154,0,0][A155,2908,0,0][C,  024686,1,0]","tl_M3187_C8450_attributes.xml"
"M3187","C8450","I7","GJB9462AASDC","145034","TOP","17","[A23,154,0,0][A155,2908,0,0][C,  024687,0,0]","tl_M3187_C8450_attributes.xml"
"M3187","C8450","I7","GJB9462AASDC","145034","TOP","18","[A23,157,0,0][A155,2908,0,0][C,  024686,1,0]","tl_M3187_C8450_attributes.xml"
"M3187","C8450","I7","GJB9462AASDC","145034","TOP","19","[A23,157,0,0][A155,2908,0,0][C,  024687,0,0]","tl_M3187_C8450_attributes.xml"
"M3187","C8450","I7","GJB9462AASDC","145034","TOP","20","[A23,157,0,0][A155,2908,0,0]","tl_M3187_C8450_attributes.xml"
"M3187","C8450","I7","GJB9462AASDC","145034","APPLICATION","1","[A155,2932,0,0][A23,157,0,0][C,  018107,1,0]","Itm_M3187_C8450_I7_attributes.xml"
"M3187","C8450","I7","GJB9463BALFN","145060","CATEGORY","1","[A37,615,0,0,1]","pl_id_3187_attributes.xml"
"M3187","C8450","I7","GJB9463BALFN","145060","TOP","1","[A155,2932,0,0][A23,154,0,0][C,  018107,1,0]","tl_M3187_C8450_attributes.xml"
"M3187","C8450","I7","GJB9463BALFN","145060","TOP","2","[A155,2932,0,0][A23,157,0,0][C,  018107,1,0]","tl_M3187_C8450_attributes.xml"
"M3187","C8450","I7","GJB9463BALFN","145060","TOP","3","[A155,2924,0,0][A23,154,0,0]","tl_M3187_C8450_attributes.xml"
"M3187","C8450","I7","GJB9463BALFN","145060","TOP","4","[A155,2924,0,0][A23,154,0,0][C,  024686,1,0]","tl_M3187_C8450_attributes.xml"
"M3187","C8450","I7","GJB9463BALFN","145060","TOP","5","[A155,2924,0,0][A23,154,0,0][C,  024687,0,0]","tl_M3187_C8450_attributes.xml"
"M3187","C8450","I7","GJB9463BALFN","145060","TOP","6","[A155,2924,0,0][A23,157,0,0][C,  024686,1,0]","tl_M3187_C8450_attributes.xml"
"M3187","C8450","I7","GJB9463BALFN","145060","TOP","7","[A155,2924,0,0][A23,157,0,0][C,  024687,0,0]","tl_M3187_C8450_attributes.xml"
"M3187","C8450","I7","GJB9463BALFN","145060","TOP","8","[A155,2924,0,0][A23,157,0,0]","tl_M3187_C8450_attributes.xml"
"M3187","C8450","I7","GJB9463BALFN","145060","TOP","9","[A23,154,0,0][A155,2901,0,0]","tl_M3187_C8450_attributes.xml"
"M3187","C8450","I7","GJB9463BALFN","145060","TOP","10","[A23,154,0,0][A155,2901,0,0][C,  024686,1,0]","tl_M3187_C8450_attributes.xml"
"M3187","C8450","I7","GJB9463BALFN","145060","TOP","11","[A23,154,0,0][A155,2901,0,0][C,  024687,0,0]","tl_M3187_C8450_attributes.xml"
"M3187","C8450","I7","GJB9463BALFN","145060","TOP","12","[A23,157,0,0][A155,2901,0,0][C,  024686,1,0]","tl_M3187_C8450_attributes.xml"
"M3187","C8450","I7","GJB9463BALFN","145060","TOP","13","[A23,157,0,0][A155,2901,0,0][C,  024687,0,0]","tl_M3187_C8450_attributes.xml"
"M3187","C8450","I7","GJB9463BALFN","145060","TOP","14","[A23,157,0,0][A155,2901,0,0]","tl_M3187_C8450_attributes.xml"
"M3187","C8450","I7","GJB9463BALFN","145060","TOP","15","[A23,154,0,0][A155,2908,0,0]","tl_M3187_C8450_attributes.xml"
"M3187","C8450","I7","GJB9463BALFN","145060","TOP","16","[A23,154,0,0][A155,2908,0,0][C,  024686,1,0]","tl_M3187_C8450_attributes.xml"
"M3187","C8450","I7","GJB9463BALFN","145060","TOP","17","[A23,154,0,0][A155,2908,0,0][C,  024687,0,0]","tl_M3187_C8450_attributes.xml"
"M3187","C8450","I7","GJB9463BALFN","145060","TOP","18","[A23,157,0,0][A155,2908,0,0][C,  024686,1,0]","tl_M3187_C8450_attributes.xml"
"M3187","C8450","I7","GJB9463BALFN","145060","TOP","19","[A23,157,0,0][A155,2908,0,0][C,  024687,0,0]","tl_M3187_C8450_attributes.xml"
"M3187","C8450","I7","GJB9463BALFN","145060","TOP","20","[A23,157,0,0][A155,2908,0,0]","tl_M3187_C8450_attributes.xml"
"M3187","C8450","I7","GJB9463BALFN","145060","APPLICATION","1","[A155,2924,0,0][A23,154,0,0][C,  024686,1,0]","Itm_M3187_C8450_I7_attributes.xml"
"M3187","C8450","I7","GJC9463BALFN","158492","CATEGORY","1","[A37,615,0,0,1]","pl_id_3187_attributes.xml"
"M3187","C8450","I7","GJC9463BALFN","158492","TOP","1","[A155,2932,0,0][A23,154,0,0][C,  018107,1,0]","tl_M3187_C8450_attributes.xml"
"M3187","C8450","I7","GJC9463BALFN","158492","TOP","2","[A155,2932,0,0][A23,157,0,0][C,  018107,1,0]","tl_M3187_C8450_attributes.xml"
"M3187","C8450","I7","GJC9463BALFN","158492","TOP","3","[A155,2924,0,0][A23,154,0,0]","tl_M3187_C8450_attributes.xml"
"M3187","C8450","I7","GJC9463BALFN","158492","TOP","4","[A155,2924,0,0][A23,154,0,0][C,  024686,1,0]","tl_M3187_C8450_attributes.xml"
"M3187","C8450","I7","GJC9463BALFN","158492","TOP","5","[A155,2924,0,0][A23,154,0,0][C,  024687,0,0]","tl_M3187_C8450_attributes.xml"
"M3187","C8450","I7","GJC9463BALFN","158492","TOP","6","[A155,2924,0,0][A23,157,0,0][C,  024686,1,0]","tl_M3187_C8450_attributes.xml"
"M3187","C8450","I7","GJC9463BALFN","158492","TOP","7","[A155,2924,0,0][A23,157,0,0][C,  024687,0,0]","tl_M3187_C8450_attributes.xml"
"M3187","C8450","I7","GJC9463BALFN","158492","TOP","8","[A155,2924,0,0][A23,157,0,0]","tl_M3187_C8450_attributes.xml"
"M3187","C8450","I7","GJC9463BALFN","158492","TOP","9","[A23,154,0,0][A155,2901,0,0]","tl_M3187_C8450_attributes.xml"
"M3187","C8450","I7","GJC9463BALFN","158492","TOP","10","[A23,154,0,0][A155,2901,0,0][C,  024686,1,0]","tl_M3187_C8450_attributes.xml"
"M3187","C8450","I7","GJC9463BALFN","158492","TOP","11","[A23,154,0,0][A155,2901,0,0][C,  024687,0,0]","tl_M3187_C8450_attributes.xml"
"M3187","C8450","I7","GJC9463BALFN","158492","TOP","12","[A23,157,0,0][A155,2901,0,0][C,  024686,1,0]","tl_M3187_C8450_attributes.xml"
"M3187","C8450","I7","GJC9463BALFN","158492","TOP","13","[A23,157,0,0][A155,2901,0,0][C,  024687,0,0]","tl_M3187_C8450_attributes.xml"
"M3187","C8450","I7","GJC9463BALFN","158492","TOP","14","[A23,157,0,0][A155,2901,0,0]","tl_M3187_C8450_attributes.xml"
"M3187","C8450","I7","GJC9463BALFN","158492","TOP","15","[A23,154,0,0][A155,2908,0,0]","tl_M3187_C8450_attributes.xml"
"M3187","C8450","I7","GJC9463BALFN","158492","TOP","16","[A23,154,0,0][A155,2908,0,0][C,  024686,1,0]","tl_M3187_C8450_attributes.xml"
"M3187","C8450","I7","GJC9463BALFN","158492","TOP","17","[A23,154,0,0][A155,2908,0,0][C,  024687,0,0]","tl_M3187_C8450_attributes.xml"
"M3187","C8450","I7","GJC9463BALFN","158492","TOP","18","[A23,157,0,0][A155,2908,0,0][C,  024686,1,0]","tl_M3187_C8450_attributes.xml"
"M3187","C8450","I7","GJC9463BALFN","158492","TOP","19","[A23,157,0,0][A155,2908,0,0][C,  024687,0,0]","tl_M3187_C8450_attributes.xml"
"M3187","C8450","I7","GJC9463BALFN","158492","TOP","20","[A23,157,0,0][A155,2908,0,0]","tl_M3187_C8450_attributes.xml"
"M3187","C8450","I7","GJC9463BALFN","158492","APPLICATION","1","[A155,2924,0,0][A23,154,0,0][C,  024687,0,0]","Itm_M3187_C8450_I7_attributes.xml"
"M3187","C8450","I7","GJB9462BALFN","145070","CATEGORY","1","[A37,615,0,0,1]","pl_id_3187_attributes.xml"
"M3187","C8450","I7","GJB9462BALFN","145070","TOP","1","[A155,2932,0,0][A23,154,0,0][C,  018107,1,0]","tl_M3187_C8450_attributes.xml"
"M3187","C8450","I7","GJB9462BALFN","145070","TOP","2","[A155,2932,0,0][A23,157,0,0][C,  018107,1,0]","tl_M3187_C8450_attributes.xml"
"M3187","C8450","I7","GJB9462BALFN","145070","TOP","3","[A155,2924,0,0][A23,154,0,0]","tl_M3187_C8450_attributes.xml"
"M3187","C8450","I7","GJB9462BALFN","145070","TOP","4","[A155,2924,0,0][A23,154,0,0][C,  024686,1,0]","tl_M3187_C8450_attributes.xml"
"M3187","C8450","I7","GJB9462BALFN","145070","TOP","5","[A155,2924,0,0][A23,154,0,0][C,  024687,0,0]","tl_M3187_C8450_attributes.xml"
"M3187","C8450","I7","GJB9462BALFN","145070","TOP","6","[A155,2924,0,0][A23,157,0,0][C,  024686,1,0]","tl_M3187_C8450_attributes.xml"
"M3187","C8450","I7","GJB9462BALFN","145070","TOP","7","[A155,2924,0,0][A23,157,0,0][C,  024687,0,0]","tl_M3187_C8450_attributes.xml"
"M3187","C8450","I7","GJB9462BALFN","145070","TOP","8","[A155,2924,0,0][A23,157,0,0]","tl_M3187_C8450_attributes.xml"
"M3187","C8450","I7","GJB9462BALFN","145070","TOP","9","[A23,154,0,0][A155,2901,0,0]","tl_M3187_C8450_attributes.xml"
"M3187","C8450","I7","GJB9462BALFN","145070","TOP","10","[A23,154,0,0][A155,2901,0,0][C,  024686,1,0]","tl_M3187_C8450_attributes.xml"
"M3187","C8450","I7","GJB9462BALFN","145070","TOP","11","[A23,154,0,0][A155,2901,0,0][C,  024687,0,0]","tl_M3187_C8450_attributes.xml"
"M3187","C8450","I7","GJB9462BALFN","145070","TOP","12","[A23,157,0,0][A155,2901,0,0][C,  024686,1,0]","tl_M3187_C8450_attributes.xml"
"M3187","C8450","I7","GJB9462BALFN","145070","TOP","13","[A23,157,0,0][A155,2901,0,0][C,  024687,0,0]","tl_M3187_C8450_attributes.xml"
"M3187","C8450","I7","GJB9462BALFN","145070","TOP","14","[A23,157,0,0][A155,2901,0,0]","tl_M3187_C8450_attributes.xml"
"M3187","C8450","I7","GJB9462BALFN","145070","TOP","15","[A23,154,0,0][A155,2908,0,0]","tl_M3187_C8450_attributes.xml"
"M3187","C8450","I7","GJB9462BALFN","145070","TOP","16","[A23,154,0,0][A155,2908,0,0][C,  024686,1,0]","tl_M3187_C8450_attributes.xml"
"M3187","C8450","I7","GJB9462BALFN","145070","TOP","17","[A23,154,0,0][A155,2908,0,0][C,  024687,0,0]","tl_M3187_C8450_attributes.xml"
"M3187","C8450","I7","GJB9462BALFN","145070","TOP","18","[A23,157,0,0][A155,2908,0,0][C,  024686,1,0]","tl_M3187_C8450_attributes.xml"
"M3187","C8450","I7","GJB9462BALFN","145070","TOP","19","[A23,157,0,0][A155,2908,0,0][C,  024687,0,0]","tl_M3187_C8450_attributes.xml"
"M3187","C8450","I7","GJB9462BALFN","145070","TOP","20","[A23,157,0,0][A155,2908,0,0]","tl_M3187_C8450_attributes.xml"
"M3187","C8450","I7","GJB9462BALFN","145070","APPLICATION","1","[A155,2924,0,0][A23,154,0,0]","Itm_M3187_C8450_I7_attributes.xml"
"M3187","C8450","I7","GJB9463AALFN","145040","CATEGORY","1","[A37,615,0,0,1]","pl_id_3187_attributes.xml"
"M3187","C8450","I7","GJB9463AALFN","145040","TOP","1","[A155,2932,0,0][A23,154,0,0][C,  018107,1,0]","tl_M3187_C8450_attributes.xml"
"M3187","C8450","I7","GJB9463AALFN","145040","TOP","2","[A155,2932,0,0][A23,157,0,0][C,  018107,1,0]","tl_M3187_C8450_attributes.xml"
"M3187","C8450","I7","GJB9463AALFN","145040","TOP","3","[A155,2924,0,0][A23,154,0,0]","tl_M3187_C8450_attributes.xml"
"M3187","C8450","I7","GJB9463AALFN","145040","TOP","4","[A155,2924,0,0][A23,154,0,0][C,  024686,1,0]","tl_M3187_C8450_attributes.xml"
"M3187","C8450","I7","GJB9463AALFN","145040","TOP","5","[A155,2924,0,0][A23,154,0,0][C,  024687,0,0]","tl_M3187_C8450_attributes.xml"
"M3187","C8450","I7","GJB9463AALFN","145040","TOP","6","[A155,2924,0,0][A23,157,0,0][C,  024686,1,0]","tl_M3187_C8450_attributes.xml"
"M3187","C8450","I7","GJB9463AALFN","145040","TOP","7","[A155,2924,0,0][A23,157,0,0][C,  024687,0,0]","tl_M3187_C8450_attributes.xml"
"M3187","C8450","I7","GJB9463AALFN","145040","TOP","8","[A155,2924,0,0][A23,157,0,0]","tl_M3187_C8450_attributes.xml"
"M3187","C8450","I7","GJB9463AALFN","145040","TOP","9","[A23,154,0,0][A155,2901,0,0]","tl_M3187_C8450_attributes.xml"
"M3187","C8450","I7","GJB9463AALFN","145040","TOP","10","[A23,154,0,0][A155,2901,0,0][C,  024686,1,0]","tl_M3187_C8450_attributes.xml"
"M3187","C8450","I7","GJB9463AALFN","145040","TOP","11","[A23,154,0,0][A155,2901,0,0][C,  024687,0,0]","tl_M3187_C8450_attributes.xml"
"M3187","C8450","I7","GJB9463AALFN","145040","TOP","12","[A23,157,0,0][A155,2901,0,0][C,  024686,1,0]","tl_M3187_C8450_attributes.xml"
"M3187","C8450","I7","GJB9463AALFN","145040","TOP","13","[A23,157,0,0][A155,2901,0,0][C,  024687,0,0]","tl_M3187_C8450_attributes.xml"
"M3187","C8450","I7","GJB9463AALFN","145040","TOP","14","[A23,157,0,0][A155,2901,0,0]","tl_M3187_C8450_attributes.xml"
"M3187","C8450","I7","GJB9463AALFN","145040","TOP","15","[A23,154,0,0][A155,2908,0,0]","tl_M3187_C8450_attributes.xml"
"M3187","C8450","I7","GJB9463AALFN","145040","TOP","16","[A23,154,0,0][A155,2908,0,0][C,  024686,1,0]","tl_M3187_C8450_attributes.xml"
"M3187","C8450","I7","GJB9463AALFN","145040","TOP","17","[A23,154,0,0][A155,2908,0,0][C,  024687,0,0]","tl_M3187_C8450_attributes.xml"
"M3187","C8450","I7","GJB9463AALFN","145040","TOP","18","[A23,157,0,0][A155,2908,0,0][C,  024686,1,0]","tl_M3187_C8450_attributes.xml"
"M3187","C8450","I7","GJB9463AALFN","145040","TOP","19","[A23,157,0,0][A155,2908,0,0][C,  024687,0,0]","tl_M3187_C8450_attributes.xml"
"M3187","C8450","I7","GJB9463AALFN","145040","TOP","20","[A23,157,0,0][A155,2908,0,0]","tl_M3187_C8450_attributes.xml"
"M3187","C8450","I7","GJB9463AALFN","145040","APPLICATION","1","[A155,2924,0,0][A23,157,0,0]","Itm_M3187_C8450_I7_attributes.xml"
"M3187","C8450","I7","GJB9462AALFN","145032","CATEGORY","1","[A37,615,0,0,1]","pl_id_3187_attributes.xml"
"M3187","C8450","I7","GJB9462AALFN","145032","TOP","1","[A155,2932,0,0][A23,154,0,0][C,  018107,1,0]","tl_M3187_C8450_attributes.xml"
"M3187","C8450","I7","GJB9462AALFN","145032","TOP","2","[A155,2932,0,0][A23,157,0,0][C,  018107,1,0]","tl_M3187_C8450_attributes.xml"
"M3187","C8450","I7","GJB9462AALFN","145032","TOP","3","[A155,2924,0,0][A23,154,0,0]","tl_M3187_C8450_attributes.xml"
"M3187","C8450","I7","GJB9462AALFN","145032","TOP","4","[A155,2924,0,0][A23,154,0,0][C,  024686,1,0]","tl_M3187_C8450_attributes.xml"
"M3187","C8450","I7","GJB9462AALFN","145032","TOP","5","[A155,2924,0,0][A23,154,0,0][C,  024687,0,0]","tl_M3187_C8450_attributes.xml"
"M3187","C8450","I7","GJB9462AALFN","145032","TOP","6","[A155,2924,0,0][A23,157,0,0][C,  024686,1,0]","tl_M3187_C8450_attributes.xml"
"M3187","C8450","I7","GJB9462AALFN","145032","TOP","7","[A155,2924,0,0][A23,157,0,0][C,  024687,0,0]","tl_M3187_C8450_attributes.xml"
"M3187","C8450","I7","GJB9462AALFN","145032","TOP","8","[A155,2924,0,0][A23,157,0,0]","tl_M3187_C8450_attributes.xml"
"M3187","C8450","I7","GJB9462AALFN","145032","TOP","9","[A23,154,0,0][A155,2901,0,0]","tl_M3187_C8450_attributes.xml"
"M3187","C8450","I7","GJB9462AALFN","145032","TOP","10","[A23,154,0,0][A155,2901,0,0][C,  024686,1,0]","tl_M3187_C8450_attributes.xml"
"M3187","C8450","I7","GJB9462AALFN","145032","TOP","11","[A23,154,0,0][A155,2901,0,0][C,  024687,0,0]","tl_M3187_C8450_attributes.xml"
"M3187","C8450","I7","GJB9462AALFN","145032","TOP","12","[A23,157,0,0][A155,2901,0,0][C,  024686,1,0]","tl_M3187_C8450_attributes.xml"
"M3187","C8450","I7","GJB9462AALFN","145032","TOP","13","[A23,157,0,0][A155,2901,0,0][C,  024687,0,0]","tl_M3187_C8450_attributes.xml"
"M3187","C8450","I7","GJB9462AALFN","145032","TOP","14","[A23,157,0,0][A155,2901,0,0]","tl_M3187_C8450_attributes.xml"
"M3187","C8450","I7","GJB9462AALFN","145032","TOP","15","[A23,154,0,0][A155,2908,0,0]","tl_M3187_C8450_attributes.xml"
"M3187","C8450","I7","GJB9462AALFN","145032","TOP","16","[A23,154,0,0][A155,2908,0,0][C,  024686,1,0]","tl_M3187_C8450_attributes.xml"
"M3187","C8450","I7","GJB9462AALFN","145032","TOP","17","[A23,154,0,0][A155,2908,0,0][C,  024687,0,0]","tl_M3187_C8450_attributes.xml"
"M3187","C8450","I7","GJB9462AALFN","145032","TOP","18","[A23,157,0,0][A155,2908,0,0][C,  024686,1,0]","tl_M3187_C8450_attributes.xml"
"M3187","C8450","I7","GJB9462AALFN","145032","TOP","19","[A23,157,0,0][A155,2908,0,0][C,  024687,0,0]","tl_M3187_C8450_attributes.xml"
"M3187","C8450","I7","GJB9462AALFN","145032","TOP","20","[A23,157,0,0][A155,2908,0,0]","tl_M3187_C8450_attributes.xml"
"M3187","C8450","I7","GJB9462AALFN","145032","APPLICATION","1","[A155,2924,0,0][A23,157,0,0][C,  024686,1,0]","Itm_M3187_C8450_I7_attributes.xml"
"M3187","C8450","I7","GJC9462AALFN","158483","CATEGORY","1","[A37,615,0,0,1]","pl_id_3187_attributes.xml"
"M3187","C8450","I7","GJC9462AALFN","158483","TOP","1","[A155,2932,0,0][A23,154,0,0][C,  018107,1,0]","tl_M3187_C8450_attributes.xml"
"M3187","C8450","I7","GJC9462AALFN","158483","TOP","2","[A155,2932,0,0][A23,157,0,0][C,  018107,1,0]","tl_M3187_C8450_attributes.xml"
"M3187","C8450","I7","GJC9462AALFN","158483","TOP","3","[A155,2924,0,0][A23,154,0,0]","tl_M3187_C8450_attributes.xml"
"M3187","C8450","I7","GJC9462AALFN","158483","TOP","4","[A155,2924,0,0][A23,154,0,0][C,  024686,1,0]","tl_M3187_C8450_attributes.xml"
"M3187","C8450","I7","GJC9462AALFN","158483","TOP","5","[A155,2924,0,0][A23,154,0,0][C,  024687,0,0]","tl_M3187_C8450_attributes.xml"
"M3187","C8450","I7","GJC9462AALFN","158483","TOP","6","[A155,2924,0,0][A23,157,0,0][C,  024686,1,0]","tl_M3187_C8450_attributes.xml"
"M3187","C8450","I7","GJC9462AALFN","158483","TOP","7","[A155,2924,0,0][A23,157,0,0][C,  024687,0,0]","tl_M3187_C8450_attributes.xml"
"M3187","C8450","I7","GJC9462AALFN","158483","TOP","8","[A155,2924,0,0][A23,157,0,0]","tl_M3187_C8450_attributes.xml"
"M3187","C8450","I7","GJC9462AALFN","158483","TOP","9","[A23,154,0,0][A155,2901,0,0]","tl_M3187_C8450_attributes.xml"
"M3187","C8450","I7","GJC9462AALFN","158483","TOP","10","[A23,154,0,0][A155,2901,0,0][C,  024686,1,0]","tl_M3187_C8450_attributes.xml"
"M3187","C8450","I7","GJC9462AALFN","158483","TOP","11","[A23,154,0,0][A155,2901,0,0][C,  024687,0,0]","tl_M3187_C8450_attributes.xml"
"M3187","C8450","I7","GJC9462AALFN","158483","TOP","12","[A23,157,0,0][A155,2901,0,0][C,  024686,1,0]","tl_M3187_C8450_attributes.xml"
"M3187","C8450","I7","GJC9462AALFN","158483","TOP","13","[A23,157,0,0][A155,2901,0,0][C,  024687,0,0]","tl_M3187_C8450_attributes.xml"
"M3187","C8450","I7","GJC9462AALFN","158483","TOP","14","[A23,157,0,0][A155,2901,0,0]","tl_M3187_C8450_attributes.xml"
"M3187","C8450","I7","GJC9462AALFN","158483","TOP","15","[A23,154,0,0][A155,2908,0,0]","tl_M3187_C8450_attributes.xml"
"M3187","C8450","I7","GJC9462AALFN","158483","TOP","16","[A23,154,0,0][A155,2908,0,0][C,  024686,1,0]","tl_M3187_C8450_attributes.xml"
"M3187","C8450","I7","GJC9462AALFN","158483","TOP","17","[A23,154,0,0][A155,2908,0,0][C,  024687,0,0]","tl_M3187_C8450_attributes.xml"
"M3187","C8450","I7","GJC9462AALFN","158483","TOP","18","[A23,157,0,0][A155,2908,0,0][C,  024686,1,0]","tl_M3187_C8450_attributes.xml"
"M3187","C8450","I7","GJC9462AALFN","158483","TOP","19","[A23,157,0,0][A155,2908,0,0][C,  024687,0,0]","tl_M3187_C8450_attributes.xml"
"M3187","C8450","I7","GJC9462AALFN","158483","TOP","20","[A23,157,0,0][A155,2908,0,0]","tl_M3187_C8450_attributes.xml"
"M3187","C8450","I7","GJC9462AALFN","158483","APPLICATION","1","[A155,2924,0,0][A23,157,0,0][C,  024687,0,0]","Itm_M3187_C8450_I7_attributes.xml"
"M3187","C8450","I7","GJB9463BAAEK","145064","CATEGORY","1","[A37,615,0,0,1]","pl_id_3187_attributes.xml"
"M3187","C8450","I7","GJB9463BAAEK","145064","TOP","1","[A155,2932,0,0][A23,154,0,0][C,  018107,1,0]","tl_M3187_C8450_attributes.xml"
"M3187","C8450","I7","GJB9463BAAEK","145064","TOP","2","[A155,2932,0,0][A23,157,0,0][C,  018107,1,0]","tl_M3187_C8450_attributes.xml"
"M3187","C8450","I7","GJB9463BAAEK","145064","TOP","3","[A155,2924,0,0][A23,154,0,0]","tl_M3187_C8450_attributes.xml"
"M3187","C8450","I7","GJB9463BAAEK","145064","TOP","4","[A155,2924,0,0][A23,154,0,0][C,  024686,1,0]","tl_M3187_C8450_attributes.xml"
"M3187","C8450","I7","GJB9463BAAEK","145064","TOP","5","[A155,2924,0,0][A23,154,0,0][C,  024687,0,0]","tl_M3187_C8450_attributes.xml"
"M3187","C8450","I7","GJB9463BAAEK","145064","TOP","6","[A155,2924,0,0][A23,157,0,0][C,  024686,1,0]","tl_M3187_C8450_attributes.xml"
"M3187","C8450","I7","GJB9463BAAEK","145064","TOP","7","[A155,2924,0,0][A23,157,0,0][C,  024687,0,0]","tl_M3187_C8450_attributes.xml"
"M3187","C8450","I7","GJB9463BAAEK","145064","TOP","8","[A155,2924,0,0][A23,157,0,0]","tl_M3187_C8450_attributes.xml"
"M3187","C8450","I7","GJB9463BAAEK","145064","TOP","9","[A23,154,0,0][A155,2901,0,0]","tl_M3187_C8450_attributes.xml"
"M3187","C8450","I7","GJB9463BAAEK","145064","TOP","10","[A23,154,0,0][A155,2901,0,0][C,  024686,1,0]","tl_M3187_C8450_attributes.xml"
"M3187","C8450","I7","GJB9463BAAEK","145064","TOP","11","[A23,154,0,0][A155,2901,0,0][C,  024687,0,0]","tl_M3187_C8450_attributes.xml"
"M3187","C8450","I7","GJB9463BAAEK","145064","TOP","12","[A23,157,0,0][A155,2901,0,0][C,  024686,1,0]","tl_M3187_C8450_attributes.xml"
"M3187","C8450","I7","GJB9463BAAEK","145064","TOP","13","[A23,157,0,0][A155,2901,0,0][C,  024687,0,0]","tl_M3187_C8450_attributes.xml"
"M3187","C8450","I7","GJB9463BAAEK","145064","TOP","14","[A23,157,0,0][A155,2901,0,0]","tl_M3187_C8450_attributes.xml"
"M3187","C8450","I7","GJB9463BAAEK","145064","TOP","15","[A23,154,0,0][A155,2908,0,0]","tl_M3187_C8450_attributes.xml"
"M3187","C8450","I7","GJB9463BAAEK","145064","TOP","16","[A23,154,0,0][A155,2908,0,0][C,  024686,1,0]","tl_M3187_C8450_attributes.xml"
"M3187","C8450","I7","GJB9463BAAEK","145064","TOP","17","[A23,154,0,0][A155,2908,0,0][C,  024687,0,0]","tl_M3187_C8450_attributes.xml"
"M3187","C8450","I7","GJB9463BAAEK","145064","TOP","18","[A23,157,0,0][A155,2908,0,0][C,  024686,1,0]","tl_M3187_C8450_attributes.xml"
"M3187","C8450","I7","GJB9463BAAEK","145064","TOP","19","[A23,157,0,0][A155,2908,0,0][C,  024687,0,0]","tl_M3187_C8450_attributes.xml"
"M3187","C8450","I7","GJB9463BAAEK","145064","TOP","20","[A23,157,0,0][A155,2908,0,0]","tl_M3187_C8450_attributes.xml"
"M3187","C8450","I7","GJB9463BAAEK","145064","APPLICATION","1","[A23,154,0,0][A155,2901,0,0][C,  024686,1,0]","Itm_M3187_C8450_I7_attributes.xml"
"M3187","C8450","I7","GJC9463BAAEK","158487","CATEGORY","1","[A37,615,0,0,1]","pl_id_3187_attributes.xml"
"M3187","C8450","I7","GJC9463BAAEK","158487","TOP","1","[A155,2932,0,0][A23,154,0,0][C,  018107,1,0]","tl_M3187_C8450_attributes.xml"
"M3187","C8450","I7","GJC9463BAAEK","158487","TOP","2","[A155,2932,0,0][A23,157,0,0][C,  018107,1,0]","tl_M3187_C8450_attributes.xml"
"M3187","C8450","I7","GJC9463BAAEK","158487","TOP","3","[A155,2924,0,0][A23,154,0,0]","tl_M3187_C8450_attributes.xml"
"M3187","C8450","I7","GJC9463BAAEK","158487","TOP","4","[A155,2924,0,0][A23,154,0,0][C,  024686,1,0]","tl_M3187_C8450_attributes.xml"
"M3187","C8450","I7","GJC9463BAAEK","158487","TOP","5","[A155,2924,0,0][A23,154,0,0][C,  024687,0,0]","tl_M3187_C8450_attributes.xml"
"M3187","C8450","I7","GJC9463BAAEK","158487","TOP","6","[A155,2924,0,0][A23,157,0,0][C,  024686,1,0]","tl_M3187_C8450_attributes.xml"
"M3187","C8450","I7","GJC9463BAAEK","158487","TOP","7","[A155,2924,0,0][A23,157,0,0][C,  024687,0,0]","tl_M3187_C8450_attributes.xml"
"M3187","C8450","I7","GJC9463BAAEK","158487","TOP","8","[A155,2924,0,0][A23,157,0,0]","tl_M3187_C8450_attributes.xml"
"M3187","C8450","I7","GJC9463BAAEK","158487","TOP","9","[A23,154,0,0][A155,2901,0,0]","tl_M3187_C8450_attributes.xml"
"M3187","C8450","I7","GJC9463BAAEK","158487","TOP","10","[A23,154,0,0][A155,2901,0,0][C,  024686,1,0]","tl_M3187_C8450_attributes.xml"
"M3187","C8450","I7","GJC9463BAAEK","158487","TOP","11","[A23,154,0,0][A155,2901,0,0][C,  024687,0,0]","tl_M3187_C8450_attributes.xml"
"M3187","C8450","I7","GJC9463BAAEK","158487","TOP","12","[A23,157,0,0][A155,2901,0,0][C,  024686,1,0]","tl_M3187_C8450_attributes.xml"
"M3187","C8450","I7","GJC9463BAAEK","158487","TOP","13","[A23,157,0,0][A155,2901,0,0][C,  024687,0,0]","tl_M3187_C8450_attributes.xml"
"M3187","C8450","I7","GJC9463BAAEK","158487","TOP","14","[A23,157,0,0][A155,2901,0,0]","tl_M3187_C8450_attributes.xml"
"M3187","C8450","I7","GJC9463BAAEK","158487","TOP","15","[A23,154,0,0][A155,2908,0,0]","tl_M3187_C8450_attributes.xml"
"M3187","C8450","I7","GJC9463BAAEK","158487","TOP","16","[A23,154,0,0][A155,2908,0,0][C,  024686,1,0]","tl_M3187_C8450_attributes.xml"
"M3187","C8450","I7","GJC9463BAAEK","158487","TOP","17","[A23,154,0,0][A155,2908,0,0][C,  024687,0,0]","tl_M3187_C8450_attributes.xml"
"M3187","C8450","I7","GJC9463BAAEK","158487","TOP","18","[A23,157,0,0][A155,2908,0,0][C,  024686,1,0]","tl_M3187_C8450_attributes.xml"
"M3187","C8450","I7","GJC9463BAAEK","158487","TOP","19","[A23,157,0,0][A155,2908,0,0][C,  024687,0,0]","tl_M3187_C8450_attributes.xml"
"M3187","C8450","I7","GJC9463BAAEK","158487","TOP","20","[A23,157,0,0][A155,2908,0,0]","tl_M3187_C8450_attributes.xml"
"M3187","C8450","I7","GJC9463BAAEK","158487","APPLICATION","1","[A23,154,0,0][A155,2901,0,0][C,  024687,0,0]","Itm_M3187_C8450_I7_attributes.xml"
"M3187","C8450","I7","GJB9462BAAEK","145082","CATEGORY","1","[A37,615,0,0,1]","pl_id_3187_attributes.xml"
"M3187","C8450","I7","GJB9462BAAEK","145082","TOP","1","[A155,2932,0,0][A23,154,0,0][C,  018107,1,0]","tl_M3187_C8450_attributes.xml"
"M3187","C8450","I7","GJB9462BAAEK","145082","TOP","2","[A155,2932,0,0][A23,157,0,0][C,  018107,1,0]","tl_M3187_C8450_attributes.xml"
"M3187","C8450","I7","GJB9462BAAEK","145082","TOP","3","[A155,2924,0,0][A23,154,0,0]","tl_M3187_C8450_attributes.xml"
"M3187","C8450","I7","GJB9462BAAEK","145082","TOP","4","[A155,2924,0,0][A23,154,0,0][C,  024686,1,0]","tl_M3187_C8450_attributes.xml"
"M3187","C8450","I7","GJB9462BAAEK","145082","TOP","5","[A155,2924,0,0][A23,154,0,0][C,  024687,0,0]","tl_M3187_C8450_attributes.xml"
"M3187","C8450","I7","GJB9462BAAEK","145082","TOP","6","[A155,2924,0,0][A23,157,0,0][C,  024686,1,0]","tl_M3187_C8450_attributes.xml"
"M3187","C8450","I7","GJB9462BAAEK","145082","TOP","7","[A155,2924,0,0][A23,157,0,0][C,  024687,0,0]","tl_M3187_C8450_attributes.xml"
"M3187","C8450","I7","GJB9462BAAEK","145082","TOP","8","[A155,2924,0,0][A23,157,0,0]","tl_M3187_C8450_attributes.xml"
"M3187","C8450","I7","GJB9462BAAEK","145082","TOP","9","[A23,154,0,0][A155,2901,0,0]","tl_M3187_C8450_attributes.xml"
"M3187","C8450","I7","GJB9462BAAEK","145082","TOP","10","[A23,154,0,0][A155,2901,0,0][C,  024686,1,0]","tl_M3187_C8450_attributes.xml"
"M3187","C8450","I7","GJB9462BAAEK","145082","TOP","11","[A23,154,0,0][A155,2901,0,0][C,  024687,0,0]","tl_M3187_C8450_attributes.xml"
"M3187","C8450","I7","GJB9462BAAEK","145082","TOP","12","[A23,157,0,0][A155,2901,0,0][C,  024686,1,0]","tl_M3187_C8450_attributes.xml"
"M3187","C8450","I7","GJB9462BAAEK","145082","TOP","13","[A23,157,0,0][A155,2901,0,0][C,  024687,0,0]","tl_M3187_C8450_attributes.xml"
"M3187","C8450","I7","GJB9462BAAEK","145082","TOP","14","[A23,157,0,0][A155,2901,0,0]","tl_M3187_C8450_attributes.xml"
"M3187","C8450","I7","GJB9462BAAEK","145082","TOP","15","[A23,154,0,0][A155,2908,0,0]","tl_M3187_C8450_attributes.xml"
"M3187","C8450","I7","GJB9462BAAEK","145082","TOP","16","[A23,154,0,0][A155,2908,0,0][C,  024686,1,0]","tl_M3187_C8450_attributes.xml"
"M3187","C8450","I7","GJB9462BAAEK","145082","TOP","17","[A23,154,0,0][A155,2908,0,0][C,  024687,0,0]","tl_M3187_C8450_attributes.xml"
"M3187","C8450","I7","GJB9462BAAEK","145082","TOP","18","[A23,157,0,0][A155,2908,0,0][C,  024686,1,0]","tl_M3187_C8450_attributes.xml"
"M3187","C8450","I7","GJB9462BAAEK","145082","TOP","19","[A23,157,0,0][A155,2908,0,0][C,  024687,0,0]","tl_M3187_C8450_attributes.xml"
"M3187","C8450","I7","GJB9462BAAEK","145082","TOP","20","[A23,157,0,0][A155,2908,0,0]","tl_M3187_C8450_attributes.xml"
"M3187","C8450","I7","GJB9462BAAEK","145082","APPLICATION","1","[A23,154,0,0][A155,2901,0,0]","Itm_M3187_C8450_I7_attributes.xml"
"M3187","C8450","I7","GJB9463AAAEK","145046","CATEGORY","1","[A37,615,0,0,1]","pl_id_3187_attributes.xml"
"M3187","C8450","I7","GJB9463AAAEK","145046","TOP","1","[A155,2932,0,0][A23,154,0,0][C,  018107,1,0]","tl_M3187_C8450_attributes.xml"
"M3187","C8450","I7","GJB9463AAAEK","145046","TOP","2","[A155,2932,0,0][A23,157,0,0][C,  018107,1,0]","tl_M3187_C8450_attributes.xml"
"M3187","C8450","I7","GJB9463AAAEK","145046","TOP","3","[A155,2924,0,0][A23,154,0,0]","tl_M3187_C8450_attributes.xml"
"M3187","C8450","I7","GJB9463AAAEK","145046","TOP","4","[A155,2924,0,0][A23,154,0,0][C,  024686,1,0]","tl_M3187_C8450_attributes.xml"
"M3187","C8450","I7","GJB9463AAAEK","145046","TOP","5","[A155,2924,0,0][A23,154,0,0][C,  024687,0,0]","tl_M3187_C8450_attributes.xml"
"M3187","C8450","I7","GJB9463AAAEK","145046","TOP","6","[A155,2924,0,0][A23,157,0,0][C,  024686,1,0]","tl_M3187_C8450_attributes.xml"
"M3187","C8450","I7","GJB9463AAAEK","145046","TOP","7","[A155,2924,0,0][A23,157,0,0][C,  024687,0,0]","tl_M3187_C8450_attributes.xml"
"M3187","C8450","I7","GJB9463AAAEK","145046","TOP","8","[A155,2924,0,0][A23,157,0,0]","tl_M3187_C8450_attributes.xml"
"M3187","C8450","I7","GJB9463AAAEK","145046","TOP","9","[A23,154,0,0][A155,2901,0,0]","tl_M3187_C8450_attributes.xml"
"M3187","C8450","I7","GJB9463AAAEK","145046","TOP","10","[A23,154,0,0][A155,2901,0,0][C,  024686,1,0]","tl_M3187_C8450_attributes.xml"
"M3187","C8450","I7","GJB9463AAAEK","145046","TOP","11","[A23,154,0,0][A155,2901,0,0][C,  024687,0,0]","tl_M3187_C8450_attributes.xml"
"M3187","C8450","I7","GJB9463AAAEK","145046","TOP","12","[A23,157,0,0][A155,2901,0,0][C,  024686,1,0]","tl_M3187_C8450_attributes.xml"
"M3187","C8450","I7","GJB9463AAAEK","145046","TOP","13","[A23,157,0,0][A155,2901,0,0][C,  024687,0,0]","tl_M3187_C8450_attributes.xml"
"M3187","C8450","I7","GJB9463AAAEK","145046","TOP","14","[A23,157,0,0][A155,2901,0,0]","tl_M3187_C8450_attributes.xml"
"M3187","C8450","I7","GJB9463AAAEK","145046","TOP","15","[A23,154,0,0][A155,2908,0,0]","tl_M3187_C8450_attributes.xml"
"M3187","C8450","I7","GJB9463AAAEK","145046","TOP","16","[A23,154,0,0][A155,2908,0,0][C,  024686,1,0]","tl_M3187_C8450_attributes.xml"
"M3187","C8450","I7","GJB9463AAAEK","145046","TOP","17","[A23,154,0,0][A155,2908,0,0][C,  024687,0,0]","tl_M3187_C8450_attributes.xml"
"M3187","C8450","I7","GJB9463AAAEK","145046","TOP","18","[A23,157,0,0][A155,2908,0,0][C,  024686,1,0]","tl_M3187_C8450_attributes.xml"
"M3187","C8450","I7","GJB9463AAAEK","145046","TOP","19","[A23,157,0,0][A155,2908,0,0][C,  024687,0,0]","tl_M3187_C8450_attributes.xml"
"M3187","C8450","I7","GJB9463AAAEK","145046","TOP","20","[A23,157,0,0][A155,2908,0,0]","tl_M3187_C8450_attributes.xml"
"M3187","C8450","I7","GJB9463AAAEK","145046","APPLICATION","1","[A23,157,0,0][A155,2901,0,0]","Itm_M3187_C8450_I7_attributes.xml"
"M3187","C8450","I7","GJB9462AAAEK","145036","CATEGORY","1","[A37,615,0,0,1]","pl_id_3187_attributes.xml"
"M3187","C8450","I7","GJB9462AAAEK","145036","TOP","1","[A155,2932,0,0][A23,154,0,0][C,  018107,1,0]","tl_M3187_C8450_attributes.xml"
"M3187","C8450","I7","GJB9462AAAEK","145036","TOP","2","[A155,2932,0,0][A23,157,0,0][C,  018107,1,0]","tl_M3187_C8450_attributes.xml"
"M3187","C8450","I7","GJB9462AAAEK","145036","TOP","3","[A155,2924,0,0][A23,154,0,0]","tl_M3187_C8450_attributes.xml"
"M3187","C8450","I7","GJB9462AAAEK","145036","TOP","4","[A155,2924,0,0][A23,154,0,0][C,  024686,1,0]","tl_M3187_C8450_attributes.xml"
"M3187","C8450","I7","GJB9462AAAEK","145036","TOP","5","[A155,2924,0,0][A23,154,0,0][C,  024687,0,0]","tl_M3187_C8450_attributes.xml"
"M3187","C8450","I7","GJB9462AAAEK","145036","TOP","6","[A155,2924,0,0][A23,157,0,0][C,  024686,1,0]","tl_M3187_C8450_attributes.xml"
"M3187","C8450","I7","GJB9462AAAEK","145036","TOP","7","[A155,2924,0,0][A23,157,0,0][C,  024687,0,0]","tl_M3187_C8450_attributes.xml"
"M3187","C8450","I7","GJB9462AAAEK","145036","TOP","8","[A155,2924,0,0][A23,157,0,0]","tl_M3187_C8450_attributes.xml"
"M3187","C8450","I7","GJB9462AAAEK","145036","TOP","9","[A23,154,0,0][A155,2901,0,0]","tl_M3187_C8450_attributes.xml"
"M3187","C8450","I7","GJB9462AAAEK","145036","TOP","10","[A23,154,0,0][A155,2901,0,0][C,  024686,1,0]","tl_M3187_C8450_attributes.xml"
"M3187","C8450","I7","GJB9462AAAEK","145036","TOP","11","[A23,154,0,0][A155,2901,0,0][C,  024687,0,0]","tl_M3187_C8450_attributes.xml"
"M3187","C8450","I7","GJB9462AAAEK","145036","TOP","12","[A23,157,0,0][A155,2901,0,0][C,  024686,1,0]","tl_M3187_C8450_attributes.xml"
"M3187","C8450","I7","GJB9462AAAEK","145036","TOP","13","[A23,157,0,0][A155,2901,0,0][C,  024687,0,0]","tl_M3187_C8450_attributes.xml"
"M3187","C8450","I7","GJB9462AAAEK","145036","TOP","14","[A23,157,0,0][A155,2901,0,0]","tl_M3187_C8450_attributes.xml"
"M3187","C8450","I7","GJB9462AAAEK","145036","TOP","15","[A23,154,0,0][A155,2908,0,0]","tl_M3187_C8450_attributes.xml"
"M3187","C8450","I7","GJB9462AAAEK","145036","TOP","16","[A23,154,0,0][A155,2908,0,0][C,  024686,1,0]","tl_M3187_C8450_attributes.xml"
"M3187","C8450","I7","GJB9462AAAEK","145036","TOP","17","[A23,154,0,0][A155,2908,0,0][C,  024687,0,0]","tl_M3187_C8450_attributes.xml"
"M3187","C8450","I7","GJB9462AAAEK","145036","TOP","18","[A23,157,0,0][A155,2908,0,0][C,  024686,1,0]","tl_M3187_C8450_attributes.xml"
"M3187","C8450","I7","GJB9462AAAEK","145036","TOP","19","[A23,157,0,0][A155,2908,0,0][C,  024687,0,0]","tl_M3187_C8450_attributes.xml"
"M3187","C8450","I7","GJB9462AAAEK","145036","TOP","20","[A23,157,0,0][A155,2908,0,0]","tl_M3187_C8450_attributes.xml"
"M3187","C8450","I7","GJB9462AAAEK","145036","APPLICATION","1","[A23,157,0,0][A155,2901,0,0][C,  024686,1,0]","Itm_M3187_C8450_I7_attributes.xml"
"M3187","C8450","I7","GJC9462AAAEK","158479","CATEGORY","1","[A37,615,0,0,1]","pl_id_3187_attributes.xml"
"M3187","C8450","I7","GJC9462AAAEK","158479","TOP","1","[A155,2932,0,0][A23,154,0,0][C,  018107,1,0]","tl_M3187_C8450_attributes.xml"
"M3187","C8450","I7","GJC9462AAAEK","158479","TOP","2","[A155,2932,0,0][A23,157,0,0][C,  018107,1,0]","tl_M3187_C8450_attributes.xml"
"M3187","C8450","I7","GJC9462AAAEK","158479","TOP","3","[A155,2924,0,0][A23,154,0,0]","tl_M3187_C8450_attributes.xml"
"M3187","C8450","I7","GJC9462AAAEK","158479","TOP","4","[A155,2924,0,0][A23,154,0,0][C,  024686,1,0]","tl_M3187_C8450_attributes.xml"
"M3187","C8450","I7","GJC9462AAAEK","158479","TOP","5","[A155,2924,0,0][A23,154,0,0][C,  024687,0,0]","tl_M3187_C8450_attributes.xml"
"M3187","C8450","I7","GJC9462AAAEK","158479","TOP","6","[A155,2924,0,0][A23,157,0,0][C,  024686,1,0]","tl_M3187_C8450_attributes.xml"
"M3187","C8450","I7","GJC9462AAAEK","158479","TOP","7","[A155,2924,0,0][A23,157,0,0][C,  024687,0,0]","tl_M3187_C8450_attributes.xml"
"M3187","C8450","I7","GJC9462AAAEK","158479","TOP","8","[A155,2924,0,0][A23,157,0,0]","tl_M3187_C8450_attributes.xml"
"M3187","C8450","I7","GJC9462AAAEK","158479","TOP","9","[A23,154,0,0][A155,2901,0,0]","tl_M3187_C8450_attributes.xml"
"M3187","C8450","I7","GJC9462AAAEK","158479","TOP","10","[A23,154,0,0][A155,2901,0,0][C,  024686,1,0]","tl_M3187_C8450_attributes.xml"
"M3187","C8450","I7","GJC9462AAAEK","158479","TOP","11","[A23,154,0,0][A155,2901,0,0][C,  024687,0,0]","tl_M3187_C8450_attributes.xml"
"M3187","C8450","I7","GJC9462AAAEK","158479","TOP","12","[A23,157,0,0][A155,2901,0,0][C,  024686,1,0]","tl_M3187_C8450_attributes.xml"
"M3187","C8450","I7","GJC9462AAAEK","158479","TOP","13","[A23,157,0,0][A155,2901,0,0][C,  024687,0,0]","tl_M3187_C8450_attributes.xml"
"M3187","C8450","I7","GJC9462AAAEK","158479","TOP","14","[A23,157,0,0][A155,2901,0,0]","tl_M3187_C8450_attributes.xml"
"M3187","C8450","I7","GJC9462AAAEK","158479","TOP","15","[A23,154,0,0][A155,2908,0,0]","tl_M3187_C8450_attributes.xml"
"M3187","C8450","I7","GJC9462AAAEK","158479","TOP","16","[A23,154,0,0][A155,2908,0,0][C,  024686,1,0]","tl_M3187_C8450_attributes.xml"
"M3187","C8450","I7","GJC9462AAAEK","158479","TOP","17","[A23,154,0,0][A155,2908,0,0][C,  024687,0,0]","tl_M3187_C8450_attributes.xml"
"M3187","C8450","I7","GJC9462AAAEK","158479","TOP","18","[A23,157,0,0][A155,2908,0,0][C,  024686,1,0]","tl_M3187_C8450_attributes.xml"
"M3187","C8450","I7","GJC9462AAAEK","158479","TOP","19","[A23,157,0,0][A155,2908,0,0][C,  024687,0,0]","tl_M3187_C8450_attributes.xml"
"M3187","C8450","I7","GJC9462AAAEK","158479","TOP","20","[A23,157,0,0][A155,2908,0,0]","tl_M3187_C8450_attributes.xml"
"M3187","C8450","I7","GJC9462AAAEK","158479","APPLICATION","1","[A23,157,0,0][A155,2901,0,0][C,  024687,0,0]","Itm_M3187_C8450_I7_attributes.xml"
"M3187","C8450","I7","GJB9463BAHDX","145058","CATEGORY","1","[A37,615,0,0,1]","pl_id_3187_attributes.xml"
"M3187","C8450","I7","GJB9463BAHDX","145058","TOP","1","[A155,2932,0,0][A23,154,0,0][C,  018107,1,0]","tl_M3187_C8450_attributes.xml"
"M3187","C8450","I7","GJB9463BAHDX","145058","TOP","2","[A155,2932,0,0][A23,157,0,0][C,  018107,1,0]","tl_M3187_C8450_attributes.xml"
"M3187","C8450","I7","GJB9463BAHDX","145058","TOP","3","[A155,2924,0,0][A23,154,0,0]","tl_M3187_C8450_attributes.xml"
"M3187","C8450","I7","GJB9463BAHDX","145058","TOP","4","[A155,2924,0,0][A23,154,0,0][C,  024686,1,0]","tl_M3187_C8450_attributes.xml"
"M3187","C8450","I7","GJB9463BAHDX","145058","TOP","5","[A155,2924,0,0][A23,154,0,0][C,  024687,0,0]","tl_M3187_C8450_attributes.xml"
"M3187","C8450","I7","GJB9463BAHDX","145058","TOP","6","[A155,2924,0,0][A23,157,0,0][C,  024686,1,0]","tl_M3187_C8450_attributes.xml"
"M3187","C8450","I7","GJB9463BAHDX","145058","TOP","7","[A155,2924,0,0][A23,157,0,0][C,  024687,0,0]","tl_M3187_C8450_attributes.xml"
"M3187","C8450","I7","GJB9463BAHDX","145058","TOP","8","[A155,2924,0,0][A23,157,0,0]","tl_M3187_C8450_attributes.xml"
"M3187","C8450","I7","GJB9463BAHDX","145058","TOP","9","[A23,154,0,0][A155,2901,0,0]","tl_M3187_C8450_attributes.xml"
"M3187","C8450","I7","GJB9463BAHDX","145058","TOP","10","[A23,154,0,0][A155,2901,0,0][C,  024686,1,0]","tl_M3187_C8450_attributes.xml"
"M3187","C8450","I7","GJB9463BAHDX","145058","TOP","11","[A23,154,0,0][A155,2901,0,0][C,  024687,0,0]","tl_M3187_C8450_attributes.xml"
"M3187","C8450","I7","GJB9463BAHDX","145058","TOP","12","[A23,157,0,0][A155,2901,0,0][C,  024686,1,0]","tl_M3187_C8450_attributes.xml"
"M3187","C8450","I7","GJB9463BAHDX","145058","TOP","13","[A23,157,0,0][A155,2901,0,0][C,  024687,0,0]","tl_M3187_C8450_attributes.xml"
"M3187","C8450","I7","GJB9463BAHDX","145058","TOP","14","[A23,157,0,0][A155,2901,0,0]","tl_M3187_C8450_attributes.xml"
"M3187","C8450","I7","GJB9463BAHDX","145058","TOP","15","[A23,154,0,0][A155,2908,0,0]","tl_M3187_C8450_attributes.xml"
"M3187","C8450","I7","GJB9463BAHDX","145058","TOP","16","[A23,154,0,0][A155,2908,0,0][C,  024686,1,0]","tl_M3187_C8450_attributes.xml"
"M3187","C8450","I7","GJB9463BAHDX","145058","TOP","17","[A23,154,0,0][A155,2908,0,0][C,  024687,0,0]","tl_M3187_C8450_attributes.xml"
"M3187","C8450","I7","GJB9463BAHDX","145058","TOP","18","[A23,157,0,0][A155,2908,0,0][C,  024686,1,0]","tl_M3187_C8450_attributes.xml"
"M3187","C8450","I7","GJB9463BAHDX","145058","TOP","19","[A23,157,0,0][A155,2908,0,0][C,  024687,0,0]","tl_M3187_C8450_attributes.xml"
"M3187","C8450","I7","GJB9463BAHDX","145058","TOP","20","[A23,157,0,0][A155,2908,0,0]","tl_M3187_C8450_attributes.xml"
"M3187","C8450","I7","GJB9463BAHDX","145058","APPLICATION","1","[A23,154,0,0][A155,2908,0,0][C,  024686,1,0]","Itm_M3187_C8450_I7_attributes.xml"
"M3187","C8450","I7","GJC9463BAHDX","158773","CATEGORY","1","[A37,615,0,0,1]","pl_id_3187_attributes.xml"
"M3187","C8450","I7","GJC9463BAHDX","158773","TOP","1","[A155,2932,0,0][A23,154,0,0][C,  018107,1,0]","tl_M3187_C8450_attributes.xml"
"M3187","C8450","I7","GJC9463BAHDX","158773","TOP","2","[A155,2932,0,0][A23,157,0,0][C,  018107,1,0]","tl_M3187_C8450_attributes.xml"
"M3187","C8450","I7","GJC9463BAHDX","158773","TOP","3","[A155,2924,0,0][A23,154,0,0]","tl_M3187_C8450_attributes.xml"
"M3187","C8450","I7","GJC9463BAHDX","158773","TOP","4","[A155,2924,0,0][A23,154,0,0][C,  024686,1,0]","tl_M3187_C8450_attributes.xml"
"M3187","C8450","I7","GJC9463BAHDX","158773","TOP","5","[A155,2924,0,0][A23,154,0,0][C,  024687,0,0]","tl_M3187_C8450_attributes.xml"
"M3187","C8450","I7","GJC9463BAHDX","158773","TOP","6","[A155,2924,0,0][A23,157,0,0][C,  024686,1,0]","tl_M3187_C8450_attributes.xml"
"M3187","C8450","I7","GJC9463BAHDX","158773","TOP","7","[A155,2924,0,0][A23,157,0,0][C,  024687,0,0]","tl_M3187_C8450_attributes.xml"
"M3187","C8450","I7","GJC9463BAHDX","158773","TOP","8","[A155,2924,0,0][A23,157,0,0]","tl_M3187_C8450_attributes.xml"
"M3187","C8450","I7","GJC9463BAHDX","158773","TOP","9","[A23,154,0,0][A155,2901,0,0]","tl_M3187_C8450_attributes.xml"
"M3187","C8450","I7","GJC9463BAHDX","158773","TOP","10","[A23,154,0,0][A155,2901,0,0][C,  024686,1,0]","tl_M3187_C8450_attributes.xml"
"M3187","C8450","I7","GJC9463BAHDX","158773","TOP","11","[A23,154,0,0][A155,2901,0,0][C,  024687,0,0]","tl_M3187_C8450_attributes.xml"
"M3187","C8450","I7","GJC9463BAHDX","158773","TOP","12","[A23,157,0,0][A155,2901,0,0][C,  024686,1,0]","tl_M3187_C8450_attributes.xml"
"M3187","C8450","I7","GJC9463BAHDX","158773","TOP","13","[A23,157,0,0][A155,2901,0,0][C,  024687,0,0]","tl_M3187_C8450_attributes.xml"
"M3187","C8450","I7","GJC9463BAHDX","158773","TOP","14","[A23,157,0,0][A155,2901,0,0]","tl_M3187_C8450_attributes.xml"
"M3187","C8450","I7","GJC9463BAHDX","158773","TOP","15","[A23,154,0,0][A155,2908,0,0]","tl_M3187_C8450_attributes.xml"
"M3187","C8450","I7","GJC9463BAHDX","158773","TOP","16","[A23,154,0,0][A155,2908,0,0][C,  024686,1,0]","tl_M3187_C8450_attributes.xml"
"M3187","C8450","I7","GJC9463BAHDX","158773","TOP","17","[A23,154,0,0][A155,2908,0,0][C,  024687,0,0]","tl_M3187_C8450_attributes.xml"
"M3187","C8450","I7","GJC9463BAHDX","158773","TOP","18","[A23,157,0,0][A155,2908,0,0][C,  024686,1,0]","tl_M3187_C8450_attributes.xml"
"M3187","C8450","I7","GJC9463BAHDX","158773","TOP","19","[A23,157,0,0][A155,2908,0,0][C,  024687,0,0]","tl_M3187_C8450_attributes.xml"
"M3187","C8450","I7","GJC9463BAHDX","158773","TOP","20","[A23,157,0,0][A155,2908,0,0]","tl_M3187_C8450_attributes.xml"
"M3187","C8450","I7","GJC9463BAHDX","158773","APPLICATION","1","[A23,154,0,0][A155,2908,0,0][C,  024687,0,0]","Itm_M3187_C8450_I7_attributes.xml"
"M3187","C8450","I7","GJB9462BAHDX","145066","CATEGORY","1","[A37,615,0,0,1]","pl_id_3187_attributes.xml"
"M3187","C8450","I7","GJB9462BAHDX","145066","TOP","1","[A155,2932,0,0][A23,154,0,0][C,  018107,1,0]","tl_M3187_C8450_attributes.xml"
"M3187","C8450","I7","GJB9462BAHDX","145066","TOP","2","[A155,2932,0,0][A23,157,0,0][C,  018107,1,0]","tl_M3187_C8450_attributes.xml"
"M3187","C8450","I7","GJB9462BAHDX","145066","TOP","3","[A155,2924,0,0][A23,154,0,0]","tl_M3187_C8450_attributes.xml"
"M3187","C8450","I7","GJB9462BAHDX","145066","TOP","4","[A155,2924,0,0][A23,154,0,0][C,  024686,1,0]","tl_M3187_C8450_attributes.xml"
"M3187","C8450","I7","GJB9462BAHDX","145066","TOP","5","[A155,2924,0,0][A23,154,0,0][C,  024687,0,0]","tl_M3187_C8450_attributes.xml"
"M3187","C8450","I7","GJB9462BAHDX","145066","TOP","6","[A155,2924,0,0][A23,157,0,0][C,  024686,1,0]","tl_M3187_C8450_attributes.xml"
"M3187","C8450","I7","GJB9462BAHDX","145066","TOP","7","[A155,2924,0,0][A23,157,0,0][C,  024687,0,0]","tl_M3187_C8450_attributes.xml"
"M3187","C8450","I7","GJB9462BAHDX","145066","TOP","8","[A155,2924,0,0][A23,157,0,0]","tl_M3187_C8450_attributes.xml"
"M3187","C8450","I7","GJB9462BAHDX","145066","TOP","9","[A23,154,0,0][A155,2901,0,0]","tl_M3187_C8450_attributes.xml"
"M3187","C8450","I7","GJB9462BAHDX","145066","TOP","10","[A23,154,0,0][A155,2901,0,0][C,  024686,1,0]","tl_M3187_C8450_attributes.xml"
"M3187","C8450","I7","GJB9462BAHDX","145066","TOP","11","[A23,154,0,0][A155,2901,0,0][C,  024687,0,0]","tl_M3187_C8450_attributes.xml"
"M3187","C8450","I7","GJB9462BAHDX","145066","TOP","12","[A23,157,0,0][A155,2901,0,0][C,  024686,1,0]","tl_M3187_C8450_attributes.xml"
"M3187","C8450","I7","GJB9462BAHDX","145066","TOP","13","[A23,157,0,0][A155,2901,0,0][C,  024687,0,0]","tl_M3187_C8450_attributes.xml"
"M3187","C8450","I7","GJB9462BAHDX","145066","TOP","14","[A23,157,0,0][A155,2901,0,0]","tl_M3187_C8450_attributes.xml"
"M3187","C8450","I7","GJB9462BAHDX","145066","TOP","15","[A23,154,0,0][A155,2908,0,0]","tl_M3187_C8450_attributes.xml"
"M3187","C8450","I7","GJB9462BAHDX","145066","TOP","16","[A23,154,0,0][A155,2908,0,0][C,  024686,1,0]","tl_M3187_C8450_attributes.xml"
"M3187","C8450","I7","GJB9462BAHDX","145066","TOP","17","[A23,154,0,0][A155,2908,0,0][C,  024687,0,0]","tl_M3187_C8450_attributes.xml"
"M3187","C8450","I7","GJB9462BAHDX","145066","TOP","18","[A23,157,0,0][A155,2908,0,0][C,  024686,1,0]","tl_M3187_C8450_attributes.xml"
"M3187","C8450","I7","GJB9462BAHDX","145066","TOP","19","[A23,157,0,0][A155,2908,0,0][C,  024687,0,0]","tl_M3187_C8450_attributes.xml"
"M3187","C8450","I7","GJB9462BAHDX","145066","TOP","20","[A23,157,0,0][A155,2908,0,0]","tl_M3187_C8450_attributes.xml"
"M3187","C8450","I7","GJB9462BAHDX","145066","APPLICATION","1","[A23,154,0,0][A155,2908,0,0]","Itm_M3187_C8450_I7_attributes.xml"
"M3187","C8450","I7","GJB9463AAHDX","145038","CATEGORY","1","[A37,615,0,0,1]","pl_id_3187_attributes.xml"
"M3187","C8450","I7","GJB9463AAHDX","145038","TOP","1","[A155,2932,0,0][A23,154,0,0][C,  018107,1,0]","tl_M3187_C8450_attributes.xml"
"M3187","C8450","I7","GJB9463AAHDX","145038","TOP","2","[A155,2932,0,0][A23,157,0,0][C,  018107,1,0]","tl_M3187_C8450_attributes.xml"
"M3187","C8450","I7","GJB9463AAHDX","145038","TOP","3","[A155,2924,0,0][A23,154,0,0]","tl_M3187_C8450_attributes.xml"
"M3187","C8450","I7","GJB9463AAHDX","145038","TOP","4","[A155,2924,0,0][A23,154,0,0][C,  024686,1,0]","tl_M3187_C8450_attributes.xml"
"M3187","C8450","I7","GJB9463AAHDX","145038","TOP","5","[A155,2924,0,0][A23,154,0,0][C,  024687,0,0]","tl_M3187_C8450_attributes.xml"
"M3187","C8450","I7","GJB9463AAHDX","145038","TOP","6","[A155,2924,0,0][A23,157,0,0][C,  024686,1,0]","tl_M3187_C8450_attributes.xml"
"M3187","C8450","I7","GJB9463AAHDX","145038","TOP","7","[A155,2924,0,0][A23,157,0,0][C,  024687,0,0]","tl_M3187_C8450_attributes.xml"
"M3187","C8450","I7","GJB9463AAHDX","145038","TOP","8","[A155,2924,0,0][A23,157,0,0]","tl_M3187_C8450_attributes.xml"
"M3187","C8450","I7","GJB9463AAHDX","145038","TOP","9","[A23,154,0,0][A155,2901,0,0]","tl_M3187_C8450_attributes.xml"
"M3187","C8450","I7","GJB9463AAHDX","145038","TOP","10","[A23,154,0,0][A155,2901,0,0][C,  024686,1,0]","tl_M3187_C8450_attributes.xml"
"M3187","C8450","I7","GJB9463AAHDX","145038","TOP","11","[A23,154,0,0][A155,2901,0,0][C,  024687,0,0]","tl_M3187_C8450_attributes.xml"
"M3187","C8450","I7","GJB9463AAHDX","145038","TOP","12","[A23,157,0,0][A155,2901,0,0][C,  024686,1,0]","tl_M3187_C8450_attributes.xml"
"M3187","C8450","I7","GJB9463AAHDX","145038","TOP","13","[A23,157,0,0][A155,2901,0,0][C,  024687,0,0]","tl_M3187_C8450_attributes.xml"
"M3187","C8450","I7","GJB9463AAHDX","145038","TOP","14","[A23,157,0,0][A155,2901,0,0]","tl_M3187_C8450_attributes.xml"
"M3187","C8450","I7","GJB9463AAHDX","145038","TOP","15","[A23,154,0,0][A155,2908,0,0]","tl_M3187_C8450_attributes.xml"
"M3187","C8450","I7","GJB9463AAHDX","145038","TOP","16","[A23,154,0,0][A155,2908,0,0][C,  024686,1,0]","tl_M3187_C8450_attributes.xml"
"M3187","C8450","I7","GJB9463AAHDX","145038","TOP","17","[A23,154,0,0][A155,2908,0,0][C,  024687,0,0]","tl_M3187_C8450_attributes.xml"
"M3187","C8450","I7","GJB9463AAHDX","145038","TOP","18","[A23,157,0,0][A155,2908,0,0][C,  024686,1,0]","tl_M3187_C8450_attributes.xml"
"M3187","C8450","I7","GJB9463AAHDX","145038","TOP","19","[A23,157,0,0][A155,2908,0,0][C,  024687,0,0]","tl_M3187_C8450_attributes.xml"
"M3187","C8450","I7","GJB9463AAHDX","145038","TOP","20","[A23,157,0,0][A155,2908,0,0]","tl_M3187_C8450_attributes.xml"
"M3187","C8450","I7","GJB9463AAHDX","145038","APPLICATION","1","[A23,157,0,0][A155,2908,0,0]","Itm_M3187_C8450_I7_attributes.xml"
"M3187","C8450","I7","GJB9462AAHDX","145030","CATEGORY","1","[A37,615,0,0,1]","pl_id_3187_attributes.xml"
"M3187","C8450","I7","GJB9462AAHDX","145030","TOP","1","[A155,2932,0,0][A23,154,0,0][C,  018107,1,0]","tl_M3187_C8450_attributes.xml"
"M3187","C8450","I7","GJB9462AAHDX","145030","TOP","2","[A155,2932,0,0][A23,157,0,0][C,  018107,1,0]","tl_M3187_C8450_attributes.xml"
"M3187","C8450","I7","GJB9462AAHDX","145030","TOP","3","[A155,2924,0,0][A23,154,0,0]","tl_M3187_C8450_attributes.xml"
"M3187","C8450","I7","GJB9462AAHDX","145030","TOP","4","[A155,2924,0,0][A23,154,0,0][C,  024686,1,0]","tl_M3187_C8450_attributes.xml"
"M3187","C8450","I7","GJB9462AAHDX","145030","TOP","5","[A155,2924,0,0][A23,154,0,0][C,  024687,0,0]","tl_M3187_C8450_attributes.xml"
"M3187","C8450","I7","GJB9462AAHDX","145030","TOP","6","[A155,2924,0,0][A23,157,0,0][C,  024686,1,0]","tl_M3187_C8450_attributes.xml"
"M3187","C8450","I7","GJB9462AAHDX","145030","TOP","7","[A155,2924,0,0][A23,157,0,0][C,  024687,0,0]","tl_M3187_C8450_attributes.xml"
"M3187","C8450","I7","GJB9462AAHDX","145030","TOP","8","[A155,2924,0,0][A23,157,0,0]","tl_M3187_C8450_attributes.xml"
"M3187","C8450","I7","GJB9462AAHDX","145030","TOP","9","[A23,154,0,0][A155,2901,0,0]","tl_M3187_C8450_attributes.xml"
"M3187","C8450","I7","GJB9462AAHDX","145030","TOP","10","[A23,154,0,0][A155,2901,0,0][C,  024686,1,0]","tl_M3187_C8450_attributes.xml"
"M3187","C8450","I7","GJB9462AAHDX","145030","TOP","11","[A23,154,0,0][A155,2901,0,0][C,  024687,0,0]","tl_M3187_C8450_attributes.xml"
"M3187","C8450","I7","GJB9462AAHDX","145030","TOP","12","[A23,157,0,0][A155,2901,0,0][C,  024686,1,0]","tl_M3187_C8450_attributes.xml"
"M3187","C8450","I7","GJB9462AAHDX","145030","TOP","13","[A23,157,0,0][A155,2901,0,0][C,  024687,0,0]","tl_M3187_C8450_attributes.xml"
"M3187","C8450","I7","GJB9462AAHDX","145030","TOP","14","[A23,157,0,0][A155,2901,0,0]","tl_M3187_C8450_attributes.xml"
"M3187","C8450","I7","GJB9462AAHDX","145030","TOP","15","[A23,154,0,0][A155,2908,0,0]","tl_M3187_C8450_attributes.xml"
"M3187","C8450","I7","GJB9462AAHDX","145030","TOP","16","[A23,154,0,0][A155,2908,0,0][C,  024686,1,0]","tl_M3187_C8450_attributes.xml"
"M3187","C8450","I7","GJB9462AAHDX","145030","TOP","17","[A23,154,0,0][A155,2908,0,0][C,  024687,0,0]","tl_M3187_C8450_attributes.xml"
"M3187","C8450","I7","GJB9462AAHDX","145030","TOP","18","[A23,157,0,0][A155,2908,0,0][C,  024686,1,0]","tl_M3187_C8450_attributes.xml"
"M3187","C8450","I7","GJB9462AAHDX","145030","TOP","19","[A23,157,0,0][A155,2908,0,0][C,  024687,0,0]","tl_M3187_C8450_attributes.xml"
"M3187","C8450","I7","GJB9462AAHDX","145030","TOP","20","[A23,157,0,0][A155,2908,0,0]","tl_M3187_C8450_attributes.xml"
"M3187","C8450","I7","GJB9462AAHDX","145030","APPLICATION","1","[A23,157,0,0][A155,2908,0,0][C,  024686,1,0]","Itm_M3187_C8450_I7_attributes.xml"
"M3187","C8450","I7","GJC9462AAHDX","158771","CATEGORY","1","[A37,615,0,0,1]","pl_id_3187_attributes.xml"
"M3187","C8450","I7","GJC9462AAHDX","158771","TOP","1","[A155,2932,0,0][A23,154,0,0][C,  018107,1,0]","tl_M3187_C8450_attributes.xml"
"M3187","C8450","I7","GJC9462AAHDX","158771","TOP","2","[A155,2932,0,0][A23,157,0,0][C,  018107,1,0]","tl_M3187_C8450_attributes.xml"
"M3187","C8450","I7","GJC9462AAHDX","158771","TOP","3","[A155,2924,0,0][A23,154,0,0]","tl_M3187_C8450_attributes.xml"
"M3187","C8450","I7","GJC9462AAHDX","158771","TOP","4","[A155,2924,0,0][A23,154,0,0][C,  024686,1,0]","tl_M3187_C8450_attributes.xml"
"M3187","C8450","I7","GJC9462AAHDX","158771","TOP","5","[A155,2924,0,0][A23,154,0,0][C,  024687,0,0]","tl_M3187_C8450_attributes.xml"
"M3187","C8450","I7","GJC9462AAHDX","158771","TOP","6","[A155,2924,0,0][A23,157,0,0][C,  024686,1,0]","tl_M3187_C8450_attributes.xml"
"M3187","C8450","I7","GJC9462AAHDX","158771","TOP","7","[A155,2924,0,0][A23,157,0,0][C,  024687,0,0]","tl_M3187_C8450_attributes.xml"
"M3187","C8450","I7","GJC9462AAHDX","158771","TOP","8","[A155,2924,0,0][A23,157,0,0]","tl_M3187_C8450_attributes.xml"
"M3187","C8450","I7","GJC9462AAHDX","158771","TOP","9","[A23,154,0,0][A155,2901,0,0]","tl_M3187_C8450_attributes.xml"
"M3187","C8450","I7","GJC9462AAHDX","158771","TOP","10","[A23,154,0,0][A155,2901,0,0][C,  024686,1,0]","tl_M3187_C8450_attributes.xml"
"M3187","C8450","I7","GJC9462AAHDX","158771","TOP","11","[A23,154,0,0][A155,2901,0,0][C,  024687,0,0]","tl_M3187_C8450_attributes.xml"
"M3187","C8450","I7","GJC9462AAHDX","158771","TOP","12","[A23,157,0,0][A155,2901,0,0][C,  024686,1,0]","tl_M3187_C8450_attributes.xml"
"M3187","C8450","I7","GJC9462AAHDX","158771","TOP","13","[A23,157,0,0][A155,2901,0,0][C,  024687,0,0]","tl_M3187_C8450_attributes.xml"
"M3187","C8450","I7","GJC9462AAHDX","158771","TOP","14","[A23,157,0,0][A155,2901,0,0]","tl_M3187_C8450_attributes.xml"
"M3187","C8450","I7","GJC9462AAHDX","158771","TOP","15","[A23,154,0,0][A155,2908,0,0]","tl_M3187_C8450_attributes.xml"
"M3187","C8450","I7","GJC9462AAHDX","158771","TOP","16","[A23,154,0,0][A155,2908,0,0][C,  024686,1,0]","tl_M3187_C8450_attributes.xml"
"M3187","C8450","I7","GJC9462AAHDX","158771","TOP","17","[A23,154,0,0][A155,2908,0,0][C,  024687,0,0]","tl_M3187_C8450_attributes.xml"
"M3187","C8450","I7","GJC9462AAHDX","158771","TOP","18","[A23,157,0,0][A155,2908,0,0][C,  024686,1,0]","tl_M3187_C8450_attributes.xml"
"M3187","C8450","I7","GJC9462AAHDX","158771","TOP","19","[A23,157,0,0][A155,2908,0,0][C,  024687,0,0]","tl_M3187_C8450_attributes.xml"
"M3187","C8450","I7","GJC9462AAHDX","158771","TOP","20","[A23,157,0,0][A155,2908,0,0]","tl_M3187_C8450_attributes.xml"
"M3187","C8450","I7","GJC9462AAHDX","158771","APPLICATION","1","[A23,157,0,0][A155,2908,0,0][C,  024687,0,0]","Itm_M3187_C8450_I7_attributes.xml"
"M3187","C8450","I8","GHF9539AGSDC","139388","CATEGORY","1","[A37,615,0,0,1]","pl_id_3187_attributes.xml"
"M3187","C8450","I8","GHF9539AGSDC","139388","TOP","1","[A155,2899,0,0][A23,154,0,0]","tl_M3187_C8450_attributes.xml"
"M3187","C8450","I8","GHF9539AGSDC","139388","TOP","2","[A155,2932,0,0][A23,154,0,0][C,  018107,1,0]","tl_M3187_C8450_attributes.xml"
"M3187","C8450","I8","GHF9539AGSDC","139388","TOP","3","[A155,2787,0,0][A23,154,0,0][C,  018107,1,0]","tl_M3187_C8450_attributes.xml"
"M3187","C8450","I8","GHF9539AGSDC","139388","TOP","4","[A23,154,0,0][A155,2908,0,0]","tl_M3187_C8450_attributes.xml"
"M3187","C8450","I8","GHF9539AGSDC","139388","TOP","5","[A156,2819,0,0][A23,154,0,0][C,  018108,0,0]","tl_M3187_C8450_attributes.xml"
"M3187","C8450","I8","GHF9539AGSDC","139388","TOP","6","[A156,2813,0,0][A23,154,0,0][C,  018108,0,0]","tl_M3187_C8450_attributes.xml"
"M3187","C8450","I8","GHF9539AGSDC","139388","TOP","7","[A23,154,0,0][A156,2808,0,0]","tl_M3187_C8450_attributes.xml"
"M3187","C8450","I8","GHF9539AGSDC","139388","TOP","8","[A155,2899,0,0][A23,157,0,0]","tl_M3187_C8450_attributes.xml"
"M3187","C8450","I8","GHF9539AGSDC","139388","TOP","9","[A155,2932,0,0][A23,157,0,0][C,  018107,1,0]","tl_M3187_C8450_attributes.xml"
"M3187","C8450","I8","GHF9539AGSDC","139388","TOP","10","[A155,2787,0,0][A23,157,0,0][C,  018107,1,0]","tl_M3187_C8450_attributes.xml"
"M3187","C8450","I8","GHF9539AGSDC","139388","TOP","11","[A23,157,0,0][A155,2908,0,0]","tl_M3187_C8450_attributes.xml"
"M3187","C8450","I8","GHF9539AGSDC","139388","TOP","12","[A156,2819,0,0][A23,157,0,0][C,  018108,0,0]","tl_M3187_C8450_attributes.xml"
"M3187","C8450","I8","GHF9539AGSDC","139388","TOP","13","[A156,2813,0,0][A23,157,0,0][C,  018108,0,0]","tl_M3187_C8450_attributes.xml"
"M3187","C8450","I8","GHF9539AGSDC","139388","TOP","14","[A23,157,0,0][A156,2808,0,0]","tl_M3187_C8450_attributes.xml"
"M3187","C8450","I8","GHF9539AGSDC","139388","APPLICATION","1","[A155,2932,0,0][A23,154,0,0][C,  018107,1,0]","Itm_M3187_C8450_I8_attributes.xml"
"M3187","C8450","I8","GHF9539AGNDR","139383","CATEGORY","1","[A37,615,0,0,1]","pl_id_3187_attributes.xml"
"M3187","C8450","I8","GHF9539AGNDR","139383","TOP","1","[A155,2899,0,0][A23,154,0,0]","tl_M3187_C8450_attributes.xml"
"M3187","C8450","I8","GHF9539AGNDR","139383","TOP","2","[A155,2932,0,0][A23,154,0,0][C,  018107,1,0]","tl_M3187_C8450_attributes.xml"
"M3187","C8450","I8","GHF9539AGNDR","139383","TOP","3","[A155,2787,0,0][A23,154,0,0][C,  018107,1,0]","tl_M3187_C8450_attributes.xml"
"M3187","C8450","I8","GHF9539AGNDR","139383","TOP","4","[A23,154,0,0][A155,2908,0,0]","tl_M3187_C8450_attributes.xml"
"M3187","C8450","I8","GHF9539AGNDR","139383","TOP","5","[A156,2819,0,0][A23,154,0,0][C,  018108,0,0]","tl_M3187_C8450_attributes.xml"
"M3187","C8450","I8","GHF9539AGNDR","139383","TOP","6","[A156,2813,0,0][A23,154,0,0][C,  018108,0,0]","tl_M3187_C8450_attributes.xml"
"M3187","C8450","I8","GHF9539AGNDR","139383","TOP","7","[A23,154,0,0][A156,2808,0,0]","tl_M3187_C8450_attributes.xml"
"M3187","C8450","I8","GHF9539AGNDR","139383","TOP","8","[A155,2899,0,0][A23,157,0,0]","tl_M3187_C8450_attributes.xml"
"M3187","C8450","I8","GHF9539AGNDR","139383","TOP","9","[A155,2932,0,0][A23,157,0,0][C,  018107,1,0]","tl_M3187_C8450_attributes.xml"
"M3187","C8450","I8","GHF9539AGNDR","139383","TOP","10","[A155,2787,0,0][A23,157,0,0][C,  018107,1,0]","tl_M3187_C8450_attributes.xml"
"M3187","C8450","I8","GHF9539AGNDR","139383","TOP","11","[A23,157,0,0][A155,2908,0,0]","tl_M3187_C8450_attributes.xml"
"M3187","C8450","I8","GHF9539AGNDR","139383","TOP","12","[A156,2819,0,0][A23,157,0,0][C,  018108,0,0]","tl_M3187_C8450_attributes.xml"
"M3187","C8450","I8","GHF9539AGNDR","139383","TOP","13","[A156,2813,0,0][A23,157,0,0][C,  018108,0,0]","tl_M3187_C8450_attributes.xml"
"M3187","C8450","I8","GHF9539AGNDR","139383","TOP","14","[A23,157,0,0][A156,2808,0,0]","tl_M3187_C8450_attributes.xml"
"M3187","C8450","I8","GHF9539AGNDR","139383","APPLICATION","1","[A155,2787,0,0][A23,154,0,0][C,  018107,1,0]","Itm_M3187_C8450_I8_attributes.xml"
"M3187","C8450","I8","GHF9539AGAGD","139393","CATEGORY","1","[A37,615,0,0,1]","pl_id_3187_attributes.xml"
"M3187","C8450","I8","GHF9539AGAGD","139393","TOP","1","[A155,2899,0,0][A23,154,0,0]","tl_M3187_C8450_attributes.xml"
"M3187","C8450","I8","GHF9539AGAGD","139393","TOP","2","[A155,2932,0,0][A23,154,0,0][C,  018107,1,0]","tl_M3187_C8450_attributes.xml"
"M3187","C8450","I8","GHF9539AGAGD","139393","TOP","3","[A155,2787,0,0][A23,154,0,0][C,  018107,1,0]","tl_M3187_C8450_attributes.xml"
"M3187","C8450","I8","GHF9539AGAGD","139393","TOP","4","[A23,154,0,0][A155,2908,0,0]","tl_M3187_C8450_attributes.xml"
"M3187","C8450","I8","GHF9539AGAGD","139393","TOP","5","[A156,2819,0,0][A23,154,0,0][C,  018108,0,0]","tl_M3187_C8450_attributes.xml"
"M3187","C8450","I8","GHF9539AGAGD","139393","TOP","6","[A156,2813,0,0][A23,154,0,0][C,  018108,0,0]","tl_M3187_C8450_attributes.xml"
"M3187","C8450","I8","GHF9539AGAGD","139393","TOP","7","[A23,154,0,0][A156,2808,0,0]","tl_M3187_C8450_attributes.xml"
"M3187","C8450","I8","GHF9539AGAGD","139393","TOP","8","[A155,2899,0,0][A23,157,0,0]","tl_M3187_C8450_attributes.xml"
"M3187","C8450","I8","GHF9539AGAGD","139393","TOP","9","[A155,2932,0,0][A23,157,0,0][C,  018107,1,0]","tl_M3187_C8450_attributes.xml"
"M3187","C8450","I8","GHF9539AGAGD","139393","TOP","10","[A155,2787,0,0][A23,157,0,0][C,  018107,1,0]","tl_M3187_C8450_attributes.xml"
"M3187","C8450","I8","GHF9539AGAGD","139393","TOP","11","[A23,157,0,0][A155,2908,0,0]","tl_M3187_C8450_attributes.xml"
"M3187","C8450","I8","GHF9539AGAGD","139393","TOP","12","[A156,2819,0,0][A23,157,0,0][C,  018108,0,0]","tl_M3187_C8450_attributes.xml"
"M3187","C8450","I8","GHF9539AGAGD","139393","TOP","13","[A156,2813,0,0][A23,157,0,0][C,  018108,0,0]","tl_M3187_C8450_attributes.xml"
"M3187","C8450","I8","GHF9539AGAGD","139393","TOP","14","[A23,157,0,0][A156,2808,0,0]","tl_M3187_C8450_attributes.xml"
"M3187","C8450","I8","GHF9539AGAGD","139393","APPLICATION","1","[A155,2899,0,0][A23,154,0,0]","Itm_M3187_C8450_I8_attributes.xml"
"M3187","C8450","I8","GHF9539AGHDX","139367","CATEGORY","1","[A37,615,0,0,1]","pl_id_3187_attributes.xml"
"M3187","C8450","I8","GHF9539AGHDX","139367","TOP","1","[A155,2899,0,0][A23,154,0,0]","tl_M3187_C8450_attributes.xml"
"M3187","C8450","I8","GHF9539AGHDX","139367","TOP","2","[A155,2932,0,0][A23,154,0,0][C,  018107,1,0]","tl_M3187_C8450_attributes.xml"
"M3187","C8450","I8","GHF9539AGHDX","139367","TOP","3","[A155,2787,0,0][A23,154,0,0][C,  018107,1,0]","tl_M3187_C8450_attributes.xml"
"M3187","C8450","I8","GHF9539AGHDX","139367","TOP","4","[A23,154,0,0][A155,2908,0,0]","tl_M3187_C8450_attributes.xml"
"M3187","C8450","I8","GHF9539AGHDX","139367","TOP","5","[A156,2819,0,0][A23,154,0,0][C,  018108,0,0]","tl_M3187_C8450_attributes.xml"
"M3187","C8450","I8","GHF9539AGHDX","139367","TOP","6","[A156,2813,0,0][A23,154,0,0][C,  018108,0,0]","tl_M3187_C8450_attributes.xml"
"M3187","C8450","I8","GHF9539AGHDX","139367","TOP","7","[A23,154,0,0][A156,2808,0,0]","tl_M3187_C8450_attributes.xml"
"M3187","C8450","I8","GHF9539AGHDX","139367","TOP","8","[A155,2899,0,0][A23,157,0,0]","tl_M3187_C8450_attributes.xml"
"M3187","C8450","I8","GHF9539AGHDX","139367","TOP","9","[A155,2932,0,0][A23,157,0,0][C,  018107,1,0]","tl_M3187_C8450_attributes.xml"
"M3187","C8450","I8","GHF9539AGHDX","139367","TOP","10","[A155,2787,0,0][A23,157,0,0][C,  018107,1,0]","tl_M3187_C8450_attributes.xml"
"M3187","C8450","I8","GHF9539AGHDX","139367","TOP","11","[A23,157,0,0][A155,2908,0,0]","tl_M3187_C8450_attributes.xml"
"M3187","C8450","I8","GHF9539AGHDX","139367","TOP","12","[A156,2819,0,0][A23,157,0,0][C,  018108,0,0]","tl_M3187_C8450_attributes.xml"
"M3187","C8450","I8","GHF9539AGHDX","139367","TOP","13","[A156,2813,0,0][A23,157,0,0][C,  018108,0,0]","tl_M3187_C8450_attributes.xml"
"M3187","C8450","I8","GHF9539AGHDX","139367","TOP","14","[A23,157,0,0][A156,2808,0,0]","tl_M3187_C8450_attributes.xml"
"M3187","C8450","I8","GHF9539AGHDX","139367","APPLICATION","1","[A23,154,0,0][A155,2908,0,0]","Itm_M3187_C8450_I8_attributes.xml"
"M3187","C8450","I8","GHF9539AGSDZ","150010","CATEGORY","1","[A37,615,0,0,1]","pl_id_3187_attributes.xml"
"M3187","C8450","I8","GHF9539AGSDZ","150010","TOP","1","[A155,2899,0,0][A23,154,0,0]","tl_M3187_C8450_attributes.xml"
"M3187","C8450","I8","GHF9539AGSDZ","150010","TOP","2","[A155,2932,0,0][A23,154,0,0][C,  018107,1,0]","tl_M3187_C8450_attributes.xml"
"M3187","C8450","I8","GHF9539AGSDZ","150010","TOP","3","[A155,2787,0,0][A23,154,0,0][C,  018107,1,0]","tl_M3187_C8450_attributes.xml"
"M3187","C8450","I8","GHF9539AGSDZ","150010","TOP","4","[A23,154,0,0][A155,2908,0,0]","tl_M3187_C8450_attributes.xml"
"M3187","C8450","I8","GHF9539AGSDZ","150010","TOP","5","[A156,2819,0,0][A23,154,0,0][C,  018108,0,0]","tl_M3187_C8450_attributes.xml"
"M3187","C8450","I8","GHF9539AGSDZ","150010","TOP","6","[A156,2813,0,0][A23,154,0,0][C,  018108,0,0]","tl_M3187_C8450_attributes.xml"
"M3187","C8450","I8","GHF9539AGSDZ","150010","TOP","7","[A23,154,0,0][A156,2808,0,0]","tl_M3187_C8450_attributes.xml"
"M3187","C8450","I8","GHF9539AGSDZ","150010","TOP","8","[A155,2899,0,0][A23,157,0,0]","tl_M3187_C8450_attributes.xml"
"M3187","C8450","I8","GHF9539AGSDZ","150010","TOP","9","[A155,2932,0,0][A23,157,0,0][C,  018107,1,0]","tl_M3187_C8450_attributes.xml"
"M3187","C8450","I8","GHF9539AGSDZ","150010","TOP","10","[A155,2787,0,0][A23,157,0,0][C,  018107,1,0]","tl_M3187_C8450_attributes.xml"
"M3187","C8450","I8","GHF9539AGSDZ","150010","TOP","11","[A23,157,0,0][A155,2908,0,0]","tl_M3187_C8450_attributes.xml"
"M3187","C8450","I8","GHF9539AGSDZ","150010","TOP","12","[A156,2819,0,0][A23,157,0,0][C,  018108,0,0]","tl_M3187_C8450_attributes.xml"
"M3187","C8450","I8","GHF9539AGSDZ","150010","TOP","13","[A156,2813,0,0][A23,157,0,0][C,  018108,0,0]","tl_M3187_C8450_attributes.xml"
"M3187","C8450","I8","GHF9539AGSDZ","150010","TOP","14","[A23,157,0,0][A156,2808,0,0]","tl_M3187_C8450_attributes.xml"
"M3187","C8450","I8","GHF9539AGSDZ","150010","APPLICATION","1","[A156,2819,0,0][A23,154,0,0][C,  018108,0,0]","Itm_M3187_C8450_I8_attributes.xml"
"M3187","C8450","I8","GHF9539AGNED","150020","CATEGORY","1","[A37,615,0,0,1]","pl_id_3187_attributes.xml"
"M3187","C8450","I8","GHF9539AGNED","150020","TOP","1","[A155,2899,0,0][A23,154,0,0]","tl_M3187_C8450_attributes.xml"
"M3187","C8450","I8","GHF9539AGNED","150020","TOP","2","[A155,2932,0,0][A23,154,0,0][C,  018107,1,0]","tl_M3187_C8450_attributes.xml"
"M3187","C8450","I8","GHF9539AGNED","150020","TOP","3","[A155,2787,0,0][A23,154,0,0][C,  018107,1,0]","tl_M3187_C8450_attributes.xml"
"M3187","C8450","I8","GHF9539AGNED","150020","TOP","4","[A23,154,0,0][A155,2908,0,0]","tl_M3187_C8450_attributes.xml"
"M3187","C8450","I8","GHF9539AGNED","150020","TOP","5","[A156,2819,0,0][A23,154,0,0][C,  018108,0,0]","tl_M3187_C8450_attributes.xml"
"M3187","C8450","I8","GHF9539AGNED","150020","TOP","6","[A156,2813,0,0][A23,154,0,0][C,  018108,0,0]","tl_M3187_C8450_attributes.xml"
"M3187","C8450","I8","GHF9539AGNED","150020","TOP","7","[A23,154,0,0][A156,2808,0,0]","tl_M3187_C8450_attributes.xml"
"M3187","C8450","I8","GHF9539AGNED","150020","TOP","8","[A155,2899,0,0][A23,157,0,0]","tl_M3187_C8450_attributes.xml"
"M3187","C8450","I8","GHF9539AGNED","150020","TOP","9","[A155,2932,0,0][A23,157,0,0][C,  018107,1,0]","tl_M3187_C8450_attributes.xml"
"M3187","C8450","I8","GHF9539AGNED","150020","TOP","10","[A155,2787,0,0][A23,157,0,0][C,  018107,1,0]","tl_M3187_C8450_attributes.xml"
"M3187","C8450","I8","GHF9539AGNED","150020","TOP","11","[A23,157,0,0][A155,2908,0,0]","tl_M3187_C8450_attributes.xml"
"M3187","C8450","I8","GHF9539AGNED","150020","TOP","12","[A156,2819,0,0][A23,157,0,0][C,  018108,0,0]","tl_M3187_C8450_attributes.xml"
"M3187","C8450","I8","GHF9539AGNED","150020","TOP","13","[A156,2813,0,0][A23,157,0,0][C,  018108,0,0]","tl_M3187_C8450_attributes.xml"
"M3187","C8450","I8","GHF9539AGNED","150020","TOP","14","[A23,157,0,0][A156,2808,0,0]","tl_M3187_C8450_attributes.xml"
"M3187","C8450","I8","GHF9539AGNED","150020","APPLICATION","1","[A156,2813,0,0][A23,154,0,0][C,  018108,0,0]","Itm_M3187_C8450_I8_attributes.xml"
"M3187","C8450","I8","GHF9539AGLEG","139372","CATEGORY","1","[A37,615,0,0,1]","pl_id_3187_attributes.xml"
"M3187","C8450","I8","GHF9539AGLEG","139372","TOP","1","[A155,2899,0,0][A23,154,0,0]","tl_M3187_C8450_attributes.xml"
"M3187","C8450","I8","GHF9539AGLEG","139372","TOP","2","[A155,2932,0,0][A23,154,0,0][C,  018107,1,0]","tl_M3187_C8450_attributes.xml"
"M3187","C8450","I8","GHF9539AGLEG","139372","TOP","3","[A155,2787,0,0][A23,154,0,0][C,  018107,1,0]","tl_M3187_C8450_attributes.xml"
"M3187","C8450","I8","GHF9539AGLEG","139372","TOP","4","[A23,154,0,0][A155,2908,0,0]","tl_M3187_C8450_attributes.xml"
"M3187","C8450","I8","GHF9539AGLEG","139372","TOP","5","[A156,2819,0,0][A23,154,0,0][C,  018108,0,0]","tl_M3187_C8450_attributes.xml"
"M3187","C8450","I8","GHF9539AGLEG","139372","TOP","6","[A156,2813,0,0][A23,154,0,0][C,  018108,0,0]","tl_M3187_C8450_attributes.xml"
"M3187","C8450","I8","GHF9539AGLEG","139372","TOP","7","[A23,154,0,0][A156,2808,0,0]","tl_M3187_C8450_attributes.xml"
"M3187","C8450","I8","GHF9539AGLEG","139372","TOP","8","[A155,2899,0,0][A23,157,0,0]","tl_M3187_C8450_attributes.xml"
"M3187","C8450","I8","GHF9539AGLEG","139372","TOP","9","[A155,2932,0,0][A23,157,0,0][C,  018107,1,0]","tl_M3187_C8450_attributes.xml"
"M3187","C8450","I8","GHF9539AGLEG","139372","TOP","10","[A155,2787,0,0][A23,157,0,0][C,  018107,1,0]","tl_M3187_C8450_attributes.xml"
"M3187","C8450","I8","GHF9539AGLEG","139372","TOP","11","[A23,157,0,0][A155,2908,0,0]","tl_M3187_C8450_attributes.xml"
"M3187","C8450","I8","GHF9539AGLEG","139372","TOP","12","[A156,2819,0,0][A23,157,0,0][C,  018108,0,0]","tl_M3187_C8450_attributes.xml"
"M3187","C8450","I8","GHF9539AGLEG","139372","TOP","13","[A156,2813,0,0][A23,157,0,0][C,  018108,0,0]","tl_M3187_C8450_attributes.xml"
"M3187","C8450","I8","GHF9539AGLEG","139372","TOP","14","[A23,157,0,0][A156,2808,0,0]","tl_M3187_C8450_attributes.xml"
"M3187","C8450","I8","GHF9539AGLEG","139372","APPLICATION","1","[A23,154,0,0][A156,2808,0,0]","Itm_M3187_C8450_I8_attributes.xml"
"M3187","C8450","I8","GHF9538AGSDC","139128","CATEGORY","1","[A37,615,0,0,1]","pl_id_3187_attributes.xml"
"M3187","C8450","I8","GHF9538AGSDC","139128","TOP","1","[A155,2899,0,0][A23,154,0,0]","tl_M3187_C8450_attributes.xml"
"M3187","C8450","I8","GHF9538AGSDC","139128","TOP","2","[A155,2932,0,0][A23,154,0,0][C,  018107,1,0]","tl_M3187_C8450_attributes.xml"
"M3187","C8450","I8","GHF9538AGSDC","139128","TOP","3","[A155,2787,0,0][A23,154,0,0][C,  018107,1,0]","tl_M3187_C8450_attributes.xml"
"M3187","C8450","I8","GHF9538AGSDC","139128","TOP","4","[A23,154,0,0][A155,2908,0,0]","tl_M3187_C8450_attributes.xml"
"M3187","C8450","I8","GHF9538AGSDC","139128","TOP","5","[A156,2819,0,0][A23,154,0,0][C,  018108,0,0]","tl_M3187_C8450_attributes.xml"
"M3187","C8450","I8","GHF9538AGSDC","139128","TOP","6","[A156,2813,0,0][A23,154,0,0][C,  018108,0,0]","tl_M3187_C8450_attributes.xml"
"M3187","C8450","I8","GHF9538AGSDC","139128","TOP","7","[A23,154,0,0][A156,2808,0,0]","tl_M3187_C8450_attributes.xml"
"M3187","C8450","I8","GHF9538AGSDC","139128","TOP","8","[A155,2899,0,0][A23,157,0,0]","tl_M3187_C8450_attributes.xml"
"M3187","C8450","I8","GHF9538AGSDC","139128","TOP","9","[A155,2932,0,0][A23,157,0,0][C,  018107,1,0]","tl_M3187_C8450_attributes.xml"
"M3187","C8450","I8","GHF9538AGSDC","139128","TOP","10","[A155,2787,0,0][A23,157,0,0][C,  018107,1,0]","tl_M3187_C8450_attributes.xml"
"M3187","C8450","I8","GHF9538AGSDC","139128","TOP","11","[A23,157,0,0][A155,2908,0,0]","tl_M3187_C8450_attributes.xml"
"M3187","C8450","I8","GHF9538AGSDC","139128","TOP","12","[A156,2819,0,0][A23,157,0,0][C,  018108,0,0]","tl_M3187_C8450_attributes.xml"
"M3187","C8450","I8","GHF9538AGSDC","139128","TOP","13","[A156,2813,0,0][A23,157,0,0][C,  018108,0,0]","tl_M3187_C8450_attributes.xml"
"M3187","C8450","I8","GHF9538AGSDC","139128","TOP","14","[A23,157,0,0][A156,2808,0,0]","tl_M3187_C8450_attributes.xml"
"M3187","C8450","I8","GHF9538AGSDC","139128","APPLICATION","1","[A155,2932,0,0][A23,157,0,0][C,  018107,1,0]","Itm_M3187_C8450_I8_attributes.xml"
"M3187","C8450","I8","GHF9538AGNDR","139125","CATEGORY","1","[A37,615,0,0,1]","pl_id_3187_attributes.xml"
"M3187","C8450","I8","GHF9538AGNDR","139125","TOP","1","[A155,2899,0,0][A23,154,0,0]","tl_M3187_C8450_attributes.xml"
"M3187","C8450","I8","GHF9538AGNDR","139125","TOP","2","[A155,2932,0,0][A23,154,0,0][C,  018107,1,0]","tl_M3187_C8450_attributes.xml"
"M3187","C8450","I8","GHF9538AGNDR","139125","TOP","3","[A155,2787,0,0][A23,154,0,0][C,  018107,1,0]","tl_M3187_C8450_attributes.xml"
"M3187","C8450","I8","GHF9538AGNDR","139125","TOP","4","[A23,154,0,0][A155,2908,0,0]","tl_M3187_C8450_attributes.xml"
"M3187","C8450","I8","GHF9538AGNDR","139125","TOP","5","[A156,2819,0,0][A23,154,0,0][C,  018108,0,0]","tl_M3187_C8450_attributes.xml"
"M3187","C8450","I8","GHF9538AGNDR","139125","TOP","6","[A156,2813,0,0][A23,154,0,0][C,  018108,0,0]","tl_M3187_C8450_attributes.xml"
"M3187","C8450","I8","GHF9538AGNDR","139125","TOP","7","[A23,154,0,0][A156,2808,0,0]","tl_M3187_C8450_attributes.xml"
"M3187","C8450","I8","GHF9538AGNDR","139125","TOP","8","[A155,2899,0,0][A23,157,0,0]","tl_M3187_C8450_attributes.xml"
"M3187","C8450","I8","GHF9538AGNDR","139125","TOP","9","[A155,2932,0,0][A23,157,0,0][C,  018107,1,0]","tl_M3187_C8450_attributes.xml"
"M3187","C8450","I8","GHF9538AGNDR","139125","TOP","10","[A155,2787,0,0][A23,157,0,0][C,  018107,1,0]","tl_M3187_C8450_attributes.xml"
"M3187","C8450","I8","GHF9538AGNDR","139125","TOP","11","[A23,157,0,0][A155,2908,0,0]","tl_M3187_C8450_attributes.xml"
"M3187","C8450","I8","GHF9538AGNDR","139125","TOP","12","[A156,2819,0,0][A23,157,0,0][C,  018108,0,0]","tl_M3187_C8450_attributes.xml"
"M3187","C8450","I8","GHF9538AGNDR","139125","TOP","13","[A156,2813,0,0][A23,157,0,0][C,  018108,0,0]","tl_M3187_C8450_attributes.xml"
"M3187","C8450","I8","GHF9538AGNDR","139125","TOP","14","[A23,157,0,0][A156,2808,0,0]","tl_M3187_C8450_attributes.xml"
"M3187","C8450","I8","GHF9538AGNDR","139125","APPLICATION","1","[A155,2787,0,0][A23,157,0,0][C,  018107,1,0]","Itm_M3187_C8450_I8_attributes.xml"
"M3187","C8450","I8","GHF9538AGAGD","139131","CATEGORY","1","[A37,615,0,0,1]","pl_id_3187_attributes.xml"
"M3187","C8450","I8","GHF9538AGAGD","139131","TOP","1","[A155,2899,0,0][A23,154,0,0]","tl_M3187_C8450_attributes.xml"
"M3187","C8450","I8","GHF9538AGAGD","139131","TOP","2","[A155,2932,0,0][A23,154,0,0][C,  018107,1,0]","tl_M3187_C8450_attributes.xml"
"M3187","C8450","I8","GHF9538AGAGD","139131","TOP","3","[A155,2787,0,0][A23,154,0,0][C,  018107,1,0]","tl_M3187_C8450_attributes.xml"
"M3187","C8450","I8","GHF9538AGAGD","139131","TOP","4","[A23,154,0,0][A155,2908,0,0]","tl_M3187_C8450_attributes.xml"
"M3187","C8450","I8","GHF9538AGAGD","139131","TOP","5","[A156,2819,0,0][A23,154,0,0][C,  018108,0,0]","tl_M3187_C8450_attributes.xml"
"M3187","C8450","I8","GHF9538AGAGD","139131","TOP","6","[A156,2813,0,0][A23,154,0,0][C,  018108,0,0]","tl_M3187_C8450_attributes.xml"
"M3187","C8450","I8","GHF9538AGAGD","139131","TOP","7","[A23,154,0,0][A156,2808,0,0]","tl_M3187_C8450_attributes.xml"
"M3187","C8450","I8","GHF9538AGAGD","139131","TOP","8","[A155,2899,0,0][A23,157,0,0]","tl_M3187_C8450_attributes.xml"
"M3187","C8450","I8","GHF9538AGAGD","139131","TOP","9","[A155,2932,0,0][A23,157,0,0][C,  018107,1,0]","tl_M3187_C8450_attributes.xml"
"M3187","C8450","I8","GHF9538AGAGD","139131","TOP","10","[A155,2787,0,0][A23,157,0,0][C,  018107,1,0]","tl_M3187_C8450_attributes.xml"
"M3187","C8450","I8","GHF9538AGAGD","139131","TOP","11","[A23,157,0,0][A155,2908,0,0]","tl_M3187_C8450_attributes.xml"
"M3187","C8450","I8","GHF9538AGAGD","139131","TOP","12","[A156,2819,0,0][A23,157,0,0][C,  018108,0,0]","tl_M3187_C8450_attributes.xml"
"M3187","C8450","I8","GHF9538AGAGD","139131","TOP","13","[A156,2813,0,0][A23,157,0,0][C,  018108,0,0]","tl_M3187_C8450_attributes.xml"
"M3187","C8450","I8","GHF9538AGAGD","139131","TOP","14","[A23,157,0,0][A156,2808,0,0]","tl_M3187_C8450_attributes.xml"
"M3187","C8450","I8","GHF9538AGAGD","139131","APPLICATION","1","[A155,2899,0,0][A23,157,0,0]","Itm_M3187_C8450_I8_attributes.xml"
"M3187","C8450","I8","GHF9538AGHDX","139115","CATEGORY","1","[A37,615,0,0,1]","pl_id_3187_attributes.xml"
"M3187","C8450","I8","GHF9538AGHDX","139115","TOP","1","[A155,2899,0,0][A23,154,0,0]","tl_M3187_C8450_attributes.xml"
"M3187","C8450","I8","GHF9538AGHDX","139115","TOP","2","[A155,2932,0,0][A23,154,0,0][C,  018107,1,0]","tl_M3187_C8450_attributes.xml"
"M3187","C8450","I8","GHF9538AGHDX","139115","TOP","3","[A155,2787,0,0][A23,154,0,0][C,  018107,1,0]","tl_M3187_C8450_attributes.xml"
"M3187","C8450","I8","GHF9538AGHDX","139115","TOP","4","[A23,154,0,0][A155,2908,0,0]","tl_M3187_C8450_attributes.xml"
"M3187","C8450","I8","GHF9538AGHDX","139115","TOP","5","[A156,2819,0,0][A23,154,0,0][C,  018108,0,0]","tl_M3187_C8450_attributes.xml"
"M3187","C8450","I8","GHF9538AGHDX","139115","TOP","6","[A156,2813,0,0][A23,154,0,0][C,  018108,0,0]","tl_M3187_C8450_attributes.xml"
"M3187","C8450","I8","GHF9538AGHDX","139115","TOP","7","[A23,154,0,0][A156,2808,0,0]","tl_M3187_C8450_attributes.xml"
"M3187","C8450","I8","GHF9538AGHDX","139115","TOP","8","[A155,2899,0,0][A23,157,0,0]","tl_M3187_C8450_attributes.xml"
"M3187","C8450","I8","GHF9538AGHDX","139115","TOP","9","[A155,2932,0,0][A23,157,0,0][C,  018107,1,0]","tl_M3187_C8450_attributes.xml"
"M3187","C8450","I8","GHF9538AGHDX","139115","TOP","10","[A155,2787,0,0][A23,157,0,0][C,  018107,1,0]","tl_M3187_C8450_attributes.xml"
"M3187","C8450","I8","GHF9538AGHDX","139115","TOP","11","[A23,157,0,0][A155,2908,0,0]","tl_M3187_C8450_attributes.xml"
"M3187","C8450","I8","GHF9538AGHDX","139115","TOP","12","[A156,2819,0,0][A23,157,0,0][C,  018108,0,0]","tl_M3187_C8450_attributes.xml"
"M3187","C8450","I8","GHF9538AGHDX","139115","TOP","13","[A156,2813,0,0][A23,157,0,0][C,  018108,0,0]","tl_M3187_C8450_attributes.xml"
"M3187","C8450","I8","GHF9538AGHDX","139115","TOP","14","[A23,157,0,0][A156,2808,0,0]","tl_M3187_C8450_attributes.xml"
"M3187","C8450","I8","GHF9538AGHDX","139115","APPLICATION","1","[A23,157,0,0][A155,2908,0,0]","Itm_M3187_C8450_I8_attributes.xml"
"M3187","C8450","I8","GHF9538AGSDZ","150159","CATEGORY","1","[A37,615,0,0,1]","pl_id_3187_attributes.xml"
"M3187","C8450","I8","GHF9538AGSDZ","150159","TOP","1","[A155,2899,0,0][A23,154,0,0]","tl_M3187_C8450_attributes.xml"
"M3187","C8450","I8","GHF9538AGSDZ","150159","TOP","2","[A155,2932,0,0][A23,154,0,0][C,  018107,1,0]","tl_M3187_C8450_attributes.xml"
"M3187","C8450","I8","GHF9538AGSDZ","150159","TOP","3","[A155,2787,0,0][A23,154,0,0][C,  018107,1,0]","tl_M3187_C8450_attributes.xml"
"M3187","C8450","I8","GHF9538AGSDZ","150159","TOP","4","[A23,154,0,0][A155,2908,0,0]","tl_M3187_C8450_attributes.xml"
"M3187","C8450","I8","GHF9538AGSDZ","150159","TOP","5","[A156,2819,0,0][A23,154,0,0][C,  018108,0,0]","tl_M3187_C8450_attributes.xml"
"M3187","C8450","I8","GHF9538AGSDZ","150159","TOP","6","[A156,2813,0,0][A23,154,0,0][C,  018108,0,0]","tl_M3187_C8450_attributes.xml"
"M3187","C8450","I8","GHF9538AGSDZ","150159","TOP","7","[A23,154,0,0][A156,2808,0,0]","tl_M3187_C8450_attributes.xml"
"M3187","C8450","I8","GHF9538AGSDZ","150159","TOP","8","[A155,2899,0,0][A23,157,0,0]","tl_M3187_C8450_attributes.xml"
"M3187","C8450","I8","GHF9538AGSDZ","150159","TOP","9","[A155,2932,0,0][A23,157,0,0][C,  018107,1,0]","tl_M3187_C8450_attributes.xml"
"M3187","C8450","I8","GHF9538AGSDZ","150159","TOP","10","[A155,2787,0,0][A23,157,0,0][C,  018107,1,0]","tl_M3187_C8450_attributes.xml"
"M3187","C8450","I8","GHF9538AGSDZ","150159","TOP","11","[A23,157,0,0][A155,2908,0,0]","tl_M3187_C8450_attributes.xml"
"M3187","C8450","I8","GHF9538AGSDZ","150159","TOP","12","[A156,2819,0,0][A23,157,0,0][C,  018108,0,0]","tl_M3187_C8450_attributes.xml"
"M3187","C8450","I8","GHF9538AGSDZ","150159","TOP","13","[A156,2813,0,0][A23,157,0,0][C,  018108,0,0]","tl_M3187_C8450_attributes.xml"
"M3187","C8450","I8","GHF9538AGSDZ","150159","TOP","14","[A23,157,0,0][A156,2808,0,0]","tl_M3187_C8450_attributes.xml"
"M3187","C8450","I8","GHF9538AGSDZ","150159","APPLICATION","1","[A156,2819,0,0][A23,157,0,0][C,  018108,0,0]","Itm_M3187_C8450_I8_attributes.xml"
"M3187","C8450","I8","GHF9538AGNED","150165","CATEGORY","1","[A37,615,0,0,1]","pl_id_3187_attributes.xml"
"M3187","C8450","I8","GHF9538AGNED","150165","TOP","1","[A155,2899,0,0][A23,154,0,0]","tl_M3187_C8450_attributes.xml"
"M3187","C8450","I8","GHF9538AGNED","150165","TOP","2","[A155,2932,0,0][A23,154,0,0][C,  018107,1,0]","tl_M3187_C8450_attributes.xml"
"M3187","C8450","I8","GHF9538AGNED","150165","TOP","3","[A155,2787,0,0][A23,154,0,0][C,  018107,1,0]","tl_M3187_C8450_attributes.xml"
"M3187","C8450","I8","GHF9538AGNED","150165","TOP","4","[A23,154,0,0][A155,2908,0,0]","tl_M3187_C8450_attributes.xml"
"M3187","C8450","I8","GHF9538AGNED","150165","TOP","5","[A156,2819,0,0][A23,154,0,0][C,  018108,0,0]","tl_M3187_C8450_attributes.xml"
"M3187","C8450","I8","GHF9538AGNED","150165","TOP","6","[A156,2813,0,0][A23,154,0,0][C,  018108,0,0]","tl_M3187_C8450_attributes.xml"
"M3187","C8450","I8","GHF9538AGNED","150165","TOP","7","[A23,154,0,0][A156,2808,0,0]","tl_M3187_C8450_attributes.xml"
"M3187","C8450","I8","GHF9538AGNED","150165","TOP","8","[A155,2899,0,0][A23,157,0,0]","tl_M3187_C8450_attributes.xml"
"M3187","C8450","I8","GHF9538AGNED","150165","TOP","9","[A155,2932,0,0][A23,157,0,0][C,  018107,1,0]","tl_M3187_C8450_attributes.xml"
"M3187","C8450","I8","GHF9538AGNED","150165","TOP","10","[A155,2787,0,0][A23,157,0,0][C,  018107,1,0]","tl_M3187_C8450_attributes.xml"
"M3187","C8450","I8","GHF9538AGNED","150165","TOP","11","[A23,157,0,0][A155,2908,0,0]","tl_M3187_C8450_attributes.xml"
"M3187","C8450","I8","GHF9538AGNED","150165","TOP","12","[A156,2819,0,0][A23,157,0,0][C,  018108,0,0]","tl_M3187_C8450_attributes.xml"
"M3187","C8450","I8","GHF9538AGNED","150165","TOP","13","[A156,2813,0,0][A23,157,0,0][C,  018108,0,0]","tl_M3187_C8450_attributes.xml"
"M3187","C8450","I8","GHF9538AGNED","150165","TOP","14","[A23,157,0,0][A156,2808,0,0]","tl_M3187_C8450_attributes.xml"
"M3187","C8450","I8","GHF9538AGNED","150165","APPLICATION","1","[A156,2813,0,0][A23,157,0,0][C,  018108,0,0]","Itm_M3187_C8450_I8_attributes.xml"
"M3187","C8450","I8","GHF9538AGLEG","139118","CATEGORY","1","[A37,615,0,0,1]","pl_id_3187_attributes.xml"
"M3187","C8450","I8","GHF9538AGLEG","139118","TOP","1","[A155,2899,0,0][A23,154,0,0]","tl_M3187_C8450_attributes.xml"
"M3187","C8450","I8","GHF9538AGLEG","139118","TOP","2","[A155,2932,0,0][A23,154,0,0][C,  018107,1,0]","tl_M3187_C8450_attributes.xml"
"M3187","C8450","I8","GHF9538AGLEG","139118","TOP","3","[A155,2787,0,0][A23,154,0,0][C,  018107,1,0]","tl_M3187_C8450_attributes.xml"
"M3187","C8450","I8","GHF9538AGLEG","139118","TOP","4","[A23,154,0,0][A155,2908,0,0]","tl_M3187_C8450_attributes.xml"
"M3187","C8450","I8","GHF9538AGLEG","139118","TOP","5","[A156,2819,0,0][A23,154,0,0][C,  018108,0,0]","tl_M3187_C8450_attributes.xml"
"M3187","C8450","I8","GHF9538AGLEG","139118","TOP","6","[A156,2813,0,0][A23,154,0,0][C,  018108,0,0]","tl_M3187_C8450_attributes.xml"
"M3187","C8450","I8","GHF9538AGLEG","139118","TOP","7","[A23,154,0,0][A156,2808,0,0]","tl_M3187_C8450_attributes.xml"
"M3187","C8450","I8","GHF9538AGLEG","139118","TOP","8","[A155,2899,0,0][A23,157,0,0]","tl_M3187_C8450_attributes.xml"
"M3187","C8450","I8","GHF9538AGLEG","139118","TOP","9","[A155,2932,0,0][A23,157,0,0][C,  018107,1,0]","tl_M3187_C8450_attributes.xml"
"M3187","C8450","I8","GHF9538AGLEG","139118","TOP","10","[A155,2787,0,0][A23,157,0,0][C,  018107,1,0]","tl_M3187_C8450_attributes.xml"
"M3187","C8450","I8","GHF9538AGLEG","139118","TOP","11","[A23,157,0,0][A155,2908,0,0]","tl_M3187_C8450_attributes.xml"
"M3187","C8450","I8","GHF9538AGLEG","139118","TOP","12","[A156,2819,0,0][A23,157,0,0][C,  018108,0,0]","tl_M3187_C8450_attributes.xml"
"M3187","C8450","I8","GHF9538AGLEG","139118","TOP","13","[A156,2813,0,0][A23,157,0,0][C,  018108,0,0]","tl_M3187_C8450_attributes.xml"
"M3187","C8450","I8","GHF9538AGLEG","139118","TOP","14","[A23,157,0,0][A156,2808,0,0]","tl_M3187_C8450_attributes.xml"
"M3187","C8450","I8","GHF9538AGLEG","139118","APPLICATION","1","[A23,157,0,0][A156,2808,0,0]","Itm_M3187_C8450_I8_attributes.xml"
"M3187","C8450","I9","BBC7525LEG","94667","CATEGORY","1","[A37,615,0,0,1]","pl_id_3187_attributes.xml"
"M3187","C8450","I9","BBC7525LEG","94667","TOP","1","[A156,2808,0,0][A155,2927,0,0]","tl_M3187_C8450_attributes.xml"
"M3187","C8450","I9","BBC7525LEG","94667","APPLICATION","1","[A155,2927,0,0][A156,2808,0,0]","Itm_M3187_C8450_I9_attributes.xml"
