Itm_M1002_C1022_I3_L-6.xml,drilldown/pl_id_1002/L-6,16-09-2013 09:58:32,226
Itm_M1002_C1044_I2_L-6.xml,drilldown/pl_id_1002/L-6,17-06-2013 07:54:14,1989
Itm_M1002_C1053_I1_L-6.xml,drilldown/pl_id_1002/L-6,21-09-2013 17:12:08,7430
Itm_M1002_C1069_I1_L-6.xml,drilldown/pl_id_1002/L-6,10-08-2013 17:12:00,2227
Itm_M1002_C1069_I6_L-6.xml,drilldown/pl_id_1002/L-6,17-08-2013 17:12:02,462
Itm_M1002_C1083_I7_L-6.xml,drilldown/pl_id_1002/L-6,21-09-2013 17:12:08,7585
Itm_M1002_C1088_I2_L-6.xml,drilldown/pl_id_1002/L-6,21-09-2013 17:12:08,226
Itm_M1002_C1088_I3_L-6.xml,drilldown/pl_id_1002/L-6,16-09-2013 09:58:32,210
Itm_M1002_C1088_I4_L-6.xml,drilldown/pl_id_1002/L-6,16-09-2013 09:58:32,136
Itm_M1002_C1088_I5_L-6.xml,drilldown/pl_id_1002/L-6,07-09-2013 17:12:08,134
Itm_M1002_C1088_I6_L-6.xml,drilldown/pl_id_1002/L-6,16-09-2013 09:58:32,136
Itm_M1002_C1088_I7_L-6.xml,drilldown/pl_id_1002/L-6,21-09-2013 17:12:08,136
Itm_M1002_C1093_I9_L-6.xml,drilldown/pl_id_1002/L-6,08-04-2013 20:27:16,8962
Itm_M1002_C1126_I5_L-6.xml,drilldown/pl_id_1002/L-6,16-03-2013 17:11:36,1758
Itm_M1002_C1126_I7_L-6.xml,drilldown/pl_id_1002/L-6,03-08-2013 17:12:02,780
Itm_M1002_C1133_I2_L-6.xml,drilldown/pl_id_1002/L-6,16-09-2013 09:58:32,309
Itm_M1002_C1142_I4_L-6.xml,drilldown/pl_id_1002/L-6,03-08-2013 17:12:02,232
Itm_M1002_C1142_I5_L-6.xml,drilldown/pl_id_1002/L-6,21-09-2013 17:12:08,190
Itm_M1002_C1142_I6_L-6.xml,drilldown/pl_id_1002/L-6,21-09-2013 17:12:08,134
Itm_M1002_C1142_I7_L-6.xml,drilldown/pl_id_1002/L-6,16-09-2013 09:58:32,134
Itm_M1002_C1146_I1_L-6.xml,drilldown/pl_id_1002/L-6,27-07-2013 17:12:04,2139
Itm_M1002_C1153_I3_L-6.xml,drilldown/pl_id_1002/L-6,11-05-2013 17:11:42,2027
Itm_M1002_C1156_I3_L-6.xml,drilldown/pl_id_1002/L-6,21-09-2013 17:12:08,1896
Itm_M1002_C1159_I3_L-6.xml,drilldown/pl_id_1002/L-6,21-09-2013 17:12:08,228
Itm_M1002_C1162_I2_L-6.xml,drilldown/pl_id_1002/L-6,17-06-2013 07:54:14,16920
Itm_M1002_C1163_I1_L-6.xml,drilldown/pl_id_1002/L-6,16-03-2013 17:11:36,21075
Itm_M1002_C1168_I1_L-6.xml,drilldown/pl_id_1002/L-6,21-09-2013 17:12:08,6265
Itm_M1002_C1169_I6_L-6.xml,drilldown/pl_id_1002/L-6,21-09-2013 17:12:08,2688
Itm_M1002_C1175_I12_L-6.xml,drilldown/pl_id_1002/L-6,21-09-2013 17:12:08,138
Itm_M1002_C1175_I18_L-6.xml,drilldown/pl_id_1002/L-6,21-09-2013 17:12:08,140
Itm_M1002_C1178_I2_L-6.xml,drilldown/pl_id_1002/L-6,21-09-2013 17:12:08,136
Itm_M1002_C1188_I10_L-6.xml,drilldown/pl_id_1002/L-6,07-09-2013 17:12:08,413
Itm_M1002_C1188_I11_L-6.xml,drilldown/pl_id_1002/L-6,21-09-2013 17:12:08,190
Itm_M1002_C1188_I12_L-6.xml,drilldown/pl_id_1002/L-6,16-09-2013 09:58:32,232
Itm_M1002_C1188_I2_L-6.xml,drilldown/pl_id_1002/L-6,21-09-2013 17:12:08,271
Itm_M1002_C1188_I3_L-6.xml,drilldown/pl_id_1002/L-6,21-09-2013 17:12:08,193
Itm_M1002_C1188_I4_L-6.xml,drilldown/pl_id_1002/L-6,16-09-2013 09:58:32,137
Itm_M1002_C1188_I7_L-6.xml,drilldown/pl_id_1002/L-6,16-09-2013 09:58:32,193
Itm_M1002_C1188_I8_L-6.xml,drilldown/pl_id_1002/L-6,21-09-2013 17:12:08,297
Itm_M1002_C1188_I9_L-6.xml,drilldown/pl_id_1002/L-6,21-09-2013 17:12:08,337
Itm_M1002_C1192_I3_L-6.xml,drilldown/pl_id_1002/L-6,16-09-2013 09:58:32,255
Itm_M1002_C1192_I5_L-6.xml,drilldown/pl_id_1002/L-6,21-09-2013 17:12:08,147
Itm_M1002_C1192_I6_L-6.xml,drilldown/pl_id_1002/L-6,21-09-2013 17:12:08,137
Itm_M1002_C1192_I7_L-6.xml,drilldown/pl_id_1002/L-6,16-09-2013 09:58:32,191
Itm_M1002_C1192_I8_L-6.xml,drilldown/pl_id_1002/L-6,07-09-2013 17:12:08,206
Itm_M1002_C1195_I1_L-6.xml,drilldown/pl_id_1002/L-6,01-06-2013 17:11:48,1457
Itm_M1002_C1201_I13_L-6.xml,drilldown/pl_id_1002/L-6,17-08-2013 17:12:02,226
Itm_M1002_C1201_I19_L-6.xml,drilldown/pl_id_1002/L-6,07-09-2013 17:12:08,236
Itm_M1002_C1201_I20_L-6.xml,drilldown/pl_id_1002/L-6,21-09-2013 17:12:08,224
Itm_M1002_C1211_I2_L-6.xml,drilldown/pl_id_1002/L-6,11-05-2013 17:11:42,779
Itm_M1002_C1223_I3_L-6.xml,drilldown/pl_id_1002/L-6,17-06-2013 07:54:14,1561
Itm_M1002_C1227_I1_L-6.xml,drilldown/pl_id_1002/L-6,21-09-2013 17:12:08,13068
Itm_M1002_C1232_I13_L-6.xml,drilldown/pl_id_1002/L-6,07-05-2013 09:21:08,617
Itm_M1002_C1233_I7_L-6.xml,drilldown/pl_id_1002/L-6,22-06-2013 17:11:52,251
Itm_M1002_C1238_I3_L-6.xml,drilldown/pl_id_1002/L-6,08-04-2013 20:27:16,5373
Itm_M1002_C1239_I4_L-6.xml,drilldown/pl_id_1002/L-6,16-09-2013 09:58:32,424
Itm_M1002_C1243_I7_L-6.xml,drilldown/pl_id_1002/L-6,21-09-2013 17:12:08,136
Itm_M1002_C1248_I5_L-6.xml,drilldown/pl_id_1002/L-6,31-08-2013 17:11:56,636
Itm_M1002_C1251_I1_L-6.xml,drilldown/pl_id_1002/L-6,20-04-2013 17:11:44,10790
Itm_M1002_C1282_I10_L-6.xml,drilldown/pl_id_1002/L-6,21-09-2013 17:12:08,955
Itm_M1002_C1282_I7_L-6.xml,drilldown/pl_id_1002/L-6,22-06-2013 17:11:52,4486
Itm_M1002_C1295_I2_L-6.xml,drilldown/pl_id_1002/L-6,16-09-2013 09:58:32,295
Itm_M1002_C1298_I1_L-6.xml,drilldown/pl_id_1002/L-6,17-08-2013 17:12:02,2816
Itm_M1002_C1298_I5_L-6.xml,drilldown/pl_id_1002/L-6,07-09-2013 17:12:08,136
Itm_M1002_C1302_I1_L-6.xml,drilldown/pl_id_1002/L-6,16-03-2013 17:11:36,11826
Itm_M1002_C1302_I2_L-6.xml,drilldown/pl_id_1002/L-6,31-08-2013 17:11:56,11827
Itm_M1002_C1325_I4_L-6.xml,drilldown/pl_id_1002/L-6,21-09-2013 17:12:08,344
Itm_M1002_C1326_I3_L-6.xml,drilldown/pl_id_1002/L-6,30-03-2013 17:11:50,1196
Itm_M1002_C1344_I3_L-6.xml,drilldown/pl_id_1002/L-6,08-06-2013 17:11:48,4054
Itm_M1002_C1352_I1_L-6.xml,drilldown/pl_id_1002/L-6,17-06-2013 07:54:14,3435
Itm_M1002_C1377_I10_L-6.xml,drilldown/pl_id_1002/L-6,22-06-2013 17:11:52,247
Itm_M1002_C1377_I3_L-6.xml,drilldown/pl_id_1002/L-6,10-08-2013 17:12:00,1946
Itm_M1002_C1380_I3_L-6.xml,drilldown/pl_id_1002/L-6,10-08-2013 17:12:00,546
Itm_M1002_C1383_I1_L-6.xml,drilldown/pl_id_1002/L-6,01-06-2013 17:11:48,600
Itm_M1002_C1386_I3_L-6.xml,drilldown/pl_id_1002/L-6,16-09-2013 09:58:32,134
Itm_M1002_C1389_I22_L-6.xml,drilldown/pl_id_1002/L-6,21-09-2013 17:12:08,138
Itm_M1002_C1403_I3_L-6.xml,drilldown/pl_id_1002/L-6,21-09-2013 17:12:08,915
Itm_M1002_C1403_I4_L-6.xml,drilldown/pl_id_1002/L-6,31-08-2013 17:11:56,134
Itm_M1002_C1403_I6_L-6.xml,drilldown/pl_id_1002/L-6,21-09-2013 17:12:08,336
Itm_M1002_C1406_I8_L-6.xml,drilldown/pl_id_1002/L-6,21-09-2013 17:12:08,731
Itm_M1002_C1409_I5_L-6.xml,drilldown/pl_id_1002/L-6,25-05-2013 17:11:48,613
Itm_M1002_C1410_I10_L-6.xml,drilldown/pl_id_1002/L-6,01-06-2013 17:11:48,1175
Itm_M1002_C1410_I5_L-6.xml,drilldown/pl_id_1002/L-6,16-09-2013 09:58:32,136
Itm_M1002_C1417_I2_L-6.xml,drilldown/pl_id_1002/L-6,11-05-2013 17:11:42,4056
Itm_M1002_C1419_I2_L-6.xml,drilldown/pl_id_1002/L-6,20-05-2013 14:09:22,872
Itm_M1002_C1424_I4_L-6.xml,drilldown/pl_id_1002/L-6,07-09-2013 17:12:08,276
Itm_M1002_C1425_I2_L-6.xml,drilldown/pl_id_1002/L-6,21-09-2013 17:12:08,212
Itm_M1002_C1428_I1_L-6.xml,drilldown/pl_id_1002/L-6,08-06-2013 17:11:48,471
Itm_M1002_C1429_I6_L-6.xml,drilldown/pl_id_1002/L-6,21-09-2013 17:12:08,192
Itm_M1002_C1433_I5_L-6.xml,drilldown/pl_id_1002/L-6,22-06-2013 17:11:52,297
Itm_M1002_C1434_I1_L-6.xml,drilldown/pl_id_1002/L-6,23-03-2013 17:11:32,7738
Itm_M1002_C1437_I5_L-6.xml,drilldown/pl_id_1002/L-6,16-09-2013 09:58:32,563
Itm_M1002_C1440_I10_L-6.xml,drilldown/pl_id_1002/L-6,21-09-2013 17:12:08,264
Itm_M1002_C1440_I15_L-6.xml,drilldown/pl_id_1002/L-6,22-06-2013 17:11:52,247
Itm_M1002_C1440_I7_L-6.xml,drilldown/pl_id_1002/L-6,07-09-2013 17:12:08,194
Itm_M1002_C1441_I2_L-6.xml,drilldown/pl_id_1002/L-6,27-07-2013 17:12:04,1136
Itm_M1002_C1444_I9_L-6.xml,drilldown/pl_id_1002/L-6,16-03-2013 17:11:36,2136
Itm_M1002_C1447_I3_L-6.xml,drilldown/pl_id_1002/L-6,21-09-2013 17:12:08,283
Itm_M1002_C1461_I14_L-6.xml,drilldown/pl_id_1002/L-6,21-09-2013 17:12:08,360
Itm_M1002_C1463_I21_L-6.xml,drilldown/pl_id_1002/L-6,07-09-2013 17:12:08,1078
Itm_M1002_C1464_I6_L-6.xml,drilldown/pl_id_1002/L-6,07-05-2013 09:21:08,491
Itm_M1002_C1465_I10_L-6.xml,drilldown/pl_id_1002/L-6,16-09-2013 09:58:32,136
Itm_M1002_C1465_I14_L-6.xml,drilldown/pl_id_1002/L-6,16-09-2013 09:58:32,136
Itm_M1002_C1465_I15_L-6.xml,drilldown/pl_id_1002/L-6,16-09-2013 09:58:32,255
Itm_M1002_C1465_I3_L-6.xml,drilldown/pl_id_1002/L-6,21-09-2013 17:12:08,1360
Itm_M1002_C1465_I7_L-6.xml,drilldown/pl_id_1002/L-6,21-09-2013 17:12:08,134
Itm_M1002_C1465_I8_L-6.xml,drilldown/pl_id_1002/L-6,21-09-2013 17:12:08,378
Itm_M1002_C1465_I9_L-6.xml,drilldown/pl_id_1002/L-6,21-09-2013 17:12:08,134
Itm_M1002_C1467_I9_L-6.xml,drilldown/pl_id_1002/L-6,01-06-2013 17:11:48,1131
Itm_M1002_C1470_I7_L-6.xml,drilldown/pl_id_1002/L-6,16-09-2013 09:58:32,390
Itm_M1002_C1471_I7_L-6.xml,drilldown/pl_id_1002/L-6,24-08-2013 17:12:00,1082
Itm_M1002_C1472_I1_L-6.xml,drilldown/pl_id_1002/L-6,21-09-2013 17:12:08,693
Itm_M1002_C1472_I9_L-6.xml,drilldown/pl_id_1002/L-6,21-09-2013 17:12:08,283
Itm_M1002_C1474_I1_L-6.xml,drilldown/pl_id_1002/L-6,21-09-2013 17:12:08,640
Itm_M1002_C1476_I1_L-6.xml,drilldown/pl_id_1002/L-6,22-06-2013 17:11:52,724
Itm_M1002_C1488_I4_L-6.xml,drilldown/pl_id_1002/L-6,21-09-2013 17:12:08,136
Itm_M1002_C1488_I8_L-6.xml,drilldown/pl_id_1002/L-6,16-09-2013 09:58:32,434
Itm_M1002_C1488_I9_L-6.xml,drilldown/pl_id_1002/L-6,07-09-2013 17:12:08,286
Itm_M1002_C1490_I2_L-6.xml,drilldown/pl_id_1002/L-6,21-09-2013 17:12:08,136
Itm_M1002_C1490_I3_L-6.xml,drilldown/pl_id_1002/L-6,21-09-2013 17:12:08,306
Itm_M1002_C1490_I6_L-6.xml,drilldown/pl_id_1002/L-6,21-09-2013 17:12:08,137
Itm_M1002_C1490_I7_L-6.xml,drilldown/pl_id_1002/L-6,21-09-2013 17:12:08,304
Itm_M1002_C1490_I8_L-6.xml,drilldown/pl_id_1002/L-6,21-09-2013 17:12:08,262
Itm_M1002_C1490_I9_L-6.xml,drilldown/pl_id_1002/L-6,21-09-2013 17:12:08,134
Itm_M1002_C1495_I3_L-6.xml,drilldown/pl_id_1002/L-6,30-03-2013 17:11:50,509
Itm_M1002_C1502_I6_L-6.xml,drilldown/pl_id_1002/L-6,20-04-2013 17:11:44,187
Itm_M1002_C1509_I2_L-6.xml,drilldown/pl_id_1002/L-6,21-09-2013 17:12:08,459
Itm_M1002_C1514_I1_L-6.xml,drilldown/pl_id_1002/L-6,21-09-2013 17:12:08,1640
Itm_M1002_C1519_I1_L-6.xml,drilldown/pl_id_1002/L-6,07-09-2013 17:12:08,608
Itm_M1002_C1520_I1_L-6.xml,drilldown/pl_id_1002/L-6,29-04-2013 17:12:42,1175
Itm_M1002_C1522_I3_L-6.xml,drilldown/pl_id_1002/L-6,16-09-2013 09:58:32,276
Itm_M1002_C1523_I2_L-6.xml,drilldown/pl_id_1002/L-6,16-09-2013 09:58:32,274
Itm_M1002_C1532_I2_L-6.xml,drilldown/pl_id_1002/L-6,21-09-2013 17:12:08,322
Itm_M1002_C1532_I3_L-6.xml,drilldown/pl_id_1002/L-6,21-09-2013 17:12:08,328
Itm_M1002_C1532_I6_L-6.xml,drilldown/pl_id_1002/L-6,21-09-2013 17:12:08,330
Itm_M1002_C1532_I7_L-6.xml,drilldown/pl_id_1002/L-6,16-09-2013 09:58:32,134
Itm_M1002_C1533_I1_L-6.xml,drilldown/pl_id_1002/L-6,11-05-2013 17:11:42,909
Itm_M1002_C1533_I2_L-6.xml,drilldown/pl_id_1002/L-6,21-09-2013 17:12:08,135
Itm_M1002_C1535_I7_L-6.xml,drilldown/pl_id_1002/L-6,10-08-2013 17:12:00,1635
Itm_M1002_C1535_I8_L-6.xml,drilldown/pl_id_1002/L-6,21-09-2013 17:12:08,198
Itm_M1002_C1541_I12_L-6.xml,drilldown/pl_id_1002/L-6,29-06-2013 17:11:56,696
Itm_M1002_C1551_I1_L-6.xml,drilldown/pl_id_1002/L-6,20-04-2013 17:11:44,180257
Itm_M1002_C1562_I2_L-6.xml,drilldown/pl_id_1002/L-6,21-09-2013 17:12:08,337
Itm_M1002_C1576_I2_L-6.xml,drilldown/pl_id_1002/L-6,06-07-2013 17:11:56,1066
Itm_M1002_C1576_I5_L-6.xml,drilldown/pl_id_1002/L-6,25-05-2013 17:11:48,1620
Itm_M1002_C1579_I2_L-6.xml,drilldown/pl_id_1002/L-6,03-08-2013 17:12:02,274
Itm_M1002_C1582_I18_L-6.xml,drilldown/pl_id_1002/L-6,20-07-2013 17:11:58,216
Itm_M1002_C1583_I18_L-6.xml,drilldown/pl_id_1002/L-6,20-07-2013 17:11:58,216
Itm_M1002_C1583_I3_L-6.xml,drilldown/pl_id_1002/L-6,21-09-2013 17:12:08,192
Itm_M1002_C1583_I4_L-6.xml,drilldown/pl_id_1002/L-6,21-09-2013 17:12:08,192
Itm_M1002_C1583_I5_L-6.xml,drilldown/pl_id_1002/L-6,21-09-2013 17:12:08,191
Itm_M1002_C1583_I6_L-6.xml,drilldown/pl_id_1002/L-6,21-09-2013 17:12:08,193
Itm_M1002_C1583_I7_L-6.xml,drilldown/pl_id_1002/L-6,21-09-2013 17:12:08,272
Itm_M1002_C1589_I1_L-6.xml,drilldown/pl_id_1002/L-6,11-05-2013 17:11:42,1858
Itm_M1002_C1591_I11_L-6.xml,drilldown/pl_id_1002/L-6,21-09-2013 17:12:08,424
Itm_M1002_C1591_I6_L-6.xml,drilldown/pl_id_1002/L-6,21-09-2013 17:12:08,23789
Itm_M1002_C1591_I9_L-6.xml,drilldown/pl_id_1002/L-6,27-07-2013 17:12:04,778
Itm_M1002_C1604_I2_L-6.xml,drilldown/pl_id_1002/L-6,01-06-2013 17:11:48,1672
Itm_M1002_C1604_I6_L-6.xml,drilldown/pl_id_1002/L-6,10-08-2013 17:12:00,3850
Itm_M1002_C1613_I1_L-6.xml,drilldown/pl_id_1002/L-6,16-09-2013 09:58:32,137
Itm_M1002_C1613_I2_L-6.xml,drilldown/pl_id_1002/L-6,16-09-2013 09:58:32,275
Itm_M1002_C1613_I7_L-6.xml,drilldown/pl_id_1002/L-6,16-09-2013 09:58:32,137
Itm_M1002_C1621_I5_L-6.xml,drilldown/pl_id_1002/L-6,25-05-2013 17:11:48,804
Itm_M1002_C1623_I2_L-6.xml,drilldown/pl_id_1002/L-6,20-05-2013 14:09:22,794
Itm_M1002_C1627_I40_L-6.xml,drilldown/pl_id_1002/L-6,07-09-2013 17:12:08,1085
Itm_M1002_C1629_I3_L-6.xml,drilldown/pl_id_1002/L-6,27-07-2013 17:12:04,690
Itm_M1002_C1633_I4_L-6.xml,drilldown/pl_id_1002/L-6,13-07-2013 17:11:56,3129
Itm_M1002_C1633_I8_L-6.xml,drilldown/pl_id_1002/L-6,20-05-2013 14:09:22,3256
Itm_M1002_C1633_I9_L-6.xml,drilldown/pl_id_1002/L-6,20-05-2013 14:09:22,3185
Itm_M1002_C1635_I2_L-6.xml,drilldown/pl_id_1002/L-6,27-07-2013 17:12:04,2786
Itm_M1002_C1638_I8_L-6.xml,drilldown/pl_id_1002/L-6,20-04-2013 17:11:44,885
Itm_M1002_C1646_I1_L-6.xml,drilldown/pl_id_1002/L-6,21-09-2013 17:12:08,3424
Itm_M1002_C1646_I3_L-6.xml,drilldown/pl_id_1002/L-6,16-09-2013 09:58:32,344
Itm_M1002_C1646_I4_L-6.xml,drilldown/pl_id_1002/L-6,21-09-2013 17:12:08,350
Itm_M1002_C1646_I6_L-6.xml,drilldown/pl_id_1002/L-6,21-09-2013 17:12:08,366
Itm_M1002_C1646_I7_L-6.xml,drilldown/pl_id_1002/L-6,21-09-2013 17:12:08,354
Itm_M1002_C1650_I2_L-6.xml,drilldown/pl_id_1002/L-6,10-08-2013 17:12:00,1011
Itm_M1002_C1660_I1_L-6.xml,drilldown/pl_id_1002/L-6,13-07-2013 17:11:56,2611
Itm_M1002_C1662_I2_L-6.xml,drilldown/pl_id_1002/L-6,06-07-2013 17:11:56,608
Itm_M1002_C1665_I24_L-6.xml,drilldown/pl_id_1002/L-6,07-09-2013 17:12:08,140
Itm_M1002_C1666_I5_L-6.xml,drilldown/pl_id_1002/L-6,16-09-2013 09:58:32,148
Itm_M1002_C1670_I5_L-6.xml,drilldown/pl_id_1002/L-6,29-06-2013 17:11:56,451
Itm_M1002_C1678_I9_L-6.xml,drilldown/pl_id_1002/L-6,20-07-2013 17:11:58,554
Itm_M1002_C1679_I11_L-6.xml,drilldown/pl_id_1002/L-6,21-09-2013 17:12:08,396
Itm_M1002_C1679_I12_L-6.xml,drilldown/pl_id_1002/L-6,16-09-2013 09:58:32,210
Itm_M1002_C1679_I20_L-6.xml,drilldown/pl_id_1002/L-6,21-09-2013 17:12:08,1520
Itm_M1002_C1679_I21_L-6.xml,drilldown/pl_id_1002/L-6,21-09-2013 17:12:08,138
tl_M1002_C1238_L-6.xml,drilldown/pl_id_1002/L-6,08-04-2013 20:27:16,812
tl_M1002_C1352_L-6.xml,drilldown/pl_id_1002/L-6,17-06-2013 07:54:14,1476
tl_M1002_C1419_L-6.xml,drilldown/pl_id_1002/L-6,20-05-2013 14:09:22,444
tl_M1002_C1437_L-6.xml,drilldown/pl_id_1002/L-6,16-09-2013 09:58:32,704
tl_M1002_C1502_L-6.xml,drilldown/pl_id_1002/L-6,20-04-2013 17:11:44,1240
tl_M1002_C1507_L-6.xml,drilldown/pl_id_1002/L-6,20-04-2013 17:11:44,730
tl_M1002_C1519_L-6.xml,drilldown/pl_id_1002/L-6,07-09-2013 17:12:08,1478
tl_M1002_C1541_L-6.xml,drilldown/pl_id_1002/L-6,29-06-2013 17:11:56,1607
tl_M1002_C1621_L-6.xml,drilldown/pl_id_1002/L-6,25-05-2013 17:11:48,869
tl_M1002_C1623_L-6.xml,drilldown/pl_id_1002/L-6,20-05-2013 14:09:22,554
tl_M1002_C1668_L-6.xml,drilldown/pl_id_1002/L-6,20-04-2013 17:11:44,664
tl_M1002_C1670_L-6.xml,drilldown/pl_id_1002/L-6,29-06-2013 17:11:56,808
tl_M1002_C1678_L-6.xml,drilldown/pl_id_1002/L-6,20-07-2013 17:11:58,1589
cat_M12831_C12840_L-6.xml,drilldown/pl_id_12831/L-6,20-07-2013 17:12:00,1424
cat_M12831_C12877_L-6.xml,drilldown/pl_id_12831/L-6,27-07-2013 17:12:04,2515
cat_M12831_C12878_L-6.xml,drilldown/pl_id_12831/L-6,27-07-2013 17:12:04,2515
cat_M12831_C12879_L-6.xml,drilldown/pl_id_12831/L-6,27-07-2013 17:12:04,2515
cat_M12831_C12880_L-6.xml,drilldown/pl_id_12831/L-6,27-07-2013 17:12:04,2515
cat_M12831_C12904_L-6.xml,drilldown/pl_id_12831/L-6,10-08-2013 17:12:00,3284
cat_M12831_C12937_L-6.xml,drilldown/pl_id_12831/L-6,29-04-2013 17:12:42,1328
cat_M12831_C12938_L-6.xml,drilldown/pl_id_12831/L-6,29-04-2013 17:12:42,1328
cat_M12831_C12980_L-6.xml,drilldown/pl_id_12831/L-6,07-09-2013 17:12:08,2402
cat_M12831_C12981_L-6.xml,drilldown/pl_id_12831/L-6,07-09-2013 17:12:08,2401
cat_M12831_C12982_L-6.xml,drilldown/pl_id_12831/L-6,07-09-2013 17:12:08,2401
cat_M12831_C13004_L-6.xml,drilldown/pl_id_12831/L-6,25-05-2013 17:11:48,512
cat_M12831_C13017_L-6.xml,drilldown/pl_id_12831/L-6,27-07-2013 17:12:04,770
cat_M12831_C13019_L-6.xml,drilldown/pl_id_12831/L-6,23-03-2013 17:11:32,985
cat_M12831_C13063_L-6.xml,drilldown/pl_id_12831/L-6,20-07-2013 17:12:00,1334
cat_M12831_C13093_L-6.xml,drilldown/pl_id_12831/L-6,16-09-2013 09:58:32,3721
cat_M12831_C13094_L-6.xml,drilldown/pl_id_12831/L-6,16-09-2013 09:58:32,3721
cat_M12831_C13095_L-6.xml,drilldown/pl_id_12831/L-6,16-09-2013 09:58:32,3721
cat_M12831_C13096_L-6.xml,drilldown/pl_id_12831/L-6,16-09-2013 09:58:32,3721
cat_M12831_C13097_L-6.xml,drilldown/pl_id_12831/L-6,16-09-2013 09:58:32,3721
cat_M12831_C13115_L-6.xml,drilldown/pl_id_12831/L-6,07-09-2013 17:12:08,1496
cat_M12831_C13116_L-6.xml,drilldown/pl_id_12831/L-6,07-09-2013 17:12:08,1496
cat_M12831_C13135_L-6.xml,drilldown/pl_id_12831/L-6,10-08-2013 17:12:00,997
cat_M12831_C13137_L-6.xml,drilldown/pl_id_12831/L-6,10-08-2013 17:12:00,961
cat_M12831_C13138_L-6.xml,drilldown/pl_id_12831/L-6,10-08-2013 17:12:00,961
cat_M12831_C13141_L-6.xml,drilldown/pl_id_12831/L-6,25-05-2013 17:11:48,1687
cat_M12831_C13142_L-6.xml,drilldown/pl_id_12831/L-6,25-05-2013 17:11:48,1687
cat_M12831_C13143_L-6.xml,drilldown/pl_id_12831/L-6,25-05-2013 17:11:48,1688
cat_M12831_C13179_L-6.xml,drilldown/pl_id_12831/L-6,27-07-2013 17:12:04,1646
cat_M12831_C13180_L-6.xml,drilldown/pl_id_12831/L-6,27-07-2013 17:12:04,1645
cat_M12831_C13181_L-6.xml,drilldown/pl_id_12831/L-6,27-07-2013 17:12:04,1646
cat_M12831_C13182_L-6.xml,drilldown/pl_id_12831/L-6,27-07-2013 17:12:04,1646
cat_M12831_C13184_L-6.xml,drilldown/pl_id_12831/L-6,07-09-2013 17:12:08,1058
cat_M12831_C13185_L-6.xml,drilldown/pl_id_12831/L-6,07-09-2013 17:12:08,1058
cat_M12831_C13186_L-6.xml,drilldown/pl_id_12831/L-6,07-09-2013 17:12:08,1058
cat_M12831_C13188_L-6.xml,drilldown/pl_id_12831/L-6,07-09-2013 17:12:08,1250
cat_M12831_C13189_L-6.xml,drilldown/pl_id_12831/L-6,07-09-2013 17:12:08,1250
cat_M12831_C13190_L-6.xml,drilldown/pl_id_12831/L-6,07-09-2013 17:12:08,1250
cat_M12831_C13191_L-6.xml,drilldown/pl_id_12831/L-6,07-09-2013 17:12:08,1250
cat_M12831_C13207_L-6.xml,drilldown/pl_id_12831/L-6,01-06-2013 17:11:48,1436
cat_M12831_C13208_L-6.xml,drilldown/pl_id_12831/L-6,01-06-2013 17:11:48,1435
cat_M12831_C13237_L-6.xml,drilldown/pl_id_12831/L-6,13-07-2013 17:11:56,950
cat_M12831_C13250_L-6.xml,drilldown/pl_id_12831/L-6,07-09-2013 17:12:08,1226
cat_M12831_C13253_L-6.xml,drilldown/pl_id_12831/L-6,20-07-2013 17:12:00,728
cat_M12831_C13271_L-6.xml,drilldown/pl_id_12831/L-6,20-07-2013 17:12:00,1424
cat_M12831_C13272_L-6.xml,drilldown/pl_id_12831/L-6,20-07-2013 17:12:00,1423
cat_M12831_C13375_L-6.xml,drilldown/pl_id_12831/L-6,20-07-2013 17:12:00,1333
cat_M12831_C13440_L-6.xml,drilldown/pl_id_12831/L-6,27-07-2013 17:12:04,1646
cat_M12831_C13441_L-6.xml,drilldown/pl_id_12831/L-6,07-09-2013 17:12:08,1058
cat_M12831_C13510_L-6.xml,drilldown/pl_id_12831/L-6,27-07-2013 17:12:04,2516
cat_M12831_C13521_L-6.xml,drilldown/pl_id_12831/L-6,07-09-2013 17:12:08,1495
cat_M12831_C13554_L-6.xml,drilldown/pl_id_12831/L-6,20-07-2013 17:12:00,1333
cat_M12831_C13884_L-6.xml,drilldown/pl_id_12831/L-6,07-09-2013 17:12:08,1225
cat_M12831_C13900_L-6.xml,drilldown/pl_id_12831/L-6,07-09-2013 17:12:08,2402
cat_M12831_C13963_L-6.xml,drilldown/pl_id_12831/L-6,27-07-2013 17:12:04,2516
cat_M12831_C13964_L-6.xml,drilldown/pl_id_12831/L-6,27-07-2013 17:12:04,2516
cat_M12831_C13965_L-6.xml,drilldown/pl_id_12831/L-6,27-07-2013 17:12:04,2515
cat_M12831_C13966_L-6.xml,drilldown/pl_id_12831/L-6,27-07-2013 17:12:04,2515
cat_M12831_C13969_L-6.xml,drilldown/pl_id_12831/L-6,27-07-2013 17:12:04,4004
cat_M12831_C14007_L-6.xml,drilldown/pl_id_12831/L-6,07-09-2013 17:12:08,2402
cat_M12831_C14008_L-6.xml,drilldown/pl_id_12831/L-6,07-09-2013 17:12:08,2402
cat_M12831_C14027_L-6.xml,drilldown/pl_id_12831/L-6,16-09-2013 09:58:32,3721
cat_M12831_C14028_L-6.xml,drilldown/pl_id_12831/L-6,16-09-2013 09:58:32,3721
cat_M12831_C14029_L-6.xml,drilldown/pl_id_12831/L-6,16-09-2013 09:58:32,3721
cat_M12831_C14030_L-6.xml,drilldown/pl_id_12831/L-6,16-09-2013 09:58:32,3721
cat_M12831_C14031_L-6.xml,drilldown/pl_id_12831/L-6,16-09-2013 09:58:32,3721
cat_M12831_C14033_L-6.xml,drilldown/pl_id_12831/L-6,10-08-2013 17:12:00,997
cat_M12831_C14034_L-6.xml,drilldown/pl_id_12831/L-6,10-08-2013 17:12:00,958
cat_M12831_C14190_L-6.xml,drilldown/pl_id_12831/L-6,16-09-2013 09:58:32,1897
cat_M12831_C14191_L-6.xml,drilldown/pl_id_12831/L-6,16-09-2013 09:58:32,1897
cat_M12831_C14192_L-6.xml,drilldown/pl_id_12831/L-6,16-09-2013 09:58:32,1897
cat_M12831_C14193_L-6.xml,drilldown/pl_id_12831/L-6,16-09-2013 09:58:32,1897
cat_M12831_C14234_L-6.xml,drilldown/pl_id_12831/L-6,07-09-2013 17:12:08,1226
cat_M12831_C14712_L-6.xml,drilldown/pl_id_12831/L-6,21-09-2013 17:12:08,907
cat_M12831_C14770_L-6.xml,drilldown/pl_id_12831/L-6,07-09-2013 17:12:08,2401
cat_M12831_C14781_L-6.xml,drilldown/pl_id_12831/L-6,23-03-2013 17:11:32,985
cat_M12831_C14803_L-6.xml,drilldown/pl_id_12831/L-6,13-04-2013 17:11:38,714
cat_M12831_C14820_L-6.xml,drilldown/pl_id_12831/L-6,29-04-2013 17:12:42,1327
cat_M12831_C14840_L-6.xml,drilldown/pl_id_12831/L-6,25-05-2013 17:11:48,1684
cat_M12831_C14841_L-6.xml,drilldown/pl_id_12831/L-6,25-05-2013 17:11:48,1684
cat_M12831_C14842_L-6.xml,drilldown/pl_id_12831/L-6,25-05-2013 17:11:48,1684
cat_M12831_C14850_L-6.xml,drilldown/pl_id_12831/L-6,21-09-2013 17:12:08,1645
cat_M12831_C14851_L-6.xml,drilldown/pl_id_12831/L-6,16-09-2013 09:58:32,1645
cat_M12831_C14852_L-6.xml,drilldown/pl_id_12831/L-6,21-09-2013 17:12:08,1435
cat_M12831_C14853_L-6.xml,drilldown/pl_id_12831/L-6,21-09-2013 17:12:08,1435
cat_M12831_C14881_L-6.xml,drilldown/pl_id_12831/L-6,20-07-2013 17:12:00,1330
cat_M12831_C14882_L-6.xml,drilldown/pl_id_12831/L-6,16-09-2013 09:58:32,1897
cat_M12831_C14883_L-6.xml,drilldown/pl_id_12831/L-6,16-09-2013 09:58:32,1897
cat_M12831_C14884_L-6.xml,drilldown/pl_id_12831/L-6,16-09-2013 09:58:32,1897
cat_M12831_C14885_L-6.xml,drilldown/pl_id_12831/L-6,16-09-2013 09:58:32,3718
cat_M12831_C14886_L-6.xml,drilldown/pl_id_12831/L-6,20-07-2013 17:12:00,1422
cat_M12831_C14887_L-6.xml,drilldown/pl_id_12831/L-6,20-07-2013 17:12:00,1422
cat_M12831_C14890_L-6.xml,drilldown/pl_id_12831/L-6,27-07-2013 17:12:04,2515
cat_M12831_C14891_L-6.xml,drilldown/pl_id_12831/L-6,16-09-2013 09:58:32,3721
cat_M12831_C14892_L-6.xml,drilldown/pl_id_12831/L-6,16-09-2013 09:58:32,3721
cat_M12831_C14893_L-6.xml,drilldown/pl_id_12831/L-6,16-09-2013 09:58:32,3721
cat_M12831_C14894_L-6.xml,drilldown/pl_id_12831/L-6,16-09-2013 09:58:32,3721
cat_M12831_C14895_L-6.xml,drilldown/pl_id_12831/L-6,27-07-2013 17:12:04,1642
cat_M12831_C14929_L-6.xml,drilldown/pl_id_12831/L-6,16-09-2013 09:58:32,3721
cat_M12831_C14930_L-6.xml,drilldown/pl_id_12831/L-6,10-08-2013 17:12:00,996
cat_M12831_C14976_L-6.xml,drilldown/pl_id_12831/L-6,16-09-2013 09:58:32,1057
cat_M12831_C14977_L-6.xml,drilldown/pl_id_12831/L-6,07-09-2013 17:12:08,1248
cat_M12831_C14978_L-6.xml,drilldown/pl_id_12831/L-6,07-09-2013 17:12:08,1225
Itm_M12831_C12837_I1_L-6.xml,drilldown/pl_id_12831/L-6,07-09-2013 17:12:08,5946
Itm_M12831_C12840_I4_L-6.xml,drilldown/pl_id_12831/L-6,17-08-2013 17:12:02,813
Itm_M12831_C12840_I8_L-6.xml,drilldown/pl_id_12831/L-6,13-07-2013 17:11:56,266
Itm_M12831_C12855_I1_L-6.xml,drilldown/pl_id_12831/L-6,27-07-2013 17:12:04,323
Itm_M12831_C12855_I2_L-6.xml,drilldown/pl_id_12831/L-6,27-07-2013 17:12:04,778
Itm_M12831_C12855_I3_L-6.xml,drilldown/pl_id_12831/L-6,21-09-2013 17:12:08,396
Itm_M12831_C12857_I1_L-6.xml,drilldown/pl_id_12831/L-6,27-07-2013 17:12:04,741
Itm_M12831_C12857_I2_L-6.xml,drilldown/pl_id_12831/L-6,27-07-2013 17:12:04,451
Itm_M12831_C12857_I3_L-6.xml,drilldown/pl_id_12831/L-6,27-07-2013 17:12:04,451
Itm_M12831_C12857_I4_L-6.xml,drilldown/pl_id_12831/L-6,07-09-2013 17:12:08,144
Itm_M12831_C12857_I5_L-6.xml,drilldown/pl_id_12831/L-6,21-09-2013 17:12:08,138
Itm_M12831_C12857_I6_L-6.xml,drilldown/pl_id_12831/L-6,16-09-2013 09:58:32,360
Itm_M12831_C12857_I7_L-6.xml,drilldown/pl_id_12831/L-6,27-07-2013 17:12:04,1020
Itm_M12831_C12858_I3_L-6.xml,drilldown/pl_id_12831/L-6,22-06-2013 17:11:52,1225
Itm_M12831_C12858_I4_L-6.xml,drilldown/pl_id_12831/L-6,22-06-2013 17:11:52,1241
Itm_M12831_C12858_I7_L-6.xml,drilldown/pl_id_12831/L-6,16-09-2013 09:58:32,336
Itm_M12831_C12858_I8_L-6.xml,drilldown/pl_id_12831/L-6,16-09-2013 09:58:32,498
Itm_M12831_C12858_I9_L-6.xml,drilldown/pl_id_12831/L-6,27-07-2013 17:12:04,1425
Itm_M12831_C12862_I6_L-6.xml,drilldown/pl_id_12831/L-6,27-07-2013 17:12:04,505
Itm_M12831_C12864_I15_L-6.xml,drilldown/pl_id_12831/L-6,16-09-2013 09:58:32,240
Itm_M12831_C12865_I7_L-6.xml,drilldown/pl_id_12831/L-6,27-07-2013 17:12:04,689
Itm_M12831_C12868_I1_L-6.xml,drilldown/pl_id_12831/L-6,31-08-2013 17:11:56,2584
Itm_M12831_C12870_I2_L-6.xml,drilldown/pl_id_12831/L-6,27-07-2013 17:12:04,653
Itm_M12831_C12870_I3_L-6.xml,drilldown/pl_id_12831/L-6,27-07-2013 17:12:04,606
Itm_M12831_C12870_I4_L-6.xml,drilldown/pl_id_12831/L-6,27-07-2013 17:12:04,738
Itm_M12831_C12870_I6_L-6.xml,drilldown/pl_id_12831/L-6,27-07-2013 17:12:04,498
Itm_M12831_C12870_I7_L-6.xml,drilldown/pl_id_12831/L-6,27-07-2013 17:12:04,737
Itm_M12831_C12872_I1_L-6.xml,drilldown/pl_id_12831/L-6,10-08-2013 17:12:00,739
Itm_M12831_C12872_I2_L-6.xml,drilldown/pl_id_12831/L-6,27-07-2013 17:12:04,430
Itm_M12831_C12872_I3_L-6.xml,drilldown/pl_id_12831/L-6,27-07-2013 17:12:04,550
Itm_M12831_C12872_I5_L-6.xml,drilldown/pl_id_12831/L-6,27-07-2013 17:12:04,414
Itm_M12831_C12872_I6_L-6.xml,drilldown/pl_id_12831/L-6,27-07-2013 17:12:04,927
Itm_M12831_C12875_I3_L-6.xml,drilldown/pl_id_12831/L-6,27-07-2013 17:12:04,553
Itm_M12831_C12875_I4_L-6.xml,drilldown/pl_id_12831/L-6,27-07-2013 17:12:04,360
Itm_M12831_C12875_I5_L-6.xml,drilldown/pl_id_12831/L-6,27-07-2013 17:12:04,459
Itm_M12831_C12875_I6_L-6.xml,drilldown/pl_id_12831/L-6,27-07-2013 17:12:04,459
Itm_M12831_C12875_I7_L-6.xml,drilldown/pl_id_12831/L-6,27-07-2013 17:12:04,236
Itm_M12831_C12877_I1_L-6.xml,drilldown/pl_id_12831/L-6,27-07-2013 17:12:04,912
Itm_M12831_C12877_I2_L-6.xml,drilldown/pl_id_12831/L-6,27-07-2013 17:12:04,565
Itm_M12831_C12878_I1_L-6.xml,drilldown/pl_id_12831/L-6,08-06-2013 17:11:48,3109
Itm_M12831_C12878_I2_L-6.xml,drilldown/pl_id_12831/L-6,03-08-2013 17:12:02,1221
Itm_M12831_C12879_I0_L-6.xml,drilldown/pl_id_12831/L-6,27-07-2013 17:12:04,480
Itm_M12831_C12879_I1_L-6.xml,drilldown/pl_id_12831/L-6,27-07-2013 17:12:04,1094
Itm_M12831_C12880_I8_L-6.xml,drilldown/pl_id_12831/L-6,27-07-2013 17:12:04,649
Itm_M12831_C12882_I1_L-6.xml,drilldown/pl_id_12831/L-6,27-07-2013 17:12:04,498
Itm_M12831_C12882_I3_L-6.xml,drilldown/pl_id_12831/L-6,27-07-2013 17:12:04,461
Itm_M12831_C12883_I4_L-6.xml,drilldown/pl_id_12831/L-6,27-07-2013 17:12:04,461
Itm_M12831_C12885_I1_L-6.xml,drilldown/pl_id_12831/L-6,27-07-2013 17:12:04,420
Itm_M12831_C12885_I2_L-6.xml,drilldown/pl_id_12831/L-6,27-07-2013 17:12:04,420
Itm_M12831_C12885_I3_L-6.xml,drilldown/pl_id_12831/L-6,10-08-2013 17:12:00,192
Itm_M12831_C12887_I4_L-6.xml,drilldown/pl_id_12831/L-6,27-07-2013 17:12:04,378
Itm_M12831_C12888_I5_L-6.xml,drilldown/pl_id_12831/L-6,27-07-2013 17:12:04,968
Itm_M12831_C12889_I1_L-6.xml,drilldown/pl_id_12831/L-6,27-07-2013 17:12:04,548
Itm_M12831_C12890_I11_L-6.xml,drilldown/pl_id_12831/L-6,27-07-2013 17:12:04,507
Itm_M12831_C12890_I1_L-6.xml,drilldown/pl_id_12831/L-6,27-07-2013 17:12:04,1428
Itm_M12831_C12890_I32_L-6.xml,drilldown/pl_id_12831/L-6,27-07-2013 17:12:04,856
Itm_M12831_C12891_I1_L-6.xml,drilldown/pl_id_12831/L-6,10-08-2013 17:12:00,649
Itm_M12831_C12895_I1_L-6.xml,drilldown/pl_id_12831/L-6,27-07-2013 17:12:04,324
Itm_M12831_C12895_I7_L-6.xml,drilldown/pl_id_12831/L-6,27-07-2013 17:12:04,324
Itm_M12831_C12895_I8_L-6.xml,drilldown/pl_id_12831/L-6,27-07-2013 17:12:04,192
Itm_M12831_C12895_I9_L-6.xml,drilldown/pl_id_12831/L-6,27-07-2013 17:12:04,192
Itm_M12831_C12896_I16_L-6.xml,drilldown/pl_id_12831/L-6,27-07-2013 17:12:04,329
Itm_M12831_C12896_I1_L-6.xml,drilldown/pl_id_12831/L-6,27-07-2013 17:12:04,566
Itm_M12831_C12896_I2_L-6.xml,drilldown/pl_id_12831/L-6,27-07-2013 17:12:04,278
Itm_M12831_C12896_I8_L-6.xml,drilldown/pl_id_12831/L-6,10-08-2013 17:12:00,472
Itm_M12831_C12897_I2_L-6.xml,drilldown/pl_id_12831/L-6,27-07-2013 17:12:04,139
Itm_M12831_C12898_I6_L-6.xml,drilldown/pl_id_12831/L-6,21-09-2013 17:12:08,138
Itm_M12831_C12900_I1_L-6.xml,drilldown/pl_id_12831/L-6,27-07-2013 17:12:04,749
Itm_M12831_C12902_I12_L-6.xml,drilldown/pl_id_12831/L-6,07-09-2013 17:12:08,229
Itm_M12831_C12902_I8_L-6.xml,drilldown/pl_id_12831/L-6,27-07-2013 17:12:04,830
Itm_M12831_C12903_I1_L-6.xml,drilldown/pl_id_12831/L-6,10-08-2013 17:12:00,462
Itm_M12831_C12903_I2_L-6.xml,drilldown/pl_id_12831/L-6,10-08-2013 17:12:00,962
Itm_M12831_C12903_I4_L-6.xml,drilldown/pl_id_12831/L-6,10-08-2013 17:12:00,1022
Itm_M12831_C12903_I6_L-6.xml,drilldown/pl_id_12831/L-6,10-08-2013 17:12:00,740
Itm_M12831_C12904_I10_L-6.xml,drilldown/pl_id_12831/L-6,10-08-2013 17:12:00,141
Itm_M12831_C12904_I11_L-6.xml,drilldown/pl_id_12831/L-6,10-08-2013 17:12:00,512
Itm_M12831_C12904_I12_L-6.xml,drilldown/pl_id_12831/L-6,10-08-2013 17:12:00,229
Itm_M12831_C12904_I1_L-6.xml,drilldown/pl_id_12831/L-6,10-08-2013 17:12:00,379
Itm_M12831_C12904_I3_L-6.xml,drilldown/pl_id_12831/L-6,31-08-2013 17:11:56,414
Itm_M12831_C12904_I4_L-6.xml,drilldown/pl_id_12831/L-6,10-08-2013 17:12:00,225
Itm_M12831_C12904_I5_L-6.xml,drilldown/pl_id_12831/L-6,10-08-2013 17:12:00,473
Itm_M12831_C12904_I6_L-6.xml,drilldown/pl_id_12831/L-6,10-08-2013 17:12:00,225
Itm_M12831_C12904_I7_L-6.xml,drilldown/pl_id_12831/L-6,10-08-2013 17:12:00,317
Itm_M12831_C12904_I8_L-6.xml,drilldown/pl_id_12831/L-6,10-08-2013 17:12:00,347
Itm_M12831_C12904_I9_L-6.xml,drilldown/pl_id_12831/L-6,10-08-2013 17:12:00,393
Itm_M12831_C12906_I1_L-6.xml,drilldown/pl_id_12831/L-6,27-07-2013 17:12:04,739
Itm_M12831_C12906_I2_L-6.xml,drilldown/pl_id_12831/L-6,27-07-2013 17:12:04,362
Itm_M12831_C12906_I5_L-6.xml,drilldown/pl_id_12831/L-6,27-07-2013 17:12:04,468
Itm_M12831_C12909_I1_L-6.xml,drilldown/pl_id_12831/L-6,03-08-2013 17:12:02,578
Itm_M12831_C12910_I1_L-6.xml,drilldown/pl_id_12831/L-6,27-07-2013 17:12:04,582
Itm_M12831_C12911_I2_L-6.xml,drilldown/pl_id_12831/L-6,10-08-2013 17:12:00,498
Itm_M12831_C12913_I1_L-6.xml,drilldown/pl_id_12831/L-6,03-08-2013 17:12:02,3750
Itm_M12831_C12913_I2_L-6.xml,drilldown/pl_id_12831/L-6,03-08-2013 17:12:02,1325
Itm_M12831_C12913_I4_L-6.xml,drilldown/pl_id_12831/L-6,03-08-2013 17:12:02,608
Itm_M12831_C12915_I11_L-6.xml,drilldown/pl_id_12831/L-6,20-07-2013 17:12:00,788
Itm_M12831_C12915_I15_L-6.xml,drilldown/pl_id_12831/L-6,20-07-2013 17:12:00,578
Itm_M12831_C12915_I16_L-6.xml,drilldown/pl_id_12831/L-6,27-07-2013 17:12:04,370
Itm_M12831_C12915_I17_L-6.xml,drilldown/pl_id_12831/L-6,20-07-2013 17:12:00,370
Itm_M12831_C12915_I18_L-6.xml,drilldown/pl_id_12831/L-6,20-07-2013 17:12:00,198
Itm_M12831_C12915_I19_L-6.xml,drilldown/pl_id_12831/L-6,20-07-2013 17:12:00,235
Itm_M12831_C12915_I1_L-6.xml,drilldown/pl_id_12831/L-6,27-07-2013 17:12:04,3923
Itm_M12831_C12915_I20_L-6.xml,drilldown/pl_id_12831/L-6,27-07-2013 17:12:04,660
Itm_M12831_C12915_I2_L-6.xml,drilldown/pl_id_12831/L-6,16-09-2013 09:58:32,15922
Itm_M12831_C12915_I3_L-6.xml,drilldown/pl_id_12831/L-6,27-07-2013 17:12:04,2340
Itm_M12831_C12915_I5_L-6.xml,drilldown/pl_id_12831/L-6,20-07-2013 17:12:00,1306
Itm_M12831_C12915_I8_L-6.xml,drilldown/pl_id_12831/L-6,20-07-2013 17:12:00,2766
Itm_M12831_C12917_I4_L-6.xml,drilldown/pl_id_12831/L-6,03-08-2013 17:12:02,810
Itm_M12831_C12917_I8_L-6.xml,drilldown/pl_id_12831/L-6,03-08-2013 17:12:02,774
Itm_M12831_C12919_I1_L-6.xml,drilldown/pl_id_12831/L-6,03-08-2013 17:12:02,1020
Itm_M12831_C12919_I4_L-6.xml,drilldown/pl_id_12831/L-6,03-08-2013 17:12:02,566
Itm_M12831_C12921_I4_L-6.xml,drilldown/pl_id_12831/L-6,03-08-2013 17:12:02,497
Itm_M12831_C12923_I13_L-6.xml,drilldown/pl_id_12831/L-6,03-08-2013 17:12:02,421
Itm_M12831_C12923_I7_L-6.xml,drilldown/pl_id_12831/L-6,07-09-2013 17:12:08,414
Itm_M12831_C12923_I8_L-6.xml,drilldown/pl_id_12831/L-6,21-09-2013 17:12:08,139
Itm_M12831_C12923_I9_L-6.xml,drilldown/pl_id_12831/L-6,03-08-2013 17:12:02,410
Itm_M12831_C12926_I1_L-6.xml,drilldown/pl_id_12831/L-6,03-08-2013 17:12:02,650
Itm_M12831_C12926_I8_L-6.xml,drilldown/pl_id_12831/L-6,03-08-2013 17:12:02,498
Itm_M12831_C12927_I4_L-6.xml,drilldown/pl_id_12831/L-6,03-08-2013 17:12:02,1436
Itm_M12831_C12927_I5_L-6.xml,drilldown/pl_id_12831/L-6,24-08-2013 17:12:00,852
Itm_M12831_C12928_I1_L-6.xml,drilldown/pl_id_12831/L-6,03-08-2013 17:12:02,498
Itm_M12831_C12928_I3_L-6.xml,drilldown/pl_id_12831/L-6,03-08-2013 17:12:02,324
Itm_M12831_C12928_I4_L-6.xml,drilldown/pl_id_12831/L-6,03-08-2013 17:12:02,1026
Itm_M12831_C12928_I5_L-6.xml,drilldown/pl_id_12831/L-6,03-08-2013 17:12:02,858
Itm_M12831_C12930_I7_L-6.xml,drilldown/pl_id_12831/L-6,10-08-2013 17:12:00,497
Itm_M12831_C12932_I1_L-6.xml,drilldown/pl_id_12831/L-6,10-08-2013 17:12:00,491
Itm_M12831_C12932_I2_L-6.xml,drilldown/pl_id_12831/L-6,10-08-2013 17:12:00,1057
Itm_M12831_C12934_I0_L-6.xml,drilldown/pl_id_12831/L-6,10-08-2013 17:12:00,690
Itm_M12831_C12934_I10_L-6.xml,drilldown/pl_id_12831/L-6,10-08-2013 17:12:00,1877
Itm_M12831_C12934_I6_L-6.xml,drilldown/pl_id_12831/L-6,10-08-2013 17:12:00,1591
Itm_M12831_C12934_I7_L-6.xml,drilldown/pl_id_12831/L-6,10-08-2013 17:12:00,1118
Itm_M12831_C12935_I6_L-6.xml,drilldown/pl_id_12831/L-6,10-08-2013 17:12:00,884
Itm_M12831_C12935_I9_L-6.xml,drilldown/pl_id_12831/L-6,21-09-2013 17:12:08,1520
Itm_M12831_C12937_I1_L-6.xml,drilldown/pl_id_12831/L-6,10-08-2013 17:12:00,567
Itm_M12831_C12937_I2_L-6.xml,drilldown/pl_id_12831/L-6,10-08-2013 17:12:00,567
Itm_M12831_C12937_I3_L-6.xml,drilldown/pl_id_12831/L-6,10-08-2013 17:12:00,401
Itm_M12831_C12937_I9_L-6.xml,drilldown/pl_id_12831/L-6,10-08-2013 17:12:00,1197
Itm_M12831_C12938_I0_L-6.xml,drilldown/pl_id_12831/L-6,10-08-2013 17:12:00,1017
Itm_M12831_C12938_I1_L-6.xml,drilldown/pl_id_12831/L-6,21-09-2013 17:12:08,3488
Itm_M12831_C12938_I2_L-6.xml,drilldown/pl_id_12831/L-6,10-08-2013 17:12:00,1008
Itm_M12831_C12938_I5_L-6.xml,drilldown/pl_id_12831/L-6,21-09-2013 17:12:08,477
Itm_M12831_C12938_I6_L-6.xml,drilldown/pl_id_12831/L-6,10-08-2013 17:12:00,273
Itm_M12831_C12938_I7_L-6.xml,drilldown/pl_id_12831/L-6,10-08-2013 17:12:00,273
Itm_M12831_C12938_I8_L-6.xml,drilldown/pl_id_12831/L-6,10-08-2013 17:12:00,273
Itm_M12831_C12941_I1_L-6.xml,drilldown/pl_id_12831/L-6,21-09-2013 17:12:08,497
Itm_M12831_C12941_I2_L-6.xml,drilldown/pl_id_12831/L-6,21-09-2013 17:12:08,497
Itm_M12831_C12941_I4_L-6.xml,drilldown/pl_id_12831/L-6,21-09-2013 17:12:08,324
Itm_M12831_C12941_I7_L-6.xml,drilldown/pl_id_12831/L-6,21-09-2013 17:12:08,497
Itm_M12831_C12942_I0_L-6.xml,drilldown/pl_id_12831/L-6,21-09-2013 17:12:08,1919
Itm_M12831_C12942_I10_L-6.xml,drilldown/pl_id_12831/L-6,21-09-2013 17:12:08,454
Itm_M12831_C12942_I1_L-6.xml,drilldown/pl_id_12831/L-6,21-09-2013 17:12:08,8247
Itm_M12831_C12942_I2_L-6.xml,drilldown/pl_id_12831/L-6,25-05-2013 17:11:48,553
Itm_M12831_C12942_I3_L-6.xml,drilldown/pl_id_12831/L-6,25-05-2013 17:11:48,554
Itm_M12831_C12942_I6_L-6.xml,drilldown/pl_id_12831/L-6,21-09-2013 17:12:08,1243
Itm_M12831_C12944_I17_L-6.xml,drilldown/pl_id_12831/L-6,10-08-2013 17:12:00,229
Itm_M12831_C12945_I20_L-6.xml,drilldown/pl_id_12831/L-6,10-08-2013 17:12:00,829
Itm_M12831_C12945_I4_L-6.xml,drilldown/pl_id_12831/L-6,21-09-2013 17:12:08,139
Itm_M12831_C12946_I18_L-6.xml,drilldown/pl_id_12831/L-6,10-08-2013 17:12:00,676
Itm_M12831_C12948_I1_L-6.xml,drilldown/pl_id_12831/L-6,10-08-2013 17:12:00,724
Itm_M12831_C12948_I8_L-6.xml,drilldown/pl_id_12831/L-6,10-08-2013 17:12:00,498
Itm_M12831_C12950_I0_L-6.xml,drilldown/pl_id_12831/L-6,21-09-2013 17:12:08,521
Itm_M12831_C12952_I3_L-6.xml,drilldown/pl_id_12831/L-6,21-09-2013 17:12:08,137
Itm_M12831_C12955_I1_L-6.xml,drilldown/pl_id_12831/L-6,21-09-2013 17:12:08,702
Itm_M12831_C12955_I6_L-6.xml,drilldown/pl_id_12831/L-6,21-09-2013 17:12:08,491
Itm_M12831_C12955_I7_L-6.xml,drilldown/pl_id_12831/L-6,21-09-2013 17:12:08,728
Itm_M12831_C12956_I1_L-6.xml,drilldown/pl_id_12831/L-6,10-08-2013 17:12:00,932
Itm_M12831_C12956_I5_L-6.xml,drilldown/pl_id_12831/L-6,17-06-2013 07:54:14,554
Itm_M12831_C12956_I6_L-6.xml,drilldown/pl_id_12831/L-6,29-04-2013 17:12:42,493
Itm_M12831_C12956_I7_L-6.xml,drilldown/pl_id_12831/L-6,10-08-2013 17:12:00,728
Itm_M12831_C12957_I1_L-6.xml,drilldown/pl_id_12831/L-6,21-09-2013 17:12:08,596
Itm_M12831_C12957_I2_L-6.xml,drilldown/pl_id_12831/L-6,21-09-2013 17:12:08,362
Itm_M12831_C12957_I4_L-6.xml,drilldown/pl_id_12831/L-6,21-09-2013 17:12:08,835
Itm_M12831_C12959_I2_L-6.xml,drilldown/pl_id_12831/L-6,08-04-2013 20:27:16,2016
Itm_M12831_C12961_I13_L-6.xml,drilldown/pl_id_12831/L-6,10-08-2013 17:12:00,507
Itm_M12831_C12961_I14_L-6.xml,drilldown/pl_id_12831/L-6,31-08-2013 17:11:56,595
Itm_M12831_C12962_I15_L-6.xml,drilldown/pl_id_12831/L-6,29-06-2013 17:11:56,628
Itm_M12831_C12965_I3_L-6.xml,drilldown/pl_id_12831/L-6,22-06-2013 17:11:52,407
Itm_M12831_C12967_I1_L-6.xml,drilldown/pl_id_12831/L-6,10-08-2013 17:12:00,587
Itm_M12831_C12968_I1_L-6.xml,drilldown/pl_id_12831/L-6,25-05-2013 17:11:48,556
Itm_M12831_C12968_I9_L-6.xml,drilldown/pl_id_12831/L-6,21-09-2013 17:12:08,222
Itm_M12831_C12971_I3_L-6.xml,drilldown/pl_id_12831/L-6,16-03-2013 17:11:36,303
Itm_M12831_C12972_I3_L-6.xml,drilldown/pl_id_12831/L-6,16-03-2013 17:11:36,309
Itm_M12831_C12972_I9_L-6.xml,drilldown/pl_id_12831/L-6,29-04-2013 17:12:42,309
Itm_M12831_C12976_I4_L-6.xml,drilldown/pl_id_12831/L-6,29-06-2013 17:11:56,365
Itm_M12831_C12980_I19_L-6.xml,drilldown/pl_id_12831/L-6,21-09-2013 17:12:08,1464
Itm_M12831_C12980_I1_L-6.xml,drilldown/pl_id_12831/L-6,20-07-2013 17:12:00,547
Itm_M12831_C12980_I29_L-6.xml,drilldown/pl_id_12831/L-6,31-08-2013 17:11:56,507
Itm_M12831_C12980_I2_L-6.xml,drilldown/pl_id_12831/L-6,20-07-2013 17:12:00,1007
Itm_M12831_C12980_I3_L-6.xml,drilldown/pl_id_12831/L-6,24-08-2013 17:12:00,301
Itm_M12831_C12980_I7_L-6.xml,drilldown/pl_id_12831/L-6,06-07-2013 17:11:56,561
Itm_M12831_C12980_I9_L-6.xml,drilldown/pl_id_12831/L-6,16-09-2013 09:58:32,532
Itm_M12831_C12981_I3_L-6.xml,drilldown/pl_id_12831/L-6,21-09-2013 17:12:08,547
Itm_M12831_C12981_I4_L-6.xml,drilldown/pl_id_12831/L-6,21-09-2013 17:12:08,547
Itm_M12831_C12982_I10_L-6.xml,drilldown/pl_id_12831/L-6,16-09-2013 09:58:32,1594
Itm_M12831_C12982_I1_L-6.xml,drilldown/pl_id_12831/L-6,21-09-2013 17:12:08,5135
Itm_M12831_C12982_I4_L-6.xml,drilldown/pl_id_12831/L-6,21-09-2013 17:12:08,377
Itm_M12831_C12982_I5_L-6.xml,drilldown/pl_id_12831/L-6,21-09-2013 17:12:08,377
Itm_M12831_C12982_I6_L-6.xml,drilldown/pl_id_12831/L-6,21-09-2013 17:12:08,3982
Itm_M12831_C12982_I7_L-6.xml,drilldown/pl_id_12831/L-6,16-09-2013 09:58:32,314
Itm_M12831_C12984_I5_L-6.xml,drilldown/pl_id_12831/L-6,17-08-2013 17:12:02,407
Itm_M12831_C12987_I1_L-6.xml,drilldown/pl_id_12831/L-6,16-09-2013 09:58:32,841
Itm_M12831_C12987_I2_L-6.xml,drilldown/pl_id_12831/L-6,20-07-2013 17:12:00,460
Itm_M12831_C12987_I3_L-6.xml,drilldown/pl_id_12831/L-6,20-07-2013 17:12:00,500
Itm_M12831_C12987_I4_L-6.xml,drilldown/pl_id_12831/L-6,20-07-2013 17:12:00,458
Itm_M12831_C12987_I5_L-6.xml,drilldown/pl_id_12831/L-6,20-07-2013 17:12:00,330
Itm_M12831_C12987_I6_L-6.xml,drilldown/pl_id_12831/L-6,20-07-2013 17:12:00,332
Itm_M12831_C12987_I7_L-6.xml,drilldown/pl_id_12831/L-6,20-07-2013 17:12:00,331
Itm_M12831_C12992_I0_L-6.xml,drilldown/pl_id_12831/L-6,16-09-2013 09:58:32,780
Itm_M12831_C12992_I1_L-6.xml,drilldown/pl_id_12831/L-6,16-09-2013 09:58:32,1268
Itm_M12831_C12992_I5_L-6.xml,drilldown/pl_id_12831/L-6,16-09-2013 09:58:32,1859
Itm_M12831_C12993_I10_L-6.xml,drilldown/pl_id_12831/L-6,16-09-2013 09:58:32,198
Itm_M12831_C12993_I1_L-6.xml,drilldown/pl_id_12831/L-6,16-09-2013 09:58:32,1556
Itm_M12831_C12996_I1_L-6.xml,drilldown/pl_id_12831/L-6,21-09-2013 17:12:08,11599
Itm_M12831_C12998_I1_L-6.xml,drilldown/pl_id_12831/L-6,20-07-2013 17:12:00,1601
Itm_M12831_C13001_I5_L-6.xml,drilldown/pl_id_12831/L-6,25-05-2013 17:11:48,1407
Itm_M12831_C13002_I5_L-6.xml,drilldown/pl_id_12831/L-6,07-09-2013 17:12:08,212
Itm_M12831_C13002_I6_L-6.xml,drilldown/pl_id_12831/L-6,20-07-2013 17:12:00,401
Itm_M12831_C13004_I10_L-6.xml,drilldown/pl_id_12831/L-6,25-05-2013 17:11:48,690
Itm_M12831_C13004_I8_L-6.xml,drilldown/pl_id_12831/L-6,25-05-2013 17:11:48,493
Itm_M12831_C13004_I9_L-6.xml,drilldown/pl_id_12831/L-6,25-05-2013 17:11:48,879
Itm_M12831_C13007_I1_L-6.xml,drilldown/pl_id_12831/L-6,27-07-2013 17:12:04,1674
Itm_M12831_C13009_I1_L-6.xml,drilldown/pl_id_12831/L-6,16-09-2013 09:58:32,995
Itm_M12831_C13009_I3_L-6.xml,drilldown/pl_id_12831/L-6,16-09-2013 09:58:32,636
Itm_M12831_C13010_I1_L-6.xml,drilldown/pl_id_12831/L-6,27-07-2013 17:12:04,2950
Itm_M12831_C13010_I5_L-6.xml,drilldown/pl_id_12831/L-6,30-03-2013 17:11:52,1158
Itm_M12831_C13012_I0_L-6.xml,drilldown/pl_id_12831/L-6,16-09-2013 09:58:32,273
Itm_M12831_C13012_I1_L-6.xml,drilldown/pl_id_12831/L-6,22-06-2013 17:11:52,1345
Itm_M12831_C13017_I12_L-6.xml,drilldown/pl_id_12831/L-6,22-06-2013 17:11:52,958
Itm_M12831_C13017_I15_L-6.xml,drilldown/pl_id_12831/L-6,22-06-2013 17:11:52,464
Itm_M12831_C13017_I1_L-6.xml,drilldown/pl_id_12831/L-6,27-07-2013 17:12:04,1888
Itm_M12831_C13017_I2_L-6.xml,drilldown/pl_id_12831/L-6,29-04-2013 17:12:42,1389
Itm_M12831_C13019_I1_L-6.xml,drilldown/pl_id_12831/L-6,20-07-2013 17:12:00,1902
Itm_M12831_C13019_I3_L-6.xml,drilldown/pl_id_12831/L-6,20-07-2013 17:12:00,3200
Itm_M12831_C13021_I11_L-6.xml,drilldown/pl_id_12831/L-6,13-07-2013 17:11:56,641
Itm_M12831_C13021_I1_L-6.xml,drilldown/pl_id_12831/L-6,27-07-2013 17:12:04,700
Itm_M12831_C13023_I7_L-6.xml,drilldown/pl_id_12831/L-6,27-07-2013 17:12:04,530
Itm_M12831_C13023_I8_L-6.xml,drilldown/pl_id_12831/L-6,27-07-2013 17:12:04,246
Itm_M12831_C13024_I2_L-6.xml,drilldown/pl_id_12831/L-6,27-07-2013 17:12:04,497
Itm_M12831_C13024_I7_L-6.xml,drilldown/pl_id_12831/L-6,20-07-2013 17:12:00,363
Itm_M12831_C13025_I5_L-6.xml,drilldown/pl_id_12831/L-6,11-05-2013 17:11:42,1618
Itm_M12831_C13025_I6_L-6.xml,drilldown/pl_id_12831/L-6,27-07-2013 17:12:04,4220
Itm_M12831_C13025_I7_L-6.xml,drilldown/pl_id_12831/L-6,27-07-2013 17:12:04,1013
Itm_M12831_C13025_I9_L-6.xml,drilldown/pl_id_12831/L-6,27-07-2013 17:12:04,306
Itm_M12831_C13026_I0_L-6.xml,drilldown/pl_id_12831/L-6,20-07-2013 17:12:00,527
Itm_M12831_C13026_I2_L-6.xml,drilldown/pl_id_12831/L-6,27-07-2013 17:12:04,323
Itm_M12831_C13028_I1_L-6.xml,drilldown/pl_id_12831/L-6,07-09-2013 17:12:08,8426
Itm_M12831_C13028_I2_L-6.xml,drilldown/pl_id_12831/L-6,21-09-2013 17:12:08,6252
Itm_M12831_C13028_I4_L-6.xml,drilldown/pl_id_12831/L-6,20-04-2013 17:11:44,999
Itm_M12831_C13028_I7_L-6.xml,drilldown/pl_id_12831/L-6,20-04-2013 17:11:44,461
Itm_M12831_C13032_I1_L-6.xml,drilldown/pl_id_12831/L-6,10-08-2013 17:12:00,6344
Itm_M12831_C13035_I3_L-6.xml,drilldown/pl_id_12831/L-6,10-08-2013 17:12:00,1640
Itm_M12831_C13036_I6_L-6.xml,drilldown/pl_id_12831/L-6,27-07-2013 17:12:04,749
Itm_M12831_C13036_I7_L-6.xml,drilldown/pl_id_12831/L-6,27-07-2013 17:12:04,749
Itm_M12831_C13038_I1_L-6.xml,drilldown/pl_id_12831/L-6,31-08-2013 17:11:56,1799
Itm_M12831_C13038_I2_L-6.xml,drilldown/pl_id_12831/L-6,22-06-2013 17:11:52,254
Itm_M12831_C13039_I1_L-6.xml,drilldown/pl_id_12831/L-6,03-08-2013 17:12:02,936
Itm_M12831_C13040_I13_L-6.xml,drilldown/pl_id_12831/L-6,22-06-2013 17:11:52,727
Itm_M12831_C13040_I14_L-6.xml,drilldown/pl_id_12831/L-6,01-06-2013 17:11:48,305
Itm_M12831_C13040_I7_L-6.xml,drilldown/pl_id_12831/L-6,11-05-2013 17:11:42,563
Itm_M12831_C13041_I1_L-6.xml,drilldown/pl_id_12831/L-6,27-07-2013 17:12:04,1190
Itm_M12831_C13041_I2_L-6.xml,drilldown/pl_id_12831/L-6,08-04-2013 20:27:16,902
Itm_M12831_C13043_I1_L-6.xml,drilldown/pl_id_12831/L-6,22-06-2013 17:11:52,1786
Itm_M12831_C13045_I1_L-6.xml,drilldown/pl_id_12831/L-6,27-07-2013 17:12:04,5990
Itm_M12831_C13046_I10_L-6.xml,drilldown/pl_id_12831/L-6,20-07-2013 17:12:00,2278
Itm_M12831_C13046_I1_L-6.xml,drilldown/pl_id_12831/L-6,20-07-2013 17:12:00,326
Itm_M12831_C13046_I2_L-6.xml,drilldown/pl_id_12831/L-6,27-07-2013 17:12:04,619
Itm_M12831_C13046_I4_L-6.xml,drilldown/pl_id_12831/L-6,31-08-2013 17:11:56,705
Itm_M12831_C13046_I8_L-6.xml,drilldown/pl_id_12831/L-6,03-08-2013 17:12:02,334
Itm_M12831_C13051_I17_L-6.xml,drilldown/pl_id_12831/L-6,27-07-2013 17:12:04,2329
Itm_M12831_C13051_I3_L-6.xml,drilldown/pl_id_12831/L-6,23-03-2013 17:11:32,4295
Itm_M12831_C13051_I4_L-6.xml,drilldown/pl_id_12831/L-6,21-09-2013 17:12:08,3152
Itm_M12831_C13051_I7_L-6.xml,drilldown/pl_id_12831/L-6,07-09-2013 17:12:08,947
Itm_M12831_C13052_I14_L-6.xml,drilldown/pl_id_12831/L-6,07-09-2013 17:12:08,2120
Itm_M12831_C13052_I1_L-6.xml,drilldown/pl_id_12831/L-6,20-07-2013 17:12:00,1740
Itm_M12831_C13052_I2_L-6.xml,drilldown/pl_id_12831/L-6,01-06-2013 17:11:48,978
Itm_M12831_C13052_I3_L-6.xml,drilldown/pl_id_12831/L-6,16-09-2013 09:58:32,5986
Itm_M12831_C13056_I4_L-6.xml,drilldown/pl_id_12831/L-6,13-04-2013 17:11:38,751
Itm_M12831_C13058_I1_L-6.xml,drilldown/pl_id_12831/L-6,29-04-2013 17:12:42,542
Itm_M12831_C13061_I1_L-6.xml,drilldown/pl_id_12831/L-6,27-07-2013 17:12:04,2441
Itm_M12831_C13063_I0_L-6.xml,drilldown/pl_id_12831/L-6,16-09-2013 09:58:32,855
Itm_M12831_C13063_I1_L-6.xml,drilldown/pl_id_12831/L-6,16-09-2013 09:58:32,498
Itm_M12831_C13063_I2_L-6.xml,drilldown/pl_id_12831/L-6,16-09-2013 09:58:32,362
Itm_M12831_C13063_I4_L-6.xml,drilldown/pl_id_12831/L-6,16-09-2013 09:58:32,705
Itm_M12831_C13063_I6_L-6.xml,drilldown/pl_id_12831/L-6,16-09-2013 09:58:32,1325
Itm_M12831_C13066_I10_L-6.xml,drilldown/pl_id_12831/L-6,21-09-2013 17:12:08,139
Itm_M12831_C13066_I12_L-6.xml,drilldown/pl_id_12831/L-6,07-09-2013 17:12:08,139
Itm_M12831_C13066_I13_L-6.xml,drilldown/pl_id_12831/L-6,21-09-2013 17:12:08,140
Itm_M12831_C13066_I14_L-6.xml,drilldown/pl_id_12831/L-6,16-09-2013 09:58:32,274
Itm_M12831_C13066_I15_L-6.xml,drilldown/pl_id_12831/L-6,21-09-2013 17:12:08,286
Itm_M12831_C13066_I16_L-6.xml,drilldown/pl_id_12831/L-6,21-09-2013 17:12:08,239
Itm_M12831_C13066_I17_L-6.xml,drilldown/pl_id_12831/L-6,16-09-2013 09:58:32,268
Itm_M12831_C13066_I18_L-6.xml,drilldown/pl_id_12831/L-6,21-09-2013 17:12:08,256
Itm_M12831_C13066_I19_L-6.xml,drilldown/pl_id_12831/L-6,21-09-2013 17:12:08,268
Itm_M12831_C13066_I1_L-6.xml,drilldown/pl_id_12831/L-6,27-07-2013 17:12:04,2749
Itm_M12831_C13066_I20_L-6.xml,drilldown/pl_id_12831/L-6,16-09-2013 09:58:32,268
Itm_M12831_C13066_I21_L-6.xml,drilldown/pl_id_12831/L-6,21-09-2013 17:12:08,274
Itm_M12831_C13066_I22_L-6.xml,drilldown/pl_id_12831/L-6,21-09-2013 17:12:08,274
Itm_M12831_C13066_I23_L-6.xml,drilldown/pl_id_12831/L-6,21-09-2013 17:12:08,256
Itm_M12831_C13066_I24_L-6.xml,drilldown/pl_id_12831/L-6,16-09-2013 09:58:32,268
Itm_M12831_C13066_I25_L-6.xml,drilldown/pl_id_12831/L-6,21-09-2013 17:12:08,256
Itm_M12831_C13066_I26_L-6.xml,drilldown/pl_id_12831/L-6,21-09-2013 17:12:08,256
Itm_M12831_C13066_I27_L-6.xml,drilldown/pl_id_12831/L-6,07-09-2013 17:12:08,151
Itm_M12831_C13066_I2_L-6.xml,drilldown/pl_id_12831/L-6,21-09-2013 17:12:08,139
Itm_M12831_C13066_I3_L-6.xml,drilldown/pl_id_12831/L-6,21-09-2013 17:12:08,137
Itm_M12831_C13066_I4_L-6.xml,drilldown/pl_id_12831/L-6,16-09-2013 09:58:32,137
Itm_M12831_C13066_I6_L-6.xml,drilldown/pl_id_12831/L-6,21-09-2013 17:12:08,137
Itm_M12831_C13066_I8_L-6.xml,drilldown/pl_id_12831/L-6,21-09-2013 17:12:08,137
Itm_M12831_C13066_I9_L-6.xml,drilldown/pl_id_12831/L-6,07-09-2013 17:12:08,137
Itm_M12831_C13068_I1_L-6.xml,drilldown/pl_id_12831/L-6,20-07-2013 17:12:00,760
Itm_M12831_C13071_I5_L-6.xml,drilldown/pl_id_12831/L-6,27-07-2013 17:12:04,467
Itm_M12831_C13074_I2_L-6.xml,drilldown/pl_id_12831/L-6,21-09-2013 17:12:08,431
Itm_M12831_C13074_I3_L-6.xml,drilldown/pl_id_12831/L-6,21-09-2013 17:12:08,419
Itm_M12831_C13076_I0_L-6.xml,drilldown/pl_id_12831/L-6,20-07-2013 17:12:00,273
Itm_M12831_C13076_I10_L-6.xml,drilldown/pl_id_12831/L-6,27-07-2013 17:12:04,196
Itm_M12831_C13076_I11_L-6.xml,drilldown/pl_id_12831/L-6,21-09-2013 17:12:08,215
Itm_M12831_C13076_I2_L-6.xml,drilldown/pl_id_12831/L-6,27-07-2013 17:12:04,395
Itm_M12831_C13076_I3_L-6.xml,drilldown/pl_id_12831/L-6,27-07-2013 17:12:04,615
Itm_M12831_C13076_I4_L-6.xml,drilldown/pl_id_12831/L-6,20-07-2013 17:12:00,571
Itm_M12831_C13076_I8_L-6.xml,drilldown/pl_id_12831/L-6,16-09-2013 09:58:32,139
Itm_M12831_C13076_I9_L-6.xml,drilldown/pl_id_12831/L-6,27-07-2013 17:12:04,190
Itm_M12831_C13077_I0_L-6.xml,drilldown/pl_id_12831/L-6,20-07-2013 17:12:00,273
Itm_M12831_C13077_I11_L-6.xml,drilldown/pl_id_12831/L-6,13-07-2013 17:11:56,253
Itm_M12831_C13077_I12_L-6.xml,drilldown/pl_id_12831/L-6,13-07-2013 17:11:56,141
Itm_M12831_C13077_I13_L-6.xml,drilldown/pl_id_12831/L-6,27-07-2013 17:12:04,194
Itm_M12831_C13077_I14_L-6.xml,drilldown/pl_id_12831/L-6,13-07-2013 17:11:56,141
Itm_M12831_C13077_I1_L-6.xml,drilldown/pl_id_12831/L-6,20-07-2013 17:12:00,544
Itm_M12831_C13077_I2_L-6.xml,drilldown/pl_id_12831/L-6,27-07-2013 17:12:04,323
Itm_M12831_C13077_I3_L-6.xml,drilldown/pl_id_12831/L-6,27-07-2013 17:12:04,2522
Itm_M12831_C13077_I4_L-6.xml,drilldown/pl_id_12831/L-6,27-07-2013 17:12:04,1077
Itm_M12831_C13077_I5_L-6.xml,drilldown/pl_id_12831/L-6,27-07-2013 17:12:04,2227
Itm_M12831_C13077_I7_L-6.xml,drilldown/pl_id_12831/L-6,07-09-2013 17:12:08,139
Itm_M12831_C13077_I8_L-6.xml,drilldown/pl_id_12831/L-6,20-07-2013 17:12:00,264
Itm_M12831_C13077_I9_L-6.xml,drilldown/pl_id_12831/L-6,27-07-2013 17:12:04,192
Itm_M12831_C13079_I1_L-6.xml,drilldown/pl_id_12831/L-6,16-09-2013 09:58:32,2719
Itm_M12831_C13079_I2_L-6.xml,drilldown/pl_id_12831/L-6,16-09-2013 09:58:32,138
Itm_M12831_C13079_I3_L-6.xml,drilldown/pl_id_12831/L-6,21-09-2013 17:12:08,150
Itm_M12831_C13082_I6_L-6.xml,drilldown/pl_id_12831/L-6,03-08-2013 17:12:02,213
Itm_M12831_C13084_I0_L-6.xml,drilldown/pl_id_12831/L-6,13-07-2013 17:11:56,623
Itm_M12831_C13084_I1_L-6.xml,drilldown/pl_id_12831/L-6,13-07-2013 17:11:56,383
Itm_M12831_C13085_I1_L-6.xml,drilldown/pl_id_12831/L-6,23-03-2013 17:11:32,892
Itm_M12831_C13085_I2_L-6.xml,drilldown/pl_id_12831/L-6,17-06-2013 07:54:14,892
Itm_M12831_C13085_I3_L-6.xml,drilldown/pl_id_12831/L-6,23-03-2013 17:11:32,703
Itm_M12831_C13088_I11_L-6.xml,drilldown/pl_id_12831/L-6,06-07-2013 17:11:56,337
Itm_M12831_C13088_I12_L-6.xml,drilldown/pl_id_12831/L-6,06-07-2013 17:11:56,983
Itm_M12831_C13088_I2_L-6.xml,drilldown/pl_id_12831/L-6,27-07-2013 17:12:04,565
Itm_M12831_C13088_I5_L-6.xml,drilldown/pl_id_12831/L-6,08-04-2013 20:27:16,2397
Itm_M12831_C13088_I9_L-6.xml,drilldown/pl_id_12831/L-6,27-07-2013 17:12:04,4291
Itm_M12831_C13093_I1_L-6.xml,drilldown/pl_id_12831/L-6,08-06-2013 17:11:48,1008
Itm_M12831_C13094_I1_L-6.xml,drilldown/pl_id_12831/L-6,01-06-2013 17:11:48,1481
Itm_M12831_C13095_I1_L-6.xml,drilldown/pl_id_12831/L-6,21-09-2013 17:12:08,26781
Itm_M12831_C13096_I2_L-6.xml,drilldown/pl_id_12831/L-6,06-07-2013 17:11:56,10450
Itm_M12831_C13096_I3_L-6.xml,drilldown/pl_id_12831/L-6,06-07-2013 17:11:56,6396
Itm_M12831_C13099_I1_L-6.xml,drilldown/pl_id_12831/L-6,27-07-2013 17:12:04,980
Itm_M12831_C13099_I2_L-6.xml,drilldown/pl_id_12831/L-6,10-08-2013 17:12:00,139
Itm_M12831_C13103_I1_L-6.xml,drilldown/pl_id_12831/L-6,31-08-2013 17:11:56,471
Itm_M12831_C13106_I1_L-6.xml,drilldown/pl_id_12831/L-6,27-07-2013 17:12:04,2411
Itm_M12831_C13106_I2_L-6.xml,drilldown/pl_id_12831/L-6,27-07-2013 17:12:04,888
Itm_M12831_C13108_I1_L-6.xml,drilldown/pl_id_12831/L-6,31-08-2013 17:11:56,243
Itm_M12831_C13108_I2_L-6.xml,drilldown/pl_id_12831/L-6,31-08-2013 17:11:56,243
Itm_M12831_C13108_I3_L-6.xml,drilldown/pl_id_12831/L-6,31-08-2013 17:11:56,242
Itm_M12831_C13108_I4_L-6.xml,drilldown/pl_id_12831/L-6,31-08-2013 17:11:56,504
Itm_M12831_C13108_I5_L-6.xml,drilldown/pl_id_12831/L-6,31-08-2013 17:11:56,242
Itm_M12831_C13109_I0_L-6.xml,drilldown/pl_id_12831/L-6,27-07-2013 17:12:04,999
Itm_M12831_C13109_I1_L-6.xml,drilldown/pl_id_12831/L-6,31-08-2013 17:11:56,6548
Itm_M12831_C13109_I2_L-6.xml,drilldown/pl_id_12831/L-6,27-07-2013 17:12:04,577
Itm_M12831_C13109_I3_L-6.xml,drilldown/pl_id_12831/L-6,20-04-2013 17:11:44,11599
Itm_M12831_C13109_I4_L-6.xml,drilldown/pl_id_12831/L-6,06-07-2013 17:11:56,2257
Itm_M12831_C13112_I1_L-6.xml,drilldown/pl_id_12831/L-6,31-08-2013 17:11:56,138
Itm_M12831_C13112_I2_L-6.xml,drilldown/pl_id_12831/L-6,27-07-2013 17:12:04,431
Itm_M12831_C13112_I3_L-6.xml,drilldown/pl_id_12831/L-6,31-08-2013 17:11:56,3591
Itm_M12831_C13112_I4_L-6.xml,drilldown/pl_id_12831/L-6,27-07-2013 17:12:04,770
Itm_M12831_C13115_I11_L-6.xml,drilldown/pl_id_12831/L-6,27-07-2013 17:12:04,1617
Itm_M12831_C13115_I13_L-6.xml,drilldown/pl_id_12831/L-6,27-07-2013 17:12:04,808
Itm_M12831_C13115_I14_L-6.xml,drilldown/pl_id_12831/L-6,16-09-2013 09:58:32,441
Itm_M12831_C13115_I15_L-6.xml,drilldown/pl_id_12831/L-6,16-09-2013 09:58:32,511
Itm_M12831_C13115_I1_L-6.xml,drilldown/pl_id_12831/L-6,27-07-2013 17:12:04,1007
Itm_M12831_C13115_I4_L-6.xml,drilldown/pl_id_12831/L-6,06-07-2013 17:11:56,1648
Itm_M12831_C13115_I5_L-6.xml,drilldown/pl_id_12831/L-6,29-06-2013 17:11:56,694
Itm_M12831_C13115_I6_L-6.xml,drilldown/pl_id_12831/L-6,29-06-2013 17:11:56,602
Itm_M12831_C13115_I7_L-6.xml,drilldown/pl_id_12831/L-6,29-06-2013 17:11:56,895
Itm_M12831_C13115_I8_L-6.xml,drilldown/pl_id_12831/L-6,17-06-2013 07:54:14,607
Itm_M12831_C13118_I3_L-6.xml,drilldown/pl_id_12831/L-6,07-09-2013 17:12:08,503
Itm_M12831_C13120_I0_L-6.xml,drilldown/pl_id_12831/L-6,07-09-2013 17:12:08,630
Itm_M12831_C13120_I1_L-6.xml,drilldown/pl_id_12831/L-6,07-09-2013 17:12:08,9013
Itm_M12831_C13120_I3_L-6.xml,drilldown/pl_id_12831/L-6,17-08-2013 17:12:02,1578
Itm_M12831_C13120_I4_L-6.xml,drilldown/pl_id_12831/L-6,27-07-2013 17:12:04,556
Itm_M12831_C13120_I6_L-6.xml,drilldown/pl_id_12831/L-6,20-07-2013 17:12:00,393
Itm_M12831_C13120_I7_L-6.xml,drilldown/pl_id_12831/L-6,10-08-2013 17:12:00,8215
Itm_M12831_C13122_I1_L-6.xml,drilldown/pl_id_12831/L-6,07-09-2013 17:12:08,8913
Itm_M12831_C13122_I2_L-6.xml,drilldown/pl_id_12831/L-6,27-07-2013 17:12:04,4904
Itm_M12831_C13122_I4_L-6.xml,drilldown/pl_id_12831/L-6,21-09-2013 17:12:08,1110
Itm_M12831_C13122_I5_L-6.xml,drilldown/pl_id_12831/L-6,25-05-2013 17:11:48,1042
Itm_M12831_C13122_I8_L-6.xml,drilldown/pl_id_12831/L-6,06-07-2013 17:11:56,2257
Itm_M12831_C13126_I1_L-6.xml,drilldown/pl_id_12831/L-6,10-08-2013 17:12:00,1198
Itm_M12831_C13126_I4_L-6.xml,drilldown/pl_id_12831/L-6,10-08-2013 17:12:00,1351
Itm_M12831_C13126_I6_L-6.xml,drilldown/pl_id_12831/L-6,06-07-2013 17:11:56,1429
Itm_M12831_C13126_I7_L-6.xml,drilldown/pl_id_12831/L-6,06-07-2013 17:11:56,139
Itm_M12831_C13126_I8_L-6.xml,drilldown/pl_id_12831/L-6,06-07-2013 17:11:56,138
Itm_M12831_C13128_I3_L-6.xml,drilldown/pl_id_12831/L-6,24-08-2013 17:12:00,1287
Itm_M12831_C13131_I1_L-6.xml,drilldown/pl_id_12831/L-6,10-08-2013 17:12:00,981
Itm_M12831_C13133_I1_L-6.xml,drilldown/pl_id_12831/L-6,29-06-2013 17:11:56,679
Itm_M12831_C13135_I10_L-6.xml,drilldown/pl_id_12831/L-6,21-09-2013 17:12:08,1932
Itm_M12831_C13135_I11_L-6.xml,drilldown/pl_id_12831/L-6,10-08-2013 17:12:00,5011
Itm_M12831_C13135_I12_L-6.xml,drilldown/pl_id_12831/L-6,22-06-2013 17:11:52,638
Itm_M12831_C13135_I16_L-6.xml,drilldown/pl_id_12831/L-6,08-06-2013 17:11:48,536
Itm_M12831_C13135_I17_L-6.xml,drilldown/pl_id_12831/L-6,17-08-2013 17:12:02,667
Itm_M12831_C13135_I18_L-6.xml,drilldown/pl_id_12831/L-6,10-08-2013 17:12:00,189
Itm_M12831_C13135_I1_L-6.xml,drilldown/pl_id_12831/L-6,10-08-2013 17:12:00,11662
Itm_M12831_C13135_I2_L-6.xml,drilldown/pl_id_12831/L-6,07-09-2013 17:12:08,323
Itm_M12831_C13137_I0_L-6.xml,drilldown/pl_id_12831/L-6,10-08-2013 17:12:00,468
Itm_M12831_C13137_I1_L-6.xml,drilldown/pl_id_12831/L-6,10-08-2013 17:12:00,4008
Itm_M12831_C13137_I3_L-6.xml,drilldown/pl_id_12831/L-6,22-06-2013 17:11:52,1565
Itm_M12831_C13138_I1_L-6.xml,drilldown/pl_id_12831/L-6,10-08-2013 17:12:00,919
Itm_M12831_C13141_I10_L-6.xml,drilldown/pl_id_12831/L-6,25-05-2013 17:11:48,140
Itm_M12831_C13141_I1_L-6.xml,drilldown/pl_id_12831/L-6,24-08-2013 17:12:00,582
Itm_M12831_C13141_I2_L-6.xml,drilldown/pl_id_12831/L-6,25-05-2013 17:11:48,284
Itm_M12831_C13141_I3_L-6.xml,drilldown/pl_id_12831/L-6,25-05-2013 17:11:48,248
Itm_M12831_C13141_I4_L-6.xml,drilldown/pl_id_12831/L-6,25-05-2013 17:11:48,138
Itm_M12831_C13141_I5_L-6.xml,drilldown/pl_id_12831/L-6,25-05-2013 17:11:48,398
Itm_M12831_C13141_I6_L-6.xml,drilldown/pl_id_12831/L-6,25-05-2013 17:11:48,318
Itm_M12831_C13141_I7_L-6.xml,drilldown/pl_id_12831/L-6,17-06-2013 07:54:14,1570
Itm_M12831_C13141_I8_L-6.xml,drilldown/pl_id_12831/L-6,25-05-2013 17:11:48,327
Itm_M12831_C13141_I9_L-6.xml,drilldown/pl_id_12831/L-6,25-05-2013 17:11:48,398
Itm_M12831_C13142_I11_L-6.xml,drilldown/pl_id_12831/L-6,25-05-2013 17:11:48,402
Itm_M12831_C13142_I1_L-6.xml,drilldown/pl_id_12831/L-6,24-08-2013 17:12:00,582
Itm_M12831_C13142_I2_L-6.xml,drilldown/pl_id_12831/L-6,25-05-2013 17:11:48,364
Itm_M12831_C13142_I3_L-6.xml,drilldown/pl_id_12831/L-6,25-05-2013 17:11:48,248
Itm_M12831_C13142_I4_L-6.xml,drilldown/pl_id_12831/L-6,25-05-2013 17:11:48,284
Itm_M12831_C13142_I5_L-6.xml,drilldown/pl_id_12831/L-6,25-05-2013 17:11:48,138
Itm_M12831_C13142_I6_L-6.xml,drilldown/pl_id_12831/L-6,25-05-2013 17:11:48,212
Itm_M12831_C13142_I8_L-6.xml,drilldown/pl_id_12831/L-6,25-05-2013 17:11:48,1171
Itm_M12831_C13143_I1_L-6.xml,drilldown/pl_id_12831/L-6,24-08-2013 17:12:00,582
Itm_M12831_C13143_I2_L-6.xml,drilldown/pl_id_12831/L-6,25-05-2013 17:11:48,436
Itm_M12831_C13143_I3_L-6.xml,drilldown/pl_id_12831/L-6,25-05-2013 17:11:48,364
Itm_M12831_C13143_I4_L-6.xml,drilldown/pl_id_12831/L-6,25-05-2013 17:11:48,358
Itm_M12831_C13143_I5_L-6.xml,drilldown/pl_id_12831/L-6,25-05-2013 17:11:48,510
Itm_M12831_C13143_I6_L-6.xml,drilldown/pl_id_12831/L-6,25-05-2013 17:11:48,327
Itm_M12831_C13143_I8_L-6.xml,drilldown/pl_id_12831/L-6,25-05-2013 17:11:48,1177
Itm_M12831_C13145_I1_L-6.xml,drilldown/pl_id_12831/L-6,10-08-2013 17:12:00,15297
Itm_M12831_C13148_I10_L-6.xml,drilldown/pl_id_12831/L-6,10-08-2013 17:12:00,996
Itm_M12831_C13148_I11_L-6.xml,drilldown/pl_id_12831/L-6,10-08-2013 17:12:00,369
Itm_M12831_C13148_I12_L-6.xml,drilldown/pl_id_12831/L-6,24-08-2013 17:12:00,141
Itm_M12831_C13148_I13_L-6.xml,drilldown/pl_id_12831/L-6,10-08-2013 17:12:00,410
Itm_M12831_C13148_I14_L-6.xml,drilldown/pl_id_12831/L-6,10-08-2013 17:12:00,1535
Itm_M12831_C13148_I15_L-6.xml,drilldown/pl_id_12831/L-6,10-08-2013 17:12:00,677
Itm_M12831_C13148_I16_L-6.xml,drilldown/pl_id_12831/L-6,10-08-2013 17:12:00,379
Itm_M12831_C13148_I1_L-6.xml,drilldown/pl_id_12831/L-6,10-08-2013 17:12:00,1972
Itm_M12831_C13148_I3_L-6.xml,drilldown/pl_id_12831/L-6,10-08-2013 17:12:00,1458
Itm_M12831_C13148_I5_L-6.xml,drilldown/pl_id_12831/L-6,10-08-2013 17:12:00,4005
Itm_M12831_C13148_I6_L-6.xml,drilldown/pl_id_12831/L-6,29-06-2013 17:11:56,665
Itm_M12831_C13148_I9_L-6.xml,drilldown/pl_id_12831/L-6,10-08-2013 17:12:00,194
Itm_M12831_C13152_I5_L-6.xml,drilldown/pl_id_12831/L-6,13-07-2013 17:11:56,231
Itm_M12831_C13154_I5_L-6.xml,drilldown/pl_id_12831/L-6,03-08-2013 17:12:02,780
Itm_M12831_C13154_I6_L-6.xml,drilldown/pl_id_12831/L-6,03-08-2013 17:12:02,420
Itm_M12831_C13156_I1_L-6.xml,drilldown/pl_id_12831/L-6,21-09-2013 17:12:08,6354
Itm_M12831_C13156_I2_L-6.xml,drilldown/pl_id_12831/L-6,21-09-2013 17:12:08,6354
Itm_M12831_C13156_I8_L-6.xml,drilldown/pl_id_12831/L-6,10-08-2013 17:12:00,489
Itm_M12831_C13159_I1_L-6.xml,drilldown/pl_id_12831/L-6,29-06-2013 17:11:56,596
Itm_M12831_C13159_I2_L-6.xml,drilldown/pl_id_12831/L-6,29-06-2013 17:11:56,590
Itm_M12831_C13164_I1_L-6.xml,drilldown/pl_id_12831/L-6,10-08-2013 17:12:00,3270
Itm_M12831_C13164_I3_L-6.xml,drilldown/pl_id_12831/L-6,17-06-2013 07:54:14,2064
Itm_M12831_C13166_I13_L-6.xml,drilldown/pl_id_12831/L-6,16-09-2013 09:58:32,1585
Itm_M12831_C13166_I15_L-6.xml,drilldown/pl_id_12831/L-6,11-05-2013 17:11:42,307
Itm_M12831_C13166_I16_L-6.xml,drilldown/pl_id_12831/L-6,03-08-2013 17:12:02,213
Itm_M12831_C13166_I2_L-6.xml,drilldown/pl_id_12831/L-6,03-08-2013 17:12:02,634
Itm_M12831_C13166_I4_L-6.xml,drilldown/pl_id_12831/L-6,03-08-2013 17:12:02,7113
Itm_M12831_C13166_I5_L-6.xml,drilldown/pl_id_12831/L-6,31-08-2013 17:11:56,2411
Itm_M12831_C13168_I3_L-6.xml,drilldown/pl_id_12831/L-6,03-08-2013 17:12:02,890
Itm_M12831_C13171_I1_L-6.xml,drilldown/pl_id_12831/L-6,27-07-2013 17:12:04,551
Itm_M12831_C13171_I2_L-6.xml,drilldown/pl_id_12831/L-6,06-07-2013 17:11:56,2729
Itm_M12831_C13173_I0_L-6.xml,drilldown/pl_id_12831/L-6,27-07-2013 17:12:04,8195
Itm_M12831_C13177_I1_L-6.xml,drilldown/pl_id_12831/L-6,27-07-2013 17:12:04,29726
Itm_M12831_C13177_I2_L-6.xml,drilldown/pl_id_12831/L-6,27-07-2013 17:12:04,10277
Itm_M12831_C13177_I3_L-6.xml,drilldown/pl_id_12831/L-6,16-09-2013 09:58:32,139
Itm_M12831_C13179_I0_L-6.xml,drilldown/pl_id_12831/L-6,27-07-2013 17:12:04,3013
Itm_M12831_C13180_I0_L-6.xml,drilldown/pl_id_12831/L-6,03-08-2013 17:12:02,1814
Itm_M12831_C13180_I1_L-6.xml,drilldown/pl_id_12831/L-6,31-08-2013 17:11:56,6227
Itm_M12831_C13181_I13_L-6.xml,drilldown/pl_id_12831/L-6,10-08-2013 17:12:00,5016
Itm_M12831_C13181_I15_L-6.xml,drilldown/pl_id_12831/L-6,21-09-2013 17:12:08,140
Itm_M12831_C13181_I1_L-6.xml,drilldown/pl_id_12831/L-6,03-08-2013 17:12:02,13225
Itm_M12831_C13181_I7_L-6.xml,drilldown/pl_id_12831/L-6,20-05-2013 14:09:22,38614
Itm_M12831_C13182_I0_L-6.xml,drilldown/pl_id_12831/L-6,27-07-2013 17:12:04,5743
Itm_M12831_C13182_I13_L-6.xml,drilldown/pl_id_12831/L-6,27-07-2013 17:12:04,5330
Itm_M12831_C13182_I15_L-6.xml,drilldown/pl_id_12831/L-6,21-09-2013 17:12:08,140
Itm_M12831_C13182_I1_L-6.xml,drilldown/pl_id_12831/L-6,31-08-2013 17:11:56,3582
Itm_M12831_C13182_I6_L-6.xml,drilldown/pl_id_12831/L-6,27-07-2013 17:12:04,45522
Itm_M12831_C13182_I7_L-6.xml,drilldown/pl_id_12831/L-6,27-07-2013 17:12:04,31494
Itm_M12831_C13182_I8_L-6.xml,drilldown/pl_id_12831/L-6,27-07-2013 17:12:04,25465
Itm_M12831_C13182_I9_L-6.xml,drilldown/pl_id_12831/L-6,31-08-2013 17:11:56,9967
Itm_M12831_C13186_I5_L-6.xml,drilldown/pl_id_12831/L-6,16-09-2013 09:58:32,10251
Itm_M12831_C13188_I0_L-6.xml,drilldown/pl_id_12831/L-6,03-08-2013 17:12:02,6577
Itm_M12831_C13188_I1_L-6.xml,drilldown/pl_id_12831/L-6,03-08-2013 17:12:02,1929
Itm_M12831_C13188_I3_L-6.xml,drilldown/pl_id_12831/L-6,03-08-2013 17:12:02,1352
Itm_M12831_C13188_I6_L-6.xml,drilldown/pl_id_12831/L-6,03-08-2013 17:12:02,323
Itm_M12831_C13188_I7_L-6.xml,drilldown/pl_id_12831/L-6,03-08-2013 17:12:02,322
Itm_M12831_C13189_I10_L-6.xml,drilldown/pl_id_12831/L-6,03-08-2013 17:12:02,584
Itm_M12831_C13189_I1_L-6.xml,drilldown/pl_id_12831/L-6,16-09-2013 09:58:32,23330
Itm_M12831_C13189_I9_L-6.xml,drilldown/pl_id_12831/L-6,03-08-2013 17:12:02,578
Itm_M12831_C13190_I0_L-6.xml,drilldown/pl_id_12831/L-6,03-08-2013 17:12:02,3581
Itm_M12831_C13190_I2_L-6.xml,drilldown/pl_id_12831/L-6,03-08-2013 17:12:02,658
Itm_M12831_C13190_I3_L-6.xml,drilldown/pl_id_12831/L-6,03-08-2013 17:12:02,652
Itm_M12831_C13190_I4_L-6.xml,drilldown/pl_id_12831/L-6,03-08-2013 17:12:02,974
Itm_M12831_C13190_I5_L-6.xml,drilldown/pl_id_12831/L-6,10-08-2013 17:12:00,968
Itm_M12831_C13191_I3_L-6.xml,drilldown/pl_id_12831/L-6,13-04-2013 17:11:38,5310
Itm_M12831_C13191_I4_L-6.xml,drilldown/pl_id_12831/L-6,13-04-2013 17:11:38,5304
Itm_M12831_C13191_I5_L-6.xml,drilldown/pl_id_12831/L-6,31-08-2013 17:11:56,4523
Itm_M12831_C13191_I6_L-6.xml,drilldown/pl_id_12831/L-6,24-08-2013 17:12:00,6598
Itm_M12831_C13191_I7_L-6.xml,drilldown/pl_id_12831/L-6,13-04-2013 17:11:38,4181
Itm_M12831_C13191_I8_L-6.xml,drilldown/pl_id_12831/L-6,13-04-2013 17:11:38,3508
Itm_M12831_C13195_I1_L-6.xml,drilldown/pl_id_12831/L-6,30-03-2013 17:11:52,1477
Itm_M12831_C13197_I1_L-6.xml,drilldown/pl_id_12831/L-6,03-08-2013 17:12:02,49712
Itm_M12831_C13198_I1_L-6.xml,drilldown/pl_id_12831/L-6,03-08-2013 17:12:02,11806
Itm_M12831_C13198_I2_L-6.xml,drilldown/pl_id_12831/L-6,03-08-2013 17:12:02,12120
Itm_M12831_C13198_I3_L-6.xml,drilldown/pl_id_12831/L-6,03-08-2013 17:12:02,24566
Itm_M12831_C13198_I6_L-6.xml,drilldown/pl_id_12831/L-6,03-08-2013 17:12:02,2296
Itm_M12831_C13200_I10_L-6.xml,drilldown/pl_id_12831/L-6,27-07-2013 17:12:04,448
Itm_M12831_C13200_I1_L-6.xml,drilldown/pl_id_12831/L-6,30-03-2013 17:11:52,1379
Itm_M12831_C13200_I4_L-6.xml,drilldown/pl_id_12831/L-6,27-07-2013 17:12:04,1415
Itm_M12831_C13200_I5_L-6.xml,drilldown/pl_id_12831/L-6,30-03-2013 17:11:52,801
Itm_M12831_C13203_I1_L-6.xml,drilldown/pl_id_12831/L-6,31-08-2013 17:11:56,9571
Itm_M12831_C13204_I1_L-6.xml,drilldown/pl_id_12831/L-6,20-07-2013 17:12:00,3934
Itm_M12831_C13204_I2_L-6.xml,drilldown/pl_id_12831/L-6,20-07-2013 17:12:00,4846
Itm_M12831_C13204_I3_L-6.xml,drilldown/pl_id_12831/L-6,07-05-2013 09:21:08,6953
Itm_M12831_C13204_I4_L-6.xml,drilldown/pl_id_12831/L-6,20-07-2013 17:12:00,4320
Itm_M12831_C13204_I5_L-6.xml,drilldown/pl_id_12831/L-6,03-08-2013 17:12:02,10571
Itm_M12831_C13204_I6_L-6.xml,drilldown/pl_id_12831/L-6,20-07-2013 17:12:00,14691
Itm_M12831_C13204_I7_L-6.xml,drilldown/pl_id_12831/L-6,20-07-2013 17:12:00,6948
Itm_M12831_C13205_I6_L-6.xml,drilldown/pl_id_12831/L-6,06-07-2013 17:11:56,1096
Itm_M12831_C13205_I7_L-6.xml,drilldown/pl_id_12831/L-6,20-07-2013 17:12:00,2273
Itm_M12831_C13207_I11_L-6.xml,drilldown/pl_id_12831/L-6,20-07-2013 17:12:00,1006
Itm_M12831_C13207_I12_L-6.xml,drilldown/pl_id_12831/L-6,31-08-2013 17:11:56,1440
Itm_M12831_C13207_I17_L-6.xml,drilldown/pl_id_12831/L-6,20-07-2013 17:12:00,515
Itm_M12831_C13207_I18_L-6.xml,drilldown/pl_id_12831/L-6,20-07-2013 17:12:00,542
Itm_M12831_C13207_I19_L-6.xml,drilldown/pl_id_12831/L-6,20-07-2013 17:12:00,218
Itm_M12831_C13207_I2_L-6.xml,drilldown/pl_id_12831/L-6,03-08-2013 17:12:02,3482
Itm_M12831_C13207_I3_L-6.xml,drilldown/pl_id_12831/L-6,27-07-2013 17:12:04,1862
Itm_M12831_C13207_I4_L-6.xml,drilldown/pl_id_12831/L-6,03-08-2013 17:12:02,3350
Itm_M12831_C13207_I5_L-6.xml,drilldown/pl_id_12831/L-6,03-08-2013 17:12:02,2778
Itm_M12831_C13207_I6_L-6.xml,drilldown/pl_id_12831/L-6,03-08-2013 17:12:02,2772
Itm_M12831_C13207_I9_L-6.xml,drilldown/pl_id_12831/L-6,29-06-2013 17:11:56,1309
Itm_M12831_C13208_I1_L-6.xml,drilldown/pl_id_12831/L-6,03-08-2013 17:12:02,10748
Itm_M12831_C13210_I0_L-6.xml,drilldown/pl_id_12831/L-6,27-07-2013 17:12:04,774
Itm_M12831_C13210_I14_L-6.xml,drilldown/pl_id_12831/L-6,06-07-2013 17:11:56,1042
Itm_M12831_C13210_I1_L-6.xml,drilldown/pl_id_12831/L-6,07-09-2013 17:12:08,27063
Itm_M12831_C13210_I6_L-6.xml,drilldown/pl_id_12831/L-6,20-04-2013 17:11:44,1124
Itm_M12831_C13211_I0_L-6.xml,drilldown/pl_id_12831/L-6,27-07-2013 17:12:04,1042
Itm_M12831_C13211_I11_L-6.xml,drilldown/pl_id_12831/L-6,06-07-2013 17:11:56,1334
Itm_M12831_C13211_I1_L-6.xml,drilldown/pl_id_12831/L-6,07-09-2013 17:12:08,75848
Itm_M12831_C13211_I6_L-6.xml,drilldown/pl_id_12831/L-6,20-04-2013 17:11:44,1124
Itm_M12831_C13213_I10_L-6.xml,drilldown/pl_id_12831/L-6,03-08-2013 17:12:02,1839
Itm_M12831_C13213_I12_L-6.xml,drilldown/pl_id_12831/L-6,29-06-2013 17:11:56,435
Itm_M12831_C13213_I1_L-6.xml,drilldown/pl_id_12831/L-6,07-09-2013 17:12:08,11385
Itm_M12831_C13213_I3_L-6.xml,drilldown/pl_id_12831/L-6,03-08-2013 17:12:02,4595
Itm_M12831_C13213_I4_L-6.xml,drilldown/pl_id_12831/L-6,27-07-2013 17:12:04,3820
Itm_M12831_C13213_I7_L-6.xml,drilldown/pl_id_12831/L-6,23-03-2013 17:11:32,2993
Itm_M12831_C13216_I0_L-6.xml,drilldown/pl_id_12831/L-6,03-08-2013 17:12:02,322
Itm_M12831_C13216_I1_L-6.xml,drilldown/pl_id_12831/L-6,03-08-2013 17:12:02,16212
Itm_M12831_C13216_I2_L-6.xml,drilldown/pl_id_12831/L-6,03-08-2013 17:12:02,7016
Itm_M12831_C13216_I3_L-6.xml,drilldown/pl_id_12831/L-6,31-08-2013 17:11:56,184593
Itm_M12831_C13216_I5_L-6.xml,drilldown/pl_id_12831/L-6,03-08-2013 17:12:02,4054
Itm_M12831_C13217_I0_L-6.xml,drilldown/pl_id_12831/L-6,03-08-2013 17:12:02,371
Itm_M12831_C13217_I11_L-6.xml,drilldown/pl_id_12831/L-6,03-08-2013 17:12:02,842
Itm_M12831_C13217_I12_L-6.xml,drilldown/pl_id_12831/L-6,03-08-2013 17:12:02,1505
Itm_M12831_C13217_I15_L-6.xml,drilldown/pl_id_12831/L-6,03-08-2013 17:12:02,454
Itm_M12831_C13217_I1_L-6.xml,drilldown/pl_id_12831/L-6,23-03-2013 17:11:32,395
Itm_M12831_C13219_I1_L-6.xml,drilldown/pl_id_12831/L-6,03-08-2013 17:12:02,7281
Itm_M12831_C13221_I1_L-6.xml,drilldown/pl_id_12831/L-6,31-08-2013 17:11:56,17182
Itm_M12831_C13221_I8_L-6.xml,drilldown/pl_id_12831/L-6,08-04-2013 20:27:16,888
Itm_M12831_C13222_I17_L-6.xml,drilldown/pl_id_12831/L-6,25-05-2013 17:11:48,2477
Itm_M12831_C13222_I18_L-6.xml,drilldown/pl_id_12831/L-6,21-09-2013 17:12:08,870
Itm_M12831_C13222_I1_L-6.xml,drilldown/pl_id_12831/L-6,07-09-2013 17:12:08,198649
Itm_M12831_C13222_I4_L-6.xml,drilldown/pl_id_12831/L-6,08-04-2013 20:27:16,289
Itm_M12831_C13222_I6_L-6.xml,drilldown/pl_id_12831/L-6,07-09-2013 17:12:08,3064
Itm_M12831_C13224_I0_L-6.xml,drilldown/pl_id_12831/L-6,03-08-2013 17:12:02,395
Itm_M12831_C13225_I1_L-6.xml,drilldown/pl_id_12831/L-6,01-06-2013 17:11:48,1794
Itm_M12831_C13225_I2_L-6.xml,drilldown/pl_id_12831/L-6,31-08-2013 17:11:56,1062
Itm_M12831_C13225_I4_L-6.xml,drilldown/pl_id_12831/L-6,13-04-2013 17:11:38,1163
Itm_M12831_C13228_I0_L-6.xml,drilldown/pl_id_12831/L-6,03-08-2013 17:12:02,2337
Itm_M12831_C13228_I1_L-6.xml,drilldown/pl_id_12831/L-6,16-09-2013 09:58:32,10712
Itm_M12831_C13228_I21_L-6.xml,drilldown/pl_id_12831/L-6,20-07-2013 17:12:00,930
Itm_M12831_C13228_I22_L-6.xml,drilldown/pl_id_12831/L-6,20-07-2013 17:12:00,990
Itm_M12831_C13228_I26_L-6.xml,drilldown/pl_id_12831/L-6,06-07-2013 17:11:56,688
Itm_M12831_C13228_I3_L-6.xml,drilldown/pl_id_12831/L-6,03-08-2013 17:12:02,1885
Itm_M12831_C13230_I1_L-6.xml,drilldown/pl_id_12831/L-6,03-08-2013 17:12:02,2014
Itm_M12831_C13230_I2_L-6.xml,drilldown/pl_id_12831/L-6,16-09-2013 09:58:32,1355
Itm_M12831_C13230_I3_L-6.xml,drilldown/pl_id_12831/L-6,03-08-2013 17:12:02,1387
Itm_M12831_C13230_I4_L-6.xml,drilldown/pl_id_12831/L-6,03-08-2013 17:12:02,2675
Itm_M12831_C13230_I5_L-6.xml,drilldown/pl_id_12831/L-6,03-08-2013 17:12:02,1376
Itm_M12831_C13230_I6_L-6.xml,drilldown/pl_id_12831/L-6,03-08-2013 17:12:02,2611
Itm_M12831_C13230_I9_L-6.xml,drilldown/pl_id_12831/L-6,21-09-2013 17:12:08,1718
Itm_M12831_C13232_I1_L-6.xml,drilldown/pl_id_12831/L-6,03-08-2013 17:12:02,18128
Itm_M12831_C13232_I7_L-6.xml,drilldown/pl_id_12831/L-6,20-07-2013 17:12:00,782
Itm_M12831_C13233_I1_L-6.xml,drilldown/pl_id_12831/L-6,03-08-2013 17:12:02,40333
Itm_M12831_C13235_I0_L-6.xml,drilldown/pl_id_12831/L-6,20-07-2013 17:12:00,665
Itm_M12831_C13237_I10_L-6.xml,drilldown/pl_id_12831/L-6,03-08-2013 17:12:02,382
Itm_M12831_C13237_I1_L-6.xml,drilldown/pl_id_12831/L-6,03-08-2013 17:12:02,446
Itm_M12831_C13237_I6_L-6.xml,drilldown/pl_id_12831/L-6,03-08-2013 17:12:02,274
Itm_M12831_C13237_I8_L-6.xml,drilldown/pl_id_12831/L-6,03-08-2013 17:12:02,250
Itm_M12831_C13237_I9_L-6.xml,drilldown/pl_id_12831/L-6,03-08-2013 17:12:02,300
Itm_M12831_C13238_I1_L-6.xml,drilldown/pl_id_12831/L-6,03-08-2013 17:12:02,410
Itm_M12831_C13238_I2_L-6.xml,drilldown/pl_id_12831/L-6,03-08-2013 17:12:02,336
Itm_M12831_C13240_I2_L-6.xml,drilldown/pl_id_12831/L-6,22-06-2013 17:11:52,1502
Itm_M12831_C13240_I4_L-6.xml,drilldown/pl_id_12831/L-6,29-06-2013 17:11:56,503
Itm_M12831_C13241_I1_L-6.xml,drilldown/pl_id_12831/L-6,21-09-2013 17:12:08,3996
Itm_M12831_C13241_I2_L-6.xml,drilldown/pl_id_12831/L-6,16-09-2013 09:58:32,138
Itm_M12831_C13241_I3_L-6.xml,drilldown/pl_id_12831/L-6,21-09-2013 17:12:08,139
Itm_M12831_C13242_I2_L-6.xml,drilldown/pl_id_12831/L-6,01-06-2013 17:11:48,1460
Itm_M12831_C13246_I1_L-6.xml,drilldown/pl_id_12831/L-6,13-07-2013 17:11:56,454
Itm_M12831_C13247_I1_L-6.xml,drilldown/pl_id_12831/L-6,21-09-2013 17:12:08,639
Itm_M12831_C13248_I10_L-6.xml,drilldown/pl_id_12831/L-6,13-07-2013 17:11:56,709
Itm_M12831_C13248_I1_L-6.xml,drilldown/pl_id_12831/L-6,21-09-2013 17:12:08,1195
Itm_M12831_C13248_I3_L-6.xml,drilldown/pl_id_12831/L-6,27-07-2013 17:12:04,1504
Itm_M12831_C13248_I8_L-6.xml,drilldown/pl_id_12831/L-6,03-08-2013 17:12:02,1737
Itm_M12831_C13250_I10_L-6.xml,drilldown/pl_id_12831/L-6,10-08-2013 17:12:00,2464
Itm_M12831_C13250_I26_L-6.xml,drilldown/pl_id_12831/L-6,13-07-2013 17:11:56,327
Itm_M12831_C13253_I2_L-6.xml,drilldown/pl_id_12831/L-6,10-08-2013 17:12:00,1651
Itm_M12831_C13253_I3_L-6.xml,drilldown/pl_id_12831/L-6,27-07-2013 17:12:04,1549
Itm_M12831_C13253_I4_L-6.xml,drilldown/pl_id_12831/L-6,27-07-2013 17:12:04,3006
Itm_M12831_C13253_I5_L-6.xml,drilldown/pl_id_12831/L-6,27-07-2013 17:12:04,1230
Itm_M12831_C13253_I7_L-6.xml,drilldown/pl_id_12831/L-6,27-07-2013 17:12:04,1741
Itm_M12831_C13255_I1_L-6.xml,drilldown/pl_id_12831/L-6,17-06-2013 07:54:14,1197
Itm_M12831_C13256_I1_L-6.xml,drilldown/pl_id_12831/L-6,17-08-2013 17:12:02,2580
Itm_M12831_C13256_I2_L-6.xml,drilldown/pl_id_12831/L-6,17-06-2013 07:54:14,4459
Itm_M12831_C13257_I1_L-6.xml,drilldown/pl_id_12831/L-6,20-05-2013 14:09:22,1317
Itm_M12831_C13260_I13_L-6.xml,drilldown/pl_id_12831/L-6,20-07-2013 17:12:00,141
Itm_M12831_C13260_I14_L-6.xml,drilldown/pl_id_12831/L-6,20-07-2013 17:12:00,269
Itm_M12831_C13260_I15_L-6.xml,drilldown/pl_id_12831/L-6,20-07-2013 17:12:00,211
Itm_M12831_C13260_I3_L-6.xml,drilldown/pl_id_12831/L-6,03-08-2013 17:12:02,1482
Itm_M12831_C13262_I11_L-6.xml,drilldown/pl_id_12831/L-6,20-07-2013 17:12:00,627
Itm_M12831_C13262_I1_L-6.xml,drilldown/pl_id_12831/L-6,20-07-2013 17:12:00,1300
Itm_M12831_C13262_I2_L-6.xml,drilldown/pl_id_12831/L-6,20-07-2013 17:12:00,900
Itm_M12831_C13262_I6_L-6.xml,drilldown/pl_id_12831/L-6,08-06-2013 17:11:48,842
Itm_M12831_C13263_I10_L-6.xml,drilldown/pl_id_12831/L-6,13-07-2013 17:11:56,653
Itm_M12831_C13263_I14_L-6.xml,drilldown/pl_id_12831/L-6,13-07-2013 17:11:56,472
Itm_M12831_C13263_I15_L-6.xml,drilldown/pl_id_12831/L-6,13-07-2013 17:11:56,544
Itm_M12831_C13263_I16_L-6.xml,drilldown/pl_id_12831/L-6,31-08-2013 17:11:56,1648
Itm_M12831_C13263_I3_L-6.xml,drilldown/pl_id_12831/L-6,13-07-2013 17:11:56,1044
Itm_M12831_C13263_I4_L-6.xml,drilldown/pl_id_12831/L-6,13-07-2013 17:11:56,491
Itm_M12831_C13263_I7_L-6.xml,drilldown/pl_id_12831/L-6,13-07-2013 17:11:56,613
Itm_M12831_C13263_I9_L-6.xml,drilldown/pl_id_12831/L-6,13-07-2013 17:11:56,430
Itm_M12831_C13265_I10_L-6.xml,drilldown/pl_id_12831/L-6,29-04-2013 17:12:42,565
Itm_M12831_C13265_I1_L-6.xml,drilldown/pl_id_12831/L-6,27-07-2013 17:12:04,666
Itm_M12831_C13265_I2_L-6.xml,drilldown/pl_id_12831/L-6,27-07-2013 17:12:04,144
Itm_M12831_C13265_I9_L-6.xml,drilldown/pl_id_12831/L-6,06-07-2013 17:11:56,219
Itm_M12831_C13266_I1_L-6.xml,drilldown/pl_id_12831/L-6,17-08-2013 17:12:02,230
Itm_M12831_C13266_I2_L-6.xml,drilldown/pl_id_12831/L-6,24-08-2013 17:12:00,723
Itm_M12831_C13266_I5_L-6.xml,drilldown/pl_id_12831/L-6,08-04-2013 20:27:16,557
Itm_M12831_C13269_I2_L-6.xml,drilldown/pl_id_12831/L-6,13-07-2013 17:11:56,842
Itm_M12831_C13269_I3_L-6.xml,drilldown/pl_id_12831/L-6,06-07-2013 17:11:56,2144
Itm_M12831_C13270_I2_L-6.xml,drilldown/pl_id_12831/L-6,20-07-2013 17:12:00,3805
Itm_M12831_C13270_I4_L-6.xml,drilldown/pl_id_12831/L-6,27-07-2013 17:12:04,4339
Itm_M12831_C13271_I6_L-6.xml,drilldown/pl_id_12831/L-6,20-07-2013 17:12:00,326
Itm_M12831_C13271_I9_L-6.xml,drilldown/pl_id_12831/L-6,13-07-2013 17:11:56,917
Itm_M12831_C13272_I1_L-6.xml,drilldown/pl_id_12831/L-6,27-07-2013 17:12:04,516
Itm_M12831_C13272_I2_L-6.xml,drilldown/pl_id_12831/L-6,27-07-2013 17:12:04,794
Itm_M12831_C13274_I4_L-6.xml,drilldown/pl_id_12831/L-6,16-09-2013 09:58:32,1940
Itm_M12831_C13277_I1_L-6.xml,drilldown/pl_id_12831/L-6,29-04-2013 17:12:42,765
Itm_M12831_C13278_I1_L-6.xml,drilldown/pl_id_12831/L-6,08-04-2013 20:27:16,611
Itm_M12831_C13278_I3_L-6.xml,drilldown/pl_id_12831/L-6,31-08-2013 17:11:56,565
Itm_M12831_C13278_I7_L-6.xml,drilldown/pl_id_12831/L-6,07-09-2013 17:12:08,216
Itm_M12831_C13280_I2_L-6.xml,drilldown/pl_id_12831/L-6,27-07-2013 17:12:04,315
Itm_M12831_C13280_I3_L-6.xml,drilldown/pl_id_12831/L-6,06-07-2013 17:11:56,313
Itm_M12831_C13281_I1_L-6.xml,drilldown/pl_id_12831/L-6,17-06-2013 07:54:14,452
Itm_M12831_C13281_I2_L-6.xml,drilldown/pl_id_12831/L-6,13-07-2013 17:11:56,440
Itm_M12831_C13281_I5_L-6.xml,drilldown/pl_id_12831/L-6,03-08-2013 17:12:02,1122
Itm_M12831_C13282_I5_L-6.xml,drilldown/pl_id_12831/L-6,27-07-2013 17:12:04,273
Itm_M12831_C13282_I6_L-6.xml,drilldown/pl_id_12831/L-6,06-07-2013 17:11:56,313
Itm_M12831_C13282_I7_L-6.xml,drilldown/pl_id_12831/L-6,27-07-2013 17:12:04,273
Itm_M12831_C13287_I1_L-6.xml,drilldown/pl_id_12831/L-6,27-07-2013 17:12:04,7405
Itm_M12831_C13289_I13_L-6.xml,drilldown/pl_id_12831/L-6,29-04-2013 17:12:42,311
Itm_M12831_C13289_I1_L-6.xml,drilldown/pl_id_12831/L-6,27-07-2013 17:12:04,1493
Itm_M12831_C13289_I2_L-6.xml,drilldown/pl_id_12831/L-6,07-09-2013 17:12:08,1644
Itm_M12831_C13289_I3_L-6.xml,drilldown/pl_id_12831/L-6,27-07-2013 17:12:04,1559
Itm_M12831_C13290_I10_L-6.xml,drilldown/pl_id_12831/L-6,27-07-2013 17:12:04,459
Itm_M12831_C13290_I7_L-6.xml,drilldown/pl_id_12831/L-6,21-09-2013 17:12:08,237
Itm_M12831_C13291_I1_L-6.xml,drilldown/pl_id_12831/L-6,03-08-2013 17:12:02,651
Itm_M12831_C13293_I1_L-6.xml,drilldown/pl_id_12831/L-6,07-09-2013 17:12:08,1334
Itm_M12831_C13293_I2_L-6.xml,drilldown/pl_id_12831/L-6,27-07-2013 17:12:04,1208
Itm_M12831_C13296_I7_L-6.xml,drilldown/pl_id_12831/L-6,27-07-2013 17:12:04,1397
Itm_M12831_C13298_I1_L-6.xml,drilldown/pl_id_12831/L-6,27-07-2013 17:12:04,2456
Itm_M12831_C13298_I2_L-6.xml,drilldown/pl_id_12831/L-6,27-07-2013 17:12:04,2247
Itm_M12831_C13298_I4_L-6.xml,drilldown/pl_id_12831/L-6,27-07-2013 17:12:04,1050
Itm_M12831_C13299_I1_L-6.xml,drilldown/pl_id_12831/L-6,20-07-2013 17:12:00,1209
Itm_M12831_C13299_I2_L-6.xml,drilldown/pl_id_12831/L-6,20-07-2013 17:12:00,3231
Itm_M12831_C13375_I4_L-6.xml,drilldown/pl_id_12831/L-6,16-09-2013 09:58:32,1034
Itm_M12831_C13375_I5_L-6.xml,drilldown/pl_id_12831/L-6,16-09-2013 09:58:32,1433
Itm_M12831_C13375_I6_L-6.xml,drilldown/pl_id_12831/L-6,16-09-2013 09:58:32,1246
Itm_M12831_C13390_I1_L-6.xml,drilldown/pl_id_12831/L-6,16-03-2013 17:11:36,2827
Itm_M12831_C13390_I23_L-6.xml,drilldown/pl_id_12831/L-6,08-06-2013 17:11:48,1239
Itm_M12831_C13390_I2_L-6.xml,drilldown/pl_id_12831/L-6,17-06-2013 07:54:14,6517
Itm_M12831_C13400_I1_L-6.xml,drilldown/pl_id_12831/L-6,16-03-2013 17:11:36,608
Itm_M12831_C13400_I4_L-6.xml,drilldown/pl_id_12831/L-6,16-03-2013 17:11:36,163
Itm_M12831_C13440_I15_L-6.xml,drilldown/pl_id_12831/L-6,21-09-2013 17:12:08,140
Itm_M12831_C13440_I9_L-6.xml,drilldown/pl_id_12831/L-6,27-07-2013 17:12:04,5594
Itm_M12831_C13510_I1_L-6.xml,drilldown/pl_id_12831/L-6,29-06-2013 17:11:56,402
Itm_M12831_C13510_I2_L-6.xml,drilldown/pl_id_12831/L-6,29-06-2013 17:11:56,392
Itm_M12831_C13510_I3_L-6.xml,drilldown/pl_id_12831/L-6,20-07-2013 17:12:00,617
Itm_M12831_C13554_I9_L-6.xml,drilldown/pl_id_12831/L-6,16-09-2013 09:58:32,584
Itm_M12831_C13561_I1_L-6.xml,drilldown/pl_id_12831/L-6,27-07-2013 17:12:04,589
Itm_M12831_C13561_I2_L-6.xml,drilldown/pl_id_12831/L-6,27-07-2013 17:12:04,601
Itm_M12831_C13561_I3_L-6.xml,drilldown/pl_id_12831/L-6,16-09-2013 09:58:32,356
Itm_M12831_C13561_I4_L-6.xml,drilldown/pl_id_12831/L-6,21-09-2013 17:12:08,360
Itm_M12831_C13561_I6_L-6.xml,drilldown/pl_id_12831/L-6,16-09-2013 09:58:32,356
Itm_M12831_C13562_I6_L-6.xml,drilldown/pl_id_12831/L-6,16-09-2013 09:58:32,470
Itm_M12831_C13565_I4_L-6.xml,drilldown/pl_id_12831/L-6,27-07-2013 17:12:04,459
Itm_M12831_C13566_I8_L-6.xml,drilldown/pl_id_12831/L-6,16-09-2013 09:58:32,1113
Itm_M12831_C13568_I5_L-6.xml,drilldown/pl_id_12831/L-6,21-09-2013 17:12:08,198
Itm_M12831_C13568_I6_L-6.xml,drilldown/pl_id_12831/L-6,21-09-2013 17:12:08,204
Itm_M12831_C13568_I7_L-6.xml,drilldown/pl_id_12831/L-6,16-09-2013 09:58:32,687
Itm_M12831_C13570_I1_L-6.xml,drilldown/pl_id_12831/L-6,27-07-2013 17:12:04,945
Itm_M12831_C13571_I1_L-6.xml,drilldown/pl_id_12831/L-6,13-07-2013 17:11:56,375
Itm_M12831_C13571_I2_L-6.xml,drilldown/pl_id_12831/L-6,13-07-2013 17:11:56,326
Itm_M12831_C13572_I1_L-6.xml,drilldown/pl_id_12831/L-6,27-07-2013 17:12:04,323
Itm_M12831_C13573_I1_L-6.xml,drilldown/pl_id_12831/L-6,27-07-2013 17:12:04,406
Itm_M12831_C13573_I9_L-6.xml,drilldown/pl_id_12831/L-6,01-06-2013 17:11:48,764
Itm_M12831_C13574_I1_L-6.xml,drilldown/pl_id_12831/L-6,27-07-2013 17:12:04,589
Itm_M12831_C13575_I0_L-6.xml,drilldown/pl_id_12831/L-6,27-07-2013 17:12:04,655
Itm_M12831_C13575_I1_L-6.xml,drilldown/pl_id_12831/L-6,27-07-2013 17:12:04,551
Itm_M12831_C13575_I2_L-6.xml,drilldown/pl_id_12831/L-6,27-07-2013 17:12:04,429
Itm_M12831_C13575_I3_L-6.xml,drilldown/pl_id_12831/L-6,27-07-2013 17:12:04,571
Itm_M12831_C13575_I4_L-6.xml,drilldown/pl_id_12831/L-6,27-07-2013 17:12:04,485
Itm_M12831_C13575_I5_L-6.xml,drilldown/pl_id_12831/L-6,27-07-2013 17:12:04,417
Itm_M12831_C13575_I6_L-6.xml,drilldown/pl_id_12831/L-6,27-07-2013 17:12:04,325
Itm_M12831_C13575_I8_L-6.xml,drilldown/pl_id_12831/L-6,01-06-2013 17:11:48,630
Itm_M12831_C13575_I9_L-6.xml,drilldown/pl_id_12831/L-6,27-07-2013 17:12:04,338
Itm_M12831_C13576_I1_L-6.xml,drilldown/pl_id_12831/L-6,27-07-2013 17:12:04,325
Itm_M12831_C13576_I2_L-6.xml,drilldown/pl_id_12831/L-6,27-07-2013 17:12:04,325
Itm_M12831_C13576_I3_L-6.xml,drilldown/pl_id_12831/L-6,27-07-2013 17:12:04,324
Itm_M12831_C13576_I4_L-6.xml,drilldown/pl_id_12831/L-6,27-07-2013 17:12:04,417
Itm_M12831_C13576_I5_L-6.xml,drilldown/pl_id_12831/L-6,27-07-2013 17:12:04,485
Itm_M12831_C13577_I1_L-6.xml,drilldown/pl_id_12831/L-6,27-07-2013 17:12:04,325
Itm_M12831_C13578_I1_L-6.xml,drilldown/pl_id_12831/L-6,27-07-2013 17:12:04,602
Itm_M12831_C13579_I1_L-6.xml,drilldown/pl_id_12831/L-6,27-07-2013 17:12:04,325
Itm_M12831_C13579_I2_L-6.xml,drilldown/pl_id_12831/L-6,27-07-2013 17:12:04,415
Itm_M12831_C13579_I3_L-6.xml,drilldown/pl_id_12831/L-6,27-07-2013 17:12:04,415
Itm_M12831_C13579_I4_L-6.xml,drilldown/pl_id_12831/L-6,27-07-2013 17:12:04,397
Itm_M12831_C13582_I1_L-6.xml,drilldown/pl_id_12831/L-6,03-08-2013 17:12:02,325
Itm_M12831_C13584_I17_L-6.xml,drilldown/pl_id_12831/L-6,03-08-2013 17:12:02,460
Itm_M12831_C13584_I2_L-6.xml,drilldown/pl_id_12831/L-6,03-08-2013 17:12:02,477
Itm_M12831_C13585_I3_L-6.xml,drilldown/pl_id_12831/L-6,03-08-2013 17:12:02,461
Itm_M12831_C13585_I4_L-6.xml,drilldown/pl_id_12831/L-6,03-08-2013 17:12:02,516
Itm_M12831_C13586_I1_L-6.xml,drilldown/pl_id_12831/L-6,03-08-2013 17:12:02,324
Itm_M12831_C13587_I1_L-6.xml,drilldown/pl_id_12831/L-6,21-09-2013 17:12:08,272
Itm_M12831_C13601_I2_L-6.xml,drilldown/pl_id_12831/L-6,13-07-2013 17:11:56,467
Itm_M12831_C13764_I1_L-6.xml,drilldown/pl_id_12831/L-6,27-07-2013 17:12:04,490
Itm_M12831_C13767_I1_L-6.xml,drilldown/pl_id_12831/L-6,27-07-2013 17:12:04,1050
Itm_M12831_C13768_I1_L-6.xml,drilldown/pl_id_12831/L-6,27-07-2013 17:12:04,1820
Itm_M12831_C13821_I1_L-6.xml,drilldown/pl_id_12831/L-6,03-08-2013 17:12:02,1223
Itm_M12831_C13821_I4_L-6.xml,drilldown/pl_id_12831/L-6,03-08-2013 17:12:02,1311
Itm_M12831_C13821_I6_L-6.xml,drilldown/pl_id_12831/L-6,03-08-2013 17:12:02,847
Itm_M12831_C13900_I1_L-6.xml,drilldown/pl_id_12831/L-6,21-09-2013 17:12:08,4327
Itm_M12831_C13900_I5_L-6.xml,drilldown/pl_id_12831/L-6,01-06-2013 17:11:48,4421
Itm_M12831_C13900_I6_L-6.xml,drilldown/pl_id_12831/L-6,21-09-2013 17:12:08,433
Itm_M12831_C13946_I1_L-6.xml,drilldown/pl_id_12831/L-6,16-09-2013 09:58:32,915
Itm_M12831_C13946_I2_L-6.xml,drilldown/pl_id_12831/L-6,10-08-2013 17:12:00,763
Itm_M12831_C13946_I6_L-6.xml,drilldown/pl_id_12831/L-6,16-09-2013 09:58:32,534
Itm_M12831_C13946_I7_L-6.xml,drilldown/pl_id_12831/L-6,27-07-2013 17:12:04,952
Itm_M12831_C13947_I3_L-6.xml,drilldown/pl_id_12831/L-6,22-06-2013 17:11:52,571
Itm_M12831_C13947_I4_L-6.xml,drilldown/pl_id_12831/L-6,22-06-2013 17:11:52,673
Itm_M12831_C13947_I7_L-6.xml,drilldown/pl_id_12831/L-6,16-09-2013 09:58:32,510
Itm_M12831_C13947_I8_L-6.xml,drilldown/pl_id_12831/L-6,16-09-2013 09:58:32,668
Itm_M12831_C13953_I1_L-6.xml,drilldown/pl_id_12831/L-6,27-07-2013 17:12:04,628
Itm_M12831_C13955_I7_L-6.xml,drilldown/pl_id_12831/L-6,27-07-2013 17:12:04,707
Itm_M12831_C13956_I1_L-6.xml,drilldown/pl_id_12831/L-6,27-07-2013 17:12:04,641
Itm_M12831_C13957_I1_L-6.xml,drilldown/pl_id_12831/L-6,16-09-2013 09:58:32,1056
Itm_M12831_C13959_I1_L-6.xml,drilldown/pl_id_12831/L-6,10-08-2013 17:12:00,498
Itm_M12831_C13959_I4_L-6.xml,drilldown/pl_id_12831/L-6,27-07-2013 17:12:04,309
Itm_M12831_C13960_I3_L-6.xml,drilldown/pl_id_12831/L-6,27-07-2013 17:12:04,363
Itm_M12831_C13960_I4_L-6.xml,drilldown/pl_id_12831/L-6,27-07-2013 17:12:04,429
Itm_M12831_C13960_I7_L-6.xml,drilldown/pl_id_12831/L-6,27-07-2013 17:12:04,429
Itm_M12831_C13961_I20_L-6.xml,drilldown/pl_id_12831/L-6,27-07-2013 17:12:04,895
Itm_M12831_C13963_I1_L-6.xml,drilldown/pl_id_12831/L-6,29-06-2013 17:11:56,608
Itm_M12831_C13963_I2_L-6.xml,drilldown/pl_id_12831/L-6,29-06-2013 17:11:56,608
Itm_M12831_C13964_I3_L-6.xml,drilldown/pl_id_12831/L-6,13-07-2013 17:11:56,443
Itm_M12831_C13965_I1_L-6.xml,drilldown/pl_id_12831/L-6,16-09-2013 09:58:32,1850
Itm_M12831_C13966_I1_L-6.xml,drilldown/pl_id_12831/L-6,27-07-2013 17:12:04,498
Itm_M12831_C13967_I0_L-6.xml,drilldown/pl_id_12831/L-6,27-07-2013 17:12:04,395
Itm_M12831_C13968_I4_L-6.xml,drilldown/pl_id_12831/L-6,27-07-2013 17:12:04,461
Itm_M12831_C13969_I7_L-6.xml,drilldown/pl_id_12831/L-6,01-06-2013 17:11:48,455
Itm_M12831_C13970_I0_L-6.xml,drilldown/pl_id_12831/L-6,27-07-2013 17:12:04,695
Itm_M12831_C13970_I6_L-6.xml,drilldown/pl_id_12831/L-6,31-08-2013 17:11:56,1269
Itm_M12831_C13973_I0_L-6.xml,drilldown/pl_id_12831/L-6,20-07-2013 17:12:00,503
Itm_M12831_C13976_I1_L-6.xml,drilldown/pl_id_12831/L-6,27-07-2013 17:12:04,637
Itm_M12831_C13977_I1_L-6.xml,drilldown/pl_id_12831/L-6,27-07-2013 17:12:04,811
Itm_M12831_C13978_I2_L-6.xml,drilldown/pl_id_12831/L-6,16-03-2013 17:11:36,139
Itm_M12831_C13979_I13_L-6.xml,drilldown/pl_id_12831/L-6,16-09-2013 09:58:32,665
Itm_M12831_C13979_I14_L-6.xml,drilldown/pl_id_12831/L-6,16-09-2013 09:58:32,653
Itm_M12831_C13980_I2_L-6.xml,drilldown/pl_id_12831/L-6,16-09-2013 09:58:32,565
Itm_M12831_C13981_I12_L-6.xml,drilldown/pl_id_12831/L-6,17-08-2013 17:12:02,141
Itm_M12831_C13983_I1_L-6.xml,drilldown/pl_id_12831/L-6,10-08-2013 17:12:00,463
Itm_M12831_C13983_I7_L-6.xml,drilldown/pl_id_12831/L-6,10-08-2013 17:12:00,822
Itm_M12831_C13983_I9_L-6.xml,drilldown/pl_id_12831/L-6,10-08-2013 17:12:00,640
Itm_M12831_C13987_I0_L-6.xml,drilldown/pl_id_12831/L-6,03-08-2013 17:12:02,437
Itm_M12831_C13988_I1_L-6.xml,drilldown/pl_id_12831/L-6,03-08-2013 17:12:02,952
Itm_M12831_C13988_I4_L-6.xml,drilldown/pl_id_12831/L-6,03-08-2013 17:12:02,498
Itm_M12831_C13989_I7_L-6.xml,drilldown/pl_id_12831/L-6,17-08-2013 17:12:02,309
Itm_M12831_C13991_I3_L-6.xml,drilldown/pl_id_12831/L-6,03-08-2013 17:12:02,498
Itm_M12831_C13991_I5_L-6.xml,drilldown/pl_id_12831/L-6,03-08-2013 17:12:02,858
Itm_M12831_C13992_I4_L-6.xml,drilldown/pl_id_12831/L-6,03-08-2013 17:12:02,498
Itm_M12831_C13993_I0_L-6.xml,drilldown/pl_id_12831/L-6,10-08-2013 17:12:00,607
Itm_M12831_C13993_I6_L-6.xml,drilldown/pl_id_12831/L-6,10-08-2013 17:12:00,866
Itm_M12831_C13994_I6_L-6.xml,drilldown/pl_id_12831/L-6,07-05-2013 09:21:08,309
Itm_M12831_C13996_I1_L-6.xml,drilldown/pl_id_12831/L-6,10-08-2013 17:12:00,572
Itm_M12831_C13998_I1_L-6.xml,drilldown/pl_id_12831/L-6,21-09-2013 17:12:08,498
Itm_M12831_C13999_I2_L-6.xml,drilldown/pl_id_12831/L-6,10-08-2013 17:12:00,498
Itm_M12831_C14000_I16_L-6.xml,drilldown/pl_id_12831/L-6,29-06-2013 17:11:56,456
Itm_M12831_C14002_I3_L-6.xml,drilldown/pl_id_12831/L-6,16-09-2013 09:58:32,621
Itm_M12831_C14007_I3_L-6.xml,drilldown/pl_id_12831/L-6,31-08-2013 17:11:56,439
Itm_M12831_C14008_I0_L-6.xml,drilldown/pl_id_12831/L-6,21-09-2013 17:12:08,587
Itm_M12831_C14008_I4_L-6.xml,drilldown/pl_id_12831/L-6,06-07-2013 17:11:56,561
Itm_M12831_C14008_I8_L-6.xml,drilldown/pl_id_12831/L-6,20-07-2013 17:12:00,389
Itm_M12831_C14008_I9_L-6.xml,drilldown/pl_id_12831/L-6,20-07-2013 17:12:00,383
Itm_M12831_C14013_I1_L-6.xml,drilldown/pl_id_12831/L-6,27-07-2013 17:12:04,498
Itm_M12831_C14024_I1_L-6.xml,drilldown/pl_id_12831/L-6,03-08-2013 17:12:02,309
Itm_M12831_C14024_I2_L-6.xml,drilldown/pl_id_12831/L-6,03-08-2013 17:12:02,237
Itm_M12831_C14024_I3_L-6.xml,drilldown/pl_id_12831/L-6,03-08-2013 17:12:02,249
Itm_M12831_C14027_I1_L-6.xml,drilldown/pl_id_12831/L-6,27-07-2013 17:12:04,6713
Itm_M12831_C14027_I2_L-6.xml,drilldown/pl_id_12831/L-6,27-07-2013 17:12:04,6711
Itm_M12831_C14027_I3_L-6.xml,drilldown/pl_id_12831/L-6,27-07-2013 17:12:04,1114
Itm_M12831_C14028_I0_L-6.xml,drilldown/pl_id_12831/L-6,27-07-2013 17:12:04,1250
Itm_M12831_C14028_I1_L-6.xml,drilldown/pl_id_12831/L-6,27-07-2013 17:12:04,10658
Itm_M12831_C14028_I3_L-6.xml,drilldown/pl_id_12831/L-6,27-07-2013 17:12:04,817
Itm_M12831_C14029_I10_L-6.xml,drilldown/pl_id_12831/L-6,27-07-2013 17:12:04,2009
Itm_M12831_C14029_I1_L-6.xml,drilldown/pl_id_12831/L-6,27-07-2013 17:12:04,1212
Itm_M12831_C14029_I2_L-6.xml,drilldown/pl_id_12831/L-6,27-07-2013 17:12:04,1218
Itm_M12831_C14029_I6_L-6.xml,drilldown/pl_id_12831/L-6,27-07-2013 17:12:04,1218
Itm_M12831_C14029_I7_L-6.xml,drilldown/pl_id_12831/L-6,27-07-2013 17:12:04,1212
Itm_M12831_C14029_I9_L-6.xml,drilldown/pl_id_12831/L-6,27-07-2013 17:12:04,1961
Itm_M12831_C14030_I2_L-6.xml,drilldown/pl_id_12831/L-6,27-07-2013 17:12:04,1901
Itm_M12831_C14030_I5_L-6.xml,drilldown/pl_id_12831/L-6,27-07-2013 17:12:04,588
Itm_M12831_C14031_I1_L-6.xml,drilldown/pl_id_12831/L-6,27-07-2013 17:12:04,37186
Itm_M12831_C14033_I0_L-6.xml,drilldown/pl_id_12831/L-6,10-08-2013 17:12:00,597
Itm_M12831_C14033_I10_L-6.xml,drilldown/pl_id_12831/L-6,17-08-2013 17:12:02,1329
Itm_M12831_C14033_I11_L-6.xml,drilldown/pl_id_12831/L-6,10-08-2013 17:12:00,754
Itm_M12831_C14033_I12_L-6.xml,drilldown/pl_id_12831/L-6,10-08-2013 17:12:00,281
Itm_M12831_C14033_I13_L-6.xml,drilldown/pl_id_12831/L-6,10-08-2013 17:12:00,353
Itm_M12831_C14033_I2_L-6.xml,drilldown/pl_id_12831/L-6,10-08-2013 17:12:00,638
Itm_M12831_C14033_I3_L-6.xml,drilldown/pl_id_12831/L-6,10-08-2013 17:12:00,510
Itm_M12831_C14033_I5_L-6.xml,drilldown/pl_id_12831/L-6,10-08-2013 17:12:00,1874
Itm_M12831_C14033_I8_L-6.xml,drilldown/pl_id_12831/L-6,29-04-2013 17:12:42,309
Itm_M12831_C14033_I9_L-6.xml,drilldown/pl_id_12831/L-6,30-03-2013 17:11:52,584
Itm_M12831_C14034_I1_L-6.xml,drilldown/pl_id_12831/L-6,10-08-2013 17:12:00,615
Itm_M12831_C14034_I2_L-6.xml,drilldown/pl_id_12831/L-6,10-08-2013 17:12:00,431
Itm_M12831_C14050_I7_L-6.xml,drilldown/pl_id_12831/L-6,27-07-2013 17:12:04,407
Itm_M12831_C14050_I8_L-6.xml,drilldown/pl_id_12831/L-6,08-06-2013 17:11:48,285
Itm_M12831_C14052_I8_L-6.xml,drilldown/pl_id_12831/L-6,11-05-2013 17:11:42,139
Itm_M12831_C14148_I3_L-6.xml,drilldown/pl_id_12831/L-6,27-07-2013 17:12:04,584
Itm_M12831_C14190_I2_L-6.xml,drilldown/pl_id_12831/L-6,03-08-2013 17:12:02,275
Itm_M12831_C14191_I0_L-6.xml,drilldown/pl_id_12831/L-6,20-07-2013 17:12:00,1326
Itm_M12831_C14191_I2_L-6.xml,drilldown/pl_id_12831/L-6,21-09-2013 17:12:08,33366
Itm_M12831_C14192_I1_L-6.xml,drilldown/pl_id_12831/L-6,21-09-2013 17:12:08,100450
Itm_M12831_C14193_I1_L-6.xml,drilldown/pl_id_12831/L-6,13-07-2013 17:11:56,6446
Itm_M12831_C14193_I2_L-6.xml,drilldown/pl_id_12831/L-6,31-08-2013 17:11:56,42023
Itm_M12831_C14246_I1_L-6.xml,drilldown/pl_id_12831/L-6,30-03-2013 17:11:52,700
Itm_M12831_C14711_I0_L-6.xml,drilldown/pl_id_12831/L-6,21-09-2013 17:12:08,12603
Itm_M12831_C14712_I1_L-6.xml,drilldown/pl_id_12831/L-6,08-06-2013 17:11:48,540
Itm_M12831_C14712_I6_L-6.xml,drilldown/pl_id_12831/L-6,08-06-2013 17:11:48,273
Itm_M12831_C14720_I7_L-6.xml,drilldown/pl_id_12831/L-6,07-09-2013 17:12:08,668
Itm_M12831_C14730_I2_L-6.xml,drilldown/pl_id_12831/L-6,27-07-2013 17:12:04,1127
Itm_M12831_C14770_I1_L-6.xml,drilldown/pl_id_12831/L-6,16-03-2013 17:11:36,445
Itm_M12831_C14770_I2_L-6.xml,drilldown/pl_id_12831/L-6,16-03-2013 17:11:36,444
Itm_M12831_C14770_I3_L-6.xml,drilldown/pl_id_12831/L-6,16-03-2013 17:11:36,630
Itm_M12831_C14770_I4_L-6.xml,drilldown/pl_id_12831/L-6,16-03-2013 17:11:36,682
Itm_M12831_C14781_I1_L-6.xml,drilldown/pl_id_12831/L-6,23-03-2013 17:11:32,647
Itm_M12831_C14781_I2_L-6.xml,drilldown/pl_id_12831/L-6,23-03-2013 17:11:32,499
Itm_M12831_C14781_I3_L-6.xml,drilldown/pl_id_12831/L-6,23-03-2013 17:11:32,536
Itm_M12831_C14781_I4_L-6.xml,drilldown/pl_id_12831/L-6,23-03-2013 17:11:32,444
Itm_M12831_C14781_I5_L-6.xml,drilldown/pl_id_12831/L-6,23-03-2013 17:11:32,445
Itm_M12831_C14781_I6_L-6.xml,drilldown/pl_id_12831/L-6,23-03-2013 17:11:32,578
Itm_M12831_C14781_I7_L-6.xml,drilldown/pl_id_12831/L-6,23-03-2013 17:11:32,445
Itm_M12831_C14803_I10_L-6.xml,drilldown/pl_id_12831/L-6,13-04-2013 17:11:38,589
Itm_M12831_C14803_I1_L-6.xml,drilldown/pl_id_12831/L-6,13-04-2013 17:11:38,625
Itm_M12831_C14803_I2_L-6.xml,drilldown/pl_id_12831/L-6,13-04-2013 17:11:38,582
Itm_M12831_C14803_I3_L-6.xml,drilldown/pl_id_12831/L-6,13-04-2013 17:11:38,647
Itm_M12831_C14803_I4_L-6.xml,drilldown/pl_id_12831/L-6,13-04-2013 17:11:38,623
Itm_M12831_C14803_I5_L-6.xml,drilldown/pl_id_12831/L-6,13-04-2013 17:11:38,513
Itm_M12831_C14803_I6_L-6.xml,drilldown/pl_id_12831/L-6,13-04-2013 17:11:38,665
Itm_M12831_C14803_I7_L-6.xml,drilldown/pl_id_12831/L-6,13-04-2013 17:11:38,665
Itm_M12831_C14803_I8_L-6.xml,drilldown/pl_id_12831/L-6,13-04-2013 17:11:38,599
Itm_M12831_C14803_I9_L-6.xml,drilldown/pl_id_12831/L-6,13-04-2013 17:11:38,511
Itm_M12831_C14820_I1_L-6.xml,drilldown/pl_id_12831/L-6,29-04-2013 17:12:42,443
Itm_M12831_C14840_I10_L-6.xml,drilldown/pl_id_12831/L-6,25-05-2013 17:11:48,402
Itm_M12831_C14840_I1_L-6.xml,drilldown/pl_id_12831/L-6,25-05-2013 17:11:48,394
Itm_M12831_C14840_I2_L-6.xml,drilldown/pl_id_12831/L-6,25-05-2013 17:11:48,248
Itm_M12831_C14840_I3_L-6.xml,drilldown/pl_id_12831/L-6,25-05-2013 17:11:48,284
Itm_M12831_C14840_I4_L-6.xml,drilldown/pl_id_12831/L-6,25-05-2013 17:11:48,254
Itm_M12831_C14840_I5_L-6.xml,drilldown/pl_id_12831/L-6,25-05-2013 17:11:48,138
Itm_M12831_C14840_I6_L-6.xml,drilldown/pl_id_12831/L-6,25-05-2013 17:11:48,398
Itm_M12831_C14840_I7_L-6.xml,drilldown/pl_id_12831/L-6,03-08-2013 17:12:02,675
Itm_M12831_C14840_I8_L-6.xml,drilldown/pl_id_12831/L-6,25-05-2013 17:11:48,318
Itm_M12831_C14840_I9_L-6.xml,drilldown/pl_id_12831/L-6,25-05-2013 17:11:48,327
Itm_M12831_C14841_I10_L-6.xml,drilldown/pl_id_12831/L-6,25-05-2013 17:11:48,402
Itm_M12831_C14841_I11_L-6.xml,drilldown/pl_id_12831/L-6,25-05-2013 17:11:48,402
Itm_M12831_C14841_I1_L-6.xml,drilldown/pl_id_12831/L-6,25-05-2013 17:11:48,329
Itm_M12831_C14841_I2_L-6.xml,drilldown/pl_id_12831/L-6,31-08-2013 17:11:56,395
Itm_M12831_C14841_I3_L-6.xml,drilldown/pl_id_12831/L-6,31-08-2013 17:11:56,365
Itm_M12831_C14841_I4_L-6.xml,drilldown/pl_id_12831/L-6,25-05-2013 17:11:48,359
Itm_M12831_C14841_I5_L-6.xml,drilldown/pl_id_12831/L-6,25-05-2013 17:11:48,193
Itm_M12831_C14841_I6_L-6.xml,drilldown/pl_id_12831/L-6,25-05-2013 17:11:48,212
Itm_M12831_C14841_I7_L-6.xml,drilldown/pl_id_12831/L-6,21-09-2013 17:12:08,864
Itm_M12831_C14841_I8_L-6.xml,drilldown/pl_id_12831/L-6,25-05-2013 17:11:48,318
Itm_M12831_C14841_I9_L-6.xml,drilldown/pl_id_12831/L-6,25-05-2013 17:11:48,327
Itm_M12831_C14842_I11_L-6.xml,drilldown/pl_id_12831/L-6,25-05-2013 17:11:48,402
Itm_M12831_C14842_I12_L-6.xml,drilldown/pl_id_12831/L-6,25-05-2013 17:11:48,402
Itm_M12831_C14842_I19_L-6.xml,drilldown/pl_id_12831/L-6,25-05-2013 17:11:48,331
Itm_M12831_C14842_I1_L-6.xml,drilldown/pl_id_12831/L-6,25-05-2013 17:11:48,329
Itm_M12831_C14842_I2_L-6.xml,drilldown/pl_id_12831/L-6,25-05-2013 17:11:48,437
Itm_M12831_C14842_I3_L-6.xml,drilldown/pl_id_12831/L-6,31-08-2013 17:11:56,365
Itm_M12831_C14842_I4_L-6.xml,drilldown/pl_id_12831/L-6,25-05-2013 17:11:48,359
Itm_M12831_C14842_I5_L-6.xml,drilldown/pl_id_12831/L-6,25-05-2013 17:11:48,212
Itm_M12831_C14842_I6_L-6.xml,drilldown/pl_id_12831/L-6,25-05-2013 17:11:48,273
Itm_M12831_C14842_I7_L-6.xml,drilldown/pl_id_12831/L-6,25-05-2013 17:11:48,321
Itm_M12831_C14842_I8_L-6.xml,drilldown/pl_id_12831/L-6,25-05-2013 17:11:48,339
Itm_M12831_C14842_I9_L-6.xml,drilldown/pl_id_12831/L-6,27-07-2013 17:12:04,835
Itm_M12831_C14850_I10_L-6.xml,drilldown/pl_id_12831/L-6,01-06-2013 17:11:48,703
Itm_M12831_C14850_I11_L-6.xml,drilldown/pl_id_12831/L-6,01-06-2013 17:11:48,614
Itm_M12831_C14850_I1_L-6.xml,drilldown/pl_id_12831/L-6,01-06-2013 17:11:48,524
Itm_M12831_C14850_I2_L-6.xml,drilldown/pl_id_12831/L-6,01-06-2013 17:11:48,417
Itm_M12831_C14850_I3_L-6.xml,drilldown/pl_id_12831/L-6,01-06-2013 17:11:48,652
Itm_M12831_C14850_I4_L-6.xml,drilldown/pl_id_12831/L-6,01-06-2013 17:11:48,513
Itm_M12831_C14850_I5_L-6.xml,drilldown/pl_id_12831/L-6,01-06-2013 17:11:48,720
Itm_M12831_C14850_I6_L-6.xml,drilldown/pl_id_12831/L-6,01-06-2013 17:11:48,533
Itm_M12831_C14850_I7_L-6.xml,drilldown/pl_id_12831/L-6,01-06-2013 17:11:48,486
Itm_M12831_C14850_I8_L-6.xml,drilldown/pl_id_12831/L-6,01-06-2013 17:11:48,700
Itm_M12831_C14850_I9_L-6.xml,drilldown/pl_id_12831/L-6,01-06-2013 17:11:48,642
Itm_M12831_C14851_I0_L-6.xml,drilldown/pl_id_12831/L-6,16-09-2013 09:58:32,896
Itm_M12831_C14851_I1_L-6.xml,drilldown/pl_id_12831/L-6,01-06-2013 17:11:48,530
Itm_M12831_C14851_I3_L-6.xml,drilldown/pl_id_12831/L-6,16-09-2013 09:58:32,1517
Itm_M12831_C14851_I4_L-6.xml,drilldown/pl_id_12831/L-6,16-09-2013 09:58:32,1423
Itm_M12831_C14851_I5_L-6.xml,drilldown/pl_id_12831/L-6,16-09-2013 09:58:32,993
Itm_M12831_C14852_I10_L-6.xml,drilldown/pl_id_12831/L-6,01-06-2013 17:11:48,411
Itm_M12831_C14852_I11_L-6.xml,drilldown/pl_id_12831/L-6,01-06-2013 17:11:48,393
Itm_M12831_C14852_I12_L-6.xml,drilldown/pl_id_12831/L-6,01-06-2013 17:11:48,905
Itm_M12831_C14852_I13_L-6.xml,drilldown/pl_id_12831/L-6,01-06-2013 17:11:48,792
Itm_M12831_C14852_I14_L-6.xml,drilldown/pl_id_12831/L-6,01-06-2013 17:11:48,780
Itm_M12831_C14852_I15_L-6.xml,drilldown/pl_id_12831/L-6,20-07-2013 17:12:00,875
Itm_M12831_C14852_I16_L-6.xml,drilldown/pl_id_12831/L-6,20-07-2013 17:12:00,851
Itm_M12831_C14852_I17_L-6.xml,drilldown/pl_id_12831/L-6,20-07-2013 17:12:00,1044
Itm_M12831_C14852_I1_L-6.xml,drilldown/pl_id_12831/L-6,01-06-2013 17:11:48,355
Itm_M12831_C14852_I2_L-6.xml,drilldown/pl_id_12831/L-6,01-06-2013 17:11:48,403
Itm_M12831_C14852_I3_L-6.xml,drilldown/pl_id_12831/L-6,01-06-2013 17:11:48,403
Itm_M12831_C14852_I4_L-6.xml,drilldown/pl_id_12831/L-6,01-06-2013 17:11:48,501
Itm_M12831_C14852_I5_L-6.xml,drilldown/pl_id_12831/L-6,01-06-2013 17:11:48,391
Itm_M12831_C14852_I6_L-6.xml,drilldown/pl_id_12831/L-6,01-06-2013 17:11:48,501
Itm_M12831_C14852_I7_L-6.xml,drilldown/pl_id_12831/L-6,01-06-2013 17:11:48,403
Itm_M12831_C14852_I8_L-6.xml,drilldown/pl_id_12831/L-6,01-06-2013 17:11:48,567
Itm_M12831_C14852_I9_L-6.xml,drilldown/pl_id_12831/L-6,01-06-2013 17:11:48,451
Itm_M12831_C14853_I10_L-6.xml,drilldown/pl_id_12831/L-6,16-09-2013 09:58:32,389
Itm_M12831_C14853_I11_L-6.xml,drilldown/pl_id_12831/L-6,16-09-2013 09:58:32,401
Itm_M12831_C14853_I1_L-6.xml,drilldown/pl_id_12831/L-6,01-06-2013 17:11:48,281
Itm_M12831_C14853_I2_L-6.xml,drilldown/pl_id_12831/L-6,07-09-2013 17:12:08,750
Itm_M12831_C14853_I3_L-6.xml,drilldown/pl_id_12831/L-6,16-09-2013 09:58:32,648
Itm_M12831_C14853_I4_L-6.xml,drilldown/pl_id_12831/L-6,16-09-2013 09:58:32,733
Itm_M12831_C14853_I5_L-6.xml,drilldown/pl_id_12831/L-6,16-09-2013 09:58:32,885
Itm_M12831_C14853_I6_L-6.xml,drilldown/pl_id_12831/L-6,01-06-2013 17:11:48,391
Itm_M12831_C14853_I7_L-6.xml,drilldown/pl_id_12831/L-6,01-06-2013 17:11:48,281
Itm_M12831_C14853_I8_L-6.xml,drilldown/pl_id_12831/L-6,01-06-2013 17:11:48,281
Itm_M12831_C14853_I9_L-6.xml,drilldown/pl_id_12831/L-6,01-06-2013 17:11:48,281
Itm_M12831_C14881_I1_L-6.xml,drilldown/pl_id_12831/L-6,20-07-2013 17:12:00,309
Itm_M12831_C14881_I2_L-6.xml,drilldown/pl_id_12831/L-6,20-07-2013 17:12:00,399
Itm_M12831_C14882_I1_L-6.xml,drilldown/pl_id_12831/L-6,20-07-2013 17:12:00,4057
Itm_M12831_C14882_I2_L-6.xml,drilldown/pl_id_12831/L-6,20-07-2013 17:12:00,48482
Itm_M12831_C14882_I3_L-6.xml,drilldown/pl_id_12831/L-6,20-07-2013 17:12:00,692
Itm_M12831_C14883_I1_L-6.xml,drilldown/pl_id_12831/L-6,20-07-2013 17:12:00,36086
Itm_M12831_C14884_I0_L-6.xml,drilldown/pl_id_12831/L-6,20-07-2013 17:12:00,1771
Itm_M12831_C14884_I1_L-6.xml,drilldown/pl_id_12831/L-6,20-07-2013 17:12:00,125101
Itm_M12831_C14885_I1_L-6.xml,drilldown/pl_id_12831/L-6,20-07-2013 17:12:00,1918
Itm_M12831_C14885_I2_L-6.xml,drilldown/pl_id_12831/L-6,20-07-2013 17:12:00,323
Itm_M12831_C14886_I0_L-6.xml,drilldown/pl_id_12831/L-6,27-07-2013 17:12:04,28989
Itm_M12831_C14887_I0_L-6.xml,drilldown/pl_id_12831/L-6,27-07-2013 17:12:04,15171
Itm_M12831_C14890_I1_L-6.xml,drilldown/pl_id_12831/L-6,27-07-2013 17:12:04,402
Itm_M12831_C14890_I2_L-6.xml,drilldown/pl_id_12831/L-6,27-07-2013 17:12:04,200
Itm_M12831_C14890_I3_L-6.xml,drilldown/pl_id_12831/L-6,27-07-2013 17:12:04,299
Itm_M12831_C14891_I10_L-6.xml,drilldown/pl_id_12831/L-6,27-07-2013 17:12:04,1304
Itm_M12831_C14891_I1_L-6.xml,drilldown/pl_id_12831/L-6,27-07-2013 17:12:04,745
Itm_M12831_C14891_I2_L-6.xml,drilldown/pl_id_12831/L-6,27-07-2013 17:12:04,751
Itm_M12831_C14891_I3_L-6.xml,drilldown/pl_id_12831/L-6,27-07-2013 17:12:04,538
Itm_M12831_C14891_I4_L-6.xml,drilldown/pl_id_12831/L-6,27-07-2013 17:12:04,303
Itm_M12831_C14891_I5_L-6.xml,drilldown/pl_id_12831/L-6,27-07-2013 17:12:04,297
Itm_M12831_C14891_I6_L-6.xml,drilldown/pl_id_12831/L-6,27-07-2013 17:12:04,751
Itm_M12831_C14891_I7_L-6.xml,drilldown/pl_id_12831/L-6,27-07-2013 17:12:04,745
Itm_M12831_C14891_I8_L-6.xml,drilldown/pl_id_12831/L-6,27-07-2013 17:12:04,3167
Itm_M12831_C14891_I9_L-6.xml,drilldown/pl_id_12831/L-6,27-07-2013 17:12:04,3470
Itm_M12831_C14892_I1_L-6.xml,drilldown/pl_id_12831/L-6,27-07-2013 17:12:04,3511
Itm_M12831_C14892_I2_L-6.xml,drilldown/pl_id_12831/L-6,27-07-2013 17:12:04,201
Itm_M12831_C14892_I5_L-6.xml,drilldown/pl_id_12831/L-6,27-07-2013 17:12:04,1081
Itm_M12831_C14893_I0_L-6.xml,drilldown/pl_id_12831/L-6,27-07-2013 17:12:04,1379
Itm_M12831_C14893_I1_L-6.xml,drilldown/pl_id_12831/L-6,16-09-2013 09:58:32,146605
Itm_M12831_C14893_I2_L-6.xml,drilldown/pl_id_12831/L-6,27-07-2013 17:12:04,1393
Itm_M12831_C14894_I10_L-6.xml,drilldown/pl_id_12831/L-6,27-07-2013 17:12:04,625
Itm_M12831_C14894_I11_L-6.xml,drilldown/pl_id_12831/L-6,27-07-2013 17:12:04,627
Itm_M12831_C14894_I1_L-6.xml,drilldown/pl_id_12831/L-6,27-07-2013 17:12:04,2457
Itm_M12831_C14894_I2_L-6.xml,drilldown/pl_id_12831/L-6,27-07-2013 17:12:04,3521
Itm_M12831_C14894_I5_L-6.xml,drilldown/pl_id_12831/L-6,27-07-2013 17:12:04,303
Itm_M12831_C14894_I6_L-6.xml,drilldown/pl_id_12831/L-6,27-07-2013 17:12:04,297
Itm_M12831_C14895_I0_L-6.xml,drilldown/pl_id_12831/L-6,27-07-2013 17:12:04,22283
Itm_M12831_C14929_I1_L-6.xml,drilldown/pl_id_12831/L-6,03-08-2013 17:12:02,281
Itm_M12831_C14929_I2_L-6.xml,drilldown/pl_id_12831/L-6,03-08-2013 17:12:02,403
Itm_M12831_C14929_I3_L-6.xml,drilldown/pl_id_12831/L-6,03-08-2013 17:12:02,367
Itm_M12831_C14929_I4_L-6.xml,drilldown/pl_id_12831/L-6,03-08-2013 17:12:02,397
Itm_M12831_C14929_I6_L-6.xml,drilldown/pl_id_12831/L-6,03-08-2013 17:12:02,554
Itm_M12831_C14929_I7_L-6.xml,drilldown/pl_id_12831/L-6,03-08-2013 17:12:02,511
Itm_M12831_C14930_I1_L-6.xml,drilldown/pl_id_12831/L-6,10-08-2013 17:12:00,445
Itm_M12831_C14976_I0_L-6.xml,drilldown/pl_id_12831/L-6,16-09-2013 09:58:32,2381
Itm_M12831_C14976_I10_L-6.xml,drilldown/pl_id_12831/L-6,16-09-2013 09:58:32,917
Itm_M12831_C14976_I1_L-6.xml,drilldown/pl_id_12831/L-6,16-09-2013 09:58:32,847
Itm_M12831_C14976_I4_L-6.xml,drilldown/pl_id_12831/L-6,16-09-2013 09:58:32,891
Itm_M12831_C14976_I5_L-6.xml,drilldown/pl_id_12831/L-6,16-09-2013 09:58:32,468
Itm_M12831_C14976_I6_L-6.xml,drilldown/pl_id_12831/L-6,16-09-2013 09:58:32,891
Itm_M12831_C14976_I7_L-6.xml,drilldown/pl_id_12831/L-6,16-09-2013 09:58:32,468
Itm_M12831_C14976_I9_L-6.xml,drilldown/pl_id_12831/L-6,16-09-2013 09:58:32,897
Itm_M12831_C14977_I3_L-6.xml,drilldown/pl_id_12831/L-6,07-09-2013 17:12:08,1474
Itm_M12831_C14977_I5_L-6.xml,drilldown/pl_id_12831/L-6,07-09-2013 17:12:08,1430
Itm_M12831_C14978_I1_L-6.xml,drilldown/pl_id_12831/L-6,07-09-2013 17:12:08,675
Itm_M12831_C14978_I2_L-6.xml,drilldown/pl_id_12831/L-6,07-09-2013 17:12:08,585
Itm_M12831_C14978_I3_L-6.xml,drilldown/pl_id_12831/L-6,07-09-2013 17:12:08,511
Itm_M12831_C14978_I4_L-6.xml,drilldown/pl_id_12831/L-6,07-09-2013 17:12:08,430
Itm_M12831_C14978_I5_L-6.xml,drilldown/pl_id_12831/L-6,07-09-2013 17:12:08,312
tl_M12831_C12840_L-6.xml,drilldown/pl_id_12831/L-6,20-07-2013 17:12:00,1289
tl_M12831_C12855_L-6.xml,drilldown/pl_id_12831/L-6,21-09-2013 17:12:08,646
tl_M12831_C12857_L-6.xml,drilldown/pl_id_12831/L-6,27-07-2013 17:12:04,1060
tl_M12831_C12858_L-6.xml,drilldown/pl_id_12831/L-6,16-09-2013 09:58:32,1592
tl_M12831_C12862_L-6.xml,drilldown/pl_id_12831/L-6,27-07-2013 17:12:04,852
tl_M12831_C12864_L-6.xml,drilldown/pl_id_12831/L-6,16-09-2013 09:58:32,1274
tl_M12831_C12865_L-6.xml,drilldown/pl_id_12831/L-6,27-07-2013 17:12:04,785
tl_M12831_C12868_L-6.xml,drilldown/pl_id_12831/L-6,10-08-2013 17:12:00,1028
tl_M12831_C12870_L-6.xml,drilldown/pl_id_12831/L-6,27-07-2013 17:12:04,804
tl_M12831_C12872_L-6.xml,drilldown/pl_id_12831/L-6,10-08-2013 17:12:00,566
tl_M12831_C12875_L-6.xml,drilldown/pl_id_12831/L-6,27-07-2013 17:12:04,1022
tl_M12831_C12877_L-6.xml,drilldown/pl_id_12831/L-6,27-07-2013 17:12:04,444
tl_M12831_C12878_L-6.xml,drilldown/pl_id_12831/L-6,03-08-2013 17:12:02,444
tl_M12831_C12879_L-6.xml,drilldown/pl_id_12831/L-6,27-07-2013 17:12:04,295
tl_M12831_C12880_L-6.xml,drilldown/pl_id_12831/L-6,27-07-2013 17:12:04,1319
tl_M12831_C12882_L-6.xml,drilldown/pl_id_12831/L-6,27-07-2013 17:12:04,284
tl_M12831_C12885_L-6.xml,drilldown/pl_id_12831/L-6,10-08-2013 17:12:00,542
tl_M12831_C12887_L-6.xml,drilldown/pl_id_12831/L-6,27-07-2013 17:12:04,1571
tl_M12831_C12888_L-6.xml,drilldown/pl_id_12831/L-6,27-07-2013 17:12:04,832
tl_M12831_C12889_L-6.xml,drilldown/pl_id_12831/L-6,27-07-2013 17:12:04,2807
tl_M12831_C12890_L-6.xml,drilldown/pl_id_12831/L-6,21-09-2013 17:12:08,2015
tl_M12831_C12891_L-6.xml,drilldown/pl_id_12831/L-6,10-08-2013 17:12:00,1169
tl_M12831_C12895_L-6.xml,drilldown/pl_id_12831/L-6,27-07-2013 17:12:04,776
tl_M12831_C12896_L-6.xml,drilldown/pl_id_12831/L-6,10-08-2013 17:12:00,1070
tl_M12831_C12897_L-6.xml,drilldown/pl_id_12831/L-6,27-07-2013 17:12:04,596
tl_M12831_C12900_L-6.xml,drilldown/pl_id_12831/L-6,27-07-2013 17:12:04,959
tl_M12831_C12902_L-6.xml,drilldown/pl_id_12831/L-6,27-07-2013 17:12:04,1388
tl_M12831_C12903_L-6.xml,drilldown/pl_id_12831/L-6,10-08-2013 17:12:00,1265
tl_M12831_C12904_L-6.xml,drilldown/pl_id_12831/L-6,10-08-2013 17:12:00,1241
tl_M12831_C12906_L-6.xml,drilldown/pl_id_12831/L-6,27-07-2013 17:12:04,500
tl_M12831_C12909_L-6.xml,drilldown/pl_id_12831/L-6,27-07-2013 17:12:04,750
tl_M12831_C12910_L-6.xml,drilldown/pl_id_12831/L-6,27-07-2013 17:12:04,750
tl_M12831_C12911_L-6.xml,drilldown/pl_id_12831/L-6,10-08-2013 17:12:00,1427
tl_M12831_C12913_L-6.xml,drilldown/pl_id_12831/L-6,03-08-2013 17:12:02,448
tl_M12831_C12915_L-6.xml,drilldown/pl_id_12831/L-6,27-07-2013 17:12:04,2819
tl_M12831_C12917_L-6.xml,drilldown/pl_id_12831/L-6,03-08-2013 17:12:02,1286
tl_M12831_C12919_L-6.xml,drilldown/pl_id_12831/L-6,03-08-2013 17:12:02,484
tl_M12831_C12921_L-6.xml,drilldown/pl_id_12831/L-6,03-08-2013 17:12:02,1310
tl_M12831_C12923_L-6.xml,drilldown/pl_id_12831/L-6,17-08-2013 17:12:02,1403
tl_M12831_C12926_L-6.xml,drilldown/pl_id_12831/L-6,03-08-2013 17:12:02,1433
tl_M12831_C12927_L-6.xml,drilldown/pl_id_12831/L-6,03-08-2013 17:12:02,408
tl_M12831_C12928_L-6.xml,drilldown/pl_id_12831/L-6,03-08-2013 17:12:02,576
tl_M12831_C12930_L-6.xml,drilldown/pl_id_12831/L-6,10-08-2013 17:12:00,1181
tl_M12831_C12932_L-6.xml,drilldown/pl_id_12831/L-6,10-08-2013 17:12:00,850
tl_M12831_C12934_L-6.xml,drilldown/pl_id_12831/L-6,10-08-2013 17:12:00,1498
tl_M12831_C12935_L-6.xml,drilldown/pl_id_12831/L-6,21-09-2013 17:12:08,1451
tl_M12831_C12937_L-6.xml,drilldown/pl_id_12831/L-6,10-08-2013 17:12:00,1247
tl_M12831_C12938_L-6.xml,drilldown/pl_id_12831/L-6,21-09-2013 17:12:08,1181
tl_M12831_C12941_L-6.xml,drilldown/pl_id_12831/L-6,21-09-2013 17:12:08,989
tl_M12831_C12942_L-6.xml,drilldown/pl_id_12831/L-6,21-09-2013 17:12:08,1177
tl_M12831_C12945_L-6.xml,drilldown/pl_id_12831/L-6,10-08-2013 17:12:00,2465
tl_M12831_C12946_L-6.xml,drilldown/pl_id_12831/L-6,10-08-2013 17:12:00,1898
tl_M12831_C12948_L-6.xml,drilldown/pl_id_12831/L-6,10-08-2013 17:12:00,923
tl_M12831_C12950_L-6.xml,drilldown/pl_id_12831/L-6,21-09-2013 17:12:08,781
tl_M12831_C12955_L-6.xml,drilldown/pl_id_12831/L-6,21-09-2013 17:12:08,920
tl_M12831_C12956_L-6.xml,drilldown/pl_id_12831/L-6,10-08-2013 17:12:00,828
tl_M12831_C12957_L-6.xml,drilldown/pl_id_12831/L-6,21-09-2013 17:12:08,920
tl_M12831_C12961_L-6.xml,drilldown/pl_id_12831/L-6,10-08-2013 17:12:00,1850
tl_M12831_C12962_L-6.xml,drilldown/pl_id_12831/L-6,29-06-2013 17:11:56,2180
tl_M12831_C12965_L-6.xml,drilldown/pl_id_12831/L-6,22-06-2013 17:11:52,430
tl_M12831_C12980_L-6.xml,drilldown/pl_id_12831/L-6,21-09-2013 17:12:08,4592
tl_M12831_C12981_L-6.xml,drilldown/pl_id_12831/L-6,21-09-2013 17:12:08,1550
tl_M12831_C12982_L-6.xml,drilldown/pl_id_12831/L-6,21-09-2013 17:12:08,1637
tl_M12831_C12984_L-6.xml,drilldown/pl_id_12831/L-6,17-08-2013 17:12:02,1478
tl_M12831_C12987_L-6.xml,drilldown/pl_id_12831/L-6,16-09-2013 09:58:32,906
tl_M12831_C12992_L-6.xml,drilldown/pl_id_12831/L-6,16-09-2013 09:58:32,777
tl_M12831_C12993_L-6.xml,drilldown/pl_id_12831/L-6,16-09-2013 09:58:32,1325
tl_M12831_C12996_L-6.xml,drilldown/pl_id_12831/L-6,21-09-2013 17:12:08,1778
tl_M12831_C12998_L-6.xml,drilldown/pl_id_12831/L-6,20-07-2013 17:12:00,476
tl_M12831_C13001_L-6.xml,drilldown/pl_id_12831/L-6,25-05-2013 17:11:48,676
tl_M12831_C13002_L-6.xml,drilldown/pl_id_12831/L-6,20-07-2013 17:12:00,676
tl_M12831_C13004_L-6.xml,drilldown/pl_id_12831/L-6,25-05-2013 17:11:48,683
tl_M12831_C13007_L-6.xml,drilldown/pl_id_12831/L-6,27-07-2013 17:12:04,314
tl_M12831_C13009_L-6.xml,drilldown/pl_id_12831/L-6,16-09-2013 09:58:32,1162
tl_M12831_C13010_L-6.xml,drilldown/pl_id_12831/L-6,27-07-2013 17:12:04,1132
tl_M12831_C13012_L-6.xml,drilldown/pl_id_12831/L-6,16-09-2013 09:58:32,529
tl_M12831_C13017_L-6.xml,drilldown/pl_id_12831/L-6,27-07-2013 17:12:04,1448
tl_M12831_C13019_L-6.xml,drilldown/pl_id_12831/L-6,20-07-2013 17:12:00,968
tl_M12831_C13021_L-6.xml,drilldown/pl_id_12831/L-6,27-07-2013 17:12:04,2303
tl_M12831_C13023_L-6.xml,drilldown/pl_id_12831/L-6,27-07-2013 17:12:04,983
tl_M12831_C13024_L-6.xml,drilldown/pl_id_12831/L-6,27-07-2013 17:12:04,664
tl_M12831_C13025_L-6.xml,drilldown/pl_id_12831/L-6,27-07-2013 17:12:04,872
tl_M12831_C13026_L-6.xml,drilldown/pl_id_12831/L-6,27-07-2013 17:12:04,559
tl_M12831_C13028_L-6.xml,drilldown/pl_id_12831/L-6,07-09-2013 17:12:08,1054
tl_M12831_C13035_L-6.xml,drilldown/pl_id_12831/L-6,10-08-2013 17:12:00,594
tl_M12831_C13036_L-6.xml,drilldown/pl_id_12831/L-6,27-07-2013 17:12:04,1126
tl_M12831_C13038_L-6.xml,drilldown/pl_id_12831/L-6,31-08-2013 17:11:56,694
tl_M12831_C13039_L-6.xml,drilldown/pl_id_12831/L-6,03-08-2013 17:12:02,1076
tl_M12831_C13040_L-6.xml,drilldown/pl_id_12831/L-6,22-06-2013 17:11:52,1265
tl_M12831_C13041_L-6.xml,drilldown/pl_id_12831/L-6,27-07-2013 17:12:04,710
tl_M12831_C13045_L-6.xml,drilldown/pl_id_12831/L-6,27-07-2013 17:12:04,740
tl_M12831_C13046_L-6.xml,drilldown/pl_id_12831/L-6,27-07-2013 17:12:04,1781
tl_M12831_C13051_L-6.xml,drilldown/pl_id_12831/L-6,21-09-2013 17:12:08,2402
tl_M12831_C13052_L-6.xml,drilldown/pl_id_12831/L-6,16-09-2013 09:58:32,2324
tl_M12831_C13056_L-6.xml,drilldown/pl_id_12831/L-6,13-04-2013 17:11:38,646
tl_M12831_C13061_L-6.xml,drilldown/pl_id_12831/L-6,27-07-2013 17:12:04,959
tl_M12831_C13063_L-6.xml,drilldown/pl_id_12831/L-6,16-09-2013 09:58:32,695
tl_M12831_C13066_L-6.xml,drilldown/pl_id_12831/L-6,27-07-2013 17:12:04,3674
tl_M12831_C13068_L-6.xml,drilldown/pl_id_12831/L-6,20-07-2013 17:12:00,224
tl_M12831_C13071_L-6.xml,drilldown/pl_id_12831/L-6,27-07-2013 17:12:04,856
tl_M12831_C13076_L-6.xml,drilldown/pl_id_12831/L-6,27-07-2013 17:12:04,1534
tl_M12831_C13077_L-6.xml,drilldown/pl_id_12831/L-6,27-07-2013 17:12:04,1618
tl_M12831_C13079_L-6.xml,drilldown/pl_id_12831/L-6,16-09-2013 09:58:32,444
tl_M12831_C13084_L-6.xml,drilldown/pl_id_12831/L-6,13-07-2013 17:11:56,365
tl_M12831_C13085_L-6.xml,drilldown/pl_id_12831/L-6,17-06-2013 07:54:14,872
tl_M12831_C13088_L-6.xml,drilldown/pl_id_12831/L-6,27-07-2013 17:12:04,1239
tl_M12831_C13093_L-6.xml,drilldown/pl_id_12831/L-6,08-06-2013 17:11:48,796
tl_M12831_C13099_L-6.xml,drilldown/pl_id_12831/L-6,10-08-2013 17:12:00,264
tl_M12831_C13106_L-6.xml,drilldown/pl_id_12831/L-6,27-07-2013 17:12:04,730
tl_M12831_C13109_L-6.xml,drilldown/pl_id_12831/L-6,27-07-2013 17:12:04,1271
tl_M12831_C13112_L-6.xml,drilldown/pl_id_12831/L-6,31-08-2013 17:11:56,724
tl_M12831_C13115_L-6.xml,drilldown/pl_id_12831/L-6,16-09-2013 09:58:32,1718
tl_M12831_C13120_L-6.xml,drilldown/pl_id_12831/L-6,07-09-2013 17:12:08,807
tl_M12831_C13122_L-6.xml,drilldown/pl_id_12831/L-6,07-09-2013 17:12:08,1085
tl_M12831_C13126_L-6.xml,drilldown/pl_id_12831/L-6,10-08-2013 17:12:00,1428
tl_M12831_C13128_L-6.xml,drilldown/pl_id_12831/L-6,10-08-2013 17:12:00,900
tl_M12831_C13131_L-6.xml,drilldown/pl_id_12831/L-6,10-08-2013 17:12:00,478
tl_M12831_C13133_L-6.xml,drilldown/pl_id_12831/L-6,29-06-2013 17:11:56,258
tl_M12831_C13135_L-6.xml,drilldown/pl_id_12831/L-6,10-08-2013 17:12:00,1373
tl_M12831_C13137_L-6.xml,drilldown/pl_id_12831/L-6,10-08-2013 17:12:00,691
tl_M12831_C13138_L-6.xml,drilldown/pl_id_12831/L-6,10-08-2013 17:12:00,858
tl_M12831_C13141_L-6.xml,drilldown/pl_id_12831/L-6,17-06-2013 07:54:14,791
tl_M12831_C13142_L-6.xml,drilldown/pl_id_12831/L-6,25-05-2013 17:11:48,920
tl_M12831_C13143_L-6.xml,drilldown/pl_id_12831/L-6,25-05-2013 17:11:48,792
tl_M12831_C13145_L-6.xml,drilldown/pl_id_12831/L-6,10-08-2013 17:12:00,286
tl_M12831_C13148_L-6.xml,drilldown/pl_id_12831/L-6,10-08-2013 17:12:00,1937
tl_M12831_C13154_L-6.xml,drilldown/pl_id_12831/L-6,03-08-2013 17:12:02,566
tl_M12831_C13156_L-6.xml,drilldown/pl_id_12831/L-6,21-09-2013 17:12:08,674
tl_M12831_C13159_L-6.xml,drilldown/pl_id_12831/L-6,29-06-2013 17:11:56,284
tl_M12831_C13164_L-6.xml,drilldown/pl_id_12831/L-6,10-08-2013 17:12:00,340
tl_M12831_C13166_L-6.xml,drilldown/pl_id_12831/L-6,24-08-2013 17:12:00,1883
tl_M12831_C13168_L-6.xml,drilldown/pl_id_12831/L-6,03-08-2013 17:12:02,284
tl_M12831_C13173_L-6.xml,drilldown/pl_id_12831/L-6,27-07-2013 17:12:04,303
tl_M12831_C13177_L-6.xml,drilldown/pl_id_12831/L-6,27-07-2013 17:12:04,680
tl_M12831_C13179_L-6.xml,drilldown/pl_id_12831/L-6,27-07-2013 17:12:04,757
tl_M12831_C13180_L-6.xml,drilldown/pl_id_12831/L-6,03-08-2013 17:12:02,1369
tl_M12831_C13181_L-6.xml,drilldown/pl_id_12831/L-6,10-08-2013 17:12:00,2573
tl_M12831_C13182_L-6.xml,drilldown/pl_id_12831/L-6,27-07-2013 17:12:04,2602
tl_M12831_C13188_L-6.xml,drilldown/pl_id_12831/L-6,03-08-2013 17:12:02,1265
tl_M12831_C13189_L-6.xml,drilldown/pl_id_12831/L-6,03-08-2013 17:12:02,1529
tl_M12831_C13190_L-6.xml,drilldown/pl_id_12831/L-6,03-08-2013 17:12:02,2593
tl_M12831_C13191_L-6.xml,drilldown/pl_id_12831/L-6,13-04-2013 17:11:38,1223
tl_M12831_C13195_L-6.xml,drilldown/pl_id_12831/L-6,30-03-2013 17:11:52,1250
tl_M12831_C13197_L-6.xml,drilldown/pl_id_12831/L-6,03-08-2013 17:12:02,876
tl_M12831_C13198_L-6.xml,drilldown/pl_id_12831/L-6,03-08-2013 17:12:02,1637
tl_M12831_C13200_L-6.xml,drilldown/pl_id_12831/L-6,27-07-2013 17:12:04,869
tl_M12831_C13204_L-6.xml,drilldown/pl_id_12831/L-6,03-08-2013 17:12:02,1997
tl_M12831_C13205_L-6.xml,drilldown/pl_id_12831/L-6,20-07-2013 17:12:00,860
tl_M12831_C13207_L-6.xml,drilldown/pl_id_12831/L-6,03-08-2013 17:12:02,3578
tl_M12831_C13208_L-6.xml,drilldown/pl_id_12831/L-6,03-08-2013 17:12:02,264
tl_M12831_C13210_L-6.xml,drilldown/pl_id_12831/L-6,07-09-2013 17:12:08,1633
tl_M12831_C13211_L-6.xml,drilldown/pl_id_12831/L-6,07-09-2013 17:12:08,1186
tl_M12831_C13213_L-6.xml,drilldown/pl_id_12831/L-6,07-09-2013 17:12:08,1694
tl_M12831_C13216_L-6.xml,drilldown/pl_id_12831/L-6,10-08-2013 17:12:00,659
tl_M12831_C13217_L-6.xml,drilldown/pl_id_12831/L-6,03-08-2013 17:12:02,1702
tl_M12831_C13219_L-6.xml,drilldown/pl_id_12831/L-6,03-08-2013 17:12:02,388
tl_M12831_C13224_L-6.xml,drilldown/pl_id_12831/L-6,03-08-2013 17:12:02,700
tl_M12831_C13225_L-6.xml,drilldown/pl_id_12831/L-6,13-04-2013 17:11:38,986
tl_M12831_C13228_L-6.xml,drilldown/pl_id_12831/L-6,03-08-2013 17:12:02,2422
tl_M12831_C13230_L-6.xml,drilldown/pl_id_12831/L-6,03-08-2013 17:12:02,1175
tl_M12831_C13232_L-6.xml,drilldown/pl_id_12831/L-6,03-08-2013 17:12:02,1882
tl_M12831_C13233_L-6.xml,drilldown/pl_id_12831/L-6,03-08-2013 17:12:02,858
tl_M12831_C13235_L-6.xml,drilldown/pl_id_12831/L-6,20-07-2013 17:12:00,619
tl_M12831_C13237_L-6.xml,drilldown/pl_id_12831/L-6,03-08-2013 17:12:02,443
tl_M12831_C13238_L-6.xml,drilldown/pl_id_12831/L-6,03-08-2013 17:12:02,354
tl_M12831_C13241_L-6.xml,drilldown/pl_id_12831/L-6,21-09-2013 17:12:08,632
tl_M12831_C13246_L-6.xml,drilldown/pl_id_12831/L-6,13-07-2013 17:11:56,302
tl_M12831_C13248_L-6.xml,drilldown/pl_id_12831/L-6,27-07-2013 17:12:04,947
tl_M12831_C13250_L-6.xml,drilldown/pl_id_12831/L-6,13-07-2013 17:11:56,2111
tl_M12831_C13253_L-6.xml,drilldown/pl_id_12831/L-6,27-07-2013 17:12:04,1402
tl_M12831_C13255_L-6.xml,drilldown/pl_id_12831/L-6,17-06-2013 07:54:14,210
tl_M12831_C13256_L-6.xml,drilldown/pl_id_12831/L-6,17-06-2013 07:54:14,264
tl_M12831_C13257_L-6.xml,drilldown/pl_id_12831/L-6,20-05-2013 14:09:22,422
tl_M12831_C13260_L-6.xml,drilldown/pl_id_12831/L-6,20-07-2013 17:12:00,1445
tl_M12831_C13262_L-6.xml,drilldown/pl_id_12831/L-6,20-07-2013 17:12:00,1274
tl_M12831_C13263_L-6.xml,drilldown/pl_id_12831/L-6,13-07-2013 17:11:56,1715
tl_M12831_C13265_L-6.xml,drilldown/pl_id_12831/L-6,27-07-2013 17:12:04,1112
tl_M12831_C13266_L-6.xml,drilldown/pl_id_12831/L-6,08-04-2013 20:27:16,1244
tl_M12831_C13269_L-6.xml,drilldown/pl_id_12831/L-6,29-04-2013 17:12:42,750
tl_M12831_C13270_L-6.xml,drilldown/pl_id_12831/L-6,27-07-2013 17:12:04,670
tl_M12831_C13272_L-6.xml,drilldown/pl_id_12831/L-6,27-07-2013 17:12:04,290
tl_M12831_C13278_L-6.xml,drilldown/pl_id_12831/L-6,07-09-2013 17:12:08,580
tl_M12831_C13280_L-6.xml,drilldown/pl_id_12831/L-6,06-07-2013 17:11:56,352
tl_M12831_C13282_L-6.xml,drilldown/pl_id_12831/L-6,06-07-2013 17:11:56,794
tl_M12831_C13287_L-6.xml,drilldown/pl_id_12831/L-6,27-07-2013 17:12:04,148
tl_M12831_C13289_L-6.xml,drilldown/pl_id_12831/L-6,27-07-2013 17:12:04,1322
tl_M12831_C13290_L-6.xml,drilldown/pl_id_12831/L-6,27-07-2013 17:12:04,1181
tl_M12831_C13291_L-6.xml,drilldown/pl_id_12831/L-6,20-07-2013 17:12:00,582
tl_M12831_C13293_L-6.xml,drilldown/pl_id_12831/L-6,27-07-2013 17:12:04,234
tl_M12831_C13296_L-6.xml,drilldown/pl_id_12831/L-6,27-07-2013 17:12:04,1322
tl_M12831_C13298_L-6.xml,drilldown/pl_id_12831/L-6,27-07-2013 17:12:04,958
tl_M12831_C13375_L-6.xml,drilldown/pl_id_12831/L-6,16-09-2013 09:58:32,778
tl_M12831_C13390_L-6.xml,drilldown/pl_id_12831/L-6,17-06-2013 07:54:14,4880
tl_M12831_C13400_L-6.xml,drilldown/pl_id_12831/L-6,16-03-2013 17:11:36,982
tl_M12831_C13440_L-6.xml,drilldown/pl_id_12831/L-6,27-07-2013 17:12:04,2573
tl_M12831_C13510_L-6.xml,drilldown/pl_id_12831/L-6,20-07-2013 17:12:00,554
tl_M12831_C13554_L-6.xml,drilldown/pl_id_12831/L-6,16-09-2013 09:58:32,914
tl_M12831_C13561_L-6.xml,drilldown/pl_id_12831/L-6,27-07-2013 17:12:04,1090
tl_M12831_C13562_L-6.xml,drilldown/pl_id_12831/L-6,16-09-2013 09:58:32,1709
tl_M12831_C13565_L-6.xml,drilldown/pl_id_12831/L-6,27-07-2013 17:12:04,676
tl_M12831_C13566_L-6.xml,drilldown/pl_id_12831/L-6,16-09-2013 09:58:32,1787
tl_M12831_C13568_L-6.xml,drilldown/pl_id_12831/L-6,16-09-2013 09:58:32,676
tl_M12831_C13570_L-6.xml,drilldown/pl_id_12831/L-6,27-07-2013 17:12:04,548
tl_M12831_C13571_L-6.xml,drilldown/pl_id_12831/L-6,13-07-2013 17:11:56,520
tl_M12831_C13572_L-6.xml,drilldown/pl_id_12831/L-6,27-07-2013 17:12:04,432
tl_M12831_C13573_L-6.xml,drilldown/pl_id_12831/L-6,27-07-2013 17:12:04,2138
tl_M12831_C13574_L-6.xml,drilldown/pl_id_12831/L-6,27-07-2013 17:12:04,998
tl_M12831_C13575_L-6.xml,drilldown/pl_id_12831/L-6,27-07-2013 17:12:04,1297
tl_M12831_C13576_L-6.xml,drilldown/pl_id_12831/L-6,27-07-2013 17:12:04,880
tl_M12831_C13577_L-6.xml,drilldown/pl_id_12831/L-6,27-07-2013 17:12:04,642
tl_M12831_C13578_L-6.xml,drilldown/pl_id_12831/L-6,27-07-2013 17:12:04,1025
tl_M12831_C13579_L-6.xml,drilldown/pl_id_12831/L-6,27-07-2013 17:12:04,734
tl_M12831_C13582_L-6.xml,drilldown/pl_id_12831/L-6,03-08-2013 17:12:02,458
tl_M12831_C13584_L-6.xml,drilldown/pl_id_12831/L-6,03-08-2013 17:12:02,2015
tl_M12831_C13585_L-6.xml,drilldown/pl_id_12831/L-6,03-08-2013 17:12:02,1108
tl_M12831_C13586_L-6.xml,drilldown/pl_id_12831/L-6,03-08-2013 17:12:02,602
tl_M12831_C13764_L-6.xml,drilldown/pl_id_12831/L-6,27-07-2013 17:12:04,142
tl_M12831_C13767_L-6.xml,drilldown/pl_id_12831/L-6,27-07-2013 17:12:04,246
tl_M12831_C13768_L-6.xml,drilldown/pl_id_12831/L-6,27-07-2013 17:12:04,246
tl_M12831_C13821_L-6.xml,drilldown/pl_id_12831/L-6,03-08-2013 17:12:02,1154
tl_M12831_C13900_L-6.xml,drilldown/pl_id_12831/L-6,21-09-2013 17:12:08,1114
tl_M12831_C13946_L-6.xml,drilldown/pl_id_12831/L-6,16-09-2013 09:58:32,1036
tl_M12831_C13947_L-6.xml,drilldown/pl_id_12831/L-6,16-09-2013 09:58:32,1529
tl_M12831_C13953_L-6.xml,drilldown/pl_id_12831/L-6,27-07-2013 17:12:04,584
tl_M12831_C13955_L-6.xml,drilldown/pl_id_12831/L-6,27-07-2013 17:12:04,606
tl_M12831_C13956_L-6.xml,drilldown/pl_id_12831/L-6,27-07-2013 17:12:04,2093
tl_M12831_C13957_L-6.xml,drilldown/pl_id_12831/L-6,16-09-2013 09:58:32,857
tl_M12831_C13959_L-6.xml,drilldown/pl_id_12831/L-6,10-08-2013 17:12:00,528
tl_M12831_C13960_L-6.xml,drilldown/pl_id_12831/L-6,27-07-2013 17:12:04,804
tl_M12831_C13961_L-6.xml,drilldown/pl_id_12831/L-6,27-07-2013 17:12:04,2144
tl_M12831_C13963_L-6.xml,drilldown/pl_id_12831/L-6,29-06-2013 17:11:56,444
tl_M12831_C13964_L-6.xml,drilldown/pl_id_12831/L-6,13-07-2013 17:11:56,242
tl_M12831_C13965_L-6.xml,drilldown/pl_id_12831/L-6,16-09-2013 09:58:32,444
tl_M12831_C13966_L-6.xml,drilldown/pl_id_12831/L-6,27-07-2013 17:12:04,266
tl_M12831_C13967_L-6.xml,drilldown/pl_id_12831/L-6,27-07-2013 17:12:04,525
tl_M12831_C13969_L-6.xml,drilldown/pl_id_12831/L-6,01-06-2013 17:11:48,844
tl_M12831_C13970_L-6.xml,drilldown/pl_id_12831/L-6,27-07-2013 17:12:04,1903
tl_M12831_C13973_L-6.xml,drilldown/pl_id_12831/L-6,20-07-2013 17:12:00,1084
tl_M12831_C13976_L-6.xml,drilldown/pl_id_12831/L-6,27-07-2013 17:12:04,665
tl_M12831_C13977_L-6.xml,drilldown/pl_id_12831/L-6,27-07-2013 17:12:04,1064
tl_M12831_C13978_L-6.xml,drilldown/pl_id_12831/L-6,16-03-2013 17:11:36,602
tl_M12831_C13979_L-6.xml,drilldown/pl_id_12831/L-6,16-09-2013 09:58:32,1661
tl_M12831_C13980_L-6.xml,drilldown/pl_id_12831/L-6,07-09-2013 17:12:08,408
tl_M12831_C13983_L-6.xml,drilldown/pl_id_12831/L-6,10-08-2013 17:12:00,1205
tl_M12831_C13987_L-6.xml,drilldown/pl_id_12831/L-6,03-08-2013 17:12:02,471
tl_M12831_C13988_L-6.xml,drilldown/pl_id_12831/L-6,03-08-2013 17:12:02,484
tl_M12831_C13991_L-6.xml,drilldown/pl_id_12831/L-6,03-08-2013 17:12:02,636
tl_M12831_C13992_L-6.xml,drilldown/pl_id_12831/L-6,03-08-2013 17:12:02,878
tl_M12831_C13993_L-6.xml,drilldown/pl_id_12831/L-6,10-08-2013 17:12:00,1066
tl_M12831_C13994_L-6.xml,drilldown/pl_id_12831/L-6,07-05-2013 09:21:08,1280
tl_M12831_C13996_L-6.xml,drilldown/pl_id_12831/L-6,10-08-2013 17:12:00,362
tl_M12831_C13998_L-6.xml,drilldown/pl_id_12831/L-6,21-09-2013 17:12:08,974
tl_M12831_C13999_L-6.xml,drilldown/pl_id_12831/L-6,10-08-2013 17:12:00,1134
tl_M12831_C14000_L-6.xml,drilldown/pl_id_12831/L-6,29-06-2013 17:11:56,2042
tl_M12831_C14002_L-6.xml,drilldown/pl_id_12831/L-6,16-09-2013 09:58:32,1296
tl_M12831_C14008_L-6.xml,drilldown/pl_id_12831/L-6,21-09-2013 17:12:08,1354
tl_M12831_C14010_L-6.xml,drilldown/pl_id_12831/L-6,13-07-2013 17:11:56,444
tl_M12831_C14013_L-6.xml,drilldown/pl_id_12831/L-6,27-07-2013 17:12:04,270
tl_M12831_C14024_L-6.xml,drilldown/pl_id_12831/L-6,03-08-2013 17:12:02,336
tl_M12831_C14027_L-6.xml,drilldown/pl_id_12831/L-6,27-07-2013 17:12:04,1134
tl_M12831_C14028_L-6.xml,drilldown/pl_id_12831/L-6,27-07-2013 17:12:04,541
tl_M12831_C14029_L-6.xml,drilldown/pl_id_12831/L-6,27-07-2013 17:12:04,1757
tl_M12831_C14030_L-6.xml,drilldown/pl_id_12831/L-6,27-07-2013 17:12:04,536
tl_M12831_C14031_L-6.xml,drilldown/pl_id_12831/L-6,27-07-2013 17:12:04,262
tl_M12831_C14033_L-6.xml,drilldown/pl_id_12831/L-6,10-08-2013 17:12:00,2059
tl_M12831_C14034_L-6.xml,drilldown/pl_id_12831/L-6,10-08-2013 17:12:00,306
tl_M12831_C14050_L-6.xml,drilldown/pl_id_12831/L-6,27-07-2013 17:12:04,930
tl_M12831_C14148_L-6.xml,drilldown/pl_id_12831/L-6,27-07-2013 17:12:04,512
tl_M12831_C14190_L-6.xml,drilldown/pl_id_12831/L-6,03-08-2013 17:12:02,330
tl_M12831_C14191_L-6.xml,drilldown/pl_id_12831/L-6,20-07-2013 17:12:00,269
tl_M12831_C14193_L-6.xml,drilldown/pl_id_12831/L-6,13-07-2013 17:11:56,392
tl_M12831_C14712_L-6.xml,drilldown/pl_id_12831/L-6,08-06-2013 17:11:48,554
tl_M12831_C14730_L-6.xml,drilldown/pl_id_12831/L-6,27-07-2013 17:12:04,306
tl_M12831_C14770_L-6.xml,drilldown/pl_id_12831/L-6,16-03-2013 17:11:36,652
tl_M12831_C14781_L-6.xml,drilldown/pl_id_12831/L-6,23-03-2013 17:11:32,910
tl_M12831_C14803_L-6.xml,drilldown/pl_id_12831/L-6,13-04-2013 17:11:38,653
tl_M12831_C14820_L-6.xml,drilldown/pl_id_12831/L-6,29-04-2013 17:12:42,196
tl_M12831_C14840_L-6.xml,drilldown/pl_id_12831/L-6,03-08-2013 17:12:02,791
tl_M12831_C14841_L-6.xml,drilldown/pl_id_12831/L-6,21-09-2013 17:12:08,920
tl_M12831_C14842_L-6.xml,drilldown/pl_id_12831/L-6,17-06-2013 07:54:14,1025
tl_M12831_C14850_L-6.xml,drilldown/pl_id_12831/L-6,01-06-2013 17:11:48,872
tl_M12831_C14851_L-6.xml,drilldown/pl_id_12831/L-6,16-09-2013 09:58:32,561
tl_M12831_C14852_L-6.xml,drilldown/pl_id_12831/L-6,20-07-2013 17:12:00,1604
tl_M12831_C14853_L-6.xml,drilldown/pl_id_12831/L-6,16-09-2013 09:58:32,1100
tl_M12831_C14881_L-6.xml,drilldown/pl_id_12831/L-6,20-07-2013 17:12:00,222
tl_M12831_C14882_L-6.xml,drilldown/pl_id_12831/L-6,20-07-2013 17:12:00,392
tl_M12831_C14883_L-6.xml,drilldown/pl_id_12831/L-6,20-07-2013 17:12:00,190
tl_M12831_C14884_L-6.xml,drilldown/pl_id_12831/L-6,20-07-2013 17:12:00,219
tl_M12831_C14885_L-6.xml,drilldown/pl_id_12831/L-6,20-07-2013 17:12:00,450
tl_M12831_C14886_L-6.xml,drilldown/pl_id_12831/L-6,27-07-2013 17:12:04,91
tl_M12831_C14887_L-6.xml,drilldown/pl_id_12831/L-6,27-07-2013 17:12:04,91
tl_M12831_C14890_L-6.xml,drilldown/pl_id_12831/L-6,27-07-2013 17:12:04,266
tl_M12831_C14891_L-6.xml,drilldown/pl_id_12831/L-6,27-07-2013 17:12:04,1757
tl_M12831_C14892_L-6.xml,drilldown/pl_id_12831/L-6,27-07-2013 17:12:04,500
tl_M12831_C14893_L-6.xml,drilldown/pl_id_12831/L-6,27-07-2013 17:12:04,437
tl_M12831_C14894_L-6.xml,drilldown/pl_id_12831/L-6,27-07-2013 17:12:04,922
tl_M12831_C14895_L-6.xml,drilldown/pl_id_12831/L-6,27-07-2013 17:12:04,91
tl_M12831_C14929_L-6.xml,drilldown/pl_id_12831/L-6,03-08-2013 17:12:02,620
tl_M12831_C14930_L-6.xml,drilldown/pl_id_12831/L-6,10-08-2013 17:12:00,220
tl_M12831_C14976_L-6.xml,drilldown/pl_id_12831/L-6,16-09-2013 09:58:32,970
tl_M12831_C14977_L-6.xml,drilldown/pl_id_12831/L-6,07-09-2013 17:12:08,330
tl_M12831_C14978_L-6.xml,drilldown/pl_id_12831/L-6,07-09-2013 17:12:08,378
cat_M14261_C14419_L-6.xml,drilldown/pl_id_14261/L-6,29-04-2013 17:12:42,470
cat_M14261_C14451_L-6.xml,drilldown/pl_id_14261/L-6,21-09-2013 17:12:08,704
cat_M14261_C14463_L-6.xml,drilldown/pl_id_14261/L-6,13-07-2013 17:11:56,824
cat_M14261_C14477_L-6.xml,drilldown/pl_id_14261/L-6,16-09-2013 09:58:32,782
cat_M14261_C14516_L-6.xml,drilldown/pl_id_14261/L-6,21-09-2013 17:12:08,1406
cat_M14261_C14534_L-6.xml,drilldown/pl_id_14261/L-6,21-09-2013 17:12:08,854
cat_M14261_C14544_L-6.xml,drilldown/pl_id_14261/L-6,07-09-2013 17:12:08,950
cat_M14261_C14561_L-6.xml,drilldown/pl_id_14261/L-6,29-04-2013 17:12:42,638
cat_M14261_C14573_L-6.xml,drilldown/pl_id_14261/L-6,31-08-2013 17:11:56,925
cat_M14261_C14574_L-6.xml,drilldown/pl_id_14261/L-6,31-08-2013 17:11:56,925
cat_M14261_C14575_L-6.xml,drilldown/pl_id_14261/L-6,31-08-2013 17:11:56,925
cat_M14261_C14607_L-6.xml,drilldown/pl_id_14261/L-6,31-08-2013 17:11:56,871
cat_M14261_C14608_L-6.xml,drilldown/pl_id_14261/L-6,31-08-2013 17:11:56,871
cat_M14261_C14609_L-6.xml,drilldown/pl_id_14261/L-6,31-08-2013 17:11:56,871
cat_M14261_C14633_L-6.xml,drilldown/pl_id_14261/L-6,25-05-2013 17:11:48,1646
cat_M14261_C14634_L-6.xml,drilldown/pl_id_14261/L-6,25-05-2013 17:11:48,1645
cat_M14261_C14635_L-6.xml,drilldown/pl_id_14261/L-6,25-05-2013 17:11:48,1645
cat_M14261_C14636_L-6.xml,drilldown/pl_id_14261/L-6,25-05-2013 17:11:48,1646
cat_M14261_C14637_L-6.xml,drilldown/pl_id_14261/L-6,25-05-2013 17:11:48,1645
cat_M14261_C14643_L-6.xml,drilldown/pl_id_14261/L-6,23-03-2013 17:11:32,518
cat_M14261_C14678_L-6.xml,drilldown/pl_id_14261/L-6,08-06-2013 17:11:48,967
cat_M14261_C14679_L-6.xml,drilldown/pl_id_14261/L-6,08-06-2013 17:11:48,968
cat_M14261_C14681_L-6.xml,drilldown/pl_id_14261/L-6,06-07-2013 17:11:56,727
cat_M14261_C14682_L-6.xml,drilldown/pl_id_14261/L-6,20-04-2013 17:11:44,728
cat_M14261_C14685_L-6.xml,drilldown/pl_id_14261/L-6,29-04-2013 17:12:42,1159
cat_M14261_C14686_L-6.xml,drilldown/pl_id_14261/L-6,29-04-2013 17:12:42,1159
cat_M14261_C14687_L-6.xml,drilldown/pl_id_14261/L-6,29-04-2013 17:12:42,1159
cat_M14261_C14688_L-6.xml,drilldown/pl_id_14261/L-6,29-04-2013 17:12:42,1159
cat_M14261_C14690_L-6.xml,drilldown/pl_id_14261/L-6,20-04-2013 17:11:44,2305
cat_M14261_C14691_L-6.xml,drilldown/pl_id_14261/L-6,20-04-2013 17:11:44,2306
cat_M14261_C14692_L-6.xml,drilldown/pl_id_14261/L-6,20-04-2013 17:11:44,2305
cat_M14261_C14693_L-6.xml,drilldown/pl_id_14261/L-6,20-04-2013 17:11:44,2306
cat_M14261_C14694_L-6.xml,drilldown/pl_id_14261/L-6,20-04-2013 17:11:44,2305
cat_M14261_C14695_L-6.xml,drilldown/pl_id_14261/L-6,20-04-2013 17:11:44,2305
cat_M14261_C14696_L-6.xml,drilldown/pl_id_14261/L-6,20-04-2013 17:11:44,2306
cat_M14261_C14697_L-6.xml,drilldown/pl_id_14261/L-6,20-04-2013 17:11:44,2306
cat_M14261_C14698_L-6.xml,drilldown/pl_id_14261/L-6,20-04-2013 17:11:44,2305
cat_M14261_C14699_L-6.xml,drilldown/pl_id_14261/L-6,20-04-2013 17:11:44,2305
cat_M14261_C14700_L-6.xml,drilldown/pl_id_14261/L-6,20-04-2013 17:11:44,2305
cat_M14261_C14804_L-6.xml,drilldown/pl_id_14261/L-6,27-07-2013 17:12:04,1646
cat_M14261_C14810_L-6.xml,drilldown/pl_id_14261/L-6,07-05-2013 09:21:08,727
cat_M14261_C14811_L-6.xml,drilldown/pl_id_14261/L-6,29-04-2013 17:12:42,2305
cat_M14261_C14821_L-6.xml,drilldown/pl_id_14261/L-6,29-04-2013 17:12:42,1159
cat_M14261_C14862_L-6.xml,drilldown/pl_id_14261/L-6,08-06-2013 17:11:48,967
Itm_M14261_C14264_I4_L-6.xml,drilldown/pl_id_14261/L-6,21-09-2013 17:12:08,144
Itm_M14261_C14264_I5_L-6.xml,drilldown/pl_id_14261/L-6,16-09-2013 09:58:32,138
Itm_M14261_C14264_I7_L-6.xml,drilldown/pl_id_14261/L-6,20-07-2013 17:12:00,952
Itm_M14261_C14265_I3_L-6.xml,drilldown/pl_id_14261/L-6,22-06-2013 17:11:52,571
Itm_M14261_C14265_I4_L-6.xml,drilldown/pl_id_14261/L-6,22-06-2013 17:11:52,673
Itm_M14261_C14267_I1_L-6.xml,drilldown/pl_id_14261/L-6,08-04-2013 20:27:16,574
Itm_M14261_C14267_I4_L-6.xml,drilldown/pl_id_14261/L-6,21-09-2013 17:12:08,144
Itm_M14261_C14267_I5_L-6.xml,drilldown/pl_id_14261/L-6,21-09-2013 17:12:08,138
Itm_M14261_C14267_I7_L-6.xml,drilldown/pl_id_14261/L-6,20-07-2013 17:12:00,763
Itm_M14261_C14268_I3_L-6.xml,drilldown/pl_id_14261/L-6,22-06-2013 17:11:52,571
Itm_M14261_C14268_I4_L-6.xml,drilldown/pl_id_14261/L-6,22-06-2013 17:11:52,673
Itm_M14261_C14274_I7_L-6.xml,drilldown/pl_id_14261/L-6,20-05-2013 14:09:22,348
Itm_M14261_C14275_I7_L-6.xml,drilldown/pl_id_14261/L-6,20-05-2013 14:09:22,348
Itm_M14261_C14280_I1_L-6.xml,drilldown/pl_id_14261/L-6,20-07-2013 17:12:00,309
Itm_M14261_C14281_I1_L-6.xml,drilldown/pl_id_14261/L-6,20-07-2013 17:12:00,309
Itm_M14261_C14282_I3_L-6.xml,drilldown/pl_id_14261/L-6,27-07-2013 17:12:04,363
Itm_M14261_C14282_I4_L-6.xml,drilldown/pl_id_14261/L-6,27-07-2013 17:12:04,429
Itm_M14261_C14282_I7_L-6.xml,drilldown/pl_id_14261/L-6,27-07-2013 17:12:04,429
Itm_M14261_C14283_I2_L-6.xml,drilldown/pl_id_14261/L-6,20-07-2013 17:12:00,464
Itm_M14261_C14283_I3_L-6.xml,drilldown/pl_id_14261/L-6,27-07-2013 17:12:04,363
Itm_M14261_C14283_I4_L-6.xml,drilldown/pl_id_14261/L-6,27-07-2013 17:12:04,429
Itm_M14261_C14283_I6_L-6.xml,drilldown/pl_id_14261/L-6,20-07-2013 17:12:00,309
Itm_M14261_C14283_I7_L-6.xml,drilldown/pl_id_14261/L-6,27-07-2013 17:12:04,429
Itm_M14261_C14289_I1_L-6.xml,drilldown/pl_id_14261/L-6,20-07-2013 17:12:00,534
Itm_M14261_C14291_I1_L-6.xml,drilldown/pl_id_14261/L-6,08-06-2013 17:11:48,710
Itm_M14261_C14291_I2_L-6.xml,drilldown/pl_id_14261/L-6,20-05-2013 14:09:22,534
Itm_M14261_C14295_I1_L-6.xml,drilldown/pl_id_14261/L-6,27-07-2013 17:12:04,309
Itm_M14261_C14309_I12_L-6.xml,drilldown/pl_id_14261/L-6,17-08-2013 17:12:02,141
Itm_M14261_C14311_I3_L-6.xml,drilldown/pl_id_14261/L-6,31-08-2013 17:11:56,309
Itm_M14261_C14312_I12_L-6.xml,drilldown/pl_id_14261/L-6,07-09-2013 17:12:08,220
Itm_M14261_C14312_I13_L-6.xml,drilldown/pl_id_14261/L-6,21-09-2013 17:12:08,141
Itm_M14261_C14314_I3_L-6.xml,drilldown/pl_id_14261/L-6,31-08-2013 17:11:56,309
Itm_M14261_C14325_I8_L-6.xml,drilldown/pl_id_14261/L-6,17-06-2013 07:54:14,231
Itm_M14261_C14327_I2_L-6.xml,drilldown/pl_id_14261/L-6,06-07-2013 17:11:56,319
Itm_M14261_C14329_I1_L-6.xml,drilldown/pl_id_14261/L-6,29-04-2013 17:12:42,574
Itm_M14261_C14330_I1_L-6.xml,drilldown/pl_id_14261/L-6,23-03-2013 17:11:32,574
Itm_M14261_C14332_I7_L-6.xml,drilldown/pl_id_14261/L-6,17-08-2013 17:12:02,139
Itm_M14261_C14333_I7_L-6.xml,drilldown/pl_id_14261/L-6,07-09-2013 17:12:08,139
Itm_M14261_C14336_I3_L-6.xml,drilldown/pl_id_14261/L-6,20-07-2013 17:12:00,324
Itm_M14261_C14337_I1_L-6.xml,drilldown/pl_id_14261/L-6,29-06-2013 17:11:56,309
Itm_M14261_C14337_I3_L-6.xml,drilldown/pl_id_14261/L-6,20-07-2013 17:12:00,324
Itm_M14261_C14337_I4_L-6.xml,drilldown/pl_id_14261/L-6,20-07-2013 17:12:00,852
Itm_M14261_C14340_I14_L-6.xml,drilldown/pl_id_14261/L-6,25-05-2013 17:11:48,192
Itm_M14261_C14340_I15_L-6.xml,drilldown/pl_id_14261/L-6,25-05-2013 17:11:48,192
Itm_M14261_C14340_I3_L-6.xml,drilldown/pl_id_14261/L-6,16-09-2013 09:58:32,424
Itm_M14261_C14340_I4_L-6.xml,drilldown/pl_id_14261/L-6,25-05-2013 17:11:48,418
Itm_M14261_C14352_I1_L-6.xml,drilldown/pl_id_14261/L-6,25-05-2013 17:11:48,309
Itm_M14261_C14353_I1_L-6.xml,drilldown/pl_id_14261/L-6,27-07-2013 17:12:04,383
Itm_M14261_C14353_I2_L-6.xml,drilldown/pl_id_14261/L-6,27-07-2013 17:12:04,138
Itm_M14261_C14353_I3_L-6.xml,drilldown/pl_id_14261/L-6,27-07-2013 17:12:04,139
Itm_M14261_C14358_I1_L-6.xml,drilldown/pl_id_14261/L-6,22-06-2013 17:11:52,719
Itm_M14261_C14370_I5_L-6.xml,drilldown/pl_id_14261/L-6,20-04-2013 17:11:44,139
Itm_M14261_C14370_I9_L-6.xml,drilldown/pl_id_14261/L-6,29-04-2013 17:12:42,139
Itm_M14261_C14376_I1_L-6.xml,drilldown/pl_id_14261/L-6,20-07-2013 17:12:00,376
Itm_M14261_C14377_I1_L-6.xml,drilldown/pl_id_14261/L-6,13-07-2013 17:11:56,684
Itm_M14261_C14377_I5_L-6.xml,drilldown/pl_id_14261/L-6,07-09-2013 17:12:08,675
Itm_M14261_C14377_I6_L-6.xml,drilldown/pl_id_14261/L-6,13-07-2013 17:11:56,389
Itm_M14261_C14377_I9_L-6.xml,drilldown/pl_id_14261/L-6,13-07-2013 17:11:56,552
Itm_M14261_C14378_I1_L-6.xml,drilldown/pl_id_14261/L-6,13-07-2013 17:11:56,691
Itm_M14261_C14378_I2_L-6.xml,drilldown/pl_id_14261/L-6,13-07-2013 17:11:56,509
Itm_M14261_C14379_I1_L-6.xml,drilldown/pl_id_14261/L-6,13-07-2013 17:11:56,684
Itm_M14261_C14379_I2_L-6.xml,drilldown/pl_id_14261/L-6,13-07-2013 17:11:56,502
Itm_M14261_C14379_I4_L-6.xml,drilldown/pl_id_14261/L-6,13-07-2013 17:11:56,502
Itm_M14261_C14379_I5_L-6.xml,drilldown/pl_id_14261/L-6,07-09-2013 17:12:08,675
Itm_M14261_C14381_I1_L-6.xml,drilldown/pl_id_14261/L-6,29-04-2013 17:12:42,213
Itm_M14261_C14384_I1_L-6.xml,drilldown/pl_id_14261/L-6,16-09-2013 09:58:32,1388
Itm_M14261_C14388_I1_L-6.xml,drilldown/pl_id_14261/L-6,10-08-2013 17:12:00,1128
Itm_M14261_C14411_I6_L-6.xml,drilldown/pl_id_14261/L-6,07-05-2013 09:21:08,395
Itm_M14261_C14411_I7_L-6.xml,drilldown/pl_id_14261/L-6,08-06-2013 17:11:48,317
Itm_M14261_C14414_I1_L-6.xml,drilldown/pl_id_14261/L-6,06-07-2013 17:11:56,496
Itm_M14261_C14417_I11_L-6.xml,drilldown/pl_id_14261/L-6,07-09-2013 17:12:08,139
Itm_M14261_C14417_I5_L-6.xml,drilldown/pl_id_14261/L-6,20-07-2013 17:12:00,478
Itm_M14261_C14419_I10_L-6.xml,drilldown/pl_id_14261/L-6,21-09-2013 17:12:08,1534
Itm_M14261_C14419_I1_L-6.xml,drilldown/pl_id_14261/L-6,07-05-2013 09:21:08,1159
Itm_M14261_C14419_I2_L-6.xml,drilldown/pl_id_14261/L-6,07-05-2013 09:21:08,907
Itm_M14261_C14419_I4_L-6.xml,drilldown/pl_id_14261/L-6,31-08-2013 17:11:56,1542
Itm_M14261_C14419_I7_L-6.xml,drilldown/pl_id_14261/L-6,20-04-2013 17:11:44,747
Itm_M14261_C14419_I9_L-6.xml,drilldown/pl_id_14261/L-6,21-09-2013 17:12:08,906
Itm_M14261_C14421_I4_L-6.xml,drilldown/pl_id_14261/L-6,07-09-2013 17:12:08,229
Itm_M14261_C14424_I1_L-6.xml,drilldown/pl_id_14261/L-6,07-09-2013 17:12:08,744
Itm_M14261_C14425_I2_L-6.xml,drilldown/pl_id_14261/L-6,07-05-2013 09:21:08,139
Itm_M14261_C14425_I3_L-6.xml,drilldown/pl_id_14261/L-6,10-08-2013 17:12:00,1303
Itm_M14261_C14426_I2_L-6.xml,drilldown/pl_id_14261/L-6,23-03-2013 17:11:32,578
Itm_M14261_C14429_I0_L-6.xml,drilldown/pl_id_14261/L-6,29-06-2013 17:11:56,377
Itm_M14261_C14430_I1_L-6.xml,drilldown/pl_id_14261/L-6,13-07-2013 17:11:56,138
Itm_M14261_C14433_I4_L-6.xml,drilldown/pl_id_14261/L-6,13-07-2013 17:11:56,266
Itm_M14261_C14433_I6_L-6.xml,drilldown/pl_id_14261/L-6,11-05-2013 17:11:42,194
Itm_M14261_C14434_I6_L-6.xml,drilldown/pl_id_14261/L-6,23-03-2013 17:11:32,280
Itm_M14261_C14435_I1_L-6.xml,drilldown/pl_id_14261/L-6,29-06-2013 17:11:56,524
Itm_M14261_C14435_I2_L-6.xml,drilldown/pl_id_14261/L-6,29-06-2013 17:11:56,600
Itm_M14261_C14438_I2_L-6.xml,drilldown/pl_id_14261/L-6,03-08-2013 17:12:02,207
Itm_M14261_C14442_I8_L-6.xml,drilldown/pl_id_14261/L-6,20-07-2013 17:12:00,139
Itm_M14261_C14448_I1_L-6.xml,drilldown/pl_id_14261/L-6,22-06-2013 17:11:52,1260
Itm_M14261_C14448_I3_L-6.xml,drilldown/pl_id_14261/L-6,23-03-2013 17:11:32,2539
Itm_M14261_C14448_I4_L-6.xml,drilldown/pl_id_14261/L-6,07-09-2013 17:12:08,1263
Itm_M14261_C14448_I5_L-6.xml,drilldown/pl_id_14261/L-6,21-09-2013 17:12:08,360
Itm_M14261_C14449_I2_L-6.xml,drilldown/pl_id_14261/L-6,22-06-2013 17:11:52,960
Itm_M14261_C14449_I9_L-6.xml,drilldown/pl_id_14261/L-6,22-06-2013 17:11:52,960
Itm_M14261_C14451_I5_L-6.xml,drilldown/pl_id_14261/L-6,21-09-2013 17:12:08,387
Itm_M14261_C14451_I6_L-6.xml,drilldown/pl_id_14261/L-6,21-09-2013 17:12:08,513
Itm_M14261_C14453_I5_L-6.xml,drilldown/pl_id_14261/L-6,08-04-2013 20:27:16,464
Itm_M14261_C14460_I5_L-6.xml,drilldown/pl_id_14261/L-6,27-07-2013 17:12:04,380
Itm_M14261_C14470_I4_L-6.xml,drilldown/pl_id_14261/L-6,20-07-2013 17:12:00,586
Itm_M14261_C14476_I2_L-6.xml,drilldown/pl_id_14261/L-6,21-09-2013 17:12:08,319
Itm_M14261_C14477_I3_L-6.xml,drilldown/pl_id_14261/L-6,07-09-2013 17:12:08,230
Itm_M14261_C14477_I4_L-6.xml,drilldown/pl_id_14261/L-6,07-09-2013 17:12:08,229
Itm_M14261_C14493_I1_L-6.xml,drilldown/pl_id_14261/L-6,10-08-2013 17:12:00,2183
Itm_M14261_C14493_I2_L-6.xml,drilldown/pl_id_14261/L-6,13-07-2013 17:11:56,6030
Itm_M14261_C14495_I1_L-6.xml,drilldown/pl_id_14261/L-6,03-08-2013 17:12:02,10975
Itm_M14261_C14498_I1_L-6.xml,drilldown/pl_id_14261/L-6,21-09-2013 17:12:08,5175
Itm_M14261_C14499_I7_L-6.xml,drilldown/pl_id_14261/L-6,10-08-2013 17:12:00,292
Itm_M14261_C14504_I1_L-6.xml,drilldown/pl_id_14261/L-6,03-08-2013 17:12:02,3261
Itm_M14261_C14509_I4_L-6.xml,drilldown/pl_id_14261/L-6,13-04-2013 17:11:38,785
Itm_M14261_C14509_I8_L-6.xml,drilldown/pl_id_14261/L-6,03-08-2013 17:12:02,938
Itm_M14261_C14513_I1_L-6.xml,drilldown/pl_id_14261/L-6,20-07-2013 17:12:00,215
Itm_M14261_C14516_I1_L-6.xml,drilldown/pl_id_14261/L-6,21-09-2013 17:12:08,505
Itm_M14261_C14516_I4_L-6.xml,drilldown/pl_id_14261/L-6,21-09-2013 17:12:08,138
Itm_M14261_C14520_I1_L-6.xml,drilldown/pl_id_14261/L-6,20-04-2013 17:11:44,520
Itm_M14261_C14520_I2_L-6.xml,drilldown/pl_id_14261/L-6,20-04-2013 17:11:44,520
Itm_M14261_C14520_I3_L-6.xml,drilldown/pl_id_14261/L-6,20-04-2013 17:11:44,383
Itm_M14261_C14520_I4_L-6.xml,drilldown/pl_id_14261/L-6,20-04-2013 17:11:44,383
Itm_M14261_C14520_I5_L-6.xml,drilldown/pl_id_14261/L-6,03-08-2013 17:12:02,224
Itm_M14261_C14520_I6_L-6.xml,drilldown/pl_id_14261/L-6,03-08-2013 17:12:02,337
Itm_M14261_C14523_I3_L-6.xml,drilldown/pl_id_14261/L-6,07-09-2013 17:12:08,322
Itm_M14261_C14523_I4_L-6.xml,drilldown/pl_id_14261/L-6,17-08-2013 17:12:02,1583
Itm_M14261_C14523_I6_L-6.xml,drilldown/pl_id_14261/L-6,24-08-2013 17:12:00,8215
Itm_M14261_C14524_I1_L-6.xml,drilldown/pl_id_14261/L-6,08-04-2013 20:27:16,388
Itm_M14261_C14525_I1_L-6.xml,drilldown/pl_id_14261/L-6,20-07-2013 17:12:00,1597
Itm_M14261_C14529_I1_L-6.xml,drilldown/pl_id_14261/L-6,29-04-2013 17:12:42,512
Itm_M14261_C14529_I5_L-6.xml,drilldown/pl_id_14261/L-6,06-07-2013 17:11:56,366
Itm_M14261_C14529_I6_L-6.xml,drilldown/pl_id_14261/L-6,06-07-2013 17:11:56,139
Itm_M14261_C14529_I7_L-6.xml,drilldown/pl_id_14261/L-6,06-07-2013 17:11:56,138
Itm_M14261_C14531_I2_L-6.xml,drilldown/pl_id_14261/L-6,24-08-2013 17:12:00,401
Itm_M14261_C14537_I9_L-6.xml,drilldown/pl_id_14261/L-6,20-04-2013 17:11:44,320
Itm_M14261_C14538_I7_L-6.xml,drilldown/pl_id_14261/L-6,07-05-2013 09:21:08,356
Itm_M14261_C14544_I1_L-6.xml,drilldown/pl_id_14261/L-6,07-09-2013 17:12:08,808
Itm_M14261_C14544_I2_L-6.xml,drilldown/pl_id_14261/L-6,16-09-2013 09:58:32,750
Itm_M14261_C14544_I3_L-6.xml,drilldown/pl_id_14261/L-6,07-09-2013 17:12:08,314
Itm_M14261_C14544_I4_L-6.xml,drilldown/pl_id_14261/L-6,07-09-2013 17:12:08,329
Itm_M14261_C14544_I5_L-6.xml,drilldown/pl_id_14261/L-6,07-09-2013 17:12:08,335
Itm_M14261_C14544_I6_L-6.xml,drilldown/pl_id_14261/L-6,07-09-2013 17:12:08,305
Itm_M14261_C14545_I1_L-6.xml,drilldown/pl_id_14261/L-6,03-08-2013 17:12:02,692
Itm_M14261_C14545_I2_L-6.xml,drilldown/pl_id_14261/L-6,16-09-2013 09:58:32,750
Itm_M14261_C14545_I5_L-6.xml,drilldown/pl_id_14261/L-6,31-08-2013 17:11:56,335
Itm_M14261_C14545_I6_L-6.xml,drilldown/pl_id_14261/L-6,31-08-2013 17:11:56,305
Itm_M14261_C14546_I1_L-6.xml,drilldown/pl_id_14261/L-6,03-08-2013 17:12:02,692
Itm_M14261_C14546_I2_L-6.xml,drilldown/pl_id_14261/L-6,03-08-2013 17:12:02,281
Itm_M14261_C14546_I4_L-6.xml,drilldown/pl_id_14261/L-6,31-08-2013 17:11:56,329
Itm_M14261_C14546_I5_L-6.xml,drilldown/pl_id_14261/L-6,31-08-2013 17:11:56,335
Itm_M14261_C14546_I6_L-6.xml,drilldown/pl_id_14261/L-6,31-08-2013 17:11:56,305
Itm_M14261_C14546_I7_L-6.xml,drilldown/pl_id_14261/L-6,31-08-2013 17:11:56,259
Itm_M14261_C14548_I1_L-6.xml,drilldown/pl_id_14261/L-6,21-09-2013 17:12:08,2647
Itm_M14261_C14548_I2_L-6.xml,drilldown/pl_id_14261/L-6,07-09-2013 17:12:08,710
Itm_M14261_C14550_I5_L-6.xml,drilldown/pl_id_14261/L-6,03-08-2013 17:12:02,373
Itm_M14261_C14550_I7_L-6.xml,drilldown/pl_id_14261/L-6,07-09-2013 17:12:08,606
Itm_M14261_C14551_I1_L-6.xml,drilldown/pl_id_14261/L-6,29-06-2013 17:11:56,345
Itm_M14261_C14551_I2_L-6.xml,drilldown/pl_id_14261/L-6,06-07-2013 17:11:56,138
Itm_M14261_C14551_I3_L-6.xml,drilldown/pl_id_14261/L-6,06-07-2013 17:11:56,646
Itm_M14261_C14554_I3_L-6.xml,drilldown/pl_id_14261/L-6,03-08-2013 17:12:02,304
Itm_M14261_C14558_I1_L-6.xml,drilldown/pl_id_14261/L-6,21-09-2013 17:12:08,13263
Itm_M14261_C14558_I2_L-6.xml,drilldown/pl_id_14261/L-6,21-09-2013 17:12:08,13263
Itm_M14261_C14561_I1_L-6.xml,drilldown/pl_id_14261/L-6,13-04-2013 17:11:38,5150
Itm_M14261_C14561_I2_L-6.xml,drilldown/pl_id_14261/L-6,03-08-2013 17:12:02,5738
Itm_M14261_C14566_I3_L-6.xml,drilldown/pl_id_14261/L-6,10-08-2013 17:12:00,218
Itm_M14261_C14568_I13_L-6.xml,drilldown/pl_id_14261/L-6,29-06-2013 17:11:56,496
Itm_M14261_C14568_I2_L-6.xml,drilldown/pl_id_14261/L-6,29-06-2013 17:11:56,293
Itm_M14261_C14568_I5_L-6.xml,drilldown/pl_id_14261/L-6,29-06-2013 17:11:56,362
Itm_M14261_C14573_I1_L-6.xml,drilldown/pl_id_14261/L-6,10-08-2013 17:12:00,549
Itm_M14261_C14573_I2_L-6.xml,drilldown/pl_id_14261/L-6,07-09-2013 17:12:08,1215
Itm_M14261_C14573_I3_L-6.xml,drilldown/pl_id_14261/L-6,10-08-2013 17:12:00,3627
Itm_M14261_C14573_I4_L-6.xml,drilldown/pl_id_14261/L-6,10-08-2013 17:12:00,2937
Itm_M14261_C14573_I7_L-6.xml,drilldown/pl_id_14261/L-6,13-04-2013 17:11:38,515
Itm_M14261_C14574_I1_L-6.xml,drilldown/pl_id_14261/L-6,10-08-2013 17:12:00,622
Itm_M14261_C14574_I3_L-6.xml,drilldown/pl_id_14261/L-6,13-04-2013 17:11:38,1408
Itm_M14261_C14574_I4_L-6.xml,drilldown/pl_id_14261/L-6,20-04-2013 17:11:44,549
Itm_M14261_C14574_I7_L-6.xml,drilldown/pl_id_14261/L-6,10-08-2013 17:12:00,868
Itm_M14261_C14574_I8_L-6.xml,drilldown/pl_id_14261/L-6,10-08-2013 17:12:00,630
Itm_M14261_C14575_I10_L-6.xml,drilldown/pl_id_14261/L-6,10-08-2013 17:12:00,453
Itm_M14261_C14575_I19_L-6.xml,drilldown/pl_id_14261/L-6,13-04-2013 17:11:38,523
Itm_M14261_C14575_I1_L-6.xml,drilldown/pl_id_14261/L-6,29-04-2013 17:12:42,687
Itm_M14261_C14575_I2_L-6.xml,drilldown/pl_id_14261/L-6,31-08-2013 17:11:56,656
Itm_M14261_C14575_I3_L-6.xml,drilldown/pl_id_14261/L-6,31-08-2013 17:11:56,7472
Itm_M14261_C14575_I4_L-6.xml,drilldown/pl_id_14261/L-6,31-08-2013 17:11:56,9541
Itm_M14261_C14575_I7_L-6.xml,drilldown/pl_id_14261/L-6,10-08-2013 17:12:00,463
Itm_M14261_C14575_I8_L-6.xml,drilldown/pl_id_14261/L-6,10-08-2013 17:12:00,457
Itm_M14261_C14575_I9_L-6.xml,drilldown/pl_id_14261/L-6,10-08-2013 17:12:00,451
Itm_M14261_C14580_I11_L-6.xml,drilldown/pl_id_14261/L-6,20-04-2013 17:11:44,140
Itm_M14261_C14580_I12_L-6.xml,drilldown/pl_id_14261/L-6,11-05-2013 17:11:42,140
Itm_M14261_C14580_I3_L-6.xml,drilldown/pl_id_14261/L-6,20-07-2013 17:12:00,656
Itm_M14261_C14580_I6_L-6.xml,drilldown/pl_id_14261/L-6,20-04-2013 17:11:44,549
Itm_M14261_C14588_I6_L-6.xml,drilldown/pl_id_14261/L-6,06-07-2013 17:11:56,229
Itm_M14261_C14590_I3_L-6.xml,drilldown/pl_id_14261/L-6,31-08-2013 17:11:56,356
Itm_M14261_C14595_I1_L-6.xml,drilldown/pl_id_14261/L-6,21-09-2013 17:12:08,471
Itm_M14261_C14595_I6_L-6.xml,drilldown/pl_id_14261/L-6,20-07-2013 17:12:00,497
Itm_M14261_C14595_I7_L-6.xml,drilldown/pl_id_14261/L-6,21-09-2013 17:12:08,437
Itm_M14261_C14596_I2_L-6.xml,drilldown/pl_id_14261/L-6,20-07-2013 17:12:00,1002
Itm_M14261_C14596_I3_L-6.xml,drilldown/pl_id_14261/L-6,20-07-2013 17:12:00,990
Itm_M14261_C14596_I9_L-6.xml,drilldown/pl_id_14261/L-6,16-09-2013 09:58:32,1116
Itm_M14261_C14598_I0_L-6.xml,drilldown/pl_id_14261/L-6,06-07-2013 17:11:56,638
Itm_M14261_C14598_I1_L-6.xml,drilldown/pl_id_14261/L-6,20-04-2013 17:11:44,32892
Itm_M14261_C14600_I2_L-6.xml,drilldown/pl_id_14261/L-6,17-06-2013 07:54:14,1000
Itm_M14261_C14600_I3_L-6.xml,drilldown/pl_id_14261/L-6,17-06-2013 07:54:14,988
Itm_M14261_C14601_I1_L-6.xml,drilldown/pl_id_14261/L-6,29-06-2013 17:11:56,528
Itm_M14261_C14604_I11_L-6.xml,drilldown/pl_id_14261/L-6,21-09-2013 17:12:08,153
Itm_M14261_C14605_I6_L-6.xml,drilldown/pl_id_14261/L-6,21-09-2013 17:12:08,139
Itm_M14261_C14607_I3_L-6.xml,drilldown/pl_id_14261/L-6,17-08-2013 17:12:02,488
Itm_M14261_C14607_I4_L-6.xml,drilldown/pl_id_14261/L-6,31-08-2013 17:11:56,1577
Itm_M14261_C14607_I5_L-6.xml,drilldown/pl_id_14261/L-6,17-08-2013 17:12:02,328
Itm_M14261_C14607_I6_L-6.xml,drilldown/pl_id_14261/L-6,17-08-2013 17:12:02,328
Itm_M14261_C14608_I10_L-6.xml,drilldown/pl_id_14261/L-6,31-08-2013 17:11:56,540
Itm_M14261_C14608_I13_L-6.xml,drilldown/pl_id_14261/L-6,31-08-2013 17:11:56,396
Itm_M14261_C14608_I2_L-6.xml,drilldown/pl_id_14261/L-6,31-08-2013 17:11:56,430
Itm_M14261_C14608_I5_L-6.xml,drilldown/pl_id_14261/L-6,31-08-2013 17:11:56,480
Itm_M14261_C14608_I8_L-6.xml,drilldown/pl_id_14261/L-6,31-08-2013 17:11:56,480
Itm_M14261_C14609_I1_L-6.xml,drilldown/pl_id_14261/L-6,17-08-2013 17:12:02,2154
Itm_M14261_C14609_I2_L-6.xml,drilldown/pl_id_14261/L-6,17-08-2013 17:12:02,2148
Itm_M14261_C14611_I1_L-6.xml,drilldown/pl_id_14261/L-6,01-06-2013 17:11:48,26477
Itm_M14261_C14612_I1_L-6.xml,drilldown/pl_id_14261/L-6,01-06-2013 17:11:48,1567
Itm_M14261_C14612_I2_L-6.xml,drilldown/pl_id_14261/L-6,01-06-2013 17:11:48,1561
Itm_M14261_C14612_I3_L-6.xml,drilldown/pl_id_14261/L-6,13-04-2013 17:11:38,600
Itm_M14261_C14612_I4_L-6.xml,drilldown/pl_id_14261/L-6,13-04-2013 17:11:38,1156
Itm_M14261_C14614_I4_L-6.xml,drilldown/pl_id_14261/L-6,01-06-2013 17:11:48,544
Itm_M14261_C14614_I5_L-6.xml,drilldown/pl_id_14261/L-6,31-08-2013 17:11:56,413
Itm_M14261_C14615_I3_L-6.xml,drilldown/pl_id_14261/L-6,22-06-2013 17:11:52,302
Itm_M14261_C14615_I4_L-6.xml,drilldown/pl_id_14261/L-6,01-06-2013 17:11:48,662
Itm_M14261_C14615_I5_L-6.xml,drilldown/pl_id_14261/L-6,21-09-2013 17:12:08,915
Itm_M14261_C14615_I6_L-6.xml,drilldown/pl_id_14261/L-6,01-06-2013 17:11:48,760
Itm_M14261_C14615_I7_L-6.xml,drilldown/pl_id_14261/L-6,01-06-2013 17:11:48,774
Itm_M14261_C14615_I8_L-6.xml,drilldown/pl_id_14261/L-6,22-06-2013 17:11:52,572
Itm_M14261_C14618_I3_L-6.xml,drilldown/pl_id_14261/L-6,16-09-2013 09:58:32,873
Itm_M14261_C14618_I5_L-6.xml,drilldown/pl_id_14261/L-6,21-09-2013 17:12:08,2238
Itm_M14261_C14620_I3_L-6.xml,drilldown/pl_id_14261/L-6,20-07-2013 17:12:00,994
Itm_M14261_C14620_I4_L-6.xml,drilldown/pl_id_14261/L-6,20-07-2013 17:12:00,988
Itm_M14261_C14621_I3_L-6.xml,drilldown/pl_id_14261/L-6,20-07-2013 17:12:00,994
Itm_M14261_C14621_I4_L-6.xml,drilldown/pl_id_14261/L-6,20-07-2013 17:12:00,988
Itm_M14261_C14627_I10_L-6.xml,drilldown/pl_id_14261/L-6,16-09-2013 09:58:32,594
Itm_M14261_C14627_I2_L-6.xml,drilldown/pl_id_14261/L-6,10-08-2013 17:12:00,1763
Itm_M14261_C14627_I3_L-6.xml,drilldown/pl_id_14261/L-6,16-09-2013 09:58:32,1134
Itm_M14261_C14627_I5_L-6.xml,drilldown/pl_id_14261/L-6,16-09-2013 09:58:32,236
Itm_M14261_C14627_I7_L-6.xml,drilldown/pl_id_14261/L-6,10-08-2013 17:12:00,540
Itm_M14261_C14630_I2_L-6.xml,drilldown/pl_id_14261/L-6,16-09-2013 09:58:32,424
Itm_M14261_C14630_I3_L-6.xml,drilldown/pl_id_14261/L-6,16-09-2013 09:58:32,371
Itm_M14261_C14631_I2_L-6.xml,drilldown/pl_id_14261/L-6,16-09-2013 09:58:32,371
Itm_M14261_C14631_I3_L-6.xml,drilldown/pl_id_14261/L-6,31-08-2013 17:11:56,484
Itm_M14261_C14633_I1_L-6.xml,drilldown/pl_id_14261/L-6,30-03-2013 17:11:52,1272
Itm_M14261_C14633_I2_L-6.xml,drilldown/pl_id_14261/L-6,20-04-2013 17:11:44,604
Itm_M14261_C14633_I3_L-6.xml,drilldown/pl_id_14261/L-6,20-04-2013 17:11:44,450
Itm_M14261_C14633_I4_L-6.xml,drilldown/pl_id_14261/L-6,20-04-2013 17:11:44,426
Itm_M14261_C14633_I5_L-6.xml,drilldown/pl_id_14261/L-6,20-04-2013 17:11:44,253
Itm_M14261_C14633_I6_L-6.xml,drilldown/pl_id_14261/L-6,20-04-2013 17:11:44,235
Itm_M14261_C14633_I7_L-6.xml,drilldown/pl_id_14261/L-6,20-04-2013 17:11:44,326
Itm_M14261_C14633_I8_L-6.xml,drilldown/pl_id_14261/L-6,20-04-2013 17:11:44,602
Itm_M14261_C14633_I9_L-6.xml,drilldown/pl_id_14261/L-6,20-04-2013 17:11:44,333
Itm_M14261_C14635_I1_L-6.xml,drilldown/pl_id_14261/L-6,16-09-2013 09:58:32,797
Itm_M14261_C14641_I1_L-6.xml,drilldown/pl_id_14261/L-6,21-09-2013 17:12:08,418
Itm_M14261_C14641_I3_L-6.xml,drilldown/pl_id_14261/L-6,16-09-2013 09:58:32,230
Itm_M14261_C14643_I10_L-6.xml,drilldown/pl_id_14261/L-6,23-03-2013 17:11:32,1250
Itm_M14261_C14643_I12_L-6.xml,drilldown/pl_id_14261/L-6,07-05-2013 09:21:08,2257
Itm_M14261_C14643_I1_L-6.xml,drilldown/pl_id_14261/L-6,23-03-2013 17:11:32,334
Itm_M14261_C14643_I2_L-6.xml,drilldown/pl_id_14261/L-6,23-03-2013 17:11:32,452
Itm_M14261_C14643_I3_L-6.xml,drilldown/pl_id_14261/L-6,23-03-2013 17:11:32,188
Itm_M14261_C14643_I9_L-6.xml,drilldown/pl_id_14261/L-6,23-03-2013 17:11:32,2929
Itm_M14261_C14645_I2_L-6.xml,drilldown/pl_id_14261/L-6,07-05-2013 09:21:08,1121
Itm_M14261_C14645_I3_L-6.xml,drilldown/pl_id_14261/L-6,07-05-2013 09:21:08,1115
Itm_M14261_C14645_I4_L-6.xml,drilldown/pl_id_14261/L-6,31-08-2013 17:11:56,880
Itm_M14261_C14646_I1_L-6.xml,drilldown/pl_id_14261/L-6,16-09-2013 09:58:32,2208
Itm_M14261_C14647_I1_L-6.xml,drilldown/pl_id_14261/L-6,16-03-2013 17:11:36,2717
Itm_M14261_C14649_I1_L-6.xml,drilldown/pl_id_14261/L-6,31-08-2013 17:11:56,1318
Itm_M14261_C14649_I3_L-6.xml,drilldown/pl_id_14261/L-6,21-09-2013 17:12:08,1324
Itm_M14261_C14650_I1_L-6.xml,drilldown/pl_id_14261/L-6,07-09-2013 17:12:08,406
Itm_M14261_C14650_I4_L-6.xml,drilldown/pl_id_14261/L-6,11-05-2013 17:11:42,316
Itm_M14261_C14650_I7_L-6.xml,drilldown/pl_id_14261/L-6,16-09-2013 09:58:32,1100
Itm_M14261_C14652_I1_L-6.xml,drilldown/pl_id_14261/L-6,23-03-2013 17:11:32,1225
Itm_M14261_C14652_I2_L-6.xml,drilldown/pl_id_14261/L-6,23-03-2013 17:11:32,1968
Itm_M14261_C14652_I3_L-6.xml,drilldown/pl_id_14261/L-6,23-03-2013 17:11:32,1974
Itm_M14261_C14652_I4_L-6.xml,drilldown/pl_id_14261/L-6,21-09-2013 17:12:08,188
Itm_M14261_C14652_I5_L-6.xml,drilldown/pl_id_14261/L-6,23-03-2013 17:11:32,324
Itm_M14261_C14653_I10_L-6.xml,drilldown/pl_id_14261/L-6,07-09-2013 17:12:08,840
Itm_M14261_C14653_I11_L-6.xml,drilldown/pl_id_14261/L-6,07-09-2013 17:12:08,847
Itm_M14261_C14653_I12_L-6.xml,drilldown/pl_id_14261/L-6,31-08-2013 17:11:56,669
Itm_M14261_C14653_I15_L-6.xml,drilldown/pl_id_14261/L-6,31-08-2013 17:11:56,482
Itm_M14261_C14653_I21_L-6.xml,drilldown/pl_id_14261/L-6,31-08-2013 17:11:56,482
Itm_M14261_C14653_I2_L-6.xml,drilldown/pl_id_14261/L-6,07-09-2013 17:12:08,13333
Itm_M14261_C14653_I3_L-6.xml,drilldown/pl_id_14261/L-6,07-09-2013 17:12:08,8275
Itm_M14261_C14653_I4_L-6.xml,drilldown/pl_id_14261/L-6,07-09-2013 17:12:08,8275
Itm_M14261_C14653_I6_L-6.xml,drilldown/pl_id_14261/L-6,31-08-2013 17:11:56,3207
Itm_M14261_C14653_I7_L-6.xml,drilldown/pl_id_14261/L-6,31-08-2013 17:11:56,7078
Itm_M14261_C14653_I8_L-6.xml,drilldown/pl_id_14261/L-6,07-09-2013 17:12:08,13250
Itm_M14261_C14653_I9_L-6.xml,drilldown/pl_id_14261/L-6,31-08-2013 17:11:56,2031
Itm_M14261_C14655_I1_L-6.xml,drilldown/pl_id_14261/L-6,01-06-2013 17:11:48,5993
Itm_M14261_C14659_I17_L-6.xml,drilldown/pl_id_14261/L-6,29-06-2013 17:11:56,330
Itm_M14261_C14659_I21_L-6.xml,drilldown/pl_id_14261/L-6,06-07-2013 17:11:56,650
Itm_M14261_C14662_I1_L-6.xml,drilldown/pl_id_14261/L-6,08-06-2013 17:11:48,359
Itm_M14261_C14662_I2_L-6.xml,drilldown/pl_id_14261/L-6,08-06-2013 17:11:48,344
Itm_M14261_C14663_I1_L-6.xml,drilldown/pl_id_14261/L-6,21-09-2013 17:12:08,2325
Itm_M14261_C14663_I2_L-6.xml,drilldown/pl_id_14261/L-6,29-04-2013 17:12:42,796
Itm_M14261_C14663_I3_L-6.xml,drilldown/pl_id_14261/L-6,29-04-2013 17:12:42,458
Itm_M14261_C14664_I5_L-6.xml,drilldown/pl_id_14261/L-6,16-09-2013 09:58:32,242
Itm_M14261_C14664_I7_L-6.xml,drilldown/pl_id_14261/L-6,07-09-2013 17:12:08,376
Itm_M14261_C14666_I10_L-6.xml,drilldown/pl_id_14261/L-6,07-05-2013 09:21:08,910
Itm_M14261_C14666_I13_L-6.xml,drilldown/pl_id_14261/L-6,16-03-2013 17:11:36,433
Itm_M14261_C14666_I17_L-6.xml,drilldown/pl_id_14261/L-6,20-04-2013 17:11:44,246
Itm_M14261_C14666_I18_L-6.xml,drilldown/pl_id_14261/L-6,20-04-2013 17:11:44,191
Itm_M14261_C14668_I10_L-6.xml,drilldown/pl_id_14261/L-6,01-06-2013 17:11:48,430
Itm_M14261_C14668_I9_L-6.xml,drilldown/pl_id_14261/L-6,01-06-2013 17:11:48,418
Itm_M14261_C14675_I1_L-6.xml,drilldown/pl_id_14261/L-6,06-07-2013 17:11:56,912
Itm_M14261_C14675_I4_L-6.xml,drilldown/pl_id_14261/L-6,06-07-2013 17:11:56,668
Itm_M14261_C14682_I3_L-6.xml,drilldown/pl_id_14261/L-6,27-07-2013 17:12:04,333
Itm_M14261_C14685_I1_L-6.xml,drilldown/pl_id_14261/L-6,16-09-2013 09:58:32,574
Itm_M14261_C14686_I8_L-6.xml,drilldown/pl_id_14261/L-6,16-09-2013 09:58:32,138
Itm_M14261_C14687_I1_L-6.xml,drilldown/pl_id_14261/L-6,21-09-2013 17:12:08,941
Itm_M14261_C14688_I6_L-6.xml,drilldown/pl_id_14261/L-6,27-07-2013 17:12:04,320
Itm_M14261_C14691_I17_L-6.xml,drilldown/pl_id_14261/L-6,24-08-2013 17:12:00,374
Itm_M14261_C14691_I18_L-6.xml,drilldown/pl_id_14261/L-6,07-09-2013 17:12:08,240
Itm_M14261_C14691_I19_L-6.xml,drilldown/pl_id_14261/L-6,24-08-2013 17:12:00,246
Itm_M14261_C14691_I5_L-6.xml,drilldown/pl_id_14261/L-6,24-08-2013 17:12:00,364
Itm_M14261_C14691_I9_L-6.xml,drilldown/pl_id_14261/L-6,31-08-2013 17:11:56,420
Itm_M14261_C14695_I15_L-6.xml,drilldown/pl_id_14261/L-6,06-07-2013 17:11:56,317
Itm_M14261_C14696_I11_L-6.xml,drilldown/pl_id_14261/L-6,08-06-2013 17:11:48,371
Itm_M14261_C14696_I4_L-6.xml,drilldown/pl_id_14261/L-6,07-09-2013 17:12:08,426
Itm_M14261_C14696_I5_L-6.xml,drilldown/pl_id_14261/L-6,16-09-2013 09:58:32,1029
Itm_M14261_C14696_I6_L-6.xml,drilldown/pl_id_14261/L-6,16-09-2013 09:58:32,904
Itm_M14261_C14696_I7_L-6.xml,drilldown/pl_id_14261/L-6,16-09-2013 09:58:32,1117
Itm_M14261_C14696_I8_L-6.xml,drilldown/pl_id_14261/L-6,24-08-2013 17:12:00,693
Itm_M14261_C14697_I2_L-6.xml,drilldown/pl_id_14261/L-6,16-09-2013 09:58:32,734
Itm_M14261_C14697_I3_L-6.xml,drilldown/pl_id_14261/L-6,16-09-2013 09:58:32,715
Itm_M14261_C14697_I8_L-6.xml,drilldown/pl_id_14261/L-6,07-09-2013 17:12:08,520
Itm_M14261_C14697_I9_L-6.xml,drilldown/pl_id_14261/L-6,07-09-2013 17:12:08,636
Itm_M14261_C14698_I2_L-6.xml,drilldown/pl_id_14261/L-6,21-09-2013 17:12:08,579
Itm_M14261_C14698_I4_L-6.xml,drilldown/pl_id_14261/L-6,13-07-2013 17:11:56,766
Itm_M14261_C14699_I1_L-6.xml,drilldown/pl_id_14261/L-6,16-09-2013 09:58:32,346
Itm_M14261_C14804_I1_L-6.xml,drilldown/pl_id_14261/L-6,13-04-2013 17:11:38,254
Itm_M14261_C14804_I2_L-6.xml,drilldown/pl_id_14261/L-6,13-04-2013 17:11:38,254
Itm_M14261_C14804_I3_L-6.xml,drilldown/pl_id_14261/L-6,13-04-2013 17:11:38,322
Itm_M14261_C14804_I4_L-6.xml,drilldown/pl_id_14261/L-6,29-06-2013 17:11:56,858
Itm_M14261_C14804_I5_L-6.xml,drilldown/pl_id_14261/L-6,13-04-2013 17:11:38,540
Itm_M14261_C14804_I6_L-6.xml,drilldown/pl_id_14261/L-6,29-06-2013 17:11:56,207
Itm_M14261_C14810_I1_L-6.xml,drilldown/pl_id_14261/L-6,20-04-2013 17:11:44,522
Itm_M14261_C14810_I2_L-6.xml,drilldown/pl_id_14261/L-6,20-04-2013 17:11:44,302
Itm_M14261_C14810_I3_L-6.xml,drilldown/pl_id_14261/L-6,27-07-2013 17:12:04,315
Itm_M14261_C14810_I4_L-6.xml,drilldown/pl_id_14261/L-6,20-04-2013 17:11:44,139
Itm_M14261_C14811_I1_L-6.xml,drilldown/pl_id_14261/L-6,20-04-2013 17:11:44,3371
Itm_M14261_C14811_I2_L-6.xml,drilldown/pl_id_14261/L-6,20-04-2013 17:11:44,3135
Itm_M14261_C14821_I1_L-6.xml,drilldown/pl_id_14261/L-6,29-04-2013 17:12:42,474
Itm_M14261_C14862_I1_L-6.xml,drilldown/pl_id_14261/L-6,08-06-2013 17:11:48,242
tl_M14261_C14264_L-6.xml,drilldown/pl_id_14261/L-6,20-07-2013 17:12:00,1060
tl_M14261_C14265_L-6.xml,drilldown/pl_id_14261/L-6,17-06-2013 07:54:14,1529
tl_M14261_C14267_L-6.xml,drilldown/pl_id_14261/L-6,20-07-2013 17:12:00,1060
tl_M14261_C14268_L-6.xml,drilldown/pl_id_14261/L-6,17-06-2013 07:54:14,1529
tl_M14261_C14280_L-6.xml,drilldown/pl_id_14261/L-6,20-07-2013 17:12:00,528
tl_M14261_C14281_L-6.xml,drilldown/pl_id_14261/L-6,20-07-2013 17:12:00,528
tl_M14261_C14282_L-6.xml,drilldown/pl_id_14261/L-6,20-07-2013 17:12:00,804
tl_M14261_C14283_L-6.xml,drilldown/pl_id_14261/L-6,20-07-2013 17:12:00,804
tl_M14261_C14289_L-6.xml,drilldown/pl_id_14261/L-6,20-07-2013 17:12:00,444
tl_M14261_C14291_L-6.xml,drilldown/pl_id_14261/L-6,20-05-2013 14:09:22,444
tl_M14261_C14295_L-6.xml,drilldown/pl_id_14261/L-6,27-07-2013 17:12:04,322
tl_M14261_C14325_L-6.xml,drilldown/pl_id_14261/L-6,17-06-2013 07:54:14,1650
tl_M14261_C14336_L-6.xml,drilldown/pl_id_14261/L-6,20-07-2013 17:12:00,636
tl_M14261_C14337_L-6.xml,drilldown/pl_id_14261/L-6,20-07-2013 17:12:00,576
tl_M14261_C14340_L-6.xml,drilldown/pl_id_14261/L-6,16-09-2013 09:58:32,1853
tl_M14261_C14353_L-6.xml,drilldown/pl_id_14261/L-6,27-07-2013 17:12:04,824
tl_M14261_C14376_L-6.xml,drilldown/pl_id_14261/L-6,20-07-2013 17:12:00,1901
tl_M14261_C14377_L-6.xml,drilldown/pl_id_14261/L-6,07-09-2013 17:12:08,1502
tl_M14261_C14378_L-6.xml,drilldown/pl_id_14261/L-6,13-07-2013 17:11:56,1304
tl_M14261_C14379_L-6.xml,drilldown/pl_id_14261/L-6,07-09-2013 17:12:08,1379
tl_M14261_C14385_L-6.xml,drilldown/pl_id_14261/L-6,13-07-2013 17:11:56,444
tl_M14261_C14388_L-6.xml,drilldown/pl_id_14261/L-6,27-07-2013 17:12:04,264
tl_M14261_C14417_L-6.xml,drilldown/pl_id_14261/L-6,24-08-2013 17:12:00,775
tl_M14261_C14419_L-6.xml,drilldown/pl_id_14261/L-6,21-09-2013 17:12:08,1802
tl_M14261_C14429_L-6.xml,drilldown/pl_id_14261/L-6,29-06-2013 17:11:56,1621
tl_M14261_C14448_L-6.xml,drilldown/pl_id_14261/L-6,07-09-2013 17:12:08,1451
tl_M14261_C14451_L-6.xml,drilldown/pl_id_14261/L-6,21-09-2013 17:12:08,764
tl_M14261_C14463_L-6.xml,drilldown/pl_id_14261/L-6,13-07-2013 17:11:56,1076
tl_M14261_C14470_L-6.xml,drilldown/pl_id_14261/L-6,20-07-2013 17:12:00,892
tl_M14261_C14477_L-6.xml,drilldown/pl_id_14261/L-6,07-09-2013 17:12:08,430
tl_M14261_C14493_L-6.xml,drilldown/pl_id_14261/L-6,13-07-2013 17:11:56,246
tl_M14261_C14498_L-6.xml,drilldown/pl_id_14261/L-6,21-09-2013 17:12:08,262
tl_M14261_C14506_L-6.xml,drilldown/pl_id_14261/L-6,08-06-2013 17:11:48,312
tl_M14261_C14508_L-6.xml,drilldown/pl_id_14261/L-6,27-07-2013 17:12:04,622
tl_M14261_C14509_L-6.xml,drilldown/pl_id_14261/L-6,03-08-2013 17:12:02,1013
tl_M14261_C14516_L-6.xml,drilldown/pl_id_14261/L-6,21-09-2013 17:12:08,382
tl_M14261_C14520_L-6.xml,drilldown/pl_id_14261/L-6,03-08-2013 17:12:02,1304
tl_M14261_C14523_L-6.xml,drilldown/pl_id_14261/L-6,07-09-2013 17:12:08,566
tl_M14261_C14525_L-6.xml,drilldown/pl_id_14261/L-6,20-07-2013 17:12:00,252
tl_M14261_C14529_L-6.xml,drilldown/pl_id_14261/L-6,06-07-2013 17:11:56,1258
tl_M14261_C14537_L-6.xml,drilldown/pl_id_14261/L-6,20-04-2013 17:11:44,938
tl_M14261_C14538_L-6.xml,drilldown/pl_id_14261/L-6,07-05-2013 09:21:08,880
tl_M14261_C14544_L-6.xml,drilldown/pl_id_14261/L-6,16-09-2013 09:58:32,554
tl_M14261_C14545_L-6.xml,drilldown/pl_id_14261/L-6,16-09-2013 09:58:32,560
tl_M14261_C14546_L-6.xml,drilldown/pl_id_14261/L-6,31-08-2013 17:11:56,693
tl_M14261_C14548_L-6.xml,drilldown/pl_id_14261/L-6,07-09-2013 17:12:08,544
tl_M14261_C14550_L-6.xml,drilldown/pl_id_14261/L-6,07-09-2013 17:12:08,1235
tl_M14261_C14551_L-6.xml,drilldown/pl_id_14261/L-6,06-07-2013 17:11:56,476
tl_M14261_C14558_L-6.xml,drilldown/pl_id_14261/L-6,21-09-2013 17:12:08,502
tl_M14261_C14561_L-6.xml,drilldown/pl_id_14261/L-6,03-08-2013 17:12:02,344
tl_M14261_C14573_L-6.xml,drilldown/pl_id_14261/L-6,07-09-2013 17:12:08,976
tl_M14261_C14574_L-6.xml,drilldown/pl_id_14261/L-6,10-08-2013 17:12:00,958
tl_M14261_C14575_L-6.xml,drilldown/pl_id_14261/L-6,31-08-2013 17:11:56,2396
tl_M14261_C14580_L-6.xml,drilldown/pl_id_14261/L-6,20-07-2013 17:12:00,1763
tl_M14261_C14595_L-6.xml,drilldown/pl_id_14261/L-6,21-09-2013 17:12:08,1397
tl_M14261_C14596_L-6.xml,drilldown/pl_id_14261/L-6,16-09-2013 09:58:32,2273
tl_M14261_C14598_L-6.xml,drilldown/pl_id_14261/L-6,06-07-2013 17:11:56,1081
tl_M14261_C14600_L-6.xml,drilldown/pl_id_14261/L-6,17-06-2013 07:54:14,616
tl_M14261_C14601_L-6.xml,drilldown/pl_id_14261/L-6,23-03-2013 17:11:32,889
tl_M14261_C14607_L-6.xml,drilldown/pl_id_14261/L-6,31-08-2013 17:11:56,894
tl_M14261_C14608_L-6.xml,drilldown/pl_id_14261/L-6,31-08-2013 17:11:56,1613
tl_M14261_C14609_L-6.xml,drilldown/pl_id_14261/L-6,17-08-2013 17:12:02,246
tl_M14261_C14611_L-6.xml,drilldown/pl_id_14261/L-6,01-06-2013 17:11:48,490
tl_M14261_C14612_L-6.xml,drilldown/pl_id_14261/L-6,01-06-2013 17:11:48,870
tl_M14261_C14614_L-6.xml,drilldown/pl_id_14261/L-6,31-08-2013 17:11:56,606
tl_M14261_C14615_L-6.xml,drilldown/pl_id_14261/L-6,21-09-2013 17:12:08,708
tl_M14261_C14618_L-6.xml,drilldown/pl_id_14261/L-6,16-09-2013 09:58:32,626
tl_M14261_C14620_L-6.xml,drilldown/pl_id_14261/L-6,20-07-2013 17:12:00,1064
tl_M14261_C14621_L-6.xml,drilldown/pl_id_14261/L-6,20-07-2013 17:12:00,956
tl_M14261_C14627_L-6.xml,drilldown/pl_id_14261/L-6,16-09-2013 09:58:32,823
tl_M14261_C14630_L-6.xml,drilldown/pl_id_14261/L-6,16-09-2013 09:58:32,176
tl_M14261_C14631_L-6.xml,drilldown/pl_id_14261/L-6,16-09-2013 09:58:32,474
tl_M14261_C14633_L-6.xml,drilldown/pl_id_14261/L-6,20-04-2013 17:11:44,920
tl_M14261_C14635_L-6.xml,drilldown/pl_id_14261/L-6,16-09-2013 09:58:32,112
tl_M14261_C14641_L-6.xml,drilldown/pl_id_14261/L-6,16-09-2013 09:58:32,500
tl_M14261_C14643_L-6.xml,drilldown/pl_id_14261/L-6,20-04-2013 17:11:44,2339
tl_M14261_C14645_L-6.xml,drilldown/pl_id_14261/L-6,31-08-2013 17:11:56,522
tl_M14261_C14646_L-6.xml,drilldown/pl_id_14261/L-6,16-09-2013 09:58:32,512
tl_M14261_C14649_L-6.xml,drilldown/pl_id_14261/L-6,16-09-2013 09:58:32,516
tl_M14261_C14650_L-6.xml,drilldown/pl_id_14261/L-6,16-09-2013 09:58:32,906
tl_M14261_C14652_L-6.xml,drilldown/pl_id_14261/L-6,23-03-2013 17:11:32,854
tl_M14261_C14653_L-6.xml,drilldown/pl_id_14261/L-6,07-09-2013 17:12:08,2588
tl_M14261_C14655_L-6.xml,drilldown/pl_id_14261/L-6,01-06-2013 17:11:48,1025
tl_M14261_C14659_L-6.xml,drilldown/pl_id_14261/L-6,29-06-2013 17:11:56,1940
tl_M14261_C14662_L-6.xml,drilldown/pl_id_14261/L-6,08-06-2013 17:11:48,488
tl_M14261_C14663_L-6.xml,drilldown/pl_id_14261/L-6,29-04-2013 17:12:42,418
tl_M14261_C14666_L-6.xml,drilldown/pl_id_14261/L-6,07-05-2013 09:21:08,1955
tl_M14261_C14668_L-6.xml,drilldown/pl_id_14261/L-6,01-06-2013 17:11:48,1106
tl_M14261_C14675_L-6.xml,drilldown/pl_id_14261/L-6,06-07-2013 17:11:56,1142
tl_M14261_C14682_L-6.xml,drilldown/pl_id_14261/L-6,06-07-2013 17:11:56,570
tl_M14261_C14685_L-6.xml,drilldown/pl_id_14261/L-6,16-09-2013 09:58:32,142
tl_M14261_C14687_L-6.xml,drilldown/pl_id_14261/L-6,21-09-2013 17:12:08,142
tl_M14261_C14696_L-6.xml,drilldown/pl_id_14261/L-6,16-09-2013 09:58:32,1322
tl_M14261_C14697_L-6.xml,drilldown/pl_id_14261/L-6,16-09-2013 09:58:32,1313
tl_M14261_C14698_L-6.xml,drilldown/pl_id_14261/L-6,21-09-2013 17:12:08,652
tl_M14261_C14699_L-6.xml,drilldown/pl_id_14261/L-6,16-09-2013 09:58:32,354
tl_M14261_C14804_L-6.xml,drilldown/pl_id_14261/L-6,29-06-2013 17:11:56,1064
tl_M14261_C14810_L-6.xml,drilldown/pl_id_14261/L-6,06-07-2013 17:11:56,352
tl_M14261_C14811_L-6.xml,drilldown/pl_id_14261/L-6,20-04-2013 17:11:44,138
tl_M14261_C14821_L-6.xml,drilldown/pl_id_14261/L-6,29-04-2013 17:12:42,166
tl_M14261_C14862_L-6.xml,drilldown/pl_id_14261/L-6,08-06-2013 17:11:48,232
cat_M1687_C12400_L-6.xml,drilldown/pl_id_1687/L-6,07-09-2013 17:12:08,2558
cat_M1687_C12674_L-6.xml,drilldown/pl_id_1687/L-6,07-09-2013 17:12:08,2558
cat_M1687_C12675_L-6.xml,drilldown/pl_id_1687/L-6,07-09-2013 17:12:08,2558
cat_M1687_C12679_L-6.xml,drilldown/pl_id_1687/L-6,07-09-2013 17:12:08,1076
cat_M1687_C12730_L-6.xml,drilldown/pl_id_1687/L-6,17-08-2013 17:12:02,4758
cat_M1687_C12773_L-6.xml,drilldown/pl_id_1687/L-6,20-07-2013 17:12:00,1638
cat_M1687_C12778_L-6.xml,drilldown/pl_id_1687/L-6,07-09-2013 17:12:08,2558
cat_M1687_C12779_L-6.xml,drilldown/pl_id_1687/L-6,07-09-2013 17:12:08,2557
cat_M1687_C12783_L-6.xml,drilldown/pl_id_1687/L-6,07-09-2013 17:12:08,1076
cat_M1687_C12786_L-6.xml,drilldown/pl_id_1687/L-6,25-05-2013 17:11:48,1423
cat_M1687_C12787_L-6.xml,drilldown/pl_id_1687/L-6,25-05-2013 17:11:48,1422
cat_M1687_C12796_L-6.xml,drilldown/pl_id_1687/L-6,30-03-2013 17:11:52,2195
cat_M1687_C13323_L-6.xml,drilldown/pl_id_1687/L-6,23-03-2013 17:11:32,704
cat_M1687_C13631_L-6.xml,drilldown/pl_id_1687/L-6,20-07-2013 17:12:00,1639
cat_M1687_C13661_L-6.xml,drilldown/pl_id_1687/L-6,30-03-2013 17:11:52,1251
cat_M1687_C13701_L-6.xml,drilldown/pl_id_1687/L-6,29-04-2013 17:12:42,5723
cat_M1687_C13711_L-6.xml,drilldown/pl_id_1687/L-6,20-04-2013 17:11:44,4484
cat_M1687_C13718_L-6.xml,drilldown/pl_id_1687/L-6,20-07-2013 17:12:00,1639
cat_M1687_C13720_L-6.xml,drilldown/pl_id_1687/L-6,30-03-2013 17:11:52,1739
cat_M1687_C13725_L-6.xml,drilldown/pl_id_1687/L-6,30-03-2013 17:11:52,1814
cat_M1687_C13726_L-6.xml,drilldown/pl_id_1687/L-6,30-03-2013 17:11:52,1813
cat_M1687_C13727_L-6.xml,drilldown/pl_id_1687/L-6,30-03-2013 17:11:52,1813
cat_M1687_C13728_L-6.xml,drilldown/pl_id_1687/L-6,30-03-2013 17:11:52,1814
cat_M1687_C13730_L-6.xml,drilldown/pl_id_1687/L-6,30-03-2013 17:11:52,1075
cat_M1687_C13731_L-6.xml,drilldown/pl_id_1687/L-6,30-03-2013 17:11:52,1075
cat_M1687_C13733_L-6.xml,drilldown/pl_id_1687/L-6,27-07-2013 17:12:04,1268
cat_M1687_C13742_L-6.xml,drilldown/pl_id_1687/L-6,25-05-2013 17:11:48,1422
cat_M1687_C13743_L-6.xml,drilldown/pl_id_1687/L-6,23-03-2013 17:11:32,1554
cat_M1687_C13763_L-6.xml,drilldown/pl_id_1687/L-6,13-04-2013 17:11:38,1099
cat_M1687_C13860_L-6.xml,drilldown/pl_id_1687/L-6,30-03-2013 17:11:52,1252
cat_M1687_C13861_L-6.xml,drilldown/pl_id_1687/L-6,30-03-2013 17:11:52,1739
cat_M1687_C13890_L-6.xml,drilldown/pl_id_1687/L-6,08-06-2013 17:11:48,3915
cat_M1687_C13891_L-6.xml,drilldown/pl_id_1687/L-6,08-06-2013 17:11:48,3915
cat_M1687_C13892_L-6.xml,drilldown/pl_id_1687/L-6,08-06-2013 17:11:48,3915
cat_M1687_C13893_L-6.xml,drilldown/pl_id_1687/L-6,08-06-2013 17:11:48,3915
cat_M1687_C13920_L-6.xml,drilldown/pl_id_1687/L-6,08-06-2013 17:11:48,3914
cat_M1687_C13921_L-6.xml,drilldown/pl_id_1687/L-6,08-06-2013 17:11:48,3915
cat_M1687_C13922_L-6.xml,drilldown/pl_id_1687/L-6,08-06-2013 17:11:48,3915
cat_M1687_C13941_L-6.xml,drilldown/pl_id_1687/L-6,07-09-2013 17:12:08,2557
cat_M1687_C14021_L-6.xml,drilldown/pl_id_1687/L-6,07-09-2013 17:12:08,2557
cat_M1687_C14041_L-6.xml,drilldown/pl_id_1687/L-6,25-05-2013 17:11:48,1419
cat_M1687_C14070_L-6.xml,drilldown/pl_id_1687/L-6,20-07-2013 17:12:00,1639
cat_M1687_C14105_L-6.xml,drilldown/pl_id_1687/L-6,27-07-2013 17:12:04,5981
cat_M1687_C14165_L-6.xml,drilldown/pl_id_1687/L-6,13-07-2013 17:11:56,2128
cat_M1687_C14169_L-6.xml,drilldown/pl_id_1687/L-6,30-03-2013 17:11:54,1738
cat_M1687_C14170_L-6.xml,drilldown/pl_id_1687/L-6,30-03-2013 17:11:54,1738
cat_M1687_C14171_L-6.xml,drilldown/pl_id_1687/L-6,30-03-2013 17:11:54,1738
cat_M1687_C14173_L-6.xml,drilldown/pl_id_1687/L-6,08-06-2013 17:11:48,3914
cat_M1687_C14174_L-6.xml,drilldown/pl_id_1687/L-6,16-03-2013 17:11:36,996
cat_M1687_C14177_L-6.xml,drilldown/pl_id_1687/L-6,30-03-2013 17:11:54,2195
cat_M1687_C14178_L-6.xml,drilldown/pl_id_1687/L-6,30-03-2013 17:11:54,2194
cat_M1687_C14179_L-6.xml,drilldown/pl_id_1687/L-6,30-03-2013 17:11:54,1814
cat_M1687_C14182_L-6.xml,drilldown/pl_id_1687/L-6,30-03-2013 17:11:54,1075
cat_M1687_C14211_L-6.xml,drilldown/pl_id_1687/L-6,29-04-2013 17:12:42,710
cat_M1687_C14250_L-6.xml,drilldown/pl_id_1687/L-6,23-03-2013 17:11:32,763
cat_M1687_C14790_L-6.xml,drilldown/pl_id_1687/L-6,13-07-2013 17:11:56,900
cat_M1687_C14791_L-6.xml,drilldown/pl_id_1687/L-6,30-03-2013 17:11:54,2129
cat_M1687_C14792_L-6.xml,drilldown/pl_id_1687/L-6,30-03-2013 17:11:54,1308
cat_M1687_C14793_L-6.xml,drilldown/pl_id_1687/L-6,30-03-2013 17:11:54,1308
cat_M1687_C14794_L-6.xml,drilldown/pl_id_1687/L-6,21-09-2013 17:12:08,710
cat_M1687_C14795_L-6.xml,drilldown/pl_id_1687/L-6,30-03-2013 17:11:54,2194
cat_M1687_C14796_L-6.xml,drilldown/pl_id_1687/L-6,29-04-2013 17:12:42,2195
cat_M1687_C14797_L-6.xml,drilldown/pl_id_1687/L-6,30-03-2013 17:11:54,2194
cat_M1687_C14798_L-6.xml,drilldown/pl_id_1687/L-6,29-04-2013 17:12:42,1814
cat_M1687_C14799_L-6.xml,drilldown/pl_id_1687/L-6,20-04-2013 17:11:44,1076
cat_M1687_C14800_L-6.xml,drilldown/pl_id_1687/L-6,13-04-2013 17:11:38,1100
cat_M1687_C14801_L-6.xml,drilldown/pl_id_1687/L-6,13-04-2013 17:11:38,1100
cat_M1687_C14830_L-6.xml,drilldown/pl_id_1687/L-6,17-06-2013 07:54:14,738
cat_M1687_C14831_L-6.xml,drilldown/pl_id_1687/L-6,11-05-2013 17:11:42,2797
cat_M1687_C14832_L-6.xml,drilldown/pl_id_1687/L-6,11-05-2013 17:11:42,2797
cat_M1687_C14833_L-6.xml,drilldown/pl_id_1687/L-6,13-07-2013 17:11:56,2800
cat_M1687_C14834_L-6.xml,drilldown/pl_id_1687/L-6,11-05-2013 17:11:42,2797
cat_M1687_C14835_L-6.xml,drilldown/pl_id_1687/L-6,11-05-2013 17:11:42,2797
cat_M1687_C14836_L-6.xml,drilldown/pl_id_1687/L-6,11-05-2013 17:11:42,2797
cat_M1687_C14860_L-6.xml,drilldown/pl_id_1687/L-6,13-07-2013 17:11:56,3913
cat_M1687_C14861_L-6.xml,drilldown/pl_id_1687/L-6,13-07-2013 17:11:56,3913
cat_M1687_C14880_L-6.xml,drilldown/pl_id_1687/L-6,20-07-2013 17:12:00,1635
cat_M1687_C14950_L-6.xml,drilldown/pl_id_1687/L-6,24-08-2013 17:12:00,1217
cat_M1687_C14951_L-6.xml,drilldown/pl_id_1687/L-6,24-08-2013 17:12:00,1217
cat_M1687_C14952_L-6.xml,drilldown/pl_id_1687/L-6,07-09-2013 17:12:08,2554
cat_M1687_C14970_L-6.xml,drilldown/pl_id_1687/L-6,07-09-2013 17:12:08,2554
cat_M1687_C14971_L-6.xml,drilldown/pl_id_1687/L-6,07-09-2013 17:12:08,2554
cat_M1687_C14972_L-6.xml,drilldown/pl_id_1687/L-6,07-09-2013 17:12:08,879
cat_M1687_C14973_L-6.xml,drilldown/pl_id_1687/L-6,07-09-2013 17:12:08,1075
cat_M1687_C1748_L-6.xml,drilldown/pl_id_1687/L-6,30-03-2013 17:11:54,1251
cat_M1687_C1802_L-6.xml,drilldown/pl_id_1687/L-6,30-03-2013 17:11:54,1308
cat_M1687_C1803_L-6.xml,drilldown/pl_id_1687/L-6,30-03-2013 17:11:54,1308
cat_M1687_C1805_L-6.xml,drilldown/pl_id_1687/L-6,30-03-2013 17:11:54,1024
cat_M1687_C1816_L-6.xml,drilldown/pl_id_1687/L-6,30-03-2013 17:11:54,2129
cat_M1687_C1831_L-6.xml,drilldown/pl_id_1687/L-6,30-03-2013 17:11:54,900
cat_M1687_C1841_L-6.xml,drilldown/pl_id_1687/L-6,30-03-2013 17:11:54,2130
cat_M1687_C1842_L-6.xml,drilldown/pl_id_1687/L-6,30-03-2013 17:11:54,2130
cat_M1687_C1870_L-6.xml,drilldown/pl_id_1687/L-6,24-08-2013 17:12:00,1218
cat_M1687_C1871_L-6.xml,drilldown/pl_id_1687/L-6,24-08-2013 17:12:00,1218
cat_M1687_C1900_L-6.xml,drilldown/pl_id_1687/L-6,30-03-2013 17:11:54,696
cat_M1687_C1915_L-6.xml,drilldown/pl_id_1687/L-6,07-09-2013 17:12:08,882
cat_M1687_C1923_L-6.xml,drilldown/pl_id_1687/L-6,30-03-2013 17:11:54,2194
cat_M1687_C1931_L-6.xml,drilldown/pl_id_1687/L-6,30-03-2013 17:11:54,505
cat_M1687_C1966_L-6.xml,drilldown/pl_id_1687/L-6,30-03-2013 17:11:54,2195
cat_M1687_C1984_L-6.xml,drilldown/pl_id_1687/L-6,30-03-2013 17:11:54,1739
cat_M1687_C1985_L-6.xml,drilldown/pl_id_1687/L-6,30-03-2013 17:11:54,1739
cat_M1687_C2003_L-6.xml,drilldown/pl_id_1687/L-6,11-05-2013 17:11:42,2801
cat_M1687_C2008_L-6.xml,drilldown/pl_id_1687/L-6,27-07-2013 17:12:04,1992
cat_M1687_C2046_L-6.xml,drilldown/pl_id_1687/L-6,25-05-2013 17:11:48,1422
cat_M1687_C2056_L-6.xml,drilldown/pl_id_1687/L-6,20-07-2013 17:12:00,1639
cat_M1687_C2087_L-6.xml,drilldown/pl_id_1687/L-6,30-03-2013 17:11:54,2195
cat_M1687_C2094_L-6.xml,drilldown/pl_id_1687/L-6,30-03-2013 17:11:54,2130
cat_M1687_C2095_L-6.xml,drilldown/pl_id_1687/L-6,30-03-2013 17:11:54,2130
cat_M1687_C2098_L-6.xml,drilldown/pl_id_1687/L-6,30-03-2013 17:11:54,2129
cat_M1687_C2101_L-6.xml,drilldown/pl_id_1687/L-6,08-06-2013 17:11:48,3915
cat_M1687_C2102_L-6.xml,drilldown/pl_id_1687/L-6,08-06-2013 17:11:48,3915
cat_M1687_C2116_L-6.xml,drilldown/pl_id_1687/L-6,11-05-2013 17:11:42,739
cat_M1687_C2127_L-6.xml,drilldown/pl_id_1687/L-6,30-03-2013 17:11:54,2129
cat_M1687_C2135_L-6.xml,drilldown/pl_id_1687/L-6,30-03-2013 17:11:54,2130
cat_M1687_C2145_L-6.xml,drilldown/pl_id_1687/L-6,30-03-2013 17:11:54,1251
cat_M1687_C2154_L-6.xml,drilldown/pl_id_1687/L-6,30-03-2013 17:11:54,1251
cat_M1687_C2165_L-6.xml,drilldown/pl_id_1687/L-6,30-03-2013 17:11:54,1252
cat_M1687_C2168_L-6.xml,drilldown/pl_id_1687/L-6,11-05-2013 17:11:42,2800
cat_M1687_C2169_L-6.xml,drilldown/pl_id_1687/L-6,11-05-2013 17:11:42,2800
cat_M1687_C2177_L-6.xml,drilldown/pl_id_1687/L-6,30-03-2013 17:11:54,1739
cat_M1687_C2190_L-6.xml,drilldown/pl_id_1687/L-6,08-06-2013 17:11:48,3915
cat_M1687_C2191_L-6.xml,drilldown/pl_id_1687/L-6,08-06-2013 17:11:48,3914
cat_M1687_C2192_L-6.xml,drilldown/pl_id_1687/L-6,08-06-2013 17:11:48,3915
Itm_M1687_C12430_I2_L-6.xml,drilldown/pl_id_1687/L-6,16-09-2013 09:58:32,137
Itm_M1687_C12542_I1_L-6.xml,drilldown/pl_id_1687/L-6,07-09-2013 17:12:08,2226
Itm_M1687_C12542_I5_L-6.xml,drilldown/pl_id_1687/L-6,07-09-2013 17:12:08,2426
Itm_M1687_C12542_I6_L-6.xml,drilldown/pl_id_1687/L-6,07-09-2013 17:12:08,1928
Itm_M1687_C12543_I0_L-6.xml,drilldown/pl_id_1687/L-6,07-09-2013 17:12:08,1770
Itm_M1687_C12581_I2_L-6.xml,drilldown/pl_id_1687/L-6,17-08-2013 17:12:02,993
Itm_M1687_C12672_I2_L-6.xml,drilldown/pl_id_1687/L-6,17-08-2013 17:12:02,464
Itm_M1687_C12673_I3_L-6.xml,drilldown/pl_id_1687/L-6,17-08-2013 17:12:02,1016
Itm_M1687_C12679_I1_L-6.xml,drilldown/pl_id_1687/L-6,07-09-2013 17:12:08,9978
Itm_M1687_C12679_I3_L-6.xml,drilldown/pl_id_1687/L-6,31-08-2013 17:11:56,267
Itm_M1687_C12680_I1_L-6.xml,drilldown/pl_id_1687/L-6,17-08-2013 17:12:02,776
Itm_M1687_C12680_I2_L-6.xml,drilldown/pl_id_1687/L-6,17-08-2013 17:12:02,784
Itm_M1687_C12680_I3_L-6.xml,drilldown/pl_id_1687/L-6,21-09-2013 17:12:08,136
Itm_M1687_C12680_I4_L-6.xml,drilldown/pl_id_1687/L-6,16-09-2013 09:58:32,390
Itm_M1687_C12680_I5_L-6.xml,drilldown/pl_id_1687/L-6,07-09-2013 17:12:08,254
Itm_M1687_C12680_I6_L-6.xml,drilldown/pl_id_1687/L-6,16-09-2013 09:58:32,144
Itm_M1687_C12680_I7_L-6.xml,drilldown/pl_id_1687/L-6,24-08-2013 17:12:00,138
Itm_M1687_C12691_I9_L-6.xml,drilldown/pl_id_1687/L-6,17-08-2013 17:12:02,318
Itm_M1687_C12697_I1_L-6.xml,drilldown/pl_id_1687/L-6,07-09-2013 17:12:08,494
Itm_M1687_C12697_I2_L-6.xml,drilldown/pl_id_1687/L-6,21-09-2013 17:12:08,136
Itm_M1687_C12697_I3_L-6.xml,drilldown/pl_id_1687/L-6,16-09-2013 09:58:32,200
Itm_M1687_C12697_I4_L-6.xml,drilldown/pl_id_1687/L-6,07-09-2013 17:12:08,695
Itm_M1687_C12697_I5_L-6.xml,drilldown/pl_id_1687/L-6,21-09-2013 17:12:08,228
Itm_M1687_C12697_I6_L-6.xml,drilldown/pl_id_1687/L-6,21-09-2013 17:12:08,136
Itm_M1687_C12697_I7_L-6.xml,drilldown/pl_id_1687/L-6,16-09-2013 09:58:32,228
Itm_M1687_C12698_I4_L-6.xml,drilldown/pl_id_1687/L-6,10-08-2013 17:12:00,460
Itm_M1687_C12700_I5_L-6.xml,drilldown/pl_id_1687/L-6,21-09-2013 17:12:08,138
Itm_M1687_C12703_I2_L-6.xml,drilldown/pl_id_1687/L-6,16-09-2013 09:58:32,137
Itm_M1687_C12703_I3_L-6.xml,drilldown/pl_id_1687/L-6,16-09-2013 09:58:32,138
Itm_M1687_C12703_I4_L-6.xml,drilldown/pl_id_1687/L-6,21-09-2013 17:12:08,136
Itm_M1687_C12703_I5_L-6.xml,drilldown/pl_id_1687/L-6,21-09-2013 17:12:08,313
Itm_M1687_C12703_I6_L-6.xml,drilldown/pl_id_1687/L-6,21-09-2013 17:12:08,229
Itm_M1687_C12703_I7_L-6.xml,drilldown/pl_id_1687/L-6,10-08-2013 17:12:00,223
Itm_M1687_C12710_I1_L-6.xml,drilldown/pl_id_1687/L-6,17-08-2013 17:12:02,1049
Itm_M1687_C12710_I2_L-6.xml,drilldown/pl_id_1687/L-6,17-08-2013 17:12:02,607
Itm_M1687_C12710_I3_L-6.xml,drilldown/pl_id_1687/L-6,17-08-2013 17:12:02,607
Itm_M1687_C12710_I4_L-6.xml,drilldown/pl_id_1687/L-6,21-09-2013 17:12:08,144
Itm_M1687_C12710_I5_L-6.xml,drilldown/pl_id_1687/L-6,24-08-2013 17:12:00,138
Itm_M1687_C12710_I6_L-6.xml,drilldown/pl_id_1687/L-6,17-08-2013 17:12:02,516
Itm_M1687_C12710_I7_L-6.xml,drilldown/pl_id_1687/L-6,17-08-2013 17:12:02,1082
Itm_M1687_C12711_I3_L-6.xml,drilldown/pl_id_1687/L-6,17-08-2013 17:12:02,2427
Itm_M1687_C12711_I4_L-6.xml,drilldown/pl_id_1687/L-6,17-08-2013 17:12:02,2529
Itm_M1687_C12711_I7_L-6.xml,drilldown/pl_id_1687/L-6,17-08-2013 17:12:02,492
Itm_M1687_C12711_I8_L-6.xml,drilldown/pl_id_1687/L-6,17-08-2013 17:12:02,650
Itm_M1687_C12711_I9_L-6.xml,drilldown/pl_id_1687/L-6,17-08-2013 17:12:02,1425
Itm_M1687_C12714_I7_L-6.xml,drilldown/pl_id_1687/L-6,17-08-2013 17:12:02,689
Itm_M1687_C12715_I1_L-6.xml,drilldown/pl_id_1687/L-6,31-08-2013 17:11:56,2568
Itm_M1687_C12716_I1_L-6.xml,drilldown/pl_id_1687/L-6,17-08-2013 17:12:02,739
Itm_M1687_C12716_I2_L-6.xml,drilldown/pl_id_1687/L-6,27-07-2013 17:12:04,496
Itm_M1687_C12716_I3_L-6.xml,drilldown/pl_id_1687/L-6,27-07-2013 17:12:04,616
Itm_M1687_C12716_I5_L-6.xml,drilldown/pl_id_1687/L-6,27-07-2013 17:12:04,480
Itm_M1687_C12716_I6_L-6.xml,drilldown/pl_id_1687/L-6,27-07-2013 17:12:04,927
Itm_M1687_C12718_I1_L-6.xml,drilldown/pl_id_1687/L-6,08-06-2013 17:11:48,3732
Itm_M1687_C12718_I2_L-6.xml,drilldown/pl_id_1687/L-6,17-08-2013 17:12:02,1328
Itm_M1687_C12719_I1_L-6.xml,drilldown/pl_id_1687/L-6,17-08-2013 17:12:02,2509
Itm_M1687_C12721_I1_L-6.xml,drilldown/pl_id_1687/L-6,17-08-2013 17:12:02,378
Itm_M1687_C12722_I11_L-6.xml,drilldown/pl_id_1687/L-6,17-08-2013 17:12:02,507
Itm_M1687_C12722_I1_L-6.xml,drilldown/pl_id_1687/L-6,17-08-2013 17:12:02,1428
Itm_M1687_C12722_I32_L-6.xml,drilldown/pl_id_1687/L-6,17-08-2013 17:12:02,856
Itm_M1687_C12723_I1_L-6.xml,drilldown/pl_id_1687/L-6,17-08-2013 17:12:02,471
Itm_M1687_C12724_I1_L-6.xml,drilldown/pl_id_1687/L-6,17-08-2013 17:12:02,324
Itm_M1687_C12724_I7_L-6.xml,drilldown/pl_id_1687/L-6,17-08-2013 17:12:02,324
Itm_M1687_C12724_I8_L-6.xml,drilldown/pl_id_1687/L-6,17-08-2013 17:12:02,192
Itm_M1687_C12724_I9_L-6.xml,drilldown/pl_id_1687/L-6,17-08-2013 17:12:02,192
Itm_M1687_C12725_I16_L-6.xml,drilldown/pl_id_1687/L-6,17-08-2013 17:12:02,329
Itm_M1687_C12725_I1_L-6.xml,drilldown/pl_id_1687/L-6,07-09-2013 17:12:08,472
Itm_M1687_C12725_I2_L-6.xml,drilldown/pl_id_1687/L-6,07-09-2013 17:12:08,192
Itm_M1687_C12725_I8_L-6.xml,drilldown/pl_id_1687/L-6,17-08-2013 17:12:02,620
Itm_M1687_C12726_I2_L-6.xml,drilldown/pl_id_1687/L-6,17-08-2013 17:12:02,418
Itm_M1687_C12727_I17_L-6.xml,drilldown/pl_id_1687/L-6,17-08-2013 17:12:02,508
Itm_M1687_C12727_I6_L-6.xml,drilldown/pl_id_1687/L-6,16-09-2013 09:58:32,138
Itm_M1687_C12728_I12_L-6.xml,drilldown/pl_id_1687/L-6,07-09-2013 17:12:08,332
Itm_M1687_C12728_I13_L-6.xml,drilldown/pl_id_1687/L-6,17-08-2013 17:12:02,528
Itm_M1687_C12728_I14_L-6.xml,drilldown/pl_id_1687/L-6,17-08-2013 17:12:02,327
Itm_M1687_C12728_I8_L-6.xml,drilldown/pl_id_1687/L-6,17-08-2013 17:12:02,1195
Itm_M1687_C12729_I1_L-6.xml,drilldown/pl_id_1687/L-6,17-08-2013 17:12:02,1742
Itm_M1687_C12729_I2_L-6.xml,drilldown/pl_id_1687/L-6,17-08-2013 17:12:02,2228
Itm_M1687_C12729_I4_L-6.xml,drilldown/pl_id_1687/L-6,17-08-2013 17:12:02,2294
Itm_M1687_C12729_I6_L-6.xml,drilldown/pl_id_1687/L-6,17-08-2013 17:12:02,1843
Itm_M1687_C12730_I10_L-6.xml,drilldown/pl_id_1687/L-6,17-08-2013 17:12:02,295
Itm_M1687_C12730_I11_L-6.xml,drilldown/pl_id_1687/L-6,17-08-2013 17:12:02,670
Itm_M1687_C12730_I1_L-6.xml,drilldown/pl_id_1687/L-6,17-08-2013 17:12:02,856
Itm_M1687_C12730_I3_L-6.xml,drilldown/pl_id_1687/L-6,31-08-2013 17:11:56,1103
Itm_M1687_C12730_I4_L-6.xml,drilldown/pl_id_1687/L-6,17-08-2013 17:12:02,702
Itm_M1687_C12730_I5_L-6.xml,drilldown/pl_id_1687/L-6,17-08-2013 17:12:02,539
Itm_M1687_C12730_I6_L-6.xml,drilldown/pl_id_1687/L-6,17-08-2013 17:12:02,702
Itm_M1687_C12730_I7_L-6.xml,drilldown/pl_id_1687/L-6,17-08-2013 17:12:02,856
Itm_M1687_C12730_I8_L-6.xml,drilldown/pl_id_1687/L-6,17-08-2013 17:12:02,824
Itm_M1687_C12730_I9_L-6.xml,drilldown/pl_id_1687/L-6,17-08-2013 17:12:02,545
Itm_M1687_C12731_I1_L-6.xml,drilldown/pl_id_1687/L-6,17-08-2013 17:12:02,739
Itm_M1687_C12731_I2_L-6.xml,drilldown/pl_id_1687/L-6,21-09-2013 17:12:08,151
Itm_M1687_C12731_I5_L-6.xml,drilldown/pl_id_1687/L-6,17-08-2013 17:12:02,468
Itm_M1687_C12731_I6_L-6.xml,drilldown/pl_id_1687/L-6,21-09-2013 17:12:08,139
Itm_M1687_C12732_I1_L-6.xml,drilldown/pl_id_1687/L-6,17-08-2013 17:12:02,414
Itm_M1687_C12733_I1_L-6.xml,drilldown/pl_id_1687/L-6,17-08-2013 17:12:02,412
Itm_M1687_C12734_I2_L-6.xml,drilldown/pl_id_1687/L-6,17-08-2013 17:12:02,498
Itm_M1687_C12736_I1_L-6.xml,drilldown/pl_id_1687/L-6,17-08-2013 17:12:02,930
Itm_M1687_C12736_I4_L-6.xml,drilldown/pl_id_1687/L-6,17-08-2013 17:12:02,472
Itm_M1687_C12738_I0_L-6.xml,drilldown/pl_id_1687/L-6,07-09-2013 17:12:08,551
Itm_M1687_C12738_I4_L-6.xml,drilldown/pl_id_1687/L-6,07-09-2013 17:12:08,1436
Itm_M1687_C12738_I5_L-6.xml,drilldown/pl_id_1687/L-6,24-08-2013 17:12:00,303
Itm_M1687_C12739_I1_L-6.xml,drilldown/pl_id_1687/L-6,07-09-2013 17:12:08,516
Itm_M1687_C12739_I3_L-6.xml,drilldown/pl_id_1687/L-6,07-09-2013 17:12:08,516
Itm_M1687_C12739_I4_L-6.xml,drilldown/pl_id_1687/L-6,07-09-2013 17:12:08,498
Itm_M1687_C12740_I4_L-6.xml,drilldown/pl_id_1687/L-6,07-09-2013 17:12:08,888
Itm_M1687_C12741_I10_L-6.xml,drilldown/pl_id_1687/L-6,21-09-2013 17:12:08,195
Itm_M1687_C12741_I6_L-6.xml,drilldown/pl_id_1687/L-6,07-09-2013 17:12:08,978
Itm_M1687_C12742_I6_L-6.xml,drilldown/pl_id_1687/L-6,07-09-2013 17:12:08,546
Itm_M1687_C12743_I1_L-6.xml,drilldown/pl_id_1687/L-6,06-07-2013 17:11:56,1612
Itm_M1687_C12743_I5_L-6.xml,drilldown/pl_id_1687/L-6,10-08-2013 17:12:00,324
Itm_M1687_C12744_I3_L-6.xml,drilldown/pl_id_1687/L-6,21-09-2013 17:12:08,137
Itm_M1687_C12745_I0_L-6.xml,drilldown/pl_id_1687/L-6,16-09-2013 09:58:32,1940
Itm_M1687_C12745_I1_L-6.xml,drilldown/pl_id_1687/L-6,16-09-2013 09:58:32,4057
Itm_M1687_C12745_I2_L-6.xml,drilldown/pl_id_1687/L-6,25-05-2013 17:11:48,1702
Itm_M1687_C12745_I4_L-6.xml,drilldown/pl_id_1687/L-6,25-05-2013 17:11:48,922
Itm_M1687_C12745_I6_L-6.xml,drilldown/pl_id_1687/L-6,16-09-2013 09:58:32,209
Itm_M1687_C12746_I0_L-6.xml,drilldown/pl_id_1687/L-6,16-09-2013 09:58:32,2008
Itm_M1687_C12746_I1_L-6.xml,drilldown/pl_id_1687/L-6,16-09-2013 09:58:32,2700
Itm_M1687_C12746_I2_L-6.xml,drilldown/pl_id_1687/L-6,25-05-2013 17:11:48,2748
Itm_M1687_C12746_I4_L-6.xml,drilldown/pl_id_1687/L-6,25-05-2013 17:11:48,1004
Itm_M1687_C12746_I6_L-6.xml,drilldown/pl_id_1687/L-6,16-09-2013 09:58:32,283
Itm_M1687_C12747_I1_L-6.xml,drilldown/pl_id_1687/L-6,20-07-2013 17:12:00,802
Itm_M1687_C12747_I2_L-6.xml,drilldown/pl_id_1687/L-6,16-09-2013 09:58:32,497
Itm_M1687_C12747_I4_L-6.xml,drilldown/pl_id_1687/L-6,16-09-2013 09:58:32,324
Itm_M1687_C12747_I7_L-6.xml,drilldown/pl_id_1687/L-6,16-09-2013 09:58:32,497
Itm_M1687_C12748_I16_L-6.xml,drilldown/pl_id_1687/L-6,16-09-2013 09:58:32,141
Itm_M1687_C12748_I17_L-6.xml,drilldown/pl_id_1687/L-6,10-08-2013 17:12:00,295
Itm_M1687_C12749_I4_L-6.xml,drilldown/pl_id_1687/L-6,16-09-2013 09:58:32,139
Itm_M1687_C12750_I18_L-6.xml,drilldown/pl_id_1687/L-6,20-07-2013 17:12:00,397
Itm_M1687_C12751_I0_L-6.xml,drilldown/pl_id_1687/L-6,21-09-2013 17:12:08,521
Itm_M1687_C12759_I3_L-6.xml,drilldown/pl_id_1687/L-6,16-03-2013 17:11:36,139
Itm_M1687_C12761_I4_L-6.xml,drilldown/pl_id_1687/L-6,29-06-2013 17:11:56,279
Itm_M1687_C12764_I1_L-6.xml,drilldown/pl_id_1687/L-6,16-09-2013 09:58:32,406
Itm_M1687_C12765_I1_L-6.xml,drilldown/pl_id_1687/L-6,16-09-2013 09:58:32,859
Itm_M1687_C12766_I0_L-6.xml,drilldown/pl_id_1687/L-6,07-09-2013 17:12:08,486
Itm_M1687_C12766_I1_L-6.xml,drilldown/pl_id_1687/L-6,07-09-2013 17:12:08,3068
Itm_M1687_C12766_I5_L-6.xml,drilldown/pl_id_1687/L-6,07-09-2013 17:12:08,3622
Itm_M1687_C12766_I6_L-6.xml,drilldown/pl_id_1687/L-6,07-09-2013 17:12:08,584
Itm_M1687_C12767_I0_L-6.xml,drilldown/pl_id_1687/L-6,07-09-2013 17:12:08,767
Itm_M1687_C12767_I11_L-6.xml,drilldown/pl_id_1687/L-6,07-09-2013 17:12:08,358
Itm_M1687_C12767_I1_L-6.xml,drilldown/pl_id_1687/L-6,07-09-2013 17:12:08,1756
Itm_M1687_C12767_I4_L-6.xml,drilldown/pl_id_1687/L-6,07-09-2013 17:12:08,214
Itm_M1687_C12768_I5_L-6.xml,drilldown/pl_id_1687/L-6,16-09-2013 09:58:32,1204
Itm_M1687_C12773_I1_L-6.xml,drilldown/pl_id_1687/L-6,07-09-2013 17:12:08,663
Itm_M1687_C12773_I2_L-6.xml,drilldown/pl_id_1687/L-6,07-09-2013 17:12:08,663
Itm_M1687_C12773_I3_L-6.xml,drilldown/pl_id_1687/L-6,07-09-2013 17:12:08,607
Itm_M1687_C12774_I10_L-6.xml,drilldown/pl_id_1687/L-6,21-09-2013 17:12:08,139
Itm_M1687_C12774_I12_L-6.xml,drilldown/pl_id_1687/L-6,16-09-2013 09:58:32,139
Itm_M1687_C12774_I13_L-6.xml,drilldown/pl_id_1687/L-6,21-09-2013 17:12:08,140
Itm_M1687_C12774_I15_L-6.xml,drilldown/pl_id_1687/L-6,21-09-2013 17:12:08,239
Itm_M1687_C12774_I16_L-6.xml,drilldown/pl_id_1687/L-6,21-09-2013 17:12:08,465
Itm_M1687_C12774_I17_L-6.xml,drilldown/pl_id_1687/L-6,16-09-2013 09:58:32,465
Itm_M1687_C12774_I18_L-6.xml,drilldown/pl_id_1687/L-6,21-09-2013 17:12:08,139
Itm_M1687_C12774_I19_L-6.xml,drilldown/pl_id_1687/L-6,21-09-2013 17:12:08,251
Itm_M1687_C12774_I1_L-6.xml,drilldown/pl_id_1687/L-6,21-09-2013 17:12:08,3387
Itm_M1687_C12774_I20_L-6.xml,drilldown/pl_id_1687/L-6,16-09-2013 09:58:32,139
Itm_M1687_C12774_I2_L-6.xml,drilldown/pl_id_1687/L-6,07-09-2013 17:12:08,1201
Itm_M1687_C12774_I3_L-6.xml,drilldown/pl_id_1687/L-6,16-09-2013 09:58:32,137
Itm_M1687_C12774_I4_L-6.xml,drilldown/pl_id_1687/L-6,21-09-2013 17:12:08,137
Itm_M1687_C12774_I6_L-6.xml,drilldown/pl_id_1687/L-6,21-09-2013 17:12:08,137
Itm_M1687_C12774_I8_L-6.xml,drilldown/pl_id_1687/L-6,21-09-2013 17:12:08,137
Itm_M1687_C12774_I9_L-6.xml,drilldown/pl_id_1687/L-6,21-09-2013 17:12:08,137
Itm_M1687_C12775_I10_L-6.xml,drilldown/pl_id_1687/L-6,21-09-2013 17:12:08,139
Itm_M1687_C12775_I12_L-6.xml,drilldown/pl_id_1687/L-6,21-09-2013 17:12:08,139
Itm_M1687_C12775_I13_L-6.xml,drilldown/pl_id_1687/L-6,21-09-2013 17:12:08,139
Itm_M1687_C12775_I15_L-6.xml,drilldown/pl_id_1687/L-6,21-09-2013 17:12:08,239
Itm_M1687_C12775_I16_L-6.xml,drilldown/pl_id_1687/L-6,31-08-2013 17:11:56,465
Itm_M1687_C12775_I17_L-6.xml,drilldown/pl_id_1687/L-6,16-09-2013 09:58:32,465
Itm_M1687_C12775_I18_L-6.xml,drilldown/pl_id_1687/L-6,21-09-2013 17:12:08,139
Itm_M1687_C12775_I19_L-6.xml,drilldown/pl_id_1687/L-6,21-09-2013 17:12:08,251
Itm_M1687_C12775_I20_L-6.xml,drilldown/pl_id_1687/L-6,21-09-2013 17:12:08,139
Itm_M1687_C12775_I3_L-6.xml,drilldown/pl_id_1687/L-6,16-09-2013 09:58:32,137
Itm_M1687_C12775_I4_L-6.xml,drilldown/pl_id_1687/L-6,21-09-2013 17:12:08,137
Itm_M1687_C12775_I6_L-6.xml,drilldown/pl_id_1687/L-6,31-08-2013 17:11:56,137
Itm_M1687_C12775_I8_L-6.xml,drilldown/pl_id_1687/L-6,31-08-2013 17:11:56,137
Itm_M1687_C12775_I9_L-6.xml,drilldown/pl_id_1687/L-6,21-09-2013 17:12:08,137
Itm_M1687_C12776_I2_L-6.xml,drilldown/pl_id_1687/L-6,07-09-2013 17:12:08,321
Itm_M1687_C12777_I1_L-6.xml,drilldown/pl_id_1687/L-6,01-06-2013 17:11:48,945
Itm_M1687_C12777_I2_L-6.xml,drilldown/pl_id_1687/L-6,13-07-2013 17:11:56,990
Itm_M1687_C12778_I1_L-6.xml,drilldown/pl_id_1687/L-6,07-09-2013 17:12:08,88424
Itm_M1687_C12778_I2_L-6.xml,drilldown/pl_id_1687/L-6,17-08-2013 17:12:02,9535
Itm_M1687_C12779_I1_L-6.xml,drilldown/pl_id_1687/L-6,07-09-2013 17:12:08,46926
Itm_M1687_C12780_I1_L-6.xml,drilldown/pl_id_1687/L-6,07-09-2013 17:12:08,25457
Itm_M1687_C12781_I2_L-6.xml,drilldown/pl_id_1687/L-6,29-06-2013 17:11:56,4486
Itm_M1687_C12782_I1_L-6.xml,drilldown/pl_id_1687/L-6,08-04-2013 20:27:16,12082
Itm_M1687_C12782_I3_L-6.xml,drilldown/pl_id_1687/L-6,08-04-2013 20:27:16,7851
Itm_M1687_C12783_I0_L-6.xml,drilldown/pl_id_1687/L-6,07-09-2013 17:12:08,4035
Itm_M1687_C12783_I1_L-6.xml,drilldown/pl_id_1687/L-6,07-09-2013 17:12:08,58501
Itm_M1687_C12783_I3_L-6.xml,drilldown/pl_id_1687/L-6,07-09-2013 17:12:08,320
Itm_M1687_C12784_I0_L-6.xml,drilldown/pl_id_1687/L-6,07-09-2013 17:12:08,736
Itm_M1687_C12784_I1_L-6.xml,drilldown/pl_id_1687/L-6,07-09-2013 17:12:08,1510
Itm_M1687_C12785_I1_L-6.xml,drilldown/pl_id_1687/L-6,07-09-2013 17:12:08,1113
Itm_M1687_C12786_I3_L-6.xml,drilldown/pl_id_1687/L-6,16-03-2013 17:11:36,749
Itm_M1687_C12786_I7_L-6.xml,drilldown/pl_id_1687/L-6,07-09-2013 17:12:08,316
Itm_M1687_C12787_I1_L-6.xml,drilldown/pl_id_1687/L-6,07-09-2013 17:12:08,452
Itm_M1687_C12796_I1_L-6.xml,drilldown/pl_id_1687/L-6,01-06-2013 17:11:48,1204
Itm_M1687_C12803_I2_L-6.xml,drilldown/pl_id_1687/L-6,27-07-2013 17:12:04,653
Itm_M1687_C12803_I3_L-6.xml,drilldown/pl_id_1687/L-6,27-07-2013 17:12:04,606
Itm_M1687_C12803_I4_L-6.xml,drilldown/pl_id_1687/L-6,27-07-2013 17:12:04,738
Itm_M1687_C12803_I6_L-6.xml,drilldown/pl_id_1687/L-6,27-07-2013 17:12:04,498
Itm_M1687_C12803_I7_L-6.xml,drilldown/pl_id_1687/L-6,27-07-2013 17:12:04,737
Itm_M1687_C12804_I4_L-6.xml,drilldown/pl_id_1687/L-6,17-08-2013 17:12:02,378
Itm_M1687_C12806_I4_L-6.xml,drilldown/pl_id_1687/L-6,08-04-2013 20:27:16,497
Itm_M1687_C12807_I3_L-6.xml,drilldown/pl_id_1687/L-6,16-03-2013 17:11:36,139
Itm_M1687_C12807_I5_L-6.xml,drilldown/pl_id_1687/L-6,20-04-2013 17:11:44,494
Itm_M1687_C12807_I9_L-6.xml,drilldown/pl_id_1687/L-6,29-04-2013 17:12:42,139
Itm_M1687_C12810_I5_L-6.xml,drilldown/pl_id_1687/L-6,17-08-2013 17:12:02,968
Itm_M1687_C13322_I2_L-6.xml,drilldown/pl_id_1687/L-6,17-08-2013 17:12:02,279
Itm_M1687_C13322_I4_L-6.xml,drilldown/pl_id_1687/L-6,07-09-2013 17:12:08,333
Itm_M1687_C13372_I1_L-6.xml,drilldown/pl_id_1687/L-6,17-08-2013 17:12:02,497
Itm_M1687_C13420_I2_L-6.xml,drilldown/pl_id_1687/L-6,21-09-2013 17:12:08,14937
Itm_M1687_C13430_I2_L-6.xml,drilldown/pl_id_1687/L-6,06-07-2013 17:11:56,13772
Itm_M1687_C13471_I7_L-6.xml,drilldown/pl_id_1687/L-6,07-09-2013 17:12:08,291
Itm_M1687_C13472_I0_L-6.xml,drilldown/pl_id_1687/L-6,16-09-2013 09:58:32,835
Itm_M1687_C13472_I2_L-6.xml,drilldown/pl_id_1687/L-6,16-09-2013 09:58:32,567
Itm_M1687_C13472_I4_L-6.xml,drilldown/pl_id_1687/L-6,16-09-2013 09:58:32,394
Itm_M1687_C13474_I5_L-6.xml,drilldown/pl_id_1687/L-6,29-04-2013 17:12:42,418
Itm_M1687_C13475_I0_L-6.xml,drilldown/pl_id_1687/L-6,16-09-2013 09:58:32,471
Itm_M1687_C13531_I4_L-6.xml,drilldown/pl_id_1687/L-6,27-07-2013 17:12:04,236
Itm_M1687_C13532_I1_L-6.xml,drilldown/pl_id_1687/L-6,17-08-2013 17:12:02,1581
Itm_M1687_C13532_I2_L-6.xml,drilldown/pl_id_1687/L-6,17-08-2013 17:12:02,879
Itm_M1687_C13533_I1_L-6.xml,drilldown/pl_id_1687/L-6,17-08-2013 17:12:02,1084
Itm_M1687_C13540_I6_L-6.xml,drilldown/pl_id_1687/L-6,17-08-2013 17:12:02,505
Itm_M1687_C13541_I1_L-6.xml,drilldown/pl_id_1687/L-6,17-08-2013 17:12:02,2139
Itm_M1687_C13541_I2_L-6.xml,drilldown/pl_id_1687/L-6,17-08-2013 17:12:02,2608
Itm_M1687_C13542_I1_L-6.xml,drilldown/pl_id_1687/L-6,17-08-2013 17:12:02,744
Itm_M1687_C13543_I5_L-6.xml,drilldown/pl_id_1687/L-6,21-09-2013 17:12:08,139
Itm_M1687_C13544_I1_L-6.xml,drilldown/pl_id_1687/L-6,17-08-2013 17:12:02,1920
Itm_M1687_C13544_I2_L-6.xml,drilldown/pl_id_1687/L-6,17-08-2013 17:12:02,822
Itm_M1687_C13550_I2_L-6.xml,drilldown/pl_id_1687/L-6,17-08-2013 17:12:02,691
Itm_M1687_C13550_I6_L-6.xml,drilldown/pl_id_1687/L-6,17-08-2013 17:12:02,1295
Itm_M1687_C13551_I1_L-6.xml,drilldown/pl_id_1687/L-6,17-08-2013 17:12:02,323
Itm_M1687_C13551_I2_L-6.xml,drilldown/pl_id_1687/L-6,17-08-2013 17:12:02,2165
Itm_M1687_C13552_I16_L-6.xml,drilldown/pl_id_1687/L-6,16-09-2013 09:58:32,233
Itm_M1687_C13610_I4_L-6.xml,drilldown/pl_id_1687/L-6,07-09-2013 17:12:08,484
Itm_M1687_C13610_I6_L-6.xml,drilldown/pl_id_1687/L-6,21-09-2013 17:12:08,529
Itm_M1687_C13621_I3_L-6.xml,drilldown/pl_id_1687/L-6,16-09-2013 09:58:32,1411
Itm_M1687_C13621_I4_L-6.xml,drilldown/pl_id_1687/L-6,16-09-2013 09:58:32,1219
Itm_M1687_C13631_I0_L-6.xml,drilldown/pl_id_1687/L-6,07-09-2013 17:12:08,498
Itm_M1687_C13631_I1_L-6.xml,drilldown/pl_id_1687/L-6,07-09-2013 17:12:08,743
Itm_M1687_C13631_I2_L-6.xml,drilldown/pl_id_1687/L-6,07-09-2013 17:12:08,608
Itm_M1687_C13631_I3_L-6.xml,drilldown/pl_id_1687/L-6,07-09-2013 17:12:08,2553
Itm_M1687_C13631_I4_L-6.xml,drilldown/pl_id_1687/L-6,16-09-2013 09:58:32,1872
Itm_M1687_C13640_I15_L-6.xml,drilldown/pl_id_1687/L-6,17-08-2013 17:12:02,240
Itm_M1687_C13641_I0_L-6.xml,drilldown/pl_id_1687/L-6,21-09-2013 17:12:08,564
Itm_M1687_C13641_I10_L-6.xml,drilldown/pl_id_1687/L-6,25-05-2013 17:11:48,1421
Itm_M1687_C13641_I1_L-6.xml,drilldown/pl_id_1687/L-6,08-04-2013 20:27:16,1039
Itm_M1687_C13641_I3_L-6.xml,drilldown/pl_id_1687/L-6,21-09-2013 17:12:08,608
Itm_M1687_C13641_I7_L-6.xml,drilldown/pl_id_1687/L-6,21-09-2013 17:12:08,1002
Itm_M1687_C13661_I1_L-6.xml,drilldown/pl_id_1687/L-6,24-08-2013 17:12:00,1195
Itm_M1687_C13661_I9_L-6.xml,drilldown/pl_id_1687/L-6,24-08-2013 17:12:00,2824
Itm_M1687_C13687_I1_L-6.xml,drilldown/pl_id_1687/L-6,17-08-2013 17:12:02,498
Itm_M1687_C13687_I2_L-6.xml,drilldown/pl_id_1687/L-6,17-08-2013 17:12:02,498
Itm_M1687_C13694_I12_L-6.xml,drilldown/pl_id_1687/L-6,17-08-2013 17:12:02,1195
Itm_M1687_C13695_I1_L-6.xml,drilldown/pl_id_1687/L-6,20-05-2013 14:09:22,534
Itm_M1687_C13695_I2_L-6.xml,drilldown/pl_id_1687/L-6,20-05-2013 14:09:22,534
Itm_M1687_C13696_I1_L-6.xml,drilldown/pl_id_1687/L-6,24-08-2013 17:12:00,498
Itm_M1687_C13697_I0_L-6.xml,drilldown/pl_id_1687/L-6,17-08-2013 17:12:02,836
Itm_M1687_C13701_I10_L-6.xml,drilldown/pl_id_1687/L-6,20-04-2013 17:11:44,463
Itm_M1687_C13707_I1_L-6.xml,drilldown/pl_id_1687/L-6,07-09-2013 17:12:08,309
Itm_M1687_C13707_I4_L-6.xml,drilldown/pl_id_1687/L-6,07-09-2013 17:12:08,516
Itm_M1687_C13707_I8_L-6.xml,drilldown/pl_id_1687/L-6,21-09-2013 17:12:08,361
Itm_M1687_C13707_I9_L-6.xml,drilldown/pl_id_1687/L-6,07-09-2013 17:12:08,309
Itm_M1687_C13709_I1_L-6.xml,drilldown/pl_id_1687/L-6,20-07-2013 17:12:00,650
Itm_M1687_C13709_I4_L-6.xml,drilldown/pl_id_1687/L-6,16-09-2013 09:58:32,498
Itm_M1687_C13710_I17_L-6.xml,drilldown/pl_id_1687/L-6,17-06-2013 07:54:14,461
Itm_M1687_C13710_I7_L-6.xml,drilldown/pl_id_1687/L-6,16-09-2013 09:58:32,594
Itm_M1687_C13711_I1_L-6.xml,drilldown/pl_id_1687/L-6,16-09-2013 09:58:32,960
Itm_M1687_C13714_I0_L-6.xml,drilldown/pl_id_1687/L-6,16-09-2013 09:58:32,206
Itm_M1687_C13714_I6_L-6.xml,drilldown/pl_id_1687/L-6,16-09-2013 09:58:32,498
Itm_M1687_C13715_I1_L-6.xml,drilldown/pl_id_1687/L-6,16-09-2013 09:58:32,819
Itm_M1687_C13716_I1_L-6.xml,drilldown/pl_id_1687/L-6,16-03-2013 17:11:36,4600
Itm_M1687_C13718_I3_L-6.xml,drilldown/pl_id_1687/L-6,21-09-2013 17:12:08,1252
Itm_M1687_C13719_I6_L-6.xml,drilldown/pl_id_1687/L-6,16-09-2013 09:58:32,840
Itm_M1687_C13720_I6_L-6.xml,drilldown/pl_id_1687/L-6,24-08-2013 17:12:00,1618
Itm_M1687_C13721_I2_L-6.xml,drilldown/pl_id_1687/L-6,21-09-2013 17:12:08,2043
Itm_M1687_C13721_I6_L-6.xml,drilldown/pl_id_1687/L-6,08-04-2013 20:27:16,1938
Itm_M1687_C13724_I14_L-6.xml,drilldown/pl_id_1687/L-6,29-06-2013 17:11:56,2363
Itm_M1687_C13724_I15_L-6.xml,drilldown/pl_id_1687/L-6,24-08-2013 17:12:00,3511
Itm_M1687_C13724_I2_L-6.xml,drilldown/pl_id_1687/L-6,16-09-2013 09:58:32,450
Itm_M1687_C13725_I21_L-6.xml,drilldown/pl_id_1687/L-6,20-04-2013 17:11:44,454
Itm_M1687_C13725_I4_L-6.xml,drilldown/pl_id_1687/L-6,21-09-2013 17:12:08,188
Itm_M1687_C13726_I13_L-6.xml,drilldown/pl_id_1687/L-6,16-09-2013 09:58:32,656
Itm_M1687_C13727_I12_L-6.xml,drilldown/pl_id_1687/L-6,16-09-2013 09:58:32,484
Itm_M1687_C13727_I4_L-6.xml,drilldown/pl_id_1687/L-6,16-09-2013 09:58:32,188
Itm_M1687_C13728_I22_L-6.xml,drilldown/pl_id_1687/L-6,24-08-2013 17:12:00,1253
Itm_M1687_C13728_I29_L-6.xml,drilldown/pl_id_1687/L-6,07-09-2013 17:12:08,488
Itm_M1687_C13729_I3_L-6.xml,drilldown/pl_id_1687/L-6,21-09-2013 17:12:08,3328
Itm_M1687_C13729_I4_L-6.xml,drilldown/pl_id_1687/L-6,21-09-2013 17:12:08,139
Itm_M1687_C13729_I5_L-6.xml,drilldown/pl_id_1687/L-6,21-09-2013 17:12:08,139
Itm_M1687_C13733_I3_L-6.xml,drilldown/pl_id_1687/L-6,17-06-2013 07:54:14,912
Itm_M1687_C13733_I6_L-6.xml,drilldown/pl_id_1687/L-6,17-06-2013 07:54:14,316
Itm_M1687_C13734_I1_L-6.xml,drilldown/pl_id_1687/L-6,25-05-2013 17:11:48,843
Itm_M1687_C13740_I5_L-6.xml,drilldown/pl_id_1687/L-6,17-06-2013 07:54:14,309
Itm_M1687_C13743_I1_L-6.xml,drilldown/pl_id_1687/L-6,20-04-2013 17:11:44,2713
Itm_M1687_C13743_I5_L-6.xml,drilldown/pl_id_1687/L-6,31-08-2013 17:11:56,138
Itm_M1687_C13751_I16_L-6.xml,drilldown/pl_id_1687/L-6,17-08-2013 17:12:02,844
Itm_M1687_C13751_I1_L-6.xml,drilldown/pl_id_1687/L-6,17-08-2013 17:12:02,608
Itm_M1687_C13751_I5_L-6.xml,drilldown/pl_id_1687/L-6,17-08-2013 17:12:02,626
Itm_M1687_C13751_I8_L-6.xml,drilldown/pl_id_1687/L-6,06-07-2013 17:11:56,429
Itm_M1687_C13763_I1_L-6.xml,drilldown/pl_id_1687/L-6,08-06-2013 17:11:48,5800
Itm_M1687_C13763_I2_L-6.xml,drilldown/pl_id_1687/L-6,06-07-2013 17:11:56,5800
Itm_M1687_C13763_I3_L-6.xml,drilldown/pl_id_1687/L-6,13-04-2013 17:11:38,303
Itm_M1687_C13800_I1_L-6.xml,drilldown/pl_id_1687/L-6,08-06-2013 17:11:48,3296
Itm_M1687_C13800_I5_L-6.xml,drilldown/pl_id_1687/L-6,08-06-2013 17:11:48,491
Itm_M1687_C13800_I6_L-6.xml,drilldown/pl_id_1687/L-6,31-08-2013 17:11:56,138
Itm_M1687_C13820_I15_L-6.xml,drilldown/pl_id_1687/L-6,16-09-2013 09:58:32,151
Itm_M1687_C13820_I1_L-6.xml,drilldown/pl_id_1687/L-6,07-09-2013 17:12:08,1118
Itm_M1687_C13820_I2_L-6.xml,drilldown/pl_id_1687/L-6,21-09-2013 17:12:08,136
Itm_M1687_C13820_I8_L-6.xml,drilldown/pl_id_1687/L-6,07-09-2013 17:12:08,618
Itm_M1687_C13850_I1_L-6.xml,drilldown/pl_id_1687/L-6,17-08-2013 17:12:02,3492
Itm_M1687_C13850_I2_L-6.xml,drilldown/pl_id_1687/L-6,27-07-2013 17:12:04,3492
Itm_M1687_C13850_I3_L-6.xml,drilldown/pl_id_1687/L-6,29-04-2013 17:12:42,3240
Itm_M1687_C13850_I4_L-6.xml,drilldown/pl_id_1687/L-6,13-04-2013 17:11:38,2515
Itm_M1687_C13850_I5_L-6.xml,drilldown/pl_id_1687/L-6,22-06-2013 17:11:52,3157
Itm_M1687_C13860_I2_L-6.xml,drilldown/pl_id_1687/L-6,21-09-2013 17:12:08,20757
Itm_M1687_C13860_I4_L-6.xml,drilldown/pl_id_1687/L-6,30-03-2013 17:11:54,13147
Itm_M1687_C13860_I5_L-6.xml,drilldown/pl_id_1687/L-6,30-03-2013 17:11:54,17260
Itm_M1687_C13860_I9_L-6.xml,drilldown/pl_id_1687/L-6,16-09-2013 09:58:32,138
Itm_M1687_C13861_I0_L-6.xml,drilldown/pl_id_1687/L-6,21-09-2013 17:12:08,1011
Itm_M1687_C13861_I11_L-6.xml,drilldown/pl_id_1687/L-6,07-09-2013 17:12:08,2418
Itm_M1687_C13861_I1_L-6.xml,drilldown/pl_id_1687/L-6,21-09-2013 17:12:08,10726
Itm_M1687_C13861_I3_L-6.xml,drilldown/pl_id_1687/L-6,24-08-2013 17:12:00,16043
Itm_M1687_C13861_I4_L-6.xml,drilldown/pl_id_1687/L-6,24-08-2013 17:12:00,9246
Itm_M1687_C13861_I5_L-6.xml,drilldown/pl_id_1687/L-6,30-03-2013 17:11:54,1907
Itm_M1687_C13861_I8_L-6.xml,drilldown/pl_id_1687/L-6,30-03-2013 17:11:54,7812
Itm_M1687_C13861_I9_L-6.xml,drilldown/pl_id_1687/L-6,30-03-2013 17:11:54,14458
Itm_M1687_C13870_I4_L-6.xml,drilldown/pl_id_1687/L-6,16-09-2013 09:58:32,5812
Itm_M1687_C13890_I1_L-6.xml,drilldown/pl_id_1687/L-6,30-03-2013 17:11:54,96098
Itm_M1687_C13890_I2_L-6.xml,drilldown/pl_id_1687/L-6,30-03-2013 17:11:54,15023
Itm_M1687_C13890_I3_L-6.xml,drilldown/pl_id_1687/L-6,17-08-2013 17:12:02,4968
Itm_M1687_C13890_I4_L-6.xml,drilldown/pl_id_1687/L-6,30-03-2013 17:11:54,9043
Itm_M1687_C13891_I1_L-6.xml,drilldown/pl_id_1687/L-6,30-03-2013 17:11:54,96677
Itm_M1687_C13891_I2_L-6.xml,drilldown/pl_id_1687/L-6,30-03-2013 17:11:54,15023
Itm_M1687_C13891_I3_L-6.xml,drilldown/pl_id_1687/L-6,17-08-2013 17:12:02,4968
Itm_M1687_C13891_I4_L-6.xml,drilldown/pl_id_1687/L-6,30-03-2013 17:11:54,9043
Itm_M1687_C13892_I1_L-6.xml,drilldown/pl_id_1687/L-6,30-03-2013 17:11:54,19688
Itm_M1687_C13892_I2_L-6.xml,drilldown/pl_id_1687/L-6,30-03-2013 17:11:54,13729
Itm_M1687_C13892_I3_L-6.xml,drilldown/pl_id_1687/L-6,17-08-2013 17:12:02,2062
Itm_M1687_C13941_I0_L-6.xml,drilldown/pl_id_1687/L-6,21-09-2013 17:12:08,4185
Itm_M1687_C13941_I1_L-6.xml,drilldown/pl_id_1687/L-6,21-09-2013 17:12:08,89098
Itm_M1687_C13942_I1_L-6.xml,drilldown/pl_id_1687/L-6,07-09-2013 17:12:08,764
Itm_M1687_C13943_I1_L-6.xml,drilldown/pl_id_1687/L-6,07-09-2013 17:12:08,910
Itm_M1687_C13943_I2_L-6.xml,drilldown/pl_id_1687/L-6,07-09-2013 17:12:08,4049
Itm_M1687_C14020_I1_L-6.xml,drilldown/pl_id_1687/L-6,07-09-2013 17:12:08,309
Itm_M1687_C14020_I2_L-6.xml,drilldown/pl_id_1687/L-6,07-09-2013 17:12:08,237
Itm_M1687_C14020_I3_L-6.xml,drilldown/pl_id_1687/L-6,07-09-2013 17:12:08,249
Itm_M1687_C14021_I0_L-6.xml,drilldown/pl_id_1687/L-6,07-09-2013 17:12:08,5128
Itm_M1687_C14021_I1_L-6.xml,drilldown/pl_id_1687/L-6,07-09-2013 17:12:08,87234
Itm_M1687_C14023_I2_L-6.xml,drilldown/pl_id_1687/L-6,07-09-2013 17:12:08,14814
Itm_M1687_C14041_I1_L-6.xml,drilldown/pl_id_1687/L-6,07-09-2013 17:12:08,1056
Itm_M1687_C14041_I2_L-6.xml,drilldown/pl_id_1687/L-6,07-09-2013 17:12:08,431
Itm_M1687_C14070_I1_L-6.xml,drilldown/pl_id_1687/L-6,07-09-2013 17:12:08,611
Itm_M1687_C14070_I2_L-6.xml,drilldown/pl_id_1687/L-6,07-09-2013 17:12:08,671
Itm_M1687_C14070_I3_L-6.xml,drilldown/pl_id_1687/L-6,07-09-2013 17:12:08,611
Itm_M1687_C14070_I4_L-6.xml,drilldown/pl_id_1687/L-6,21-09-2013 17:12:08,1144
Itm_M1687_C14070_I6_L-6.xml,drilldown/pl_id_1687/L-6,16-09-2013 09:58:32,138
Itm_M1687_C14082_I1_L-6.xml,drilldown/pl_id_1687/L-6,17-08-2013 17:12:02,915
Itm_M1687_C14082_I2_L-6.xml,drilldown/pl_id_1687/L-6,17-08-2013 17:12:02,763
Itm_M1687_C14082_I6_L-6.xml,drilldown/pl_id_1687/L-6,17-08-2013 17:12:02,534
Itm_M1687_C14082_I7_L-6.xml,drilldown/pl_id_1687/L-6,17-08-2013 17:12:02,952
Itm_M1687_C14083_I3_L-6.xml,drilldown/pl_id_1687/L-6,22-06-2013 17:11:52,571
Itm_M1687_C14083_I4_L-6.xml,drilldown/pl_id_1687/L-6,22-06-2013 17:11:52,673
Itm_M1687_C14083_I7_L-6.xml,drilldown/pl_id_1687/L-6,17-08-2013 17:12:02,510
Itm_M1687_C14083_I8_L-6.xml,drilldown/pl_id_1687/L-6,17-08-2013 17:12:02,668
Itm_M1687_C14089_I1_L-6.xml,drilldown/pl_id_1687/L-6,17-08-2013 17:12:02,628
Itm_M1687_C14089_I2_L-6.xml,drilldown/pl_id_1687/L-6,17-08-2013 17:12:02,808
Itm_M1687_C14091_I7_L-6.xml,drilldown/pl_id_1687/L-6,17-08-2013 17:12:02,707
Itm_M1687_C14092_I1_L-6.xml,drilldown/pl_id_1687/L-6,17-08-2013 17:12:02,641
Itm_M1687_C14093_I1_L-6.xml,drilldown/pl_id_1687/L-6,17-08-2013 17:12:02,1056
Itm_M1687_C14095_I1_L-6.xml,drilldown/pl_id_1687/L-6,17-08-2013 17:12:02,498
Itm_M1687_C14095_I4_L-6.xml,drilldown/pl_id_1687/L-6,27-07-2013 17:12:04,309
Itm_M1687_C14096_I3_L-6.xml,drilldown/pl_id_1687/L-6,27-07-2013 17:12:04,363
Itm_M1687_C14096_I4_L-6.xml,drilldown/pl_id_1687/L-6,27-07-2013 17:12:04,429
Itm_M1687_C14096_I7_L-6.xml,drilldown/pl_id_1687/L-6,27-07-2013 17:12:04,429
Itm_M1687_C14097_I20_L-6.xml,drilldown/pl_id_1687/L-6,17-08-2013 17:12:02,1195
Itm_M1687_C14099_I1_L-6.xml,drilldown/pl_id_1687/L-6,17-08-2013 17:12:02,608
Itm_M1687_C14099_I2_L-6.xml,drilldown/pl_id_1687/L-6,17-08-2013 17:12:02,608
Itm_M1687_C14100_I0_L-6.xml,drilldown/pl_id_1687/L-6,17-08-2013 17:12:02,511
Itm_M1687_C14101_I1_L-6.xml,drilldown/pl_id_1687/L-6,17-08-2013 17:12:02,1850
Itm_M1687_C14102_I1_L-6.xml,drilldown/pl_id_1687/L-6,17-08-2013 17:12:02,1000
Itm_M1687_C14103_I0_L-6.xml,drilldown/pl_id_1687/L-6,17-08-2013 17:12:02,710
Itm_M1687_C14104_I0_L-6.xml,drilldown/pl_id_1687/L-6,17-08-2013 17:12:02,469
Itm_M1687_C14104_I4_L-6.xml,drilldown/pl_id_1687/L-6,17-08-2013 17:12:02,461
Itm_M1687_C14105_I7_L-6.xml,drilldown/pl_id_1687/L-6,01-06-2013 17:11:48,455
Itm_M1687_C14106_I0_L-6.xml,drilldown/pl_id_1687/L-6,17-08-2013 17:12:02,437
Itm_M1687_C14106_I2_L-6.xml,drilldown/pl_id_1687/L-6,17-08-2013 17:12:02,650
Itm_M1687_C14106_I6_L-6.xml,drilldown/pl_id_1687/L-6,31-08-2013 17:11:56,1269
Itm_M1687_C14109_I0_L-6.xml,drilldown/pl_id_1687/L-6,17-08-2013 17:12:02,333
Itm_M1687_C14112_I1_L-6.xml,drilldown/pl_id_1687/L-6,17-08-2013 17:12:02,637
Itm_M1687_C14112_I7_L-6.xml,drilldown/pl_id_1687/L-6,17-08-2013 17:12:02,637
Itm_M1687_C14112_I8_L-6.xml,drilldown/pl_id_1687/L-6,17-08-2013 17:12:02,308
Itm_M1687_C14112_I9_L-6.xml,drilldown/pl_id_1687/L-6,17-08-2013 17:12:02,308
Itm_M1687_C14113_I1_L-6.xml,drilldown/pl_id_1687/L-6,17-08-2013 17:12:02,811
Itm_M1687_C14113_I2_L-6.xml,drilldown/pl_id_1687/L-6,17-08-2013 17:12:02,324
Itm_M1687_C14113_I8_L-6.xml,drilldown/pl_id_1687/L-6,17-08-2013 17:12:02,324
Itm_M1687_C14114_I2_L-6.xml,drilldown/pl_id_1687/L-6,17-08-2013 17:12:02,216
Itm_M1687_C14115_I13_L-6.xml,drilldown/pl_id_1687/L-6,16-09-2013 09:58:32,665
Itm_M1687_C14115_I14_L-6.xml,drilldown/pl_id_1687/L-6,16-09-2013 09:58:32,653
Itm_M1687_C14116_I2_L-6.xml,drilldown/pl_id_1687/L-6,16-09-2013 09:58:32,565
Itm_M1687_C14117_I12_L-6.xml,drilldown/pl_id_1687/L-6,17-08-2013 17:12:02,141
Itm_M1687_C14118_I1_L-6.xml,drilldown/pl_id_1687/L-6,17-08-2013 17:12:02,632
Itm_M1687_C14118_I2_L-6.xml,drilldown/pl_id_1687/L-6,17-08-2013 17:12:02,1136
Itm_M1687_C14118_I4_L-6.xml,drilldown/pl_id_1687/L-6,17-08-2013 17:12:02,632
Itm_M1687_C14118_I6_L-6.xml,drilldown/pl_id_1687/L-6,17-08-2013 17:12:02,632
Itm_M1687_C14119_I10_L-6.xml,drilldown/pl_id_1687/L-6,17-08-2013 17:12:02,688
Itm_M1687_C14119_I1_L-6.xml,drilldown/pl_id_1687/L-6,17-08-2013 17:12:02,463
Itm_M1687_C14119_I3_L-6.xml,drilldown/pl_id_1687/L-6,31-08-2013 17:11:56,498
Itm_M1687_C14119_I7_L-6.xml,drilldown/pl_id_1687/L-6,17-08-2013 17:12:02,822
Itm_M1687_C14119_I9_L-6.xml,drilldown/pl_id_1687/L-6,17-08-2013 17:12:02,640
Itm_M1687_C14120_I2_L-6.xml,drilldown/pl_id_1687/L-6,17-08-2013 17:12:02,228
Itm_M1687_C14121_I0_L-6.xml,drilldown/pl_id_1687/L-6,17-08-2013 17:12:02,706
Itm_M1687_C14123_I0_L-6.xml,drilldown/pl_id_1687/L-6,17-08-2013 17:12:02,437
Itm_M1687_C14124_I1_L-6.xml,drilldown/pl_id_1687/L-6,17-08-2013 17:12:02,952
Itm_M1687_C14124_I4_L-6.xml,drilldown/pl_id_1687/L-6,17-08-2013 17:12:02,498
Itm_M1687_C14125_I7_L-6.xml,drilldown/pl_id_1687/L-6,17-08-2013 17:12:02,309
Itm_M1687_C14127_I3_L-6.xml,drilldown/pl_id_1687/L-6,07-09-2013 17:12:08,498
Itm_M1687_C14127_I5_L-6.xml,drilldown/pl_id_1687/L-6,07-09-2013 17:12:08,858
Itm_M1687_C14128_I4_L-6.xml,drilldown/pl_id_1687/L-6,07-09-2013 17:12:08,498
Itm_M1687_C14128_I8_L-6.xml,drilldown/pl_id_1687/L-6,21-09-2013 17:12:08,361
Itm_M1687_C14129_I0_L-6.xml,drilldown/pl_id_1687/L-6,07-09-2013 17:12:08,607
Itm_M1687_C14129_I10_L-6.xml,drilldown/pl_id_1687/L-6,21-09-2013 17:12:08,367
Itm_M1687_C14129_I6_L-6.xml,drilldown/pl_id_1687/L-6,07-09-2013 17:12:08,546
Itm_M1687_C14130_I6_L-6.xml,drilldown/pl_id_1687/L-6,07-05-2013 09:21:08,309
Itm_M1687_C14132_I1_L-6.xml,drilldown/pl_id_1687/L-6,25-05-2013 17:11:48,309
Itm_M1687_C14136_I13_L-6.xml,drilldown/pl_id_1687/L-6,21-09-2013 17:12:08,370
Itm_M1687_C14136_I16_L-6.xml,drilldown/pl_id_1687/L-6,29-06-2013 17:11:56,628
Itm_M1687_C14137_I3_L-6.xml,drilldown/pl_id_1687/L-6,29-06-2013 17:11:56,556
Itm_M1687_C14137_I9_L-6.xml,drilldown/pl_id_1687/L-6,21-09-2013 17:12:08,555
Itm_M1687_C14138_I3_L-6.xml,drilldown/pl_id_1687/L-6,16-09-2013 09:58:32,621
Itm_M1687_C14142_I0_L-6.xml,drilldown/pl_id_1687/L-6,16-09-2013 09:58:32,539
Itm_M1687_C14142_I2_L-6.xml,drilldown/pl_id_1687/L-6,16-09-2013 09:58:32,650
Itm_M1687_C14142_I4_L-6.xml,drilldown/pl_id_1687/L-6,06-07-2013 17:11:56,513
Itm_M1687_C14164_I8_L-6.xml,drilldown/pl_id_1687/L-6,11-05-2013 17:11:42,139
Itm_M1687_C14169_I0_L-6.xml,drilldown/pl_id_1687/L-6,24-08-2013 17:12:00,706
Itm_M1687_C14169_I11_L-6.xml,drilldown/pl_id_1687/L-6,17-08-2013 17:12:02,1434
Itm_M1687_C14169_I12_L-6.xml,drilldown/pl_id_1687/L-6,17-08-2013 17:12:02,1587
Itm_M1687_C14169_I16_L-6.xml,drilldown/pl_id_1687/L-6,16-09-2013 09:58:32,489
Itm_M1687_C14170_I0_L-6.xml,drilldown/pl_id_1687/L-6,24-08-2013 17:12:00,706
Itm_M1687_C14170_I11_L-6.xml,drilldown/pl_id_1687/L-6,17-08-2013 17:12:02,2806
Itm_M1687_C14170_I12_L-6.xml,drilldown/pl_id_1687/L-6,24-08-2013 17:12:00,3120
Itm_M1687_C14170_I16_L-6.xml,drilldown/pl_id_1687/L-6,16-09-2013 09:58:32,489
Itm_M1687_C14171_I0_L-6.xml,drilldown/pl_id_1687/L-6,24-08-2013 17:12:00,706
Itm_M1687_C14171_I11_L-6.xml,drilldown/pl_id_1687/L-6,17-08-2013 17:12:02,1282
Itm_M1687_C14171_I16_L-6.xml,drilldown/pl_id_1687/L-6,16-09-2013 09:58:32,1537
Itm_M1687_C14171_I7_L-6.xml,drilldown/pl_id_1687/L-6,07-09-2013 17:12:08,1631
Itm_M1687_C14172_I1_L-6.xml,drilldown/pl_id_1687/L-6,24-08-2013 17:12:00,1080
Itm_M1687_C14172_I2_L-6.xml,drilldown/pl_id_1687/L-6,24-08-2013 17:12:00,2110
Itm_M1687_C14173_I1_L-6.xml,drilldown/pl_id_1687/L-6,07-09-2013 17:12:08,4320
Itm_M1687_C14173_I6_L-6.xml,drilldown/pl_id_1687/L-6,17-08-2013 17:12:02,416
Itm_M1687_C14174_I0_L-6.xml,drilldown/pl_id_1687/L-6,17-08-2013 17:12:02,524
Itm_M1687_C14174_I11_L-6.xml,drilldown/pl_id_1687/L-6,16-09-2013 09:58:32,463
Itm_M1687_C14174_I13_L-6.xml,drilldown/pl_id_1687/L-6,25-05-2013 17:11:48,336
Itm_M1687_C14174_I16_L-6.xml,drilldown/pl_id_1687/L-6,11-05-2013 17:11:42,433
Itm_M1687_C14174_I1_L-6.xml,drilldown/pl_id_1687/L-6,17-08-2013 17:12:02,2036
Itm_M1687_C14174_I24_L-6.xml,drilldown/pl_id_1687/L-6,30-03-2013 17:11:54,359
Itm_M1687_C14174_I25_L-6.xml,drilldown/pl_id_1687/L-6,17-08-2013 17:12:02,389
Itm_M1687_C14174_I2_L-6.xml,drilldown/pl_id_1687/L-6,17-08-2013 17:12:02,1872
Itm_M1687_C14174_I6_L-6.xml,drilldown/pl_id_1687/L-6,21-09-2013 17:12:08,1517
Itm_M1687_C14174_I7_L-6.xml,drilldown/pl_id_1687/L-6,25-05-2013 17:11:48,1193
Itm_M1687_C14175_I0_L-6.xml,drilldown/pl_id_1687/L-6,24-08-2013 17:12:00,323
Itm_M1687_C14175_I2_L-6.xml,drilldown/pl_id_1687/L-6,08-04-2013 20:27:16,289
Itm_M1687_C14175_I8_L-6.xml,drilldown/pl_id_1687/L-6,21-09-2013 17:12:08,137
Itm_M1687_C14176_I15_L-6.xml,drilldown/pl_id_1687/L-6,21-09-2013 17:12:08,247
Itm_M1687_C14178_I11_L-6.xml,drilldown/pl_id_1687/L-6,16-09-2013 09:58:32,1268
Itm_M1687_C14180_I1_L-6.xml,drilldown/pl_id_1687/L-6,27-07-2013 17:12:04,3353
Itm_M1687_C14181_I1_L-6.xml,drilldown/pl_id_1687/L-6,17-06-2013 07:54:16,383
Itm_M1687_C14182_I2_L-6.xml,drilldown/pl_id_1687/L-6,20-04-2013 17:11:44,1157
Itm_M1687_C14182_I3_L-6.xml,drilldown/pl_id_1687/L-6,20-04-2013 17:11:44,1162
Itm_M1687_C14184_I11_L-6.xml,drilldown/pl_id_1687/L-6,16-09-2013 09:58:32,830
Itm_M1687_C14184_I13_L-6.xml,drilldown/pl_id_1687/L-6,23-03-2013 17:11:32,321
Itm_M1687_C14184_I14_L-6.xml,drilldown/pl_id_1687/L-6,23-03-2013 17:11:32,303
Itm_M1687_C14184_I15_L-6.xml,drilldown/pl_id_1687/L-6,23-03-2013 17:11:32,303
Itm_M1687_C14184_I16_L-6.xml,drilldown/pl_id_1687/L-6,07-09-2013 17:12:08,218
Itm_M1687_C14184_I4_L-6.xml,drilldown/pl_id_1687/L-6,11-05-2013 17:11:42,774
Itm_M1687_C14184_I5_L-6.xml,drilldown/pl_id_1687/L-6,11-05-2013 17:11:42,774
Itm_M1687_C14184_I6_L-6.xml,drilldown/pl_id_1687/L-6,10-08-2013 17:12:00,758
Itm_M1687_C14184_I8_L-6.xml,drilldown/pl_id_1687/L-6,21-09-2013 17:12:08,347
Itm_M1687_C14188_I4_L-6.xml,drilldown/pl_id_1687/L-6,03-08-2013 17:12:02,984
Itm_M1687_C14188_I5_L-6.xml,drilldown/pl_id_1687/L-6,03-08-2013 17:12:02,900
Itm_M1687_C14188_I6_L-6.xml,drilldown/pl_id_1687/L-6,03-08-2013 17:12:02,922
Itm_M1687_C14210_I7_L-6.xml,drilldown/pl_id_1687/L-6,07-09-2013 17:12:08,407
Itm_M1687_C14210_I8_L-6.xml,drilldown/pl_id_1687/L-6,08-06-2013 17:11:48,285
Itm_M1687_C14211_I1_L-6.xml,drilldown/pl_id_1687/L-6,23-03-2013 17:11:32,277
Itm_M1687_C14211_I2_L-6.xml,drilldown/pl_id_1687/L-6,21-09-2013 17:12:08,568
Itm_M1687_C14211_I3_L-6.xml,drilldown/pl_id_1687/L-6,08-04-2013 20:27:16,294
Itm_M1687_C14211_I4_L-6.xml,drilldown/pl_id_1687/L-6,08-04-2013 20:27:16,404
Itm_M1687_C14211_I5_L-6.xml,drilldown/pl_id_1687/L-6,08-04-2013 20:27:16,250
Itm_M1687_C14211_I6_L-6.xml,drilldown/pl_id_1687/L-6,08-04-2013 20:27:16,344
Itm_M1687_C14211_I7_L-6.xml,drilldown/pl_id_1687/L-6,29-04-2013 17:12:42,263
Itm_M1687_C14211_I8_L-6.xml,drilldown/pl_id_1687/L-6,01-06-2013 17:11:48,302
Itm_M1687_C14233_I0_L-6.xml,drilldown/pl_id_1687/L-6,21-09-2013 17:12:08,9735
Itm_M1687_C14250_I10_L-6.xml,drilldown/pl_id_1687/L-6,23-03-2013 17:11:32,562
Itm_M1687_C14250_I11_L-6.xml,drilldown/pl_id_1687/L-6,07-09-2013 17:12:08,1118
Itm_M1687_C14250_I12_L-6.xml,drilldown/pl_id_1687/L-6,23-03-2013 17:11:32,198
Itm_M1687_C14250_I13_L-6.xml,drilldown/pl_id_1687/L-6,23-03-2013 17:11:32,256
Itm_M1687_C14250_I14_L-6.xml,drilldown/pl_id_1687/L-6,07-09-2013 17:12:08,256
Itm_M1687_C14250_I15_L-6.xml,drilldown/pl_id_1687/L-6,07-09-2013 17:12:08,360
Itm_M1687_C14250_I16_L-6.xml,drilldown/pl_id_1687/L-6,07-09-2013 17:12:08,725
Itm_M1687_C14250_I19_L-6.xml,drilldown/pl_id_1687/L-6,23-03-2013 17:11:32,578
Itm_M1687_C14250_I2_L-6.xml,drilldown/pl_id_1687/L-6,07-09-2013 17:12:08,546
Itm_M1687_C14250_I5_L-6.xml,drilldown/pl_id_1687/L-6,23-03-2013 17:11:32,1156
Itm_M1687_C14250_I6_L-6.xml,drilldown/pl_id_1687/L-6,21-09-2013 17:12:08,556
Itm_M1687_C14250_I7_L-6.xml,drilldown/pl_id_1687/L-6,23-03-2013 17:11:32,683
Itm_M1687_C14250_I8_L-6.xml,drilldown/pl_id_1687/L-6,23-03-2013 17:11:32,412
Itm_M1687_C14250_I9_L-6.xml,drilldown/pl_id_1687/L-6,23-03-2013 17:11:32,1156
Itm_M1687_C14790_I10_L-6.xml,drilldown/pl_id_1687/L-6,30-03-2013 17:11:54,362
Itm_M1687_C14790_I11_L-6.xml,drilldown/pl_id_1687/L-6,07-05-2013 09:21:08,525
Itm_M1687_C14790_I12_L-6.xml,drilldown/pl_id_1687/L-6,08-06-2013 17:11:48,523
Itm_M1687_C14790_I13_L-6.xml,drilldown/pl_id_1687/L-6,30-03-2013 17:11:54,585
Itm_M1687_C14790_I1_L-6.xml,drilldown/pl_id_1687/L-6,30-03-2013 17:11:54,468
Itm_M1687_C14790_I2_L-6.xml,drilldown/pl_id_1687/L-6,30-03-2013 17:11:54,754
Itm_M1687_C14790_I3_L-6.xml,drilldown/pl_id_1687/L-6,30-03-2013 17:11:54,217
Itm_M1687_C14790_I4_L-6.xml,drilldown/pl_id_1687/L-6,30-03-2013 17:11:54,223
Itm_M1687_C14790_I5_L-6.xml,drilldown/pl_id_1687/L-6,30-03-2013 17:11:54,271
Itm_M1687_C14790_I6_L-6.xml,drilldown/pl_id_1687/L-6,30-03-2013 17:11:54,345
Itm_M1687_C14790_I7_L-6.xml,drilldown/pl_id_1687/L-6,30-03-2013 17:11:54,351
Itm_M1687_C14790_I8_L-6.xml,drilldown/pl_id_1687/L-6,30-03-2013 17:11:54,1320
Itm_M1687_C14790_I9_L-6.xml,drilldown/pl_id_1687/L-6,30-03-2013 17:11:54,368
Itm_M1687_C14791_I1_L-6.xml,drilldown/pl_id_1687/L-6,21-09-2013 17:12:08,2052
Itm_M1687_C14791_I2_L-6.xml,drilldown/pl_id_1687/L-6,30-03-2013 17:11:54,293
Itm_M1687_C14792_I10_L-6.xml,drilldown/pl_id_1687/L-6,30-03-2013 17:11:54,454
Itm_M1687_C14792_I11_L-6.xml,drilldown/pl_id_1687/L-6,30-03-2013 17:11:54,334
Itm_M1687_C14792_I12_L-6.xml,drilldown/pl_id_1687/L-6,30-03-2013 17:11:54,210
Itm_M1687_C14792_I1_L-6.xml,drilldown/pl_id_1687/L-6,30-03-2013 17:11:54,275
Itm_M1687_C14792_I2_L-6.xml,drilldown/pl_id_1687/L-6,30-03-2013 17:11:54,207
Itm_M1687_C14792_I3_L-6.xml,drilldown/pl_id_1687/L-6,30-03-2013 17:11:54,340
Itm_M1687_C14792_I4_L-6.xml,drilldown/pl_id_1687/L-6,30-03-2013 17:11:54,275
Itm_M1687_C14792_I5_L-6.xml,drilldown/pl_id_1687/L-6,30-03-2013 17:11:54,355
Itm_M1687_C14792_I6_L-6.xml,drilldown/pl_id_1687/L-6,30-03-2013 17:11:54,417
Itm_M1687_C14792_I7_L-6.xml,drilldown/pl_id_1687/L-6,30-03-2013 17:11:54,384
Itm_M1687_C14792_I8_L-6.xml,drilldown/pl_id_1687/L-6,30-03-2013 17:11:54,335
Itm_M1687_C14792_I9_L-6.xml,drilldown/pl_id_1687/L-6,30-03-2013 17:11:54,322
Itm_M1687_C14793_I10_L-6.xml,drilldown/pl_id_1687/L-6,30-03-2013 17:11:54,461
Itm_M1687_C14793_I11_L-6.xml,drilldown/pl_id_1687/L-6,30-03-2013 17:11:54,210
Itm_M1687_C14793_I12_L-6.xml,drilldown/pl_id_1687/L-6,30-03-2013 17:11:54,328
Itm_M1687_C14793_I13_L-6.xml,drilldown/pl_id_1687/L-6,30-03-2013 17:11:54,211
Itm_M1687_C14793_I14_L-6.xml,drilldown/pl_id_1687/L-6,30-03-2013 17:11:54,211
Itm_M1687_C14793_I1_L-6.xml,drilldown/pl_id_1687/L-6,30-03-2013 17:11:54,263
Itm_M1687_C14793_I2_L-6.xml,drilldown/pl_id_1687/L-6,30-03-2013 17:11:54,340
Itm_M1687_C14793_I3_L-6.xml,drilldown/pl_id_1687/L-6,30-03-2013 17:11:54,417
Itm_M1687_C14793_I4_L-6.xml,drilldown/pl_id_1687/L-6,30-03-2013 17:11:54,263
Itm_M1687_C14793_I5_L-6.xml,drilldown/pl_id_1687/L-6,30-03-2013 17:11:54,207
Itm_M1687_C14793_I6_L-6.xml,drilldown/pl_id_1687/L-6,30-03-2013 17:11:54,206
Itm_M1687_C14793_I7_L-6.xml,drilldown/pl_id_1687/L-6,30-03-2013 17:11:54,328
Itm_M1687_C14793_I8_L-6.xml,drilldown/pl_id_1687/L-6,30-03-2013 17:11:54,388
Itm_M1687_C14793_I9_L-6.xml,drilldown/pl_id_1687/L-6,30-03-2013 17:11:54,461
Itm_M1687_C14794_I10_L-6.xml,drilldown/pl_id_1687/L-6,30-03-2013 17:11:54,256
Itm_M1687_C14794_I11_L-6.xml,drilldown/pl_id_1687/L-6,30-03-2013 17:11:54,280
Itm_M1687_C14794_I12_L-6.xml,drilldown/pl_id_1687/L-6,30-03-2013 17:11:54,256
Itm_M1687_C14794_I13_L-6.xml,drilldown/pl_id_1687/L-6,30-03-2013 17:11:54,250
Itm_M1687_C14794_I14_L-6.xml,drilldown/pl_id_1687/L-6,30-03-2013 17:11:54,250
Itm_M1687_C14794_I15_L-6.xml,drilldown/pl_id_1687/L-6,30-03-2013 17:11:54,269
Itm_M1687_C14794_I16_L-6.xml,drilldown/pl_id_1687/L-6,21-09-2013 17:12:08,602
Itm_M1687_C14794_I17_L-6.xml,drilldown/pl_id_1687/L-6,21-09-2013 17:12:08,244
Itm_M1687_C14794_I18_L-6.xml,drilldown/pl_id_1687/L-6,21-09-2013 17:12:08,338
Itm_M1687_C14794_I1_L-6.xml,drilldown/pl_id_1687/L-6,21-09-2013 17:12:08,1596
Itm_M1687_C14794_I2_L-6.xml,drilldown/pl_id_1687/L-6,30-03-2013 17:11:54,240
Itm_M1687_C14794_I3_L-6.xml,drilldown/pl_id_1687/L-6,30-03-2013 17:11:54,244
Itm_M1687_C14794_I4_L-6.xml,drilldown/pl_id_1687/L-6,30-03-2013 17:11:54,416
Itm_M1687_C14794_I5_L-6.xml,drilldown/pl_id_1687/L-6,30-03-2013 17:11:54,626
Itm_M1687_C14794_I6_L-6.xml,drilldown/pl_id_1687/L-6,30-03-2013 17:11:54,236
Itm_M1687_C14794_I7_L-6.xml,drilldown/pl_id_1687/L-6,21-09-2013 17:12:08,1224
Itm_M1687_C14794_I8_L-6.xml,drilldown/pl_id_1687/L-6,30-03-2013 17:11:54,294
Itm_M1687_C14794_I9_L-6.xml,drilldown/pl_id_1687/L-6,30-03-2013 17:11:54,294
Itm_M1687_C14795_I1_L-6.xml,drilldown/pl_id_1687/L-6,30-03-2013 17:11:54,682
Itm_M1687_C14796_I1_L-6.xml,drilldown/pl_id_1687/L-6,30-03-2013 17:11:54,1201
Itm_M1687_C14796_I2_L-6.xml,drilldown/pl_id_1687/L-6,29-04-2013 17:12:42,473
Itm_M1687_C14796_I4_L-6.xml,drilldown/pl_id_1687/L-6,29-04-2013 17:12:42,263
Itm_M1687_C14797_I1_L-6.xml,drilldown/pl_id_1687/L-6,30-03-2013 17:11:54,636
Itm_M1687_C14797_I2_L-6.xml,drilldown/pl_id_1687/L-6,30-03-2013 17:11:54,462
Itm_M1687_C14797_I3_L-6.xml,drilldown/pl_id_1687/L-6,30-03-2013 17:11:54,354
Itm_M1687_C14797_I4_L-6.xml,drilldown/pl_id_1687/L-6,30-03-2013 17:11:54,363
Itm_M1687_C14797_I5_L-6.xml,drilldown/pl_id_1687/L-6,30-03-2013 17:11:54,456
Itm_M1687_C14797_I6_L-6.xml,drilldown/pl_id_1687/L-6,30-03-2013 17:11:54,462
Itm_M1687_C14797_I7_L-6.xml,drilldown/pl_id_1687/L-6,30-03-2013 17:11:54,444
Itm_M1687_C14798_I10_L-6.xml,drilldown/pl_id_1687/L-6,30-03-2013 17:11:54,341
Itm_M1687_C14798_I11_L-6.xml,drilldown/pl_id_1687/L-6,30-03-2013 17:11:54,210
Itm_M1687_C14798_I12_L-6.xml,drilldown/pl_id_1687/L-6,30-03-2013 17:11:54,554
Itm_M1687_C14798_I13_L-6.xml,drilldown/pl_id_1687/L-6,30-03-2013 17:11:54,489
Itm_M1687_C14798_I14_L-6.xml,drilldown/pl_id_1687/L-6,29-04-2013 17:12:42,398
Itm_M1687_C14798_I15_L-6.xml,drilldown/pl_id_1687/L-6,29-04-2013 17:12:42,268
Itm_M1687_C14798_I16_L-6.xml,drilldown/pl_id_1687/L-6,29-04-2013 17:12:42,216
Itm_M1687_C14798_I1_L-6.xml,drilldown/pl_id_1687/L-6,30-03-2013 17:11:54,403
Itm_M1687_C14798_I2_L-6.xml,drilldown/pl_id_1687/L-6,30-03-2013 17:11:54,373
Itm_M1687_C14798_I3_L-6.xml,drilldown/pl_id_1687/L-6,30-03-2013 17:11:54,373
Itm_M1687_C14798_I4_L-6.xml,drilldown/pl_id_1687/L-6,30-03-2013 17:11:54,1257
Itm_M1687_C14798_I5_L-6.xml,drilldown/pl_id_1687/L-6,30-03-2013 17:11:54,427
Itm_M1687_C14798_I6_L-6.xml,drilldown/pl_id_1687/L-6,30-03-2013 17:11:54,379
Itm_M1687_C14798_I7_L-6.xml,drilldown/pl_id_1687/L-6,30-03-2013 17:11:54,462
Itm_M1687_C14798_I8_L-6.xml,drilldown/pl_id_1687/L-6,30-03-2013 17:11:54,388
Itm_M1687_C14798_I9_L-6.xml,drilldown/pl_id_1687/L-6,30-03-2013 17:11:54,462
Itm_M1687_C14799_I10_L-6.xml,drilldown/pl_id_1687/L-6,30-03-2013 17:11:54,465
Itm_M1687_C14799_I11_L-6.xml,drilldown/pl_id_1687/L-6,30-03-2013 17:11:54,304
Itm_M1687_C14799_I12_L-6.xml,drilldown/pl_id_1687/L-6,30-03-2013 17:11:54,332
Itm_M1687_C14799_I13_L-6.xml,drilldown/pl_id_1687/L-6,30-03-2013 17:11:54,210
Itm_M1687_C14799_I1_L-6.xml,drilldown/pl_id_1687/L-6,30-03-2013 17:11:54,669
Itm_M1687_C14799_I2_L-6.xml,drilldown/pl_id_1687/L-6,30-03-2013 17:11:54,768
Itm_M1687_C14799_I3_L-6.xml,drilldown/pl_id_1687/L-6,30-03-2013 17:11:54,427
Itm_M1687_C14799_I4_L-6.xml,drilldown/pl_id_1687/L-6,30-03-2013 17:11:54,323
Itm_M1687_C14799_I5_L-6.xml,drilldown/pl_id_1687/L-6,30-03-2013 17:11:54,648
Itm_M1687_C14799_I6_L-6.xml,drilldown/pl_id_1687/L-6,30-03-2013 17:11:54,372
Itm_M1687_C14799_I7_L-6.xml,drilldown/pl_id_1687/L-6,30-03-2013 17:11:54,335
Itm_M1687_C14799_I8_L-6.xml,drilldown/pl_id_1687/L-6,30-03-2013 17:11:54,329
Itm_M1687_C14799_I9_L-6.xml,drilldown/pl_id_1687/L-6,30-03-2013 17:11:54,281
Itm_M1687_C14800_I10_L-6.xml,drilldown/pl_id_1687/L-6,13-04-2013 17:11:38,329
Itm_M1687_C14800_I11_L-6.xml,drilldown/pl_id_1687/L-6,13-04-2013 17:11:38,372
Itm_M1687_C14800_I12_L-6.xml,drilldown/pl_id_1687/L-6,13-04-2013 17:11:38,428
Itm_M1687_C14800_I13_L-6.xml,drilldown/pl_id_1687/L-6,13-04-2013 17:11:38,1270
Itm_M1687_C14800_I14_L-6.xml,drilldown/pl_id_1687/L-6,13-04-2013 17:11:38,258
Itm_M1687_C14800_I15_L-6.xml,drilldown/pl_id_1687/L-6,13-04-2013 17:11:38,558
Itm_M1687_C14800_I16_L-6.xml,drilldown/pl_id_1687/L-6,13-04-2013 17:11:38,852
Itm_M1687_C14800_I17_L-6.xml,drilldown/pl_id_1687/L-6,13-04-2013 17:11:38,204
Itm_M1687_C14800_I18_L-6.xml,drilldown/pl_id_1687/L-6,13-04-2013 17:11:38,319
Itm_M1687_C14800_I19_L-6.xml,drilldown/pl_id_1687/L-6,13-04-2013 17:11:38,331
Itm_M1687_C14800_I1_L-6.xml,drilldown/pl_id_1687/L-6,13-04-2013 17:11:38,2756
Itm_M1687_C14800_I20_L-6.xml,drilldown/pl_id_1687/L-6,13-04-2013 17:11:38,373
Itm_M1687_C14800_I21_L-6.xml,drilldown/pl_id_1687/L-6,13-04-2013 17:11:38,311
Itm_M1687_C14800_I22_L-6.xml,drilldown/pl_id_1687/L-6,13-04-2013 17:11:38,311
Itm_M1687_C14800_I2_L-6.xml,drilldown/pl_id_1687/L-6,13-04-2013 17:11:38,2756
Itm_M1687_C14800_I3_L-6.xml,drilldown/pl_id_1687/L-6,13-04-2013 17:11:38,364
Itm_M1687_C14800_I4_L-6.xml,drilldown/pl_id_1687/L-6,13-04-2013 17:11:38,289
Itm_M1687_C14800_I5_L-6.xml,drilldown/pl_id_1687/L-6,13-04-2013 17:11:38,428
Itm_M1687_C14800_I6_L-6.xml,drilldown/pl_id_1687/L-6,13-04-2013 17:11:38,624
Itm_M1687_C14800_I7_L-6.xml,drilldown/pl_id_1687/L-6,13-04-2013 17:11:38,610
Itm_M1687_C14800_I8_L-6.xml,drilldown/pl_id_1687/L-6,13-04-2013 17:11:38,323
Itm_M1687_C14800_I9_L-6.xml,drilldown/pl_id_1687/L-6,13-04-2013 17:11:38,798
Itm_M1687_C14801_I10_L-6.xml,drilldown/pl_id_1687/L-6,13-04-2013 17:11:38,372
Itm_M1687_C14801_I11_L-6.xml,drilldown/pl_id_1687/L-6,13-04-2013 17:11:38,1270
Itm_M1687_C14801_I12_L-6.xml,drilldown/pl_id_1687/L-6,13-04-2013 17:11:38,558
Itm_M1687_C14801_I13_L-6.xml,drilldown/pl_id_1687/L-6,13-04-2013 17:11:38,852
Itm_M1687_C14801_I14_L-6.xml,drilldown/pl_id_1687/L-6,13-04-2013 17:11:38,204
Itm_M1687_C14801_I15_L-6.xml,drilldown/pl_id_1687/L-6,13-04-2013 17:11:38,331
Itm_M1687_C14801_I16_L-6.xml,drilldown/pl_id_1687/L-6,13-04-2013 17:11:38,311
Itm_M1687_C14801_I17_L-6.xml,drilldown/pl_id_1687/L-6,13-04-2013 17:11:38,311
Itm_M1687_C14801_I18_L-6.xml,drilldown/pl_id_1687/L-6,13-04-2013 17:11:38,373
Itm_M1687_C14801_I1_L-6.xml,drilldown/pl_id_1687/L-6,13-04-2013 17:11:38,6879
Itm_M1687_C14801_I2_L-6.xml,drilldown/pl_id_1687/L-6,13-04-2013 17:11:38,6879
Itm_M1687_C14801_I3_L-6.xml,drilldown/pl_id_1687/L-6,13-04-2013 17:11:38,1150
Itm_M1687_C14801_I4_L-6.xml,drilldown/pl_id_1687/L-6,13-04-2013 17:11:38,289
Itm_M1687_C14801_I5_L-6.xml,drilldown/pl_id_1687/L-6,13-04-2013 17:11:38,428
Itm_M1687_C14801_I6_L-6.xml,drilldown/pl_id_1687/L-6,13-04-2013 17:11:38,624
Itm_M1687_C14801_I7_L-6.xml,drilldown/pl_id_1687/L-6,13-04-2013 17:11:38,783
Itm_M1687_C14801_I8_L-6.xml,drilldown/pl_id_1687/L-6,13-04-2013 17:11:38,798
Itm_M1687_C14801_I9_L-6.xml,drilldown/pl_id_1687/L-6,13-04-2013 17:11:38,424
Itm_M1687_C14830_I1_L-6.xml,drilldown/pl_id_1687/L-6,10-08-2013 17:12:00,866
Itm_M1687_C14830_I2_L-6.xml,drilldown/pl_id_1687/L-6,11-05-2013 17:11:42,345
Itm_M1687_C14831_I1_L-6.xml,drilldown/pl_id_1687/L-6,25-05-2013 17:11:48,394
Itm_M1687_C14831_I2_L-6.xml,drilldown/pl_id_1687/L-6,25-05-2013 17:11:48,320
Itm_M1687_C14831_I3_L-6.xml,drilldown/pl_id_1687/L-6,25-05-2013 17:11:48,284
Itm_M1687_C14831_I4_L-6.xml,drilldown/pl_id_1687/L-6,29-06-2013 17:11:56,434
Itm_M1687_C14832_I1_L-6.xml,drilldown/pl_id_1687/L-6,25-05-2013 17:11:48,394
Itm_M1687_C14832_I2_L-6.xml,drilldown/pl_id_1687/L-6,25-05-2013 17:11:48,320
Itm_M1687_C14832_I3_L-6.xml,drilldown/pl_id_1687/L-6,25-05-2013 17:11:48,284
Itm_M1687_C14832_I4_L-6.xml,drilldown/pl_id_1687/L-6,25-05-2013 17:11:48,211
Itm_M1687_C14832_I5_L-6.xml,drilldown/pl_id_1687/L-6,16-09-2013 09:58:32,614
Itm_M1687_C14833_I1_L-6.xml,drilldown/pl_id_1687/L-6,25-05-2013 17:11:48,394
Itm_M1687_C14833_I2_L-6.xml,drilldown/pl_id_1687/L-6,25-05-2013 17:11:48,436
Itm_M1687_C14833_I3_L-6.xml,drilldown/pl_id_1687/L-6,25-05-2013 17:11:48,430
Itm_M1687_C14833_I4_L-6.xml,drilldown/pl_id_1687/L-6,11-05-2013 17:11:42,510
Itm_M1687_C14833_I5_L-6.xml,drilldown/pl_id_1687/L-6,16-09-2013 09:58:32,139
Itm_M1687_C14833_I6_L-6.xml,drilldown/pl_id_1687/L-6,27-07-2013 17:12:04,515
Itm_M1687_C14834_I1_L-6.xml,drilldown/pl_id_1687/L-6,25-05-2013 17:11:48,394
Itm_M1687_C14834_I2_L-6.xml,drilldown/pl_id_1687/L-6,25-05-2013 17:11:48,320
Itm_M1687_C14834_I3_L-6.xml,drilldown/pl_id_1687/L-6,25-05-2013 17:11:48,284
Itm_M1687_C14834_I4_L-6.xml,drilldown/pl_id_1687/L-6,16-09-2013 09:58:32,750
Itm_M1687_C14835_I1_L-6.xml,drilldown/pl_id_1687/L-6,25-05-2013 17:11:48,329
Itm_M1687_C14835_I2_L-6.xml,drilldown/pl_id_1687/L-6,25-05-2013 17:11:48,431
Itm_M1687_C14835_I3_L-6.xml,drilldown/pl_id_1687/L-6,31-08-2013 17:11:56,395
Itm_M1687_C14835_I4_L-6.xml,drilldown/pl_id_1687/L-6,25-05-2013 17:11:48,211
Itm_M1687_C14835_I5_L-6.xml,drilldown/pl_id_1687/L-6,16-09-2013 09:58:32,1057
Itm_M1687_C14836_I1_L-6.xml,drilldown/pl_id_1687/L-6,25-05-2013 17:11:48,329
Itm_M1687_C14836_I2_L-6.xml,drilldown/pl_id_1687/L-6,31-08-2013 17:11:56,395
Itm_M1687_C14836_I3_L-6.xml,drilldown/pl_id_1687/L-6,25-05-2013 17:11:48,431
Itm_M1687_C14836_I4_L-6.xml,drilldown/pl_id_1687/L-6,25-05-2013 17:11:48,259
Itm_M1687_C14836_I5_L-6.xml,drilldown/pl_id_1687/L-6,25-05-2013 17:11:48,240
Itm_M1687_C14836_I6_L-6.xml,drilldown/pl_id_1687/L-6,16-09-2013 09:58:32,139
Itm_M1687_C14836_I7_L-6.xml,drilldown/pl_id_1687/L-6,11-05-2013 17:11:42,281
Itm_M1687_C14860_I1_L-6.xml,drilldown/pl_id_1687/L-6,07-09-2013 17:12:08,123352
Itm_M1687_C14861_I1_L-6.xml,drilldown/pl_id_1687/L-6,17-06-2013 07:54:16,121029
Itm_M1687_C14880_I1_L-6.xml,drilldown/pl_id_1687/L-6,20-07-2013 17:12:00,309
Itm_M1687_C14880_I2_L-6.xml,drilldown/pl_id_1687/L-6,20-07-2013 17:12:00,399
Itm_M1687_C14950_I10_L-6.xml,drilldown/pl_id_1687/L-6,24-08-2013 17:12:00,328
Itm_M1687_C14950_I11_L-6.xml,drilldown/pl_id_1687/L-6,24-08-2013 17:12:00,210
Itm_M1687_C14950_I12_L-6.xml,drilldown/pl_id_1687/L-6,24-08-2013 17:12:00,535
Itm_M1687_C14950_I13_L-6.xml,drilldown/pl_id_1687/L-6,24-08-2013 17:12:00,310
Itm_M1687_C14950_I14_L-6.xml,drilldown/pl_id_1687/L-6,24-08-2013 17:12:00,211
Itm_M1687_C14950_I15_L-6.xml,drilldown/pl_id_1687/L-6,24-08-2013 17:12:00,546
Itm_M1687_C14950_I1_L-6.xml,drilldown/pl_id_1687/L-6,24-08-2013 17:12:00,499
Itm_M1687_C14950_I2_L-6.xml,drilldown/pl_id_1687/L-6,24-08-2013 17:12:00,430
Itm_M1687_C14950_I3_L-6.xml,drilldown/pl_id_1687/L-6,24-08-2013 17:12:00,692
Itm_M1687_C14950_I4_L-6.xml,drilldown/pl_id_1687/L-6,24-08-2013 17:12:00,692
Itm_M1687_C14950_I5_L-6.xml,drilldown/pl_id_1687/L-6,24-08-2013 17:12:00,538
Itm_M1687_C14950_I6_L-6.xml,drilldown/pl_id_1687/L-6,24-08-2013 17:12:00,205
Itm_M1687_C14950_I7_L-6.xml,drilldown/pl_id_1687/L-6,24-08-2013 17:12:00,206
Itm_M1687_C14950_I8_L-6.xml,drilldown/pl_id_1687/L-6,24-08-2013 17:12:00,205
Itm_M1687_C14950_I9_L-6.xml,drilldown/pl_id_1687/L-6,07-09-2013 17:12:08,430
Itm_M1687_C14951_I10_L-6.xml,drilldown/pl_id_1687/L-6,24-08-2013 17:12:00,210
Itm_M1687_C14951_I11_L-6.xml,drilldown/pl_id_1687/L-6,24-08-2013 17:12:00,210
Itm_M1687_C14951_I12_L-6.xml,drilldown/pl_id_1687/L-6,24-08-2013 17:12:00,211
Itm_M1687_C14951_I13_L-6.xml,drilldown/pl_id_1687/L-6,24-08-2013 17:12:00,334
Itm_M1687_C14951_I14_L-6.xml,drilldown/pl_id_1687/L-6,24-08-2013 17:12:00,328
Itm_M1687_C14951_I15_L-6.xml,drilldown/pl_id_1687/L-6,07-09-2013 17:12:08,399
Itm_M1687_C14951_I16_L-6.xml,drilldown/pl_id_1687/L-6,24-08-2013 17:12:00,398
Itm_M1687_C14951_I17_L-6.xml,drilldown/pl_id_1687/L-6,24-08-2013 17:12:00,210
Itm_M1687_C14951_I1_L-6.xml,drilldown/pl_id_1687/L-6,24-08-2013 17:12:00,487
Itm_M1687_C14951_I2_L-6.xml,drilldown/pl_id_1687/L-6,24-08-2013 17:12:00,262
Itm_M1687_C14951_I3_L-6.xml,drilldown/pl_id_1687/L-6,24-08-2013 17:12:00,594
Itm_M1687_C14951_I4_L-6.xml,drilldown/pl_id_1687/L-6,24-08-2013 17:12:00,511
Itm_M1687_C14951_I5_L-6.xml,drilldown/pl_id_1687/L-6,24-08-2013 17:12:00,206
Itm_M1687_C14951_I6_L-6.xml,drilldown/pl_id_1687/L-6,24-08-2013 17:12:00,304
Itm_M1687_C14951_I7_L-6.xml,drilldown/pl_id_1687/L-6,24-08-2013 17:12:00,514
Itm_M1687_C14951_I8_L-6.xml,drilldown/pl_id_1687/L-6,24-08-2013 17:12:00,205
Itm_M1687_C14951_I9_L-6.xml,drilldown/pl_id_1687/L-6,24-08-2013 17:12:00,206
Itm_M1687_C14952_I1_L-6.xml,drilldown/pl_id_1687/L-6,21-09-2013 17:12:08,38375
Itm_M1687_C14970_I1_L-6.xml,drilldown/pl_id_1687/L-6,21-09-2013 17:12:08,31854
Itm_M1687_C14971_I1_L-6.xml,drilldown/pl_id_1687/L-6,21-09-2013 17:12:08,26922
Itm_M1687_C14972_I0_L-6.xml,drilldown/pl_id_1687/L-6,21-09-2013 17:12:08,608
Itm_M1687_C14973_I1_L-6.xml,drilldown/pl_id_1687/L-6,21-09-2013 17:12:08,5330
Itm_M1687_C1688_I6_L-6.xml,drilldown/pl_id_1687/L-6,31-08-2013 17:11:56,139
Itm_M1687_C1691_I15_L-6.xml,drilldown/pl_id_1687/L-6,25-05-2013 17:11:48,1587
Itm_M1687_C1691_I5_L-6.xml,drilldown/pl_id_1687/L-6,25-05-2013 17:11:48,4615
Itm_M1687_C1691_I6_L-6.xml,drilldown/pl_id_1687/L-6,20-07-2013 17:12:00,4608
Itm_M1687_C1691_I7_L-6.xml,drilldown/pl_id_1687/L-6,16-09-2013 09:58:32,1871
Itm_M1687_C1694_I7_L-6.xml,drilldown/pl_id_1687/L-6,24-08-2013 17:12:00,946
Itm_M1687_C1698_I11_L-6.xml,drilldown/pl_id_1687/L-6,24-08-2013 17:12:00,943
Itm_M1687_C1698_I3_L-6.xml,drilldown/pl_id_1687/L-6,21-09-2013 17:12:08,2743
Itm_M1687_C1698_I4_L-6.xml,drilldown/pl_id_1687/L-6,21-09-2013 17:12:08,2744
Itm_M1687_C1708_I1_L-6.xml,drilldown/pl_id_1687/L-6,27-07-2013 17:12:04,4748
Itm_M1687_C1708_I2_L-6.xml,drilldown/pl_id_1687/L-6,13-07-2013 17:11:56,726
Itm_M1687_C1708_I3_L-6.xml,drilldown/pl_id_1687/L-6,17-06-2013 07:54:16,5219
Itm_M1687_C1708_I4_L-6.xml,drilldown/pl_id_1687/L-6,30-03-2013 17:11:54,5341
Itm_M1687_C1708_I5_L-6.xml,drilldown/pl_id_1687/L-6,21-09-2013 17:12:08,1185
Itm_M1687_C1708_I6_L-6.xml,drilldown/pl_id_1687/L-6,21-09-2013 17:12:08,1191
Itm_M1687_C1711_I2_L-6.xml,drilldown/pl_id_1687/L-6,23-03-2013 17:11:32,1605
Itm_M1687_C1714_I11_L-6.xml,drilldown/pl_id_1687/L-6,17-06-2013 07:54:16,7543
Itm_M1687_C1714_I1_L-6.xml,drilldown/pl_id_1687/L-6,17-08-2013 17:12:02,6590
Itm_M1687_C1714_I9_L-6.xml,drilldown/pl_id_1687/L-6,31-08-2013 17:11:56,4265
Itm_M1687_C1715_I2_L-6.xml,drilldown/pl_id_1687/L-6,11-05-2013 17:11:42,321
Itm_M1687_C1720_I1_L-6.xml,drilldown/pl_id_1687/L-6,07-09-2013 17:12:08,37522
Itm_M1687_C1720_I2_L-6.xml,drilldown/pl_id_1687/L-6,24-08-2013 17:12:00,5179
Itm_M1687_C1721_I6_L-6.xml,drilldown/pl_id_1687/L-6,17-08-2013 17:12:02,5375
Itm_M1687_C1721_I8_L-6.xml,drilldown/pl_id_1687/L-6,25-05-2013 17:11:48,7864
Itm_M1687_C1721_I9_L-6.xml,drilldown/pl_id_1687/L-6,25-05-2013 17:11:48,8619
Itm_M1687_C1723_I0_L-6.xml,drilldown/pl_id_1687/L-6,21-09-2013 17:12:08,1024
Itm_M1687_C1723_I1_L-6.xml,drilldown/pl_id_1687/L-6,25-05-2013 17:11:48,10033
Itm_M1687_C1723_I4_L-6.xml,drilldown/pl_id_1687/L-6,07-09-2013 17:12:08,5012
Itm_M1687_C1723_I5_L-6.xml,drilldown/pl_id_1687/L-6,21-09-2013 17:12:08,56171
Itm_M1687_C1724_I7_L-6.xml,drilldown/pl_id_1687/L-6,03-08-2013 17:12:02,1516
Itm_M1687_C1726_I1_L-6.xml,drilldown/pl_id_1687/L-6,21-09-2013 17:12:08,26533
Itm_M1687_C1726_I4_L-6.xml,drilldown/pl_id_1687/L-6,08-04-2013 20:27:16,1315
Itm_M1687_C1731_I1_L-6.xml,drilldown/pl_id_1687/L-6,29-06-2013 17:11:56,9170
Itm_M1687_C1731_I2_L-6.xml,drilldown/pl_id_1687/L-6,07-09-2013 17:12:08,3603
Itm_M1687_C1731_I7_L-6.xml,drilldown/pl_id_1687/L-6,21-09-2013 17:12:08,626
Itm_M1687_C1731_I9_L-6.xml,drilldown/pl_id_1687/L-6,31-08-2013 17:11:56,1412
Itm_M1687_C1744_I1_L-6.xml,drilldown/pl_id_1687/L-6,24-08-2013 17:12:00,15327
Itm_M1687_C1746_I1_L-6.xml,drilldown/pl_id_1687/L-6,01-06-2013 17:11:48,5852
Itm_M1687_C1746_I2_L-6.xml,drilldown/pl_id_1687/L-6,30-03-2013 17:11:54,2472
Itm_M1687_C1746_I4_L-6.xml,drilldown/pl_id_1687/L-6,21-09-2013 17:12:08,14734
Itm_M1687_C1748_I3_L-6.xml,drilldown/pl_id_1687/L-6,24-08-2013 17:12:00,5176
Itm_M1687_C1748_I4_L-6.xml,drilldown/pl_id_1687/L-6,17-08-2013 17:12:02,5409
Itm_M1687_C1752_I10_L-6.xml,drilldown/pl_id_1687/L-6,17-06-2013 07:54:16,365
Itm_M1687_C1752_I11_L-6.xml,drilldown/pl_id_1687/L-6,24-08-2013 17:12:00,1042
Itm_M1687_C1759_I3_L-6.xml,drilldown/pl_id_1687/L-6,08-04-2013 20:27:16,617
Itm_M1687_C1762_I11_L-6.xml,drilldown/pl_id_1687/L-6,16-09-2013 09:58:32,823
Itm_M1687_C1762_I5_L-6.xml,drilldown/pl_id_1687/L-6,20-04-2013 17:11:44,811
Itm_M1687_C1763_I1_L-6.xml,drilldown/pl_id_1687/L-6,11-05-2013 17:11:42,1496
Itm_M1687_C1763_I2_L-6.xml,drilldown/pl_id_1687/L-6,07-09-2013 17:12:08,850
Itm_M1687_C1776_I1_L-6.xml,drilldown/pl_id_1687/L-6,25-05-2013 17:11:48,9805
Itm_M1687_C1778_I12_L-6.xml,drilldown/pl_id_1687/L-6,31-08-2013 17:11:56,1473
Itm_M1687_C1778_I17_L-6.xml,drilldown/pl_id_1687/L-6,29-06-2013 17:11:56,487
Itm_M1687_C1778_I2_L-6.xml,drilldown/pl_id_1687/L-6,29-06-2013 17:11:56,439
Itm_M1687_C1778_I4_L-6.xml,drilldown/pl_id_1687/L-6,21-09-2013 17:12:08,2702
Itm_M1687_C1778_I7_L-6.xml,drilldown/pl_id_1687/L-6,31-08-2013 17:11:56,496
Itm_M1687_C1778_I9_L-6.xml,drilldown/pl_id_1687/L-6,21-09-2013 17:12:08,1496
Itm_M1687_C1781_I1_L-6.xml,drilldown/pl_id_1687/L-6,16-09-2013 09:58:32,44839
Itm_M1687_C1784_I2_L-6.xml,drilldown/pl_id_1687/L-6,08-06-2013 17:11:48,890
Itm_M1687_C1786_I3_L-6.xml,drilldown/pl_id_1687/L-6,07-09-2013 17:12:08,406
Itm_M1687_C1790_I3_L-6.xml,drilldown/pl_id_1687/L-6,17-08-2013 17:12:02,752
Itm_M1687_C1792_I9_L-6.xml,drilldown/pl_id_1687/L-6,01-06-2013 17:11:48,629
Itm_M1687_C1795_I1_L-6.xml,drilldown/pl_id_1687/L-6,21-09-2013 17:12:08,75131
Itm_M1687_C1795_I2_L-6.xml,drilldown/pl_id_1687/L-6,16-09-2013 09:58:32,11312
Itm_M1687_C1797_I2_L-6.xml,drilldown/pl_id_1687/L-6,21-09-2013 17:12:08,2783
Itm_M1687_C1797_I3_L-6.xml,drilldown/pl_id_1687/L-6,16-09-2013 09:58:32,2856
Itm_M1687_C1797_I5_L-6.xml,drilldown/pl_id_1687/L-6,25-05-2013 17:11:48,414
Itm_M1687_C1797_I6_L-6.xml,drilldown/pl_id_1687/L-6,25-05-2013 17:11:48,389
Itm_M1687_C1797_I7_L-6.xml,drilldown/pl_id_1687/L-6,16-09-2013 09:58:32,20935
Itm_M1687_C1802_I1_L-6.xml,drilldown/pl_id_1687/L-6,06-07-2013 17:11:56,9417
Itm_M1687_C1803_I13_L-6.xml,drilldown/pl_id_1687/L-6,16-09-2013 09:58:32,481
Itm_M1687_C1803_I1_L-6.xml,drilldown/pl_id_1687/L-6,23-03-2013 17:11:32,7165
Itm_M1687_C1803_I4_L-6.xml,drilldown/pl_id_1687/L-6,27-07-2013 17:12:04,2568
Itm_M1687_C1805_I1_L-6.xml,drilldown/pl_id_1687/L-6,22-06-2013 17:11:52,2619
Itm_M1687_C1805_I2_L-6.xml,drilldown/pl_id_1687/L-6,22-06-2013 17:11:52,345
Itm_M1687_C1805_I4_L-6.xml,drilldown/pl_id_1687/L-6,30-03-2013 17:11:54,193
Itm_M1687_C1805_I5_L-6.xml,drilldown/pl_id_1687/L-6,30-03-2013 17:11:54,137
Itm_M1687_C1805_I6_L-6.xml,drilldown/pl_id_1687/L-6,30-03-2013 17:11:54,138
Itm_M1687_C1816_I1_L-6.xml,drilldown/pl_id_1687/L-6,10-08-2013 17:12:00,6332
Itm_M1687_C1820_I1_L-6.xml,drilldown/pl_id_1687/L-6,16-09-2013 09:58:32,548
Itm_M1687_C1820_I2_L-6.xml,drilldown/pl_id_1687/L-6,16-09-2013 09:58:32,441
Itm_M1687_C1826_I10_L-6.xml,drilldown/pl_id_1687/L-6,21-09-2013 17:12:08,2700
Itm_M1687_C1826_I13_L-6.xml,drilldown/pl_id_1687/L-6,21-09-2013 17:12:08,533
Itm_M1687_C1826_I1_L-6.xml,drilldown/pl_id_1687/L-6,07-09-2013 17:12:08,6155
Itm_M1687_C1826_I2_L-6.xml,drilldown/pl_id_1687/L-6,30-03-2013 17:11:54,1173
Itm_M1687_C1826_I5_L-6.xml,drilldown/pl_id_1687/L-6,07-09-2013 17:12:08,765
Itm_M1687_C1829_I2_L-6.xml,drilldown/pl_id_1687/L-6,20-04-2013 17:11:44,35672
Itm_M1687_C1831_I12_L-6.xml,drilldown/pl_id_1687/L-6,22-06-2013 17:11:52,957
Itm_M1687_C1831_I3_L-6.xml,drilldown/pl_id_1687/L-6,21-09-2013 17:12:08,215
Itm_M1687_C1831_I4_L-6.xml,drilldown/pl_id_1687/L-6,21-09-2013 17:12:08,223
Itm_M1687_C1831_I6_L-6.xml,drilldown/pl_id_1687/L-6,31-08-2013 17:11:56,345
Itm_M1687_C1831_I7_L-6.xml,drilldown/pl_id_1687/L-6,16-09-2013 09:58:32,350
Itm_M1687_C1832_I7_L-6.xml,drilldown/pl_id_1687/L-6,20-07-2013 17:12:00,843
Itm_M1687_C1834_I5_L-6.xml,drilldown/pl_id_1687/L-6,01-06-2013 17:11:48,1355
Itm_M1687_C1834_I6_L-6.xml,drilldown/pl_id_1687/L-6,21-09-2013 17:12:08,1522
Itm_M1687_C1834_I8_L-6.xml,drilldown/pl_id_1687/L-6,21-09-2013 17:12:08,2304
Itm_M1687_C1837_I2_L-6.xml,drilldown/pl_id_1687/L-6,06-07-2013 17:11:56,489
Itm_M1687_C1838_I1_L-6.xml,drilldown/pl_id_1687/L-6,17-08-2013 17:12:02,627
Itm_M1687_C1838_I2_L-6.xml,drilldown/pl_id_1687/L-6,10-08-2013 17:12:00,2417
Itm_M1687_C1840_I1_L-6.xml,drilldown/pl_id_1687/L-6,21-09-2013 17:12:08,9823
Itm_M1687_C1840_I2_L-6.xml,drilldown/pl_id_1687/L-6,21-09-2013 17:12:08,3899
Itm_M1687_C1841_I0_L-6.xml,drilldown/pl_id_1687/L-6,21-09-2013 17:12:08,2276
Itm_M1687_C1842_I7_L-6.xml,drilldown/pl_id_1687/L-6,23-03-2013 17:11:32,1047
Itm_M1687_C1843_I14_L-6.xml,drilldown/pl_id_1687/L-6,01-06-2013 17:11:48,487
Itm_M1687_C1843_I16_L-6.xml,drilldown/pl_id_1687/L-6,06-07-2013 17:11:56,1040
Itm_M1687_C1843_I6_L-6.xml,drilldown/pl_id_1687/L-6,21-09-2013 17:12:08,280
Itm_M1687_C1844_I1_L-6.xml,drilldown/pl_id_1687/L-6,08-04-2013 20:27:16,1200
Itm_M1687_C1846_I1_L-6.xml,drilldown/pl_id_1687/L-6,03-08-2013 17:12:02,2643
Itm_M1687_C1853_I1_L-6.xml,drilldown/pl_id_1687/L-6,27-07-2013 17:12:04,6072
Itm_M1687_C1854_I4_L-6.xml,drilldown/pl_id_1687/L-6,16-09-2013 09:58:32,1836
Itm_M1687_C1854_I9_L-6.xml,drilldown/pl_id_1687/L-6,07-05-2013 09:21:08,1159
Itm_M1687_C1855_I1_L-6.xml,drilldown/pl_id_1687/L-6,24-08-2013 17:12:00,1488
Itm_M1687_C1856_I14_L-6.xml,drilldown/pl_id_1687/L-6,16-09-2013 09:58:32,662
Itm_M1687_C1856_I15_L-6.xml,drilldown/pl_id_1687/L-6,16-09-2013 09:58:32,662
Itm_M1687_C1856_I1_L-6.xml,drilldown/pl_id_1687/L-6,16-09-2013 09:58:32,469
Itm_M1687_C1856_I2_L-6.xml,drilldown/pl_id_1687/L-6,10-08-2013 17:12:00,917
Itm_M1687_C1856_I3_L-6.xml,drilldown/pl_id_1687/L-6,16-09-2013 09:58:32,1748
Itm_M1687_C1856_I4_L-6.xml,drilldown/pl_id_1687/L-6,16-09-2013 09:58:32,1724
Itm_M1687_C1857_I10_L-6.xml,drilldown/pl_id_1687/L-6,03-08-2013 17:12:02,1779
Itm_M1687_C1857_I11_L-6.xml,drilldown/pl_id_1687/L-6,16-09-2013 09:58:32,352
Itm_M1687_C1857_I12_L-6.xml,drilldown/pl_id_1687/L-6,03-08-2013 17:12:02,1745
Itm_M1687_C1857_I13_L-6.xml,drilldown/pl_id_1687/L-6,03-08-2013 17:12:02,1676
Itm_M1687_C1857_I5_L-6.xml,drilldown/pl_id_1687/L-6,07-09-2013 17:12:08,1648
Itm_M1687_C1857_I6_L-6.xml,drilldown/pl_id_1687/L-6,03-08-2013 17:12:02,1664
Itm_M1687_C1857_I7_L-6.xml,drilldown/pl_id_1687/L-6,03-08-2013 17:12:02,1490
Itm_M1687_C1857_I8_L-6.xml,drilldown/pl_id_1687/L-6,03-08-2013 17:12:02,1882
Itm_M1687_C1857_I9_L-6.xml,drilldown/pl_id_1687/L-6,03-08-2013 17:12:02,1887
Itm_M1687_C1865_I13_L-6.xml,drilldown/pl_id_1687/L-6,16-09-2013 09:58:32,417
Itm_M1687_C1868_I1_L-6.xml,drilldown/pl_id_1687/L-6,30-03-2013 17:11:54,1196
Itm_M1687_C1868_I2_L-6.xml,drilldown/pl_id_1687/L-6,21-09-2013 17:12:08,290
Itm_M1687_C1868_I3_L-6.xml,drilldown/pl_id_1687/L-6,21-09-2013 17:12:08,290
Itm_M1687_C1868_I4_L-6.xml,drilldown/pl_id_1687/L-6,16-03-2013 17:11:36,918
Itm_M1687_C1870_I12_L-6.xml,drilldown/pl_id_1687/L-6,07-09-2013 17:12:08,5935
Itm_M1687_C1870_I16_L-6.xml,drilldown/pl_id_1687/L-6,07-09-2013 17:12:08,3562
Itm_M1687_C1870_I1_L-6.xml,drilldown/pl_id_1687/L-6,07-05-2013 09:21:08,6354
Itm_M1687_C1870_I2_L-6.xml,drilldown/pl_id_1687/L-6,01-06-2013 17:11:48,7047
Itm_M1687_C1870_I3_L-6.xml,drilldown/pl_id_1687/L-6,23-03-2013 17:11:32,9240
Itm_M1687_C1870_I9_L-6.xml,drilldown/pl_id_1687/L-6,07-09-2013 17:12:08,1001
Itm_M1687_C1871_I15_L-6.xml,drilldown/pl_id_1687/L-6,07-09-2013 17:12:08,1518
Itm_M1687_C1871_I3_L-6.xml,drilldown/pl_id_1687/L-6,07-09-2013 17:12:08,14229
Itm_M1687_C1875_I1_L-6.xml,drilldown/pl_id_1687/L-6,10-08-2013 17:12:00,4870
Itm_M1687_C1877_I11_L-6.xml,drilldown/pl_id_1687/L-6,17-08-2013 17:12:02,432
Itm_M1687_C1877_I12_L-6.xml,drilldown/pl_id_1687/L-6,03-08-2013 17:12:02,444
Itm_M1687_C1883_I9_L-6.xml,drilldown/pl_id_1687/L-6,10-08-2013 17:12:00,441
Itm_M1687_C1885_I12_L-6.xml,drilldown/pl_id_1687/L-6,17-08-2013 17:12:02,678
Itm_M1687_C1885_I16_L-6.xml,drilldown/pl_id_1687/L-6,17-08-2013 17:12:02,1194
Itm_M1687_C1885_I1_L-6.xml,drilldown/pl_id_1687/L-6,29-06-2013 17:11:56,989
Itm_M1687_C1887_I1_L-6.xml,drilldown/pl_id_1687/L-6,21-09-2013 17:12:08,3100
Itm_M1687_C1887_I2_L-6.xml,drilldown/pl_id_1687/L-6,29-04-2013 17:12:42,562
Itm_M1687_C1887_I3_L-6.xml,drilldown/pl_id_1687/L-6,21-09-2013 17:12:08,9502
Itm_M1687_C1887_I6_L-6.xml,drilldown/pl_id_1687/L-6,03-08-2013 17:12:02,1960
Itm_M1687_C1887_I8_L-6.xml,drilldown/pl_id_1687/L-6,27-07-2013 17:12:04,2333
Itm_M1687_C1887_I9_L-6.xml,drilldown/pl_id_1687/L-6,21-09-2013 17:12:08,12026
Itm_M1687_C1891_I2_L-6.xml,drilldown/pl_id_1687/L-6,24-08-2013 17:12:00,321
Itm_M1687_C1892_I2_L-6.xml,drilldown/pl_id_1687/L-6,07-09-2013 17:12:08,2319
Itm_M1687_C1896_I1_L-6.xml,drilldown/pl_id_1687/L-6,08-06-2013 17:11:48,8952
Itm_M1687_C1896_I2_L-6.xml,drilldown/pl_id_1687/L-6,07-09-2013 17:12:08,9978
Itm_M1687_C1897_I1_L-6.xml,drilldown/pl_id_1687/L-6,07-09-2013 17:12:08,23235
Itm_M1687_C1897_I3_L-6.xml,drilldown/pl_id_1687/L-6,06-07-2013 17:11:56,228
Itm_M1687_C1899_I1_L-6.xml,drilldown/pl_id_1687/L-6,22-06-2013 17:11:52,1450
Itm_M1687_C1899_I3_L-6.xml,drilldown/pl_id_1687/L-6,29-06-2013 17:11:56,2686
Itm_M1687_C1899_I7_L-6.xml,drilldown/pl_id_1687/L-6,07-09-2013 17:12:08,2134
Itm_M1687_C1900_I1_L-6.xml,drilldown/pl_id_1687/L-6,22-06-2013 17:11:52,1047
Itm_M1687_C1900_I2_L-6.xml,drilldown/pl_id_1687/L-6,22-06-2013 17:11:52,1041
Itm_M1687_C1900_I3_L-6.xml,drilldown/pl_id_1687/L-6,13-07-2013 17:11:56,813
Itm_M1687_C1900_I4_L-6.xml,drilldown/pl_id_1687/L-6,27-07-2013 17:12:04,1392
Itm_M1687_C1900_I6_L-6.xml,drilldown/pl_id_1687/L-6,13-07-2013 17:11:56,1159
Itm_M1687_C1901_I0_L-6.xml,drilldown/pl_id_1687/L-6,25-05-2013 17:11:48,1462
Itm_M1687_C1901_I3_L-6.xml,drilldown/pl_id_1687/L-6,07-09-2013 17:12:08,2121
Itm_M1687_C1903_I1_L-6.xml,drilldown/pl_id_1687/L-6,21-09-2013 17:12:08,5592
Itm_M1687_C1903_I2_L-6.xml,drilldown/pl_id_1687/L-6,21-09-2013 17:12:08,11532
Itm_M1687_C1908_I2_L-6.xml,drilldown/pl_id_1687/L-6,13-07-2013 17:11:56,1078
Itm_M1687_C1911_I1_L-6.xml,drilldown/pl_id_1687/L-6,17-08-2013 17:12:02,3539
Itm_M1687_C1911_I2_L-6.xml,drilldown/pl_id_1687/L-6,21-09-2013 17:12:08,137
Itm_M1687_C1911_I4_L-6.xml,drilldown/pl_id_1687/L-6,17-08-2013 17:12:02,421
Itm_M1687_C1911_I6_L-6.xml,drilldown/pl_id_1687/L-6,21-09-2013 17:12:08,235
Itm_M1687_C1915_I1_L-6.xml,drilldown/pl_id_1687/L-6,07-09-2013 17:12:08,2312
Itm_M1687_C1917_I1_L-6.xml,drilldown/pl_id_1687/L-6,27-07-2013 17:12:04,3854
Itm_M1687_C1919_I1_L-6.xml,drilldown/pl_id_1687/L-6,21-09-2013 17:12:08,6622
Itm_M1687_C1919_I3_L-6.xml,drilldown/pl_id_1687/L-6,17-08-2013 17:12:02,426
Itm_M1687_C1921_I1_L-6.xml,drilldown/pl_id_1687/L-6,17-08-2013 17:12:02,2628
Itm_M1687_C1923_I5_L-6.xml,drilldown/pl_id_1687/L-6,24-08-2013 17:12:00,504
Itm_M1687_C1929_I8_L-6.xml,drilldown/pl_id_1687/L-6,20-04-2013 17:11:44,219
Itm_M1687_C1929_I9_L-6.xml,drilldown/pl_id_1687/L-6,29-04-2013 17:12:42,554
Itm_M1687_C1931_I1_L-6.xml,drilldown/pl_id_1687/L-6,21-09-2013 17:12:08,4628
Itm_M1687_C1931_I3_L-6.xml,drilldown/pl_id_1687/L-6,20-04-2013 17:11:44,138
Itm_M1687_C1931_I6_L-6.xml,drilldown/pl_id_1687/L-6,21-09-2013 17:12:08,1174
Itm_M1687_C1931_I7_L-6.xml,drilldown/pl_id_1687/L-6,30-03-2013 17:11:54,538
Itm_M1687_C1932_I10_L-6.xml,drilldown/pl_id_1687/L-6,27-07-2013 17:12:04,193
Itm_M1687_C1932_I3_L-6.xml,drilldown/pl_id_1687/L-6,16-09-2013 09:58:32,369
Itm_M1687_C1932_I4_L-6.xml,drilldown/pl_id_1687/L-6,06-07-2013 17:11:56,765
Itm_M1687_C1932_I9_L-6.xml,drilldown/pl_id_1687/L-6,16-09-2013 09:58:32,1093
Itm_M1687_C1934_I1_L-6.xml,drilldown/pl_id_1687/L-6,16-09-2013 09:58:32,1807
Itm_M1687_C1937_I1_L-6.xml,drilldown/pl_id_1687/L-6,07-09-2013 17:12:08,4474
Itm_M1687_C1937_I2_L-6.xml,drilldown/pl_id_1687/L-6,07-09-2013 17:12:08,3020
Itm_M1687_C1937_I4_L-6.xml,drilldown/pl_id_1687/L-6,07-09-2013 17:12:08,378
Itm_M1687_C1938_I1_L-6.xml,drilldown/pl_id_1687/L-6,07-09-2013 17:12:08,4367
Itm_M1687_C1938_I5_L-6.xml,drilldown/pl_id_1687/L-6,30-03-2013 17:11:54,3444
Itm_M1687_C1940_I1_L-6.xml,drilldown/pl_id_1687/L-6,07-05-2013 09:21:08,1991
Itm_M1687_C1942_I16_L-6.xml,drilldown/pl_id_1687/L-6,13-07-2013 17:11:56,354
Itm_M1687_C1942_I9_L-6.xml,drilldown/pl_id_1687/L-6,30-03-2013 17:11:54,2180
Itm_M1687_C1944_I1_L-6.xml,drilldown/pl_id_1687/L-6,22-06-2013 17:11:52,1799
Itm_M1687_C1945_I1_L-6.xml,drilldown/pl_id_1687/L-6,21-09-2013 17:12:08,3141
Itm_M1687_C1945_I3_L-6.xml,drilldown/pl_id_1687/L-6,16-09-2013 09:58:32,1808
Itm_M1687_C1945_I6_L-6.xml,drilldown/pl_id_1687/L-6,24-08-2013 17:12:00,3784
Itm_M1687_C1946_I1_L-6.xml,drilldown/pl_id_1687/L-6,16-09-2013 09:58:32,469
Itm_M1687_C1946_I3_L-6.xml,drilldown/pl_id_1687/L-6,20-07-2013 17:12:00,406
Itm_M1687_C1948_I1_L-6.xml,drilldown/pl_id_1687/L-6,07-09-2013 17:12:08,6264
Itm_M1687_C1948_I3_L-6.xml,drilldown/pl_id_1687/L-6,21-09-2013 17:12:08,271
Itm_M1687_C1948_I4_L-6.xml,drilldown/pl_id_1687/L-6,21-09-2013 17:12:08,271
Itm_M1687_C1948_I5_L-6.xml,drilldown/pl_id_1687/L-6,21-09-2013 17:12:08,137
Itm_M1687_C1948_I6_L-6.xml,drilldown/pl_id_1687/L-6,21-09-2013 17:12:08,419
Itm_M1687_C1948_I7_L-6.xml,drilldown/pl_id_1687/L-6,21-09-2013 17:12:08,137
Itm_M1687_C1950_I7_L-6.xml,drilldown/pl_id_1687/L-6,16-09-2013 09:58:32,680
Itm_M1687_C1954_I1_L-6.xml,drilldown/pl_id_1687/L-6,21-09-2013 17:12:08,1414
Itm_M1687_C1956_I1_L-6.xml,drilldown/pl_id_1687/L-6,31-08-2013 17:11:56,5163
Itm_M1687_C1960_I1_L-6.xml,drilldown/pl_id_1687/L-6,21-09-2013 17:12:08,35453
Itm_M1687_C1960_I4_L-6.xml,drilldown/pl_id_1687/L-6,21-09-2013 17:12:08,6315
Itm_M1687_C1960_I6_L-6.xml,drilldown/pl_id_1687/L-6,21-09-2013 17:12:08,1490
Itm_M1687_C1963_I10_L-6.xml,drilldown/pl_id_1687/L-6,31-08-2013 17:11:56,438
Itm_M1687_C1963_I11_L-6.xml,drilldown/pl_id_1687/L-6,31-08-2013 17:11:56,533
Itm_M1687_C1963_I12_L-6.xml,drilldown/pl_id_1687/L-6,31-08-2013 17:11:56,247
Itm_M1687_C1963_I8_L-6.xml,drilldown/pl_id_1687/L-6,31-08-2013 17:11:56,242
Itm_M1687_C1974_I1_L-6.xml,drilldown/pl_id_1687/L-6,17-08-2013 17:12:02,551
Itm_M1687_C1984_I11_L-6.xml,drilldown/pl_id_1687/L-6,07-09-2013 17:12:08,3697
Itm_M1687_C1984_I3_L-6.xml,drilldown/pl_id_1687/L-6,24-08-2013 17:12:00,22371
Itm_M1687_C1984_I4_L-6.xml,drilldown/pl_id_1687/L-6,24-08-2013 17:12:00,15026
Itm_M1687_C1984_I6_L-6.xml,drilldown/pl_id_1687/L-6,24-08-2013 17:12:00,3206
Itm_M1687_C1984_I8_L-6.xml,drilldown/pl_id_1687/L-6,24-08-2013 17:12:00,17325
Itm_M1687_C1984_I9_L-6.xml,drilldown/pl_id_1687/L-6,24-08-2013 17:12:00,8839
Itm_M1687_C1985_I11_L-6.xml,drilldown/pl_id_1687/L-6,07-09-2013 17:12:08,4430
Itm_M1687_C1985_I9_L-6.xml,drilldown/pl_id_1687/L-6,24-08-2013 17:12:00,10524
Itm_M1687_C1986_I2_L-6.xml,drilldown/pl_id_1687/L-6,10-08-2013 17:12:00,928
Itm_M1687_C1986_I3_L-6.xml,drilldown/pl_id_1687/L-6,21-09-2013 17:12:08,4087
Itm_M1687_C1986_I4_L-6.xml,drilldown/pl_id_1687/L-6,20-07-2013 17:12:00,1075
Itm_M1687_C1986_I7_L-6.xml,drilldown/pl_id_1687/L-6,25-05-2013 17:11:48,582
Itm_M1687_C1988_I0_L-6.xml,drilldown/pl_id_1687/L-6,17-08-2013 17:12:02,322
Itm_M1687_C1988_I4_L-6.xml,drilldown/pl_id_1687/L-6,17-08-2013 17:12:02,187
Itm_M1687_C1988_I6_L-6.xml,drilldown/pl_id_1687/L-6,16-09-2013 09:58:32,134
Itm_M1687_C1990_I2_L-6.xml,drilldown/pl_id_1687/L-6,11-05-2013 17:11:42,1462
Itm_M1687_C1993_I0_L-6.xml,drilldown/pl_id_1687/L-6,17-08-2013 17:12:02,532
Itm_M1687_C1995_I3_L-6.xml,drilldown/pl_id_1687/L-6,21-09-2013 17:12:08,356
Itm_M1687_C1995_I4_L-6.xml,drilldown/pl_id_1687/L-6,16-09-2013 09:58:32,364
Itm_M1687_C1995_I6_L-6.xml,drilldown/pl_id_1687/L-6,21-09-2013 17:12:08,356
Itm_M1687_C1996_I6_L-6.xml,drilldown/pl_id_1687/L-6,17-08-2013 17:12:02,330
Itm_M1687_C2003_I0_L-6.xml,drilldown/pl_id_1687/L-6,11-05-2013 17:11:42,3297
Itm_M1687_C2003_I1_L-6.xml,drilldown/pl_id_1687/L-6,16-09-2013 09:58:32,3744
Itm_M1687_C2003_I2_L-6.xml,drilldown/pl_id_1687/L-6,25-05-2013 17:11:48,1217
Itm_M1687_C2003_I3_L-6.xml,drilldown/pl_id_1687/L-6,16-09-2013 09:58:32,464
Itm_M1687_C2003_I7_L-6.xml,drilldown/pl_id_1687/L-6,07-05-2013 09:21:08,883
Itm_M1687_C2004_I1_L-6.xml,drilldown/pl_id_1687/L-6,24-08-2013 17:12:00,2491
Itm_M1687_C2008_I2_L-6.xml,drilldown/pl_id_1687/L-6,16-09-2013 09:58:32,460
Itm_M1687_C2008_I5_L-6.xml,drilldown/pl_id_1687/L-6,29-04-2013 17:12:42,443
Itm_M1687_C2009_I1_L-6.xml,drilldown/pl_id_1687/L-6,21-09-2013 17:12:08,2611
Itm_M1687_C2009_I2_L-6.xml,drilldown/pl_id_1687/L-6,08-06-2013 17:11:48,3107
Itm_M1687_C2009_I3_L-6.xml,drilldown/pl_id_1687/L-6,10-08-2013 17:12:00,3487
Itm_M1687_C2011_I13_L-6.xml,drilldown/pl_id_1687/L-6,21-09-2013 17:12:08,139
Itm_M1687_C2011_I2_L-6.xml,drilldown/pl_id_1687/L-6,08-04-2013 20:27:16,621
Itm_M1687_C2013_I1_L-6.xml,drilldown/pl_id_1687/L-6,13-07-2013 17:11:56,14660
Itm_M1687_C2013_I4_L-6.xml,drilldown/pl_id_1687/L-6,20-05-2013 14:09:22,590
Itm_M1687_C2014_I13_L-6.xml,drilldown/pl_id_1687/L-6,21-09-2013 17:12:08,139
Itm_M1687_C2014_I2_L-6.xml,drilldown/pl_id_1687/L-6,17-08-2013 17:12:02,919
Itm_M1687_C2023_I1_L-6.xml,drilldown/pl_id_1687/L-6,07-09-2013 17:12:08,741
Itm_M1687_C2033_I1_L-6.xml,drilldown/pl_id_1687/L-6,08-04-2013 20:27:16,4003
Itm_M1687_C2033_I2_L-6.xml,drilldown/pl_id_1687/L-6,16-09-2013 09:58:32,840
Itm_M1687_C2033_I3_L-6.xml,drilldown/pl_id_1687/L-6,27-07-2013 17:12:04,571
Itm_M1687_C2033_I4_L-6.xml,drilldown/pl_id_1687/L-6,27-07-2013 17:12:04,619
Itm_M1687_C2033_I5_L-6.xml,drilldown/pl_id_1687/L-6,16-09-2013 09:58:32,1586
Itm_M1687_C2033_I6_L-6.xml,drilldown/pl_id_1687/L-6,07-09-2013 17:12:08,4457
Itm_M1687_C2035_I3_L-6.xml,drilldown/pl_id_1687/L-6,21-09-2013 17:12:08,137
Itm_M1687_C2038_I1_L-6.xml,drilldown/pl_id_1687/L-6,17-08-2013 17:12:02,949
Itm_M1687_C2038_I5_L-6.xml,drilldown/pl_id_1687/L-6,17-08-2013 17:12:02,461
Itm_M1687_C2040_I1_L-6.xml,drilldown/pl_id_1687/L-6,21-09-2013 17:12:08,624
Itm_M1687_C2043_I8_L-6.xml,drilldown/pl_id_1687/L-6,08-04-2013 20:27:16,309
Itm_M1687_C2046_I1_L-6.xml,drilldown/pl_id_1687/L-6,07-09-2013 17:12:08,2622
Itm_M1687_C2046_I3_L-6.xml,drilldown/pl_id_1687/L-6,21-09-2013 17:12:08,471
Itm_M1687_C2046_I7_L-6.xml,drilldown/pl_id_1687/L-6,22-06-2013 17:11:52,894
Itm_M1687_C2046_I8_L-6.xml,drilldown/pl_id_1687/L-6,07-09-2013 17:12:08,316
Itm_M1687_C2050_I13_L-6.xml,drilldown/pl_id_1687/L-6,16-09-2013 09:58:32,1867
Itm_M1687_C2050_I15_L-6.xml,drilldown/pl_id_1687/L-6,06-07-2013 17:11:56,376
Itm_M1687_C2050_I16_L-6.xml,drilldown/pl_id_1687/L-6,24-08-2013 17:12:00,599
Itm_M1687_C2050_I1_L-6.xml,drilldown/pl_id_1687/L-6,21-09-2013 17:12:08,1916
Itm_M1687_C2050_I2_L-6.xml,drilldown/pl_id_1687/L-6,06-07-2013 17:11:56,354
Itm_M1687_C2050_I3_L-6.xml,drilldown/pl_id_1687/L-6,27-07-2013 17:12:04,273
Itm_M1687_C2050_I4_L-6.xml,drilldown/pl_id_1687/L-6,13-07-2013 17:11:56,1116
Itm_M1687_C2050_I5_L-6.xml,drilldown/pl_id_1687/L-6,17-06-2013 07:54:16,1128
Itm_M1687_C2055_I10_L-6.xml,drilldown/pl_id_1687/L-6,20-04-2013 17:11:44,273
Itm_M1687_C2055_I9_L-6.xml,drilldown/pl_id_1687/L-6,07-09-2013 17:12:08,677
Itm_M1687_C2057_I2_L-6.xml,drilldown/pl_id_1687/L-6,21-09-2013 17:12:08,1334
Itm_M1687_C2058_I0_L-6.xml,drilldown/pl_id_1687/L-6,17-08-2013 17:12:02,655
Itm_M1687_C2058_I1_L-6.xml,drilldown/pl_id_1687/L-6,17-08-2013 17:12:02,534
Itm_M1687_C2058_I2_L-6.xml,drilldown/pl_id_1687/L-6,17-08-2013 17:12:02,428
Itm_M1687_C2058_I3_L-6.xml,drilldown/pl_id_1687/L-6,17-08-2013 17:12:02,570
Itm_M1687_C2058_I4_L-6.xml,drilldown/pl_id_1687/L-6,17-08-2013 17:12:02,484
Itm_M1687_C2058_I5_L-6.xml,drilldown/pl_id_1687/L-6,17-08-2013 17:12:02,416
Itm_M1687_C2058_I6_L-6.xml,drilldown/pl_id_1687/L-6,17-08-2013 17:12:02,324
Itm_M1687_C2058_I8_L-6.xml,drilldown/pl_id_1687/L-6,01-06-2013 17:11:48,629
Itm_M1687_C2065_I1_L-6.xml,drilldown/pl_id_1687/L-6,07-09-2013 17:12:08,890
Itm_M1687_C2065_I3_L-6.xml,drilldown/pl_id_1687/L-6,07-09-2013 17:12:08,617
Itm_M1687_C2065_I7_L-6.xml,drilldown/pl_id_1687/L-6,06-07-2013 17:11:56,366
Itm_M1687_C2065_I8_L-6.xml,drilldown/pl_id_1687/L-6,06-07-2013 17:11:56,139
Itm_M1687_C2065_I9_L-6.xml,drilldown/pl_id_1687/L-6,06-07-2013 17:11:56,138
Itm_M1687_C2067_I16_L-6.xml,drilldown/pl_id_1687/L-6,29-06-2013 17:11:56,456
Itm_M1687_C2067_I1_L-6.xml,drilldown/pl_id_1687/L-6,07-09-2013 17:12:08,1046
Itm_M1687_C2069_I1_L-6.xml,drilldown/pl_id_1687/L-6,20-04-2013 17:11:44,1410
Itm_M1687_C2070_I0_L-6.xml,drilldown/pl_id_1687/L-6,07-09-2013 17:12:08,292
Itm_M1687_C2073_I1_L-6.xml,drilldown/pl_id_1687/L-6,30-03-2013 17:11:54,321
Itm_M1687_C2073_I5_L-6.xml,drilldown/pl_id_1687/L-6,16-09-2013 09:58:32,639
Itm_M1687_C2073_I7_L-6.xml,drilldown/pl_id_1687/L-6,27-07-2013 17:12:04,553
Itm_M1687_C2073_I8_L-6.xml,drilldown/pl_id_1687/L-6,27-07-2013 17:12:04,552
Itm_M1687_C2075_I1_L-6.xml,drilldown/pl_id_1687/L-6,17-08-2013 17:12:02,466
Itm_M1687_C2084_I6_L-6.xml,drilldown/pl_id_1687/L-6,03-08-2013 17:12:02,1076
Itm_M1687_C2087_I3_L-6.xml,drilldown/pl_id_1687/L-6,01-06-2013 17:11:48,2043
Itm_M1687_C2097_I14_L-6.xml,drilldown/pl_id_1687/L-6,03-08-2013 17:12:02,190
Itm_M1687_C2097_I15_L-6.xml,drilldown/pl_id_1687/L-6,03-08-2013 17:12:02,190
Itm_M1687_C2099_I13_L-6.xml,drilldown/pl_id_1687/L-6,03-08-2013 17:12:02,190
Itm_M1687_C2100_I17_L-6.xml,drilldown/pl_id_1687/L-6,03-08-2013 17:12:02,190
Itm_M1687_C2100_I18_L-6.xml,drilldown/pl_id_1687/L-6,03-08-2013 17:12:02,190
Itm_M1687_C2100_I2_L-6.xml,drilldown/pl_id_1687/L-6,17-08-2013 17:12:02,322
Itm_M1687_C2101_I5_L-6.xml,drilldown/pl_id_1687/L-6,17-08-2013 17:12:02,2711
Itm_M1687_C2111_I2_L-6.xml,drilldown/pl_id_1687/L-6,07-09-2013 17:12:08,873
Itm_M1687_C2113_I1_L-6.xml,drilldown/pl_id_1687/L-6,30-03-2013 17:11:54,992
Itm_M1687_C2113_I7_L-6.xml,drilldown/pl_id_1687/L-6,17-08-2013 17:12:02,1242
Itm_M1687_C2114_I1_L-6.xml,drilldown/pl_id_1687/L-6,21-09-2013 17:12:08,1178
Itm_M1687_C2116_I1_L-6.xml,drilldown/pl_id_1687/L-6,17-06-2013 07:54:16,1421
Itm_M1687_C2116_I2_L-6.xml,drilldown/pl_id_1687/L-6,07-09-2013 17:12:08,1159
Itm_M1687_C2116_I3_L-6.xml,drilldown/pl_id_1687/L-6,07-09-2013 17:12:08,488
Itm_M1687_C2117_I4_L-6.xml,drilldown/pl_id_1687/L-6,13-04-2013 17:11:38,1643
Itm_M1687_C2117_I5_L-6.xml,drilldown/pl_id_1687/L-6,13-04-2013 17:11:38,1642
Itm_M1687_C2122_I1_L-6.xml,drilldown/pl_id_1687/L-6,01-06-2013 17:11:48,4255
Itm_M1687_C2122_I2_L-6.xml,drilldown/pl_id_1687/L-6,30-03-2013 17:11:54,4255
Itm_M1687_C2122_I4_L-6.xml,drilldown/pl_id_1687/L-6,21-09-2013 17:12:08,324
Itm_M1687_C2122_I5_L-6.xml,drilldown/pl_id_1687/L-6,16-09-2013 09:58:32,229
Itm_M1687_C2125_I1_L-6.xml,drilldown/pl_id_1687/L-6,10-08-2013 17:12:00,1770
Itm_M1687_C2127_I3_L-6.xml,drilldown/pl_id_1687/L-6,01-06-2013 17:11:48,1235
Itm_M1687_C2131_I3_L-6.xml,drilldown/pl_id_1687/L-6,17-08-2013 17:12:02,1895
Itm_M1687_C2131_I4_L-6.xml,drilldown/pl_id_1687/L-6,16-09-2013 09:58:32,137
Itm_M1687_C2131_I5_L-6.xml,drilldown/pl_id_1687/L-6,07-09-2013 17:12:08,135
Itm_M1687_C2131_I6_L-6.xml,drilldown/pl_id_1687/L-6,20-04-2013 17:11:44,3702
Itm_M1687_C2131_I7_L-6.xml,drilldown/pl_id_1687/L-6,24-08-2013 17:12:00,1971
Itm_M1687_C2131_I8_L-6.xml,drilldown/pl_id_1687/L-6,31-08-2013 17:11:56,137
Itm_M1687_C2135_I3_L-6.xml,drilldown/pl_id_1687/L-6,07-09-2013 17:12:08,151
Itm_M1687_C2135_I4_L-6.xml,drilldown/pl_id_1687/L-6,21-09-2013 17:12:08,151
Itm_M1687_C2137_I0_L-6.xml,drilldown/pl_id_1687/L-6,07-09-2013 17:12:08,2145
Itm_M1687_C2137_I1_L-6.xml,drilldown/pl_id_1687/L-6,08-04-2013 20:27:16,3160
Itm_M1687_C2137_I7_L-6.xml,drilldown/pl_id_1687/L-6,21-09-2013 17:12:08,5225
Itm_M1687_C2141_I1_L-6.xml,drilldown/pl_id_1687/L-6,17-08-2013 17:12:02,1032
Itm_M1687_C2144_I5_L-6.xml,drilldown/pl_id_1687/L-6,13-07-2013 17:11:56,231
Itm_M1687_C2145_I1_L-6.xml,drilldown/pl_id_1687/L-6,17-08-2013 17:12:02,4089
Itm_M1687_C2145_I3_L-6.xml,drilldown/pl_id_1687/L-6,17-08-2013 17:12:02,1526
Itm_M1687_C2154_I2_L-6.xml,drilldown/pl_id_1687/L-6,17-08-2013 17:12:02,58538
Itm_M1687_C2162_I3_L-6.xml,drilldown/pl_id_1687/L-6,31-08-2013 17:11:56,137
Itm_M1687_C2162_I4_L-6.xml,drilldown/pl_id_1687/L-6,08-04-2013 20:27:16,988
Itm_M1687_C2163_I1_L-6.xml,drilldown/pl_id_1687/L-6,21-09-2013 17:12:08,271
Itm_M1687_C2163_I4_L-6.xml,drilldown/pl_id_1687/L-6,07-09-2013 17:12:08,136
Itm_M1687_C2163_I5_L-6.xml,drilldown/pl_id_1687/L-6,21-09-2013 17:12:08,136
Itm_M1687_C2163_I6_L-6.xml,drilldown/pl_id_1687/L-6,21-09-2013 17:12:08,230
Itm_M1687_C2165_I2_L-6.xml,drilldown/pl_id_1687/L-6,17-08-2013 17:12:02,52782
Itm_M1687_C2167_I1_L-6.xml,drilldown/pl_id_1687/L-6,13-04-2013 17:11:38,3033
Itm_M1687_C2168_I0_L-6.xml,drilldown/pl_id_1687/L-6,11-05-2013 17:11:42,1309
Itm_M1687_C2168_I1_L-6.xml,drilldown/pl_id_1687/L-6,25-05-2013 17:11:48,826
Itm_M1687_C2168_I3_L-6.xml,drilldown/pl_id_1687/L-6,25-05-2013 17:11:48,577
Itm_M1687_C2168_I4_L-6.xml,drilldown/pl_id_1687/L-6,29-06-2013 17:11:56,5052
Itm_M1687_C2169_I0_L-6.xml,drilldown/pl_id_1687/L-6,11-05-2013 17:11:42,739
Itm_M1687_C2169_I1_L-6.xml,drilldown/pl_id_1687/L-6,25-05-2013 17:11:48,872
Itm_M1687_C2169_I2_L-6.xml,drilldown/pl_id_1687/L-6,25-05-2013 17:11:48,789
Itm_M1687_C2169_I3_L-6.xml,drilldown/pl_id_1687/L-6,25-05-2013 17:11:48,1065
Itm_M1687_C2169_I4_L-6.xml,drilldown/pl_id_1687/L-6,16-09-2013 09:58:32,464
Itm_M1687_C2169_I6_L-6.xml,drilldown/pl_id_1687/L-6,16-09-2013 09:58:32,1518
Itm_M1687_C2177_I11_L-6.xml,drilldown/pl_id_1687/L-6,07-09-2013 17:12:08,2727
Itm_M1687_C2190_I10_L-6.xml,drilldown/pl_id_1687/L-6,24-08-2013 17:12:00,324
Itm_M1687_C2190_I4_L-6.xml,drilldown/pl_id_1687/L-6,17-08-2013 17:12:02,1545
Itm_M1687_C2190_I8_L-6.xml,drilldown/pl_id_1687/L-6,17-08-2013 17:12:02,449
Itm_M1687_C2190_I9_L-6.xml,drilldown/pl_id_1687/L-6,17-08-2013 17:12:02,139
Itm_M1687_C2191_I5_L-6.xml,drilldown/pl_id_1687/L-6,17-08-2013 17:12:02,320
Itm_M1687_C2191_I6_L-6.xml,drilldown/pl_id_1687/L-6,17-08-2013 17:12:02,449
Itm_M1687_C2191_I7_L-6.xml,drilldown/pl_id_1687/L-6,17-08-2013 17:12:02,139
Itm_M1687_C2192_I10_L-6.xml,drilldown/pl_id_1687/L-6,24-08-2013 17:12:00,324
Itm_M1687_C2192_I8_L-6.xml,drilldown/pl_id_1687/L-6,17-08-2013 17:12:02,449
Itm_M1687_C2192_I9_L-6.xml,drilldown/pl_id_1687/L-6,17-08-2013 17:12:02,139
tl_M1687_C12542_L-6.xml,drilldown/pl_id_1687/L-6,07-09-2013 17:12:08,914
tl_M1687_C12543_L-6.xml,drilldown/pl_id_1687/L-6,07-09-2013 17:12:08,1333
tl_M1687_C12581_L-6.xml,drilldown/pl_id_1687/L-6,17-08-2013 17:12:02,444
tl_M1687_C12672_L-6.xml,drilldown/pl_id_1687/L-6,17-08-2013 17:12:02,712
tl_M1687_C12673_L-6.xml,drilldown/pl_id_1687/L-6,17-08-2013 17:12:02,1607
tl_M1687_C12679_L-6.xml,drilldown/pl_id_1687/L-6,31-08-2013 17:11:56,482
tl_M1687_C12680_L-6.xml,drilldown/pl_id_1687/L-6,17-08-2013 17:12:02,1790
tl_M1687_C12691_L-6.xml,drilldown/pl_id_1687/L-6,17-08-2013 17:12:02,1145
tl_M1687_C12697_L-6.xml,drilldown/pl_id_1687/L-6,07-09-2013 17:12:08,1790
tl_M1687_C12710_L-6.xml,drilldown/pl_id_1687/L-6,17-08-2013 17:12:02,1060
tl_M1687_C12711_L-6.xml,drilldown/pl_id_1687/L-6,17-08-2013 17:12:02,1592
tl_M1687_C12714_L-6.xml,drilldown/pl_id_1687/L-6,17-08-2013 17:12:02,785
tl_M1687_C12715_L-6.xml,drilldown/pl_id_1687/L-6,17-08-2013 17:12:02,1028
tl_M1687_C12716_L-6.xml,drilldown/pl_id_1687/L-6,17-08-2013 17:12:02,566
tl_M1687_C12718_L-6.xml,drilldown/pl_id_1687/L-6,17-08-2013 17:12:02,444
tl_M1687_C12719_L-6.xml,drilldown/pl_id_1687/L-6,17-08-2013 17:12:02,266
tl_M1687_C12721_L-6.xml,drilldown/pl_id_1687/L-6,17-08-2013 17:12:02,2807
tl_M1687_C12722_L-6.xml,drilldown/pl_id_1687/L-6,21-09-2013 17:12:08,2015
tl_M1687_C12723_L-6.xml,drilldown/pl_id_1687/L-6,17-08-2013 17:12:02,1169
tl_M1687_C12724_L-6.xml,drilldown/pl_id_1687/L-6,17-08-2013 17:12:02,776
tl_M1687_C12725_L-6.xml,drilldown/pl_id_1687/L-6,07-09-2013 17:12:08,1070
tl_M1687_C12726_L-6.xml,drilldown/pl_id_1687/L-6,17-08-2013 17:12:02,596
tl_M1687_C12727_L-6.xml,drilldown/pl_id_1687/L-6,17-08-2013 17:12:02,1220
tl_M1687_C12728_L-6.xml,drilldown/pl_id_1687/L-6,17-08-2013 17:12:02,1376
tl_M1687_C12729_L-6.xml,drilldown/pl_id_1687/L-6,17-08-2013 17:12:02,1265
tl_M1687_C12730_L-6.xml,drilldown/pl_id_1687/L-6,17-08-2013 17:12:02,1130
tl_M1687_C12731_L-6.xml,drilldown/pl_id_1687/L-6,17-08-2013 17:12:02,500
tl_M1687_C12732_L-6.xml,drilldown/pl_id_1687/L-6,17-08-2013 17:12:02,750
tl_M1687_C12733_L-6.xml,drilldown/pl_id_1687/L-6,17-08-2013 17:12:02,750
tl_M1687_C12734_L-6.xml,drilldown/pl_id_1687/L-6,17-08-2013 17:12:02,1427
tl_M1687_C12736_L-6.xml,drilldown/pl_id_1687/L-6,17-08-2013 17:12:02,484
tl_M1687_C12738_L-6.xml,drilldown/pl_id_1687/L-6,07-09-2013 17:12:08,437
tl_M1687_C12739_L-6.xml,drilldown/pl_id_1687/L-6,07-09-2013 17:12:08,576
tl_M1687_C12740_L-6.xml,drilldown/pl_id_1687/L-6,07-09-2013 17:12:08,950
tl_M1687_C12741_L-6.xml,drilldown/pl_id_1687/L-6,21-09-2013 17:12:08,1196
tl_M1687_C12742_L-6.xml,drilldown/pl_id_1687/L-6,07-09-2013 17:12:08,1202
tl_M1687_C12743_L-6.xml,drilldown/pl_id_1687/L-6,10-08-2013 17:12:00,618
tl_M1687_C12745_L-6.xml,drilldown/pl_id_1687/L-6,16-09-2013 09:58:32,1510
tl_M1687_C12746_L-6.xml,drilldown/pl_id_1687/L-6,16-09-2013 09:58:32,1603
tl_M1687_C12747_L-6.xml,drilldown/pl_id_1687/L-6,16-09-2013 09:58:32,1691
tl_M1687_C12751_L-6.xml,drilldown/pl_id_1687/L-6,21-09-2013 17:12:08,1123
tl_M1687_C12762_L-6.xml,drilldown/pl_id_1687/L-6,27-07-2013 17:12:04,3563
tl_M1687_C12763_L-6.xml,drilldown/pl_id_1687/L-6,27-07-2013 17:12:04,2957
tl_M1687_C12765_L-6.xml,drilldown/pl_id_1687/L-6,07-09-2013 17:12:08,906
tl_M1687_C12766_L-6.xml,drilldown/pl_id_1687/L-6,07-09-2013 17:12:08,1180
tl_M1687_C12767_L-6.xml,drilldown/pl_id_1687/L-6,07-09-2013 17:12:08,1315
tl_M1687_C12768_L-6.xml,drilldown/pl_id_1687/L-6,16-09-2013 09:58:32,720
tl_M1687_C12773_L-6.xml,drilldown/pl_id_1687/L-6,07-09-2013 17:12:08,546
tl_M1687_C12774_L-6.xml,drilldown/pl_id_1687/L-6,21-09-2013 17:12:08,2602
tl_M1687_C12776_L-6.xml,drilldown/pl_id_1687/L-6,07-09-2013 17:12:08,534
tl_M1687_C12777_L-6.xml,drilldown/pl_id_1687/L-6,01-06-2013 17:11:48,298
tl_M1687_C12778_L-6.xml,drilldown/pl_id_1687/L-6,07-09-2013 17:12:08,793
tl_M1687_C12779_L-6.xml,drilldown/pl_id_1687/L-6,07-09-2013 17:12:08,671
tl_M1687_C12780_L-6.xml,drilldown/pl_id_1687/L-6,07-09-2013 17:12:08,888
tl_M1687_C12783_L-6.xml,drilldown/pl_id_1687/L-6,16-09-2013 09:58:32,511
tl_M1687_C12784_L-6.xml,drilldown/pl_id_1687/L-6,07-09-2013 17:12:08,255
tl_M1687_C12785_L-6.xml,drilldown/pl_id_1687/L-6,07-09-2013 17:12:08,258
tl_M1687_C12786_L-6.xml,drilldown/pl_id_1687/L-6,07-09-2013 17:12:08,616
tl_M1687_C12787_L-6.xml,drilldown/pl_id_1687/L-6,07-09-2013 17:12:08,400
tl_M1687_C12796_L-6.xml,drilldown/pl_id_1687/L-6,01-06-2013 17:11:48,452
tl_M1687_C12803_L-6.xml,drilldown/pl_id_1687/L-6,27-07-2013 17:12:04,804
tl_M1687_C12804_L-6.xml,drilldown/pl_id_1687/L-6,17-08-2013 17:12:02,1571
tl_M1687_C12810_L-6.xml,drilldown/pl_id_1687/L-6,17-08-2013 17:12:02,832
tl_M1687_C13372_L-6.xml,drilldown/pl_id_1687/L-6,17-08-2013 17:12:02,132
tl_M1687_C13472_L-6.xml,drilldown/pl_id_1687/L-6,16-09-2013 09:58:32,1011
tl_M1687_C13474_L-6.xml,drilldown/pl_id_1687/L-6,29-04-2013 17:12:42,822
tl_M1687_C13475_L-6.xml,drilldown/pl_id_1687/L-6,16-09-2013 09:58:32,3301
tl_M1687_C13532_L-6.xml,drilldown/pl_id_1687/L-6,17-08-2013 17:12:02,444
tl_M1687_C13533_L-6.xml,drilldown/pl_id_1687/L-6,17-08-2013 17:12:02,1112
tl_M1687_C13540_L-6.xml,drilldown/pl_id_1687/L-6,17-08-2013 17:12:02,852
tl_M1687_C13541_L-6.xml,drilldown/pl_id_1687/L-6,17-08-2013 17:12:02,809
tl_M1687_C13542_L-6.xml,drilldown/pl_id_1687/L-6,17-08-2013 17:12:02,572
tl_M1687_C13544_L-6.xml,drilldown/pl_id_1687/L-6,17-08-2013 17:12:02,959
tl_M1687_C13550_L-6.xml,drilldown/pl_id_1687/L-6,17-08-2013 17:12:02,1178
tl_M1687_C13551_L-6.xml,drilldown/pl_id_1687/L-6,17-08-2013 17:12:02,652
tl_M1687_C13610_L-6.xml,drilldown/pl_id_1687/L-6,21-09-2013 17:12:08,758
tl_M1687_C13621_L-6.xml,drilldown/pl_id_1687/L-6,16-09-2013 09:58:32,1234
tl_M1687_C13631_L-6.xml,drilldown/pl_id_1687/L-6,07-09-2013 17:12:08,609
tl_M1687_C13640_L-6.xml,drilldown/pl_id_1687/L-6,17-08-2013 17:12:02,1454
tl_M1687_C13641_L-6.xml,drilldown/pl_id_1687/L-6,21-09-2013 17:12:08,1390
tl_M1687_C13661_L-6.xml,drilldown/pl_id_1687/L-6,24-08-2013 17:12:00,1352
tl_M1687_C13687_L-6.xml,drilldown/pl_id_1687/L-6,17-08-2013 17:12:02,512
tl_M1687_C13694_L-6.xml,drilldown/pl_id_1687/L-6,17-08-2013 17:12:02,1421
tl_M1687_C13695_L-6.xml,drilldown/pl_id_1687/L-6,20-05-2013 14:09:22,444
tl_M1687_C13696_L-6.xml,drilldown/pl_id_1687/L-6,17-08-2013 17:12:02,216
tl_M1687_C13697_L-6.xml,drilldown/pl_id_1687/L-6,17-08-2013 17:12:02,621
tl_M1687_C13701_L-6.xml,drilldown/pl_id_1687/L-6,20-04-2013 17:11:44,1031
tl_M1687_C13707_L-6.xml,drilldown/pl_id_1687/L-6,21-09-2013 17:12:08,878
tl_M1687_C13709_L-6.xml,drilldown/pl_id_1687/L-6,16-09-2013 09:58:32,1583
tl_M1687_C13710_L-6.xml,drilldown/pl_id_1687/L-6,16-09-2013 09:58:32,1634
tl_M1687_C13711_L-6.xml,drilldown/pl_id_1687/L-6,16-09-2013 09:58:32,740
tl_M1687_C13714_L-6.xml,drilldown/pl_id_1687/L-6,16-09-2013 09:58:32,1846
tl_M1687_C13715_L-6.xml,drilldown/pl_id_1687/L-6,16-09-2013 09:58:32,742
tl_M1687_C13718_L-6.xml,drilldown/pl_id_1687/L-6,21-09-2013 17:12:08,296
tl_M1687_C13719_L-6.xml,drilldown/pl_id_1687/L-6,16-09-2013 09:58:32,782
tl_M1687_C13720_L-6.xml,drilldown/pl_id_1687/L-6,24-08-2013 17:12:00,1703
tl_M1687_C13721_L-6.xml,drilldown/pl_id_1687/L-6,21-09-2013 17:12:08,842
tl_M1687_C13724_L-6.xml,drilldown/pl_id_1687/L-6,16-09-2013 09:58:32,1445
tl_M1687_C13725_L-6.xml,drilldown/pl_id_1687/L-6,20-04-2013 17:11:44,1538
tl_M1687_C13726_L-6.xml,drilldown/pl_id_1687/L-6,16-09-2013 09:58:32,1559
tl_M1687_C13727_L-6.xml,drilldown/pl_id_1687/L-6,16-09-2013 09:58:32,1437
tl_M1687_C13728_L-6.xml,drilldown/pl_id_1687/L-6,07-09-2013 17:12:08,2396
tl_M1687_C13729_L-6.xml,drilldown/pl_id_1687/L-6,21-09-2013 17:12:08,708
tl_M1687_C13733_L-6.xml,drilldown/pl_id_1687/L-6,17-06-2013 07:54:16,620
tl_M1687_C13734_L-6.xml,drilldown/pl_id_1687/L-6,25-05-2013 17:11:48,166
tl_M1687_C13743_L-6.xml,drilldown/pl_id_1687/L-6,20-04-2013 17:11:44,1322
tl_M1687_C13751_L-6.xml,drilldown/pl_id_1687/L-6,17-08-2013 17:12:02,1154
tl_M1687_C13763_L-6.xml,drilldown/pl_id_1687/L-6,13-04-2013 17:11:38,382
tl_M1687_C13800_L-6.xml,drilldown/pl_id_1687/L-6,08-06-2013 17:11:48,662
tl_M1687_C13820_L-6.xml,drilldown/pl_id_1687/L-6,07-09-2013 17:12:08,1610
tl_M1687_C13850_L-6.xml,drilldown/pl_id_1687/L-6,01-06-2013 17:11:48,1214
tl_M1687_C13860_L-6.xml,drilldown/pl_id_1687/L-6,21-09-2013 17:12:08,2351
tl_M1687_C13861_L-6.xml,drilldown/pl_id_1687/L-6,21-09-2013 17:12:08,1837
tl_M1687_C13870_L-6.xml,drilldown/pl_id_1687/L-6,16-09-2013 09:58:32,382
tl_M1687_C13890_L-6.xml,drilldown/pl_id_1687/L-6,17-08-2013 17:12:02,1217
tl_M1687_C13891_L-6.xml,drilldown/pl_id_1687/L-6,17-08-2013 17:12:02,1217
tl_M1687_C13892_L-6.xml,drilldown/pl_id_1687/L-6,17-08-2013 17:12:02,764
tl_M1687_C13941_L-6.xml,drilldown/pl_id_1687/L-6,21-09-2013 17:12:08,177
tl_M1687_C13942_L-6.xml,drilldown/pl_id_1687/L-6,24-08-2013 17:12:00,244
tl_M1687_C13943_L-6.xml,drilldown/pl_id_1687/L-6,07-09-2013 17:12:08,234
tl_M1687_C14020_L-6.xml,drilldown/pl_id_1687/L-6,07-09-2013 17:12:08,336
tl_M1687_C14021_L-6.xml,drilldown/pl_id_1687/L-6,07-09-2013 17:12:08,219
tl_M1687_C14023_L-6.xml,drilldown/pl_id_1687/L-6,07-09-2013 17:12:08,468
tl_M1687_C14041_L-6.xml,drilldown/pl_id_1687/L-6,07-09-2013 17:12:08,306
tl_M1687_C14070_L-6.xml,drilldown/pl_id_1687/L-6,21-09-2013 17:12:08,650
tl_M1687_C14082_L-6.xml,drilldown/pl_id_1687/L-6,17-08-2013 17:12:02,1036
tl_M1687_C14083_L-6.xml,drilldown/pl_id_1687/L-6,17-08-2013 17:12:02,1529
tl_M1687_C14089_L-6.xml,drilldown/pl_id_1687/L-6,17-08-2013 17:12:02,584
tl_M1687_C14091_L-6.xml,drilldown/pl_id_1687/L-6,17-08-2013 17:12:02,606
tl_M1687_C14092_L-6.xml,drilldown/pl_id_1687/L-6,17-08-2013 17:12:02,2093
tl_M1687_C14093_L-6.xml,drilldown/pl_id_1687/L-6,17-08-2013 17:12:02,857
tl_M1687_C14095_L-6.xml,drilldown/pl_id_1687/L-6,17-08-2013 17:12:02,528
tl_M1687_C14096_L-6.xml,drilldown/pl_id_1687/L-6,27-07-2013 17:12:04,804
tl_M1687_C14097_L-6.xml,drilldown/pl_id_1687/L-6,17-08-2013 17:12:02,2144
tl_M1687_C14099_L-6.xml,drilldown/pl_id_1687/L-6,17-08-2013 17:12:02,444
tl_M1687_C14100_L-6.xml,drilldown/pl_id_1687/L-6,17-08-2013 17:12:02,397
tl_M1687_C14101_L-6.xml,drilldown/pl_id_1687/L-6,17-08-2013 17:12:02,444
tl_M1687_C14102_L-6.xml,drilldown/pl_id_1687/L-6,17-08-2013 17:12:02,266
tl_M1687_C14103_L-6.xml,drilldown/pl_id_1687/L-6,17-08-2013 17:12:02,635
tl_M1687_C14104_L-6.xml,drilldown/pl_id_1687/L-6,17-08-2013 17:12:02,351
tl_M1687_C14105_L-6.xml,drilldown/pl_id_1687/L-6,01-06-2013 17:11:48,844
tl_M1687_C14106_L-6.xml,drilldown/pl_id_1687/L-6,17-08-2013 17:12:02,1903
tl_M1687_C14109_L-6.xml,drilldown/pl_id_1687/L-6,17-08-2013 17:12:02,1084
tl_M1687_C14112_L-6.xml,drilldown/pl_id_1687/L-6,17-08-2013 17:12:02,665
tl_M1687_C14113_L-6.xml,drilldown/pl_id_1687/L-6,17-08-2013 17:12:02,1064
tl_M1687_C14114_L-6.xml,drilldown/pl_id_1687/L-6,17-08-2013 17:12:02,596
tl_M1687_C14115_L-6.xml,drilldown/pl_id_1687/L-6,16-09-2013 09:58:32,1661
tl_M1687_C14116_L-6.xml,drilldown/pl_id_1687/L-6,07-09-2013 17:12:08,408
tl_M1687_C14118_L-6.xml,drilldown/pl_id_1687/L-6,17-08-2013 17:12:02,1265
tl_M1687_C14119_L-6.xml,drilldown/pl_id_1687/L-6,17-08-2013 17:12:02,1205
tl_M1687_C14120_L-6.xml,drilldown/pl_id_1687/L-6,17-08-2013 17:12:02,494
tl_M1687_C14121_L-6.xml,drilldown/pl_id_1687/L-6,17-08-2013 17:12:02,435
tl_M1687_C14123_L-6.xml,drilldown/pl_id_1687/L-6,17-08-2013 17:12:02,471
tl_M1687_C14124_L-6.xml,drilldown/pl_id_1687/L-6,17-08-2013 17:12:02,484
tl_M1687_C14127_L-6.xml,drilldown/pl_id_1687/L-6,07-09-2013 17:12:08,636
tl_M1687_C14128_L-6.xml,drilldown/pl_id_1687/L-6,21-09-2013 17:12:08,878
tl_M1687_C14129_L-6.xml,drilldown/pl_id_1687/L-6,21-09-2013 17:12:08,1066
tl_M1687_C14130_L-6.xml,drilldown/pl_id_1687/L-6,07-05-2013 09:21:08,1298
tl_M1687_C14136_L-6.xml,drilldown/pl_id_1687/L-6,21-09-2013 17:12:08,2219
tl_M1687_C14137_L-6.xml,drilldown/pl_id_1687/L-6,21-09-2013 17:12:08,1106
tl_M1687_C14138_L-6.xml,drilldown/pl_id_1687/L-6,16-09-2013 09:58:32,1296
tl_M1687_C14142_L-6.xml,drilldown/pl_id_1687/L-6,16-09-2013 09:58:32,1354
tl_M1687_C14162_L-6.xml,drilldown/pl_id_1687/L-6,13-07-2013 17:11:56,444
tl_M1687_C14169_L-6.xml,drilldown/pl_id_1687/L-6,24-08-2013 17:12:00,1921
tl_M1687_C14170_L-6.xml,drilldown/pl_id_1687/L-6,17-08-2013 17:12:02,1921
tl_M1687_C14171_L-6.xml,drilldown/pl_id_1687/L-6,24-08-2013 17:12:00,1921
tl_M1687_C14172_L-6.xml,drilldown/pl_id_1687/L-6,24-08-2013 17:12:00,590
tl_M1687_C14173_L-6.xml,drilldown/pl_id_1687/L-6,07-09-2013 17:12:08,692
tl_M1687_C14174_L-6.xml,drilldown/pl_id_1687/L-6,17-08-2013 17:12:02,2677
tl_M1687_C14175_L-6.xml,drilldown/pl_id_1687/L-6,24-08-2013 17:12:00,1198
tl_M1687_C14176_L-6.xml,drilldown/pl_id_1687/L-6,17-08-2013 17:12:02,1448
tl_M1687_C14178_L-6.xml,drilldown/pl_id_1687/L-6,16-09-2013 09:58:32,1136
tl_M1687_C14180_L-6.xml,drilldown/pl_id_1687/L-6,27-07-2013 17:12:04,196
tl_M1687_C14181_L-6.xml,drilldown/pl_id_1687/L-6,17-06-2013 07:54:16,148
tl_M1687_C14184_L-6.xml,drilldown/pl_id_1687/L-6,16-09-2013 09:58:32,1370
tl_M1687_C14188_L-6.xml,drilldown/pl_id_1687/L-6,03-08-2013 17:12:02,877
tl_M1687_C14210_L-6.xml,drilldown/pl_id_1687/L-6,07-09-2013 17:12:08,930
tl_M1687_C14211_L-6.xml,drilldown/pl_id_1687/L-6,21-09-2013 17:12:08,828
tl_M1687_C14250_L-6.xml,drilldown/pl_id_1687/L-6,21-09-2013 17:12:08,1532
tl_M1687_C14790_L-6.xml,drilldown/pl_id_1687/L-6,30-03-2013 17:11:54,1292
tl_M1687_C14791_L-6.xml,drilldown/pl_id_1687/L-6,30-03-2013 17:11:54,324
tl_M1687_C14792_L-6.xml,drilldown/pl_id_1687/L-6,30-03-2013 17:11:54,1493
tl_M1687_C14793_L-6.xml,drilldown/pl_id_1687/L-6,30-03-2013 17:11:56,1637
tl_M1687_C14794_L-6.xml,drilldown/pl_id_1687/L-6,21-09-2013 17:12:08,1535
tl_M1687_C14795_L-6.xml,drilldown/pl_id_1687/L-6,30-03-2013 17:11:56,112
tl_M1687_C14796_L-6.xml,drilldown/pl_id_1687/L-6,29-04-2013 17:12:42,356
tl_M1687_C14797_L-6.xml,drilldown/pl_id_1687/L-6,30-03-2013 17:11:56,568
tl_M1687_C14798_L-6.xml,drilldown/pl_id_1687/L-6,29-04-2013 17:12:42,1421
tl_M1687_C14799_L-6.xml,drilldown/pl_id_1687/L-6,30-03-2013 17:11:56,1094
tl_M1687_C14800_L-6.xml,drilldown/pl_id_1687/L-6,13-04-2013 17:11:38,1883
tl_M1687_C14801_L-6.xml,drilldown/pl_id_1687/L-6,13-04-2013 17:11:38,1517
tl_M1687_C14830_L-6.xml,drilldown/pl_id_1687/L-6,10-08-2013 17:12:00,198
tl_M1687_C14831_L-6.xml,drilldown/pl_id_1687/L-6,25-05-2013 17:11:48,382
tl_M1687_C14832_L-6.xml,drilldown/pl_id_1687/L-6,16-09-2013 09:58:32,438
tl_M1687_C14833_L-6.xml,drilldown/pl_id_1687/L-6,03-08-2013 17:12:02,542
tl_M1687_C14834_L-6.xml,drilldown/pl_id_1687/L-6,16-09-2013 09:58:32,382
tl_M1687_C14835_L-6.xml,drilldown/pl_id_1687/L-6,16-09-2013 09:58:32,438
tl_M1687_C14836_L-6.xml,drilldown/pl_id_1687/L-6,03-08-2013 17:12:02,646
tl_M1687_C14860_L-6.xml,drilldown/pl_id_1687/L-6,08-06-2013 17:11:48,142
tl_M1687_C14861_L-6.xml,drilldown/pl_id_1687/L-6,17-06-2013 07:54:16,142
tl_M1687_C14880_L-6.xml,drilldown/pl_id_1687/L-6,20-07-2013 17:12:00,222
tl_M1687_C14950_L-6.xml,drilldown/pl_id_1687/L-6,24-08-2013 17:12:00,2138
tl_M1687_C14951_L-6.xml,drilldown/pl_id_1687/L-6,24-08-2013 17:12:00,2270
tl_M1687_C14952_L-6.xml,drilldown/pl_id_1687/L-6,21-09-2013 17:12:08,148
tl_M1687_C14970_L-6.xml,drilldown/pl_id_1687/L-6,21-09-2013 17:12:08,190
tl_M1687_C14971_L-6.xml,drilldown/pl_id_1687/L-6,21-09-2013 17:12:08,190
tl_M1687_C14972_L-6.xml,drilldown/pl_id_1687/L-6,21-09-2013 17:12:08,91
tl_M1687_C14973_L-6.xml,drilldown/pl_id_1687/L-6,21-09-2013 17:12:08,226
tl_M1687_C1688_L-6.xml,drilldown/pl_id_1687/L-6,17-08-2013 17:12:02,578
tl_M1687_C1691_L-6.xml,drilldown/pl_id_1687/L-6,25-05-2013 17:11:48,2888
tl_M1687_C1698_L-6.xml,drilldown/pl_id_1687/L-6,21-09-2013 17:12:08,1301
tl_M1687_C1708_L-6.xml,drilldown/pl_id_1687/L-6,21-09-2013 17:12:08,1352
tl_M1687_C1714_L-6.xml,drilldown/pl_id_1687/L-6,31-08-2013 17:11:56,2987
tl_M1687_C1715_L-6.xml,drilldown/pl_id_1687/L-6,11-05-2013 17:11:42,428
tl_M1687_C1720_L-6.xml,drilldown/pl_id_1687/L-6,07-09-2013 17:12:08,1136
tl_M1687_C1721_L-6.xml,drilldown/pl_id_1687/L-6,17-08-2013 17:12:02,1814
tl_M1687_C1723_L-6.xml,drilldown/pl_id_1687/L-6,21-09-2013 17:12:08,751
tl_M1687_C1724_L-6.xml,drilldown/pl_id_1687/L-6,03-08-2013 17:12:02,1343
tl_M1687_C1726_L-6.xml,drilldown/pl_id_1687/L-6,21-09-2013 17:12:08,1322
tl_M1687_C1731_L-6.xml,drilldown/pl_id_1687/L-6,21-09-2013 17:12:08,1151
tl_M1687_C1744_L-6.xml,drilldown/pl_id_1687/L-6,24-08-2013 17:12:00,1121
tl_M1687_C1746_L-6.xml,drilldown/pl_id_1687/L-6,21-09-2013 17:12:08,678
tl_M1687_C1748_L-6.xml,drilldown/pl_id_1687/L-6,17-08-2013 17:12:02,540
tl_M1687_C1752_L-6.xml,drilldown/pl_id_1687/L-6,24-08-2013 17:12:00,662
tl_M1687_C1762_L-6.xml,drilldown/pl_id_1687/L-6,16-09-2013 09:58:32,809
tl_M1687_C1763_L-6.xml,drilldown/pl_id_1687/L-6,07-09-2013 17:12:08,581
tl_M1687_C1776_L-6.xml,drilldown/pl_id_1687/L-6,25-05-2013 17:11:48,466
tl_M1687_C1778_L-6.xml,drilldown/pl_id_1687/L-6,21-09-2013 17:12:08,2057
tl_M1687_C1781_L-6.xml,drilldown/pl_id_1687/L-6,24-08-2013 17:12:00,1494
tl_M1687_C1786_L-6.xml,drilldown/pl_id_1687/L-6,07-09-2013 17:12:08,602
tl_M1687_C1790_L-6.xml,drilldown/pl_id_1687/L-6,17-08-2013 17:12:02,554
tl_M1687_C1795_L-6.xml,drilldown/pl_id_1687/L-6,16-09-2013 09:58:32,740
tl_M1687_C1797_L-6.xml,drilldown/pl_id_1687/L-6,16-09-2013 09:58:32,1018
tl_M1687_C1803_L-6.xml,drilldown/pl_id_1687/L-6,16-09-2013 09:58:32,1592
tl_M1687_C1805_L-6.xml,drilldown/pl_id_1687/L-6,22-06-2013 17:11:52,650
tl_M1687_C1820_L-6.xml,drilldown/pl_id_1687/L-6,16-09-2013 09:58:32,408
tl_M1687_C1826_L-6.xml,drilldown/pl_id_1687/L-6,21-09-2013 17:12:08,1352
tl_M1687_C1831_L-6.xml,drilldown/pl_id_1687/L-6,08-06-2013 17:11:48,1292
tl_M1687_C1838_L-6.xml,drilldown/pl_id_1687/L-6,17-08-2013 17:12:02,2402
tl_M1687_C1840_L-6.xml,drilldown/pl_id_1687/L-6,21-09-2013 17:12:08,1466
tl_M1687_C1841_L-6.xml,drilldown/pl_id_1687/L-6,21-09-2013 17:12:08,349
tl_M1687_C1843_L-6.xml,drilldown/pl_id_1687/L-6,22-06-2013 17:11:52,1343
tl_M1687_C1846_L-6.xml,drilldown/pl_id_1687/L-6,03-08-2013 17:12:02,500
tl_M1687_C1853_L-6.xml,drilldown/pl_id_1687/L-6,27-07-2013 17:12:04,148
tl_M1687_C1854_L-6.xml,drilldown/pl_id_1687/L-6,16-09-2013 09:58:32,1025
tl_M1687_C1855_L-6.xml,drilldown/pl_id_1687/L-6,24-08-2013 17:12:00,618
tl_M1687_C1856_L-6.xml,drilldown/pl_id_1687/L-6,16-09-2013 09:58:32,1652
tl_M1687_C1857_L-6.xml,drilldown/pl_id_1687/L-6,03-08-2013 17:12:02,1964
tl_M1687_C1865_L-6.xml,drilldown/pl_id_1687/L-6,16-09-2013 09:58:32,1997
tl_M1687_C1868_L-6.xml,drilldown/pl_id_1687/L-6,30-03-2013 17:11:56,878
tl_M1687_C1870_L-6.xml,drilldown/pl_id_1687/L-6,07-09-2013 17:12:08,2561
tl_M1687_C1871_L-6.xml,drilldown/pl_id_1687/L-6,07-09-2013 17:12:08,2462
tl_M1687_C1875_L-6.xml,drilldown/pl_id_1687/L-6,10-08-2013 17:12:00,629
tl_M1687_C1877_L-6.xml,drilldown/pl_id_1687/L-6,17-08-2013 17:12:02,1541
tl_M1687_C1885_L-6.xml,drilldown/pl_id_1687/L-6,17-08-2013 17:12:02,2291
tl_M1687_C1887_L-6.xml,drilldown/pl_id_1687/L-6,21-09-2013 17:12:08,1201
tl_M1687_C1891_L-6.xml,drilldown/pl_id_1687/L-6,24-08-2013 17:12:00,542
tl_M1687_C1896_L-6.xml,drilldown/pl_id_1687/L-6,07-09-2013 17:12:08,867
tl_M1687_C1897_L-6.xml,drilldown/pl_id_1687/L-6,07-09-2013 17:12:08,488
tl_M1687_C1899_L-6.xml,drilldown/pl_id_1687/L-6,29-04-2013 17:12:42,1097
tl_M1687_C1900_L-6.xml,drilldown/pl_id_1687/L-6,13-07-2013 17:11:56,1049
tl_M1687_C1901_L-6.xml,drilldown/pl_id_1687/L-6,07-09-2013 17:12:08,1187
tl_M1687_C1903_L-6.xml,drilldown/pl_id_1687/L-6,21-09-2013 17:12:08,366
tl_M1687_C1908_L-6.xml,drilldown/pl_id_1687/L-6,13-07-2013 17:11:56,770
tl_M1687_C1911_L-6.xml,drilldown/pl_id_1687/L-6,17-08-2013 17:12:02,598
tl_M1687_C1915_L-6.xml,drilldown/pl_id_1687/L-6,07-09-2013 17:12:08,172
tl_M1687_C1919_L-6.xml,drilldown/pl_id_1687/L-6,21-09-2013 17:12:08,504
tl_M1687_C1921_L-6.xml,drilldown/pl_id_1687/L-6,17-08-2013 17:12:02,276
tl_M1687_C1931_L-6.xml,drilldown/pl_id_1687/L-6,21-09-2013 17:12:08,862
tl_M1687_C1932_L-6.xml,drilldown/pl_id_1687/L-6,16-09-2013 09:58:32,1079
tl_M1687_C1934_L-6.xml,drilldown/pl_id_1687/L-6,16-09-2013 09:58:32,791
tl_M1687_C1937_L-6.xml,drilldown/pl_id_1687/L-6,07-09-2013 17:12:08,1200
tl_M1687_C1938_L-6.xml,drilldown/pl_id_1687/L-6,07-09-2013 17:12:08,1132
tl_M1687_C1940_L-6.xml,drilldown/pl_id_1687/L-6,07-05-2013 09:21:08,204
tl_M1687_C1942_L-6.xml,drilldown/pl_id_1687/L-6,13-07-2013 17:11:56,1937
tl_M1687_C1944_L-6.xml,drilldown/pl_id_1687/L-6,22-06-2013 17:11:52,410
tl_M1687_C1945_L-6.xml,drilldown/pl_id_1687/L-6,17-06-2013 07:54:16,808
tl_M1687_C1946_L-6.xml,drilldown/pl_id_1687/L-6,16-09-2013 09:58:32,284
tl_M1687_C1950_L-6.xml,drilldown/pl_id_1687/L-6,16-09-2013 09:58:32,842
tl_M1687_C1956_L-6.xml,drilldown/pl_id_1687/L-6,31-08-2013 17:11:56,422
tl_M1687_C1960_L-6.xml,drilldown/pl_id_1687/L-6,21-09-2013 17:12:08,1020
tl_M1687_C1974_L-6.xml,drilldown/pl_id_1687/L-6,17-08-2013 17:12:02,1787
tl_M1687_C1984_L-6.xml,drilldown/pl_id_1687/L-6,24-08-2013 17:12:00,1808
tl_M1687_C1985_L-6.xml,drilldown/pl_id_1687/L-6,24-08-2013 17:12:00,1808
tl_M1687_C1986_L-6.xml,drilldown/pl_id_1687/L-6,21-09-2013 17:12:08,1260
tl_M1687_C1988_L-6.xml,drilldown/pl_id_1687/L-6,17-08-2013 17:12:02,711
tl_M1687_C1993_L-6.xml,drilldown/pl_id_1687/L-6,17-08-2013 17:12:02,919
tl_M1687_C1996_L-6.xml,drilldown/pl_id_1687/L-6,17-08-2013 17:12:02,1709
tl_M1687_C2003_L-6.xml,drilldown/pl_id_1687/L-6,16-09-2013 09:58:32,883
tl_M1687_C2004_L-6.xml,drilldown/pl_id_1687/L-6,06-07-2013 17:11:56,144
tl_M1687_C2008_L-6.xml,drilldown/pl_id_1687/L-6,16-09-2013 09:58:32,732
tl_M1687_C2009_L-6.xml,drilldown/pl_id_1687/L-6,07-09-2013 17:12:08,1058
tl_M1687_C2013_L-6.xml,drilldown/pl_id_1687/L-6,29-04-2013 17:12:42,2057
tl_M1687_C2014_L-6.xml,drilldown/pl_id_1687/L-6,17-08-2013 17:12:02,1124
tl_M1687_C2023_L-6.xml,drilldown/pl_id_1687/L-6,07-09-2013 17:12:08,436
tl_M1687_C2033_L-6.xml,drilldown/pl_id_1687/L-6,16-09-2013 09:58:32,752
tl_M1687_C2038_L-6.xml,drilldown/pl_id_1687/L-6,17-08-2013 17:12:02,432
tl_M1687_C2040_L-6.xml,drilldown/pl_id_1687/L-6,17-08-2013 17:12:02,424
tl_M1687_C2043_L-6.xml,drilldown/pl_id_1687/L-6,08-04-2013 20:27:16,1272
tl_M1687_C2046_L-6.xml,drilldown/pl_id_1687/L-6,07-09-2013 17:12:08,888
tl_M1687_C2050_L-6.xml,drilldown/pl_id_1687/L-6,16-09-2013 09:58:32,1508
tl_M1687_C2055_L-6.xml,drilldown/pl_id_1687/L-6,07-09-2013 17:12:08,1223
tl_M1687_C2057_L-6.xml,drilldown/pl_id_1687/L-6,11-05-2013 17:11:42,438
tl_M1687_C2058_L-6.xml,drilldown/pl_id_1687/L-6,17-08-2013 17:12:02,1187
tl_M1687_C2065_L-6.xml,drilldown/pl_id_1687/L-6,07-09-2013 17:12:08,1694
tl_M1687_C2067_L-6.xml,drilldown/pl_id_1687/L-6,29-06-2013 17:11:56,2417
tl_M1687_C2069_L-6.xml,drilldown/pl_id_1687/L-6,20-04-2013 17:11:44,1012
tl_M1687_C2070_L-6.xml,drilldown/pl_id_1687/L-6,07-09-2013 17:12:08,445
tl_M1687_C2073_L-6.xml,drilldown/pl_id_1687/L-6,16-09-2013 09:58:32,1355
tl_M1687_C2075_L-6.xml,drilldown/pl_id_1687/L-6,17-08-2013 17:12:02,1025
tl_M1687_C2084_L-6.xml,drilldown/pl_id_1687/L-6,03-08-2013 17:12:02,1286
tl_M1687_C2087_L-6.xml,drilldown/pl_id_1687/L-6,01-06-2013 17:11:48,990
tl_M1687_C2100_L-6.xml,drilldown/pl_id_1687/L-6,17-08-2013 17:12:02,1729
tl_M1687_C2111_L-6.xml,drilldown/pl_id_1687/L-6,07-09-2013 17:12:08,490
tl_M1687_C2113_L-6.xml,drilldown/pl_id_1687/L-6,17-08-2013 17:12:02,794
tl_M1687_C2116_L-6.xml,drilldown/pl_id_1687/L-6,07-09-2013 17:12:08,352
tl_M1687_C2117_L-6.xml,drilldown/pl_id_1687/L-6,13-04-2013 17:11:38,506
tl_M1687_C2122_L-6.xml,drilldown/pl_id_1687/L-6,30-03-2013 17:11:56,1222
tl_M1687_C2137_L-6.xml,drilldown/pl_id_1687/L-6,21-09-2013 17:12:08,621
tl_M1687_C2141_L-6.xml,drilldown/pl_id_1687/L-6,17-08-2013 17:12:02,476
tl_M1687_C2145_L-6.xml,drilldown/pl_id_1687/L-6,17-08-2013 17:12:02,2225
tl_M1687_C2154_L-6.xml,drilldown/pl_id_1687/L-6,17-08-2013 17:12:02,2225
tl_M1687_C2163_L-6.xml,drilldown/pl_id_1687/L-6,21-09-2013 17:12:08,1223
tl_M1687_C2165_L-6.xml,drilldown/pl_id_1687/L-6,17-08-2013 17:12:02,2351
tl_M1687_C2167_L-6.xml,drilldown/pl_id_1687/L-6,13-04-2013 17:11:38,712
tl_M1687_C2168_L-6.xml,drilldown/pl_id_1687/L-6,29-06-2013 17:11:56,587
tl_M1687_C2169_L-6.xml,drilldown/pl_id_1687/L-6,16-09-2013 09:58:32,895
tl_M1687_C2177_L-6.xml,drilldown/pl_id_1687/L-6,24-08-2013 17:12:00,1703
tl_M1687_C2190_L-6.xml,drilldown/pl_id_1687/L-6,24-08-2013 17:12:00,989
tl_M1687_C2191_L-6.xml,drilldown/pl_id_1687/L-6,17-08-2013 17:12:02,718
tl_M1687_C2192_L-6.xml,drilldown/pl_id_1687/L-6,24-08-2013 17:12:00,1018
Itm_M2202_C11223_I4_L-6.xml,drilldown/pl_id_2202/L-6,08-04-2013 20:27:16,344
Itm_M2202_C11229_I1_L-6.xml,drilldown/pl_id_2202/L-6,07-05-2013 09:21:08,2802
Itm_M2202_C11233_I3_L-6.xml,drilldown/pl_id_2202/L-6,27-07-2013 17:12:04,228
Itm_M2202_C11233_I4_L-6.xml,drilldown/pl_id_2202/L-6,27-07-2013 17:12:04,228
Itm_M2202_C11236_I9_L-6.xml,drilldown/pl_id_2202/L-6,07-05-2013 09:21:08,231
Itm_M2202_C11241_I2_L-6.xml,drilldown/pl_id_2202/L-6,06-07-2013 17:11:56,1926
Itm_M2202_C11243_I8_L-6.xml,drilldown/pl_id_2202/L-6,16-03-2013 17:11:36,432
Itm_M2202_C11252_I2_L-6.xml,drilldown/pl_id_2202/L-6,20-07-2013 17:12:00,980
Itm_M2202_C11262_I3_L-6.xml,drilldown/pl_id_2202/L-6,10-08-2013 17:12:00,136
Itm_M2202_C11265_I3_L-6.xml,drilldown/pl_id_2202/L-6,08-06-2013 17:11:48,222
Itm_M2202_C11265_I8_L-6.xml,drilldown/pl_id_2202/L-6,29-04-2013 17:12:42,432
Itm_M2202_C11270_I1_L-6.xml,drilldown/pl_id_2202/L-6,06-07-2013 17:11:56,501
Itm_M2202_C11280_I10_L-6.xml,drilldown/pl_id_2202/L-6,21-09-2013 17:12:08,235
Itm_M2202_C11280_I11_L-6.xml,drilldown/pl_id_2202/L-6,21-09-2013 17:12:08,196
Itm_M2202_C11280_I2_L-6.xml,drilldown/pl_id_2202/L-6,21-09-2013 17:12:08,143
Itm_M2202_C11280_I3_L-6.xml,drilldown/pl_id_2202/L-6,21-09-2013 17:12:08,143
Itm_M2202_C11280_I5_L-6.xml,drilldown/pl_id_2202/L-6,21-09-2013 17:12:08,142
Itm_M2202_C11280_I6_L-6.xml,drilldown/pl_id_2202/L-6,07-09-2013 17:12:08,138
Itm_M2202_C11280_I7_L-6.xml,drilldown/pl_id_2202/L-6,21-09-2013 17:12:08,238
Itm_M2202_C11280_I9_L-6.xml,drilldown/pl_id_2202/L-6,21-09-2013 17:12:08,136
Itm_M2202_C11281_I1_L-6.xml,drilldown/pl_id_2202/L-6,17-08-2013 17:12:02,137
Itm_M2202_C11281_I2_L-6.xml,drilldown/pl_id_2202/L-6,07-05-2013 09:21:08,3679
Itm_M2202_C11910_I5_L-6.xml,drilldown/pl_id_2202/L-6,01-06-2013 17:11:48,420
Itm_M2202_C11913_I3_L-6.xml,drilldown/pl_id_2202/L-6,24-08-2013 17:12:00,228
Itm_M2202_C12099_I4_L-6.xml,drilldown/pl_id_2202/L-6,07-05-2013 09:21:08,134
Itm_M2202_C2632_I14_L-6.xml,drilldown/pl_id_2202/L-6,27-07-2013 17:12:04,141
Itm_M2202_C2637_I7_L-6.xml,drilldown/pl_id_2202/L-6,07-05-2013 09:21:08,284
Itm_M2202_C2638_I12_L-6.xml,drilldown/pl_id_2202/L-6,27-07-2013 17:12:04,235
Itm_M2202_C2771_I10_L-6.xml,drilldown/pl_id_2202/L-6,08-06-2013 17:11:48,141
Itm_M2202_C2782_I12_L-6.xml,drilldown/pl_id_2202/L-6,20-07-2013 17:12:00,137
Itm_M2202_C2782_I21_L-6.xml,drilldown/pl_id_2202/L-6,20-07-2013 17:12:00,137
Itm_M2202_C2937_I0_L-6.xml,drilldown/pl_id_2202/L-6,01-06-2013 17:11:48,11281
Itm_M2202_C2948_I16_L-6.xml,drilldown/pl_id_2202/L-6,07-05-2013 09:21:08,329
Itm_M2202_C3051_I11_L-6.xml,drilldown/pl_id_2202/L-6,25-05-2013 17:11:48,141
Itm_M2202_C3051_I12_L-6.xml,drilldown/pl_id_2202/L-6,08-06-2013 17:11:48,141
Itm_M2202_C3081_I10_L-6.xml,drilldown/pl_id_2202/L-6,08-06-2013 17:11:48,235
Itm_M2202_C3081_I11_L-6.xml,drilldown/pl_id_2202/L-6,25-05-2013 17:11:48,235
Itm_M2202_C3081_I12_L-6.xml,drilldown/pl_id_2202/L-6,08-06-2013 17:11:48,235
Itm_M2202_C3224_I4_L-6.xml,drilldown/pl_id_2202/L-6,20-05-2013 14:09:22,1054
Itm_M2202_C3428_I3_L-6.xml,drilldown/pl_id_2202/L-6,23-03-2013 17:11:32,310
Itm_M2202_C3535_I18_L-6.xml,drilldown/pl_id_2202/L-6,07-05-2013 09:21:08,142
Itm_M2202_C3535_I7_L-6.xml,drilldown/pl_id_2202/L-6,07-05-2013 09:21:08,376
Itm_M2202_C3537_I25_L-6.xml,drilldown/pl_id_2202/L-6,07-05-2013 09:21:08,308
Itm_M2202_C3538_I16_L-6.xml,drilldown/pl_id_2202/L-6,07-05-2013 09:21:08,314
Itm_M2202_C3538_I8_L-6.xml,drilldown/pl_id_2202/L-6,07-05-2013 09:21:08,376
Itm_M2202_C3541_I10_L-6.xml,drilldown/pl_id_2202/L-6,07-05-2013 09:21:08,1334
Itm_M2202_C3721_I16_L-6.xml,drilldown/pl_id_2202/L-6,17-08-2013 17:12:02,141
Itm_M2202_C3770_I13_L-6.xml,drilldown/pl_id_2202/L-6,24-08-2013 17:12:00,137
Itm_M2202_C4062_I0_L-6.xml,drilldown/pl_id_2202/L-6,20-04-2013 17:11:44,1555
Itm_M2202_C4063_I0_L-6.xml,drilldown/pl_id_2202/L-6,20-04-2013 17:11:44,1555
Itm_M2202_C4432_I2_L-6.xml,drilldown/pl_id_2202/L-6,30-03-2013 17:11:56,2590
Itm_M2202_C4522_I17_L-6.xml,drilldown/pl_id_2202/L-6,29-06-2013 17:11:56,141
Itm_M2202_C4676_I0_L-6.xml,drilldown/pl_id_2202/L-6,24-08-2013 17:12:00,5330
Itm_M2202_C4796_I1_L-6.xml,drilldown/pl_id_2202/L-6,07-05-2013 09:21:08,320
Itm_M2202_C4831_I18_L-6.xml,drilldown/pl_id_2202/L-6,27-07-2013 17:12:04,138
Itm_M2202_C5035_I13_L-6.xml,drilldown/pl_id_2202/L-6,27-07-2013 17:12:04,872
Itm_M2202_C5035_I20_L-6.xml,drilldown/pl_id_2202/L-6,24-08-2013 17:12:00,135
Itm_M2202_C5069_I0_L-6.xml,drilldown/pl_id_2202/L-6,16-03-2013 17:11:36,7691
Itm_M2202_C5151_I3_L-6.xml,drilldown/pl_id_2202/L-6,07-09-2013 17:12:08,228
Itm_M2202_C5151_I4_L-6.xml,drilldown/pl_id_2202/L-6,21-09-2013 17:12:08,136
Itm_M2202_C5168_I12_L-6.xml,drilldown/pl_id_2202/L-6,21-09-2013 17:12:08,139
Itm_M2202_C5168_I13_L-6.xml,drilldown/pl_id_2202/L-6,21-09-2013 17:12:08,138
Itm_M2202_C5191_I9_L-6.xml,drilldown/pl_id_2202/L-6,07-05-2013 09:21:08,235
Itm_M2202_C5217_I12_L-6.xml,drilldown/pl_id_2202/L-6,07-05-2013 09:21:08,288
Itm_M2202_C5289_I15_L-6.xml,drilldown/pl_id_2202/L-6,07-05-2013 09:21:08,288
Itm_M2202_C5348_I12_L-6.xml,drilldown/pl_id_2202/L-6,01-06-2013 17:11:48,367
Itm_M2202_C5349_I12_L-6.xml,drilldown/pl_id_2202/L-6,01-06-2013 17:11:48,290
Itm_M2202_C5350_I12_L-6.xml,drilldown/pl_id_2202/L-6,01-06-2013 17:11:48,306
Itm_M2202_C5351_I6_L-6.xml,drilldown/pl_id_2202/L-6,07-05-2013 09:21:08,429
Itm_M2202_C5352_I6_L-6.xml,drilldown/pl_id_2202/L-6,07-05-2013 09:21:08,504
Itm_M2202_C5353_I11_L-6.xml,drilldown/pl_id_2202/L-6,07-05-2013 09:21:08,437
Itm_M2202_C5353_I8_L-6.xml,drilldown/pl_id_2202/L-6,01-06-2013 17:11:48,282
Itm_M2202_C5354_I10_L-6.xml,drilldown/pl_id_2202/L-6,07-05-2013 09:21:08,576
Itm_M2202_C5354_I11_L-6.xml,drilldown/pl_id_2202/L-6,21-09-2013 17:12:08,247
Itm_M2202_C5354_I12_L-6.xml,drilldown/pl_id_2202/L-6,21-09-2013 17:12:08,138
Itm_M2202_C5354_I13_L-6.xml,drilldown/pl_id_2202/L-6,07-09-2013 17:12:08,138
Itm_M2202_C5354_I14_L-6.xml,drilldown/pl_id_2202/L-6,21-09-2013 17:12:08,140
Itm_M2202_C5354_I15_L-6.xml,drilldown/pl_id_2202/L-6,16-09-2013 09:58:32,140
Itm_M2202_C5354_I16_L-6.xml,drilldown/pl_id_2202/L-6,31-08-2013 17:11:56,139
Itm_M2202_C5354_I22_L-6.xml,drilldown/pl_id_2202/L-6,07-09-2013 17:12:08,139
Itm_M2202_C5354_I3_L-6.xml,drilldown/pl_id_2202/L-6,21-09-2013 17:12:08,136
Itm_M2202_C5354_I5_L-6.xml,drilldown/pl_id_2202/L-6,21-09-2013 17:12:08,205
Itm_M2202_C5354_I6_L-6.xml,drilldown/pl_id_2202/L-6,21-09-2013 17:12:08,137
Itm_M2202_C5354_I7_L-6.xml,drilldown/pl_id_2202/L-6,21-09-2013 17:12:08,137
Itm_M2202_C5354_I8_L-6.xml,drilldown/pl_id_2202/L-6,21-09-2013 17:12:08,206
Itm_M2202_C5354_I9_L-6.xml,drilldown/pl_id_2202/L-6,07-09-2013 17:12:08,138
Itm_M2202_C5355_I7_L-6.xml,drilldown/pl_id_2202/L-6,01-06-2013 17:11:48,284
Itm_M2202_C5424_I0_L-6.xml,drilldown/pl_id_2202/L-6,07-05-2013 09:21:08,2561
Itm_M2202_C5452_I1_L-6.xml,drilldown/pl_id_2202/L-6,07-05-2013 09:21:08,5854
Itm_M2202_C5456_I3_L-6.xml,drilldown/pl_id_2202/L-6,07-05-2013 09:21:08,204
Itm_M2202_C5476_I1_L-6.xml,drilldown/pl_id_2202/L-6,07-05-2013 09:21:08,205
Itm_M2202_C5498_I11_L-6.xml,drilldown/pl_id_2202/L-6,24-08-2013 17:12:00,141
Itm_M2202_C5512_I2_L-6.xml,drilldown/pl_id_2202/L-6,07-05-2013 09:21:08,8751
Itm_M2202_C5527_I8_L-6.xml,drilldown/pl_id_2202/L-6,07-05-2013 09:21:08,310
Itm_M2202_C5561_I8_L-6.xml,drilldown/pl_id_2202/L-6,20-05-2013 14:09:22,459
Itm_M2202_C5718_I4_L-6.xml,drilldown/pl_id_2202/L-6,20-04-2013 17:11:44,596
Itm_M2202_C5742_I4_L-6.xml,drilldown/pl_id_2202/L-6,07-05-2013 09:21:08,686
Itm_M2202_C5780_I10_L-6.xml,drilldown/pl_id_2202/L-6,21-09-2013 17:12:08,140
Itm_M2202_C5780_I11_L-6.xml,drilldown/pl_id_2202/L-6,24-08-2013 17:12:00,215
Itm_M2202_C5780_I12_L-6.xml,drilldown/pl_id_2202/L-6,31-08-2013 17:11:56,139
Itm_M2202_C5780_I15_L-6.xml,drilldown/pl_id_2202/L-6,16-09-2013 09:58:32,139
Itm_M2202_C5780_I16_L-6.xml,drilldown/pl_id_2202/L-6,24-08-2013 17:12:00,139
Itm_M2202_C5780_I2_L-6.xml,drilldown/pl_id_2202/L-6,20-07-2013 17:12:00,211
Itm_M2202_C5780_I3_L-6.xml,drilldown/pl_id_2202/L-6,16-09-2013 09:58:32,136
Itm_M2202_C5780_I4_L-6.xml,drilldown/pl_id_2202/L-6,31-08-2013 17:11:56,137
Itm_M2202_C5780_I5_L-6.xml,drilldown/pl_id_2202/L-6,17-08-2013 17:12:02,136
Itm_M2202_C5780_I6_L-6.xml,drilldown/pl_id_2202/L-6,16-09-2013 09:58:32,137
Itm_M2202_C5780_I7_L-6.xml,drilldown/pl_id_2202/L-6,21-09-2013 17:12:08,211
Itm_M2202_C5780_I8_L-6.xml,drilldown/pl_id_2202/L-6,31-08-2013 17:11:56,137
Itm_M2202_C5780_I9_L-6.xml,drilldown/pl_id_2202/L-6,16-09-2013 09:58:32,137
Itm_M2202_C5844_I6_L-6.xml,drilldown/pl_id_2202/L-6,07-05-2013 09:21:08,339
Itm_M2202_C5956_I5_L-6.xml,drilldown/pl_id_2202/L-6,08-04-2013 20:27:18,228
Itm_M2202_C5956_I9_L-6.xml,drilldown/pl_id_2202/L-6,07-05-2013 09:21:08,284
Itm_M2202_C5959_I7_L-6.xml,drilldown/pl_id_2202/L-6,07-05-2013 09:21:08,284
Itm_M2202_C5960_I0_L-6.xml,drilldown/pl_id_2202/L-6,07-05-2013 09:21:08,1675
Itm_M2202_C5961_I11_L-6.xml,drilldown/pl_id_2202/L-6,07-05-2013 09:21:08,288
Itm_M2202_C5982_I1_L-6.xml,drilldown/pl_id_2202/L-6,01-06-2013 17:11:48,306
Itm_M2202_C5982_I6_L-6.xml,drilldown/pl_id_2202/L-6,17-08-2013 17:12:02,230
Itm_M2202_C5984_I8_L-6.xml,drilldown/pl_id_2202/L-6,21-09-2013 17:12:08,136
Itm_M2202_C6055_I8_L-6.xml,drilldown/pl_id_2202/L-6,24-08-2013 17:12:00,258
Itm_M2202_C6199_I0_L-6.xml,drilldown/pl_id_2202/L-6,16-09-2013 09:58:32,205
Itm_M2202_C6199_I3_L-6.xml,drilldown/pl_id_2202/L-6,21-09-2013 17:12:08,273
Itm_M2202_C6199_I4_L-6.xml,drilldown/pl_id_2202/L-6,21-09-2013 17:12:08,264
Itm_M2202_C6199_I5_L-6.xml,drilldown/pl_id_2202/L-6,16-09-2013 09:58:32,136
Itm_M2202_C6199_I6_L-6.xml,drilldown/pl_id_2202/L-6,21-09-2013 17:12:08,192
Itm_M2202_C6236_I10_L-6.xml,drilldown/pl_id_2202/L-6,20-05-2013 14:09:22,139
Itm_M2202_C6239_I2_L-6.xml,drilldown/pl_id_2202/L-6,21-09-2013 17:12:08,253
Itm_M2202_C6239_I3_L-6.xml,drilldown/pl_id_2202/L-6,21-09-2013 17:12:08,137
Itm_M2202_C6327_I7_L-6.xml,drilldown/pl_id_2202/L-6,01-06-2013 17:11:48,3042
Itm_M2202_C6357_I8_L-6.xml,drilldown/pl_id_2202/L-6,29-06-2013 17:11:56,138
Itm_M2202_C6358_I10_L-6.xml,drilldown/pl_id_2202/L-6,29-06-2013 17:11:56,510
Itm_M2202_C6358_I18_L-6.xml,drilldown/pl_id_2202/L-6,21-09-2013 17:12:08,141
Itm_M2202_C6358_I9_L-6.xml,drilldown/pl_id_2202/L-6,21-09-2013 17:12:08,138
Itm_M2202_C6442_I5_L-6.xml,drilldown/pl_id_2202/L-6,01-06-2013 17:11:48,462
Itm_M2202_C6448_I14_L-6.xml,drilldown/pl_id_2202/L-6,07-05-2013 09:21:08,217
Itm_M2202_C6885_I14_L-6.xml,drilldown/pl_id_2202/L-6,11-05-2013 17:11:42,140
Itm_M2202_C6885_I3_L-6.xml,drilldown/pl_id_2202/L-6,23-03-2013 17:11:32,310
Itm_M2202_C8376_I0_L-6.xml,drilldown/pl_id_2202/L-6,07-05-2013 09:21:08,1418
Itm_M2202_C8928_I19_L-6.xml,drilldown/pl_id_2202/L-6,25-05-2013 17:11:48,138
Itm_M2202_C8928_I9_L-6.xml,drilldown/pl_id_2202/L-6,03-08-2013 17:12:02,136
Itm_M2207_C10956_I9_L-6.xml,drilldown/pl_id_2207/L-6,07-05-2013 09:21:08,231
Itm_M2207_C10973_I3_L-6.xml,drilldown/pl_id_2207/L-6,27-07-2013 17:12:04,228
Itm_M2207_C10973_I4_L-6.xml,drilldown/pl_id_2207/L-6,27-07-2013 17:12:04,228
Itm_M2207_C10974_I1_L-6.xml,drilldown/pl_id_2207/L-6,07-05-2013 09:21:08,2802
Itm_M2207_C10977_I4_L-6.xml,drilldown/pl_id_2207/L-6,08-04-2013 20:27:18,344
Itm_M2207_C10982_I1_L-6.xml,drilldown/pl_id_2207/L-6,17-08-2013 17:12:02,137
Itm_M2207_C10982_I2_L-6.xml,drilldown/pl_id_2207/L-6,07-05-2013 09:21:08,3679
Itm_M2207_C10987_I1_L-6.xml,drilldown/pl_id_2207/L-6,06-07-2013 17:11:56,2312
Itm_M2207_C10987_I2_L-6.xml,drilldown/pl_id_2207/L-6,06-07-2013 17:11:56,3143
Itm_M2207_C10997_I2_L-6.xml,drilldown/pl_id_2207/L-6,20-07-2013 17:12:00,780
Itm_M2207_C11009_I3_L-6.xml,drilldown/pl_id_2207/L-6,10-08-2013 17:12:00,136
Itm_M2207_C11012_I3_L-6.xml,drilldown/pl_id_2207/L-6,08-06-2013 17:11:48,222
Itm_M2207_C11012_I8_L-6.xml,drilldown/pl_id_2207/L-6,29-04-2013 17:12:42,297
Itm_M2207_C11017_I1_L-6.xml,drilldown/pl_id_2207/L-6,06-07-2013 17:11:56,666
Itm_M2207_C11030_I1_L-6.xml,drilldown/pl_id_2207/L-6,29-04-2013 17:12:42,5775
Itm_M2207_C11817_I3_L-6.xml,drilldown/pl_id_2207/L-6,24-08-2013 17:12:00,394
Itm_M2207_C11821_I5_L-6.xml,drilldown/pl_id_2207/L-6,01-06-2013 17:11:48,586
Itm_M2207_C11830_I0_L-6.xml,drilldown/pl_id_2207/L-6,21-09-2013 17:12:08,264
Itm_M2207_C11830_I3_L-6.xml,drilldown/pl_id_2207/L-6,21-09-2013 17:12:08,138
Itm_M2207_C12074_I4_L-6.xml,drilldown/pl_id_2207/L-6,07-05-2013 09:21:08,134
Itm_M2207_C2650_I14_L-6.xml,drilldown/pl_id_2207/L-6,27-07-2013 17:12:04,141
Itm_M2207_C2655_I7_L-6.xml,drilldown/pl_id_2207/L-6,07-05-2013 09:21:08,284
Itm_M2207_C2656_I12_L-6.xml,drilldown/pl_id_2207/L-6,27-07-2013 17:12:04,235
Itm_M2207_C2773_I10_L-6.xml,drilldown/pl_id_2207/L-6,08-06-2013 17:11:48,141
Itm_M2207_C2791_I12_L-6.xml,drilldown/pl_id_2207/L-6,20-07-2013 17:12:00,137
Itm_M2207_C2791_I21_L-6.xml,drilldown/pl_id_2207/L-6,20-07-2013 17:12:00,137
Itm_M2207_C2939_I0_L-6.xml,drilldown/pl_id_2207/L-6,01-06-2013 17:11:48,18043
Itm_M2207_C2949_I16_L-6.xml,drilldown/pl_id_2207/L-6,07-05-2013 09:21:08,329
Itm_M2207_C3053_I11_L-6.xml,drilldown/pl_id_2207/L-6,25-05-2013 17:11:48,141
Itm_M2207_C3053_I12_L-6.xml,drilldown/pl_id_2207/L-6,08-06-2013 17:11:48,141
Itm_M2207_C3085_I10_L-6.xml,drilldown/pl_id_2207/L-6,08-06-2013 17:11:48,235
Itm_M2207_C3085_I11_L-6.xml,drilldown/pl_id_2207/L-6,25-05-2013 17:11:48,235
Itm_M2207_C3085_I12_L-6.xml,drilldown/pl_id_2207/L-6,08-06-2013 17:11:48,235
Itm_M2207_C3234_I4_L-6.xml,drilldown/pl_id_2207/L-6,20-05-2013 14:09:22,1054
Itm_M2207_C3430_I3_L-6.xml,drilldown/pl_id_2207/L-6,23-03-2013 17:11:32,310
Itm_M2207_C3587_I25_L-6.xml,drilldown/pl_id_2207/L-6,07-05-2013 09:21:08,308
Itm_M2207_C3588_I25_L-6.xml,drilldown/pl_id_2207/L-6,07-05-2013 09:21:08,308
Itm_M2207_C3592_I18_L-6.xml,drilldown/pl_id_2207/L-6,07-05-2013 09:21:08,142
Itm_M2207_C3592_I7_L-6.xml,drilldown/pl_id_2207/L-6,07-05-2013 09:21:08,376
Itm_M2207_C3593_I16_L-6.xml,drilldown/pl_id_2207/L-6,07-05-2013 09:21:08,314
Itm_M2207_C3598_I10_L-6.xml,drilldown/pl_id_2207/L-6,07-05-2013 09:21:08,1334
Itm_M2207_C3722_I16_L-6.xml,drilldown/pl_id_2207/L-6,17-08-2013 17:12:02,141
Itm_M2207_C3773_I13_L-6.xml,drilldown/pl_id_2207/L-6,16-09-2013 09:58:32,137
Itm_M2207_C3774_I7_L-6.xml,drilldown/pl_id_2207/L-6,21-09-2013 17:12:08,138
Itm_M2207_C3874_I12_L-6.xml,drilldown/pl_id_2207/L-6,21-09-2013 17:12:08,139
Itm_M2207_C3874_I13_L-6.xml,drilldown/pl_id_2207/L-6,21-09-2013 17:12:08,138
Itm_M2207_C4068_I0_L-6.xml,drilldown/pl_id_2207/L-6,20-04-2013 17:11:44,1555
Itm_M2207_C4069_I0_L-6.xml,drilldown/pl_id_2207/L-6,20-04-2013 17:11:44,1555
Itm_M2207_C4251_I0_L-6.xml,drilldown/pl_id_2207/L-6,07-05-2013 09:21:08,4668
Itm_M2207_C4434_I0_L-6.xml,drilldown/pl_id_2207/L-6,30-03-2013 17:11:56,4835
Itm_M2207_C4434_I2_L-6.xml,drilldown/pl_id_2207/L-6,30-03-2013 17:11:56,2590
Itm_M2207_C4524_I17_L-6.xml,drilldown/pl_id_2207/L-6,29-06-2013 17:11:56,141
Itm_M2207_C4686_I0_L-6.xml,drilldown/pl_id_2207/L-6,24-08-2013 17:12:00,5330
Itm_M2207_C4799_I1_L-6.xml,drilldown/pl_id_2207/L-6,07-05-2013 09:21:08,320
Itm_M2207_C4854_I18_L-6.xml,drilldown/pl_id_2207/L-6,27-07-2013 17:12:04,138
Itm_M2207_C5036_I13_L-6.xml,drilldown/pl_id_2207/L-6,27-07-2013 17:12:04,872
Itm_M2207_C5067_I3_L-6.xml,drilldown/pl_id_2207/L-6,07-09-2013 17:12:08,136
Itm_M2207_C5141_I4_L-6.xml,drilldown/pl_id_2207/L-6,21-09-2013 17:12:08,360
Itm_M2207_C5141_I5_L-6.xml,drilldown/pl_id_2207/L-6,21-09-2013 17:12:08,140
Itm_M2207_C5152_I3_L-6.xml,drilldown/pl_id_2207/L-6,21-09-2013 17:12:08,228
Itm_M2207_C5152_I4_L-6.xml,drilldown/pl_id_2207/L-6,21-09-2013 17:12:08,137
Itm_M2207_C5169_I12_L-6.xml,drilldown/pl_id_2207/L-6,07-09-2013 17:12:08,138
Itm_M2207_C5169_I13_L-6.xml,drilldown/pl_id_2207/L-6,16-09-2013 09:58:32,138
Itm_M2207_C5192_I9_L-6.xml,drilldown/pl_id_2207/L-6,07-05-2013 09:21:08,235
Itm_M2207_C5213_I12_L-6.xml,drilldown/pl_id_2207/L-6,07-05-2013 09:21:08,288
Itm_M2207_C5293_I15_L-6.xml,drilldown/pl_id_2207/L-6,07-05-2013 09:21:08,288
Itm_M2207_C5369_I12_L-6.xml,drilldown/pl_id_2207/L-6,01-06-2013 17:11:48,139
Itm_M2207_C5370_I11_L-6.xml,drilldown/pl_id_2207/L-6,07-05-2013 09:21:08,437
Itm_M2207_C5370_I8_L-6.xml,drilldown/pl_id_2207/L-6,01-06-2013 17:11:48,282
Itm_M2207_C5371_I6_L-6.xml,drilldown/pl_id_2207/L-6,07-05-2013 09:21:08,284
Itm_M2207_C5372_I6_L-6.xml,drilldown/pl_id_2207/L-6,07-05-2013 09:21:08,284
Itm_M2207_C5373_I10_L-6.xml,drilldown/pl_id_2207/L-6,07-05-2013 09:21:08,576
Itm_M2207_C5373_I11_L-6.xml,drilldown/pl_id_2207/L-6,21-09-2013 17:12:08,247
Itm_M2207_C5373_I12_L-6.xml,drilldown/pl_id_2207/L-6,21-09-2013 17:12:08,138
Itm_M2207_C5373_I13_L-6.xml,drilldown/pl_id_2207/L-6,21-09-2013 17:12:08,139
Itm_M2207_C5373_I14_L-6.xml,drilldown/pl_id_2207/L-6,07-09-2013 17:12:08,140
Itm_M2207_C5373_I15_L-6.xml,drilldown/pl_id_2207/L-6,16-09-2013 09:58:32,141
Itm_M2207_C5373_I16_L-6.xml,drilldown/pl_id_2207/L-6,16-09-2013 09:58:32,140
Itm_M2207_C5373_I22_L-6.xml,drilldown/pl_id_2207/L-6,21-09-2013 17:12:08,139
Itm_M2207_C5373_I3_L-6.xml,drilldown/pl_id_2207/L-6,21-09-2013 17:12:08,137
Itm_M2207_C5373_I5_L-6.xml,drilldown/pl_id_2207/L-6,07-09-2013 17:12:08,205
Itm_M2207_C5373_I6_L-6.xml,drilldown/pl_id_2207/L-6,21-09-2013 17:12:08,138
Itm_M2207_C5373_I7_L-6.xml,drilldown/pl_id_2207/L-6,16-09-2013 09:58:32,137
Itm_M2207_C5373_I8_L-6.xml,drilldown/pl_id_2207/L-6,16-09-2013 09:58:32,205
Itm_M2207_C5373_I9_L-6.xml,drilldown/pl_id_2207/L-6,21-09-2013 17:12:08,138
Itm_M2207_C5374_I7_L-6.xml,drilldown/pl_id_2207/L-6,01-06-2013 17:11:48,284
Itm_M2207_C5375_I0_L-6.xml,drilldown/pl_id_2207/L-6,07-09-2013 17:12:08,364
Itm_M2207_C5375_I10_L-6.xml,drilldown/pl_id_2207/L-6,21-09-2013 17:12:08,208
Itm_M2207_C5375_I11_L-6.xml,drilldown/pl_id_2207/L-6,16-09-2013 09:58:32,139
Itm_M2207_C5375_I12_L-6.xml,drilldown/pl_id_2207/L-6,07-09-2013 17:12:08,140
Itm_M2207_C5375_I13_L-6.xml,drilldown/pl_id_2207/L-6,21-09-2013 17:12:08,140
Itm_M2207_C5375_I14_L-6.xml,drilldown/pl_id_2207/L-6,16-09-2013 09:58:32,140
Itm_M2207_C5375_I15_L-6.xml,drilldown/pl_id_2207/L-6,10-08-2013 17:12:00,209
Itm_M2207_C5375_I16_L-6.xml,drilldown/pl_id_2207/L-6,21-09-2013 17:12:08,140
Itm_M2207_C5375_I17_L-6.xml,drilldown/pl_id_2207/L-6,16-09-2013 09:58:32,140
Itm_M2207_C5375_I18_L-6.xml,drilldown/pl_id_2207/L-6,21-09-2013 17:12:08,141
Itm_M2207_C5375_I19_L-6.xml,drilldown/pl_id_2207/L-6,31-08-2013 17:11:56,216
Itm_M2207_C5375_I20_L-6.xml,drilldown/pl_id_2207/L-6,21-09-2013 17:12:08,247
Itm_M2207_C5375_I21_L-6.xml,drilldown/pl_id_2207/L-6,21-09-2013 17:12:08,141
Itm_M2207_C5375_I22_L-6.xml,drilldown/pl_id_2207/L-6,21-09-2013 17:12:08,139
Itm_M2207_C5375_I23_L-6.xml,drilldown/pl_id_2207/L-6,21-09-2013 17:12:08,139
Itm_M2207_C5375_I24_L-6.xml,drilldown/pl_id_2207/L-6,16-09-2013 09:58:32,139
Itm_M2207_C5375_I2_L-6.xml,drilldown/pl_id_2207/L-6,21-09-2013 17:12:08,139
Itm_M2207_C5375_I3_L-6.xml,drilldown/pl_id_2207/L-6,21-09-2013 17:12:08,138
Itm_M2207_C5375_I4_L-6.xml,drilldown/pl_id_2207/L-6,16-09-2013 09:58:32,137
Itm_M2207_C5375_I5_L-6.xml,drilldown/pl_id_2207/L-6,21-09-2013 17:12:08,136
Itm_M2207_C5375_I6_L-6.xml,drilldown/pl_id_2207/L-6,06-07-2013 17:11:56,136
Itm_M2207_C5375_I8_L-6.xml,drilldown/pl_id_2207/L-6,07-09-2013 17:12:08,137
Itm_M2207_C5375_I9_L-6.xml,drilldown/pl_id_2207/L-6,21-09-2013 17:12:08,315
Itm_M2207_C5385_I5_L-6.xml,drilldown/pl_id_2207/L-6,16-09-2013 09:58:32,132
Itm_M2207_C5425_I0_L-6.xml,drilldown/pl_id_2207/L-6,07-05-2013 09:21:08,2561
Itm_M2207_C5453_I1_L-6.xml,drilldown/pl_id_2207/L-6,07-05-2013 09:21:08,5854
Itm_M2207_C5457_I1_L-6.xml,drilldown/pl_id_2207/L-6,07-05-2013 09:21:08,908
Itm_M2207_C5480_I1_L-6.xml,drilldown/pl_id_2207/L-6,07-05-2013 09:21:08,205
Itm_M2207_C5500_I11_L-6.xml,drilldown/pl_id_2207/L-6,24-08-2013 17:12:00,141
Itm_M2207_C5513_I2_L-6.xml,drilldown/pl_id_2207/L-6,07-05-2013 09:21:08,8751
Itm_M2207_C5517_I2_L-6.xml,drilldown/pl_id_2207/L-6,07-09-2013 17:12:08,204
Itm_M2207_C5531_I8_L-6.xml,drilldown/pl_id_2207/L-6,07-05-2013 09:21:08,310
Itm_M2207_C5563_I8_L-6.xml,drilldown/pl_id_2207/L-6,20-05-2013 14:09:22,593
Itm_M2207_C5708_I4_L-6.xml,drilldown/pl_id_2207/L-6,16-09-2013 09:58:32,204
Itm_M2207_C5708_I5_L-6.xml,drilldown/pl_id_2207/L-6,16-09-2013 09:58:32,264
Itm_M2207_C5708_I6_L-6.xml,drilldown/pl_id_2207/L-6,07-09-2013 17:12:08,139
Itm_M2207_C5708_I8_L-6.xml,drilldown/pl_id_2207/L-6,21-09-2013 17:12:08,292
Itm_M2207_C5708_I9_L-6.xml,drilldown/pl_id_2207/L-6,16-09-2013 09:58:32,136
Itm_M2207_C5719_I4_L-6.xml,drilldown/pl_id_2207/L-6,20-04-2013 17:11:44,596
Itm_M2207_C5744_I4_L-6.xml,drilldown/pl_id_2207/L-6,07-05-2013 09:21:08,686
Itm_M2207_C5846_I0_L-6.xml,drilldown/pl_id_2207/L-6,07-05-2013 09:21:08,1755
Itm_M2207_C5957_I5_L-6.xml,drilldown/pl_id_2207/L-6,08-04-2013 20:27:18,228
Itm_M2207_C5957_I9_L-6.xml,drilldown/pl_id_2207/L-6,07-05-2013 09:21:08,284
Itm_M2207_C5967_I8_L-6.xml,drilldown/pl_id_2207/L-6,07-05-2013 09:21:08,376
Itm_M2207_C5968_I2_L-6.xml,drilldown/pl_id_2207/L-6,21-09-2013 17:12:08,137
Itm_M2207_C5968_I8_L-6.xml,drilldown/pl_id_2207/L-6,07-05-2013 09:21:08,376
Itm_M2207_C5969_I4_L-6.xml,drilldown/pl_id_2207/L-6,07-05-2013 09:21:08,388
Itm_M2207_C5971_I7_L-6.xml,drilldown/pl_id_2207/L-6,07-05-2013 09:21:08,284
Itm_M2207_C5972_I11_L-6.xml,drilldown/pl_id_2207/L-6,07-05-2013 09:21:08,288
Itm_M2207_C5983_I1_L-6.xml,drilldown/pl_id_2207/L-6,01-06-2013 17:11:48,550
Itm_M2207_C5983_I6_L-6.xml,drilldown/pl_id_2207/L-6,17-08-2013 17:12:02,398
Itm_M2207_C5985_I8_L-6.xml,drilldown/pl_id_2207/L-6,21-09-2013 17:12:08,135
Itm_M2207_C6058_I8_L-6.xml,drilldown/pl_id_2207/L-6,24-08-2013 17:12:00,258
Itm_M2207_C6059_I8_L-6.xml,drilldown/pl_id_2207/L-6,24-08-2013 17:12:00,258
Itm_M2207_C6076_I13_L-6.xml,drilldown/pl_id_2207/L-6,07-05-2013 09:21:08,430
Itm_M2207_C6233_I2_L-6.xml,drilldown/pl_id_2207/L-6,21-09-2013 17:12:08,355
Itm_M2207_C6233_I4_L-6.xml,drilldown/pl_id_2207/L-6,21-09-2013 17:12:08,211
Itm_M2207_C6233_I6_L-6.xml,drilldown/pl_id_2207/L-6,21-09-2013 17:12:08,137
Itm_M2207_C6233_I7_L-6.xml,drilldown/pl_id_2207/L-6,31-08-2013 17:11:56,138
Itm_M2207_C6233_I9_L-6.xml,drilldown/pl_id_2207/L-6,21-09-2013 17:12:08,137
Itm_M2207_C6238_I10_L-6.xml,drilldown/pl_id_2207/L-6,20-05-2013 14:09:22,139
Itm_M2207_C6328_I1_L-6.xml,drilldown/pl_id_2207/L-6,29-06-2013 17:11:56,27908
Itm_M2207_C6328_I7_L-6.xml,drilldown/pl_id_2207/L-6,01-06-2013 17:11:48,5899
Itm_M2207_C6360_I10_L-6.xml,drilldown/pl_id_2207/L-6,29-06-2013 17:11:56,291
Itm_M2207_C6360_I18_L-6.xml,drilldown/pl_id_2207/L-6,31-08-2013 17:11:56,140
Itm_M2207_C6361_I8_L-6.xml,drilldown/pl_id_2207/L-6,29-06-2013 17:11:56,138
Itm_M2207_C6443_I5_L-6.xml,drilldown/pl_id_2207/L-6,01-06-2013 17:11:48,462
Itm_M2207_C6449_I0_L-6.xml,drilldown/pl_id_2207/L-6,07-05-2013 09:21:08,466
Itm_M2207_C6888_I14_L-6.xml,drilldown/pl_id_2207/L-6,11-05-2013 17:11:42,140
Itm_M2207_C6888_I3_L-6.xml,drilldown/pl_id_2207/L-6,23-03-2013 17:11:32,310
Itm_M2207_C7429_I2_L-6.xml,drilldown/pl_id_2207/L-6,17-08-2013 17:12:02,13918
Itm_M2207_C8377_I0_L-6.xml,drilldown/pl_id_2207/L-6,07-05-2013 09:21:08,1418
Itm_M2207_C8930_I17_L-6.xml,drilldown/pl_id_2207/L-6,25-05-2013 17:11:48,138
Itm_M2207_C8930_I9_L-6.xml,drilldown/pl_id_2207/L-6,03-08-2013 17:12:02,136
tl_M2207_C5517_L-6.xml,drilldown/pl_id_2207/L-6,07-09-2013 17:12:08,1750
Itm_M2211_C10869_I13_L-6.xml,drilldown/pl_id_2211/L-6,07-05-2013 09:21:08,294
Itm_M2211_C10878_I9_L-6.xml,drilldown/pl_id_2211/L-6,07-05-2013 09:21:08,359
Itm_M2211_C10882_I3_L-6.xml,drilldown/pl_id_2211/L-6,21-09-2013 17:12:08,137
Itm_M2211_C10882_I4_L-6.xml,drilldown/pl_id_2211/L-6,21-09-2013 17:12:08,136
Itm_M2211_C10887_I5_L-6.xml,drilldown/pl_id_2211/L-6,24-08-2013 17:12:00,332
Itm_M2211_C10890_I3_L-6.xml,drilldown/pl_id_2211/L-6,24-08-2013 17:12:00,283
Itm_M2211_C10891_I13_L-6.xml,drilldown/pl_id_2211/L-6,24-08-2013 17:12:00,262
Itm_M2211_C10894_I1_L-6.xml,drilldown/pl_id_2211/L-6,06-07-2013 17:11:56,36990
Itm_M2211_C10898_I3_L-6.xml,drilldown/pl_id_2211/L-6,27-07-2013 17:12:04,136
Itm_M2211_C10898_I4_L-6.xml,drilldown/pl_id_2211/L-6,27-07-2013 17:12:04,136
Itm_M2211_C10899_I6_L-6.xml,drilldown/pl_id_2211/L-6,07-05-2013 09:21:08,139
Itm_M2211_C10901_I20_L-6.xml,drilldown/pl_id_2211/L-6,24-08-2013 17:12:00,141
Itm_M2211_C10902_I3_L-6.xml,drilldown/pl_id_2211/L-6,08-04-2013 20:27:18,136
Itm_M2211_C10909_I5_L-6.xml,drilldown/pl_id_2211/L-6,24-08-2013 17:12:00,258
Itm_M2211_C10914_I2_L-6.xml,drilldown/pl_id_2211/L-6,20-07-2013 17:12:00,691
Itm_M2211_C10917_I4_L-6.xml,drilldown/pl_id_2211/L-6,17-08-2013 17:12:02,136
Itm_M2211_C10917_I8_L-6.xml,drilldown/pl_id_2211/L-6,22-06-2013 17:11:52,253
Itm_M2211_C10920_I1_L-6.xml,drilldown/pl_id_2211/L-6,31-08-2013 17:11:56,1738
Itm_M2211_C10925_I2_L-6.xml,drilldown/pl_id_2211/L-6,21-09-2013 17:12:08,136
Itm_M2211_C10926_I2_L-6.xml,drilldown/pl_id_2211/L-6,07-05-2013 09:21:08,348
Itm_M2211_C10943_I5_L-6.xml,drilldown/pl_id_2211/L-6,17-06-2013 07:54:16,353
Itm_M2211_C10943_I9_L-6.xml,drilldown/pl_id_2211/L-6,24-08-2013 17:12:00,139
Itm_M2211_C11788_I5_L-6.xml,drilldown/pl_id_2211/L-6,01-06-2013 17:11:48,324
Itm_M2211_C11792_I4_L-6.xml,drilldown/pl_id_2211/L-6,07-05-2013 09:21:08,134
Itm_M2211_C11810_I2_L-6.xml,drilldown/pl_id_2211/L-6,27-07-2013 17:12:04,374
Itm_M2211_C2224_I13_L-6.xml,drilldown/pl_id_2211/L-6,24-08-2013 17:12:00,338
Itm_M2211_C2268_I2_L-6.xml,drilldown/pl_id_2211/L-6,16-09-2013 09:58:32,198
Itm_M2211_C2268_I3_L-6.xml,drilldown/pl_id_2211/L-6,16-09-2013 09:58:32,137
Itm_M2211_C2268_I4_L-6.xml,drilldown/pl_id_2211/L-6,16-09-2013 09:58:32,137
Itm_M2211_C2282_I7_L-6.xml,drilldown/pl_id_2211/L-6,24-08-2013 17:12:00,258
Itm_M2211_C2329_I4_L-6.xml,drilldown/pl_id_2211/L-6,25-05-2013 17:11:48,139
Itm_M2211_C2330_I4_L-6.xml,drilldown/pl_id_2211/L-6,25-05-2013 17:11:48,139
Itm_M2211_C2413_I13_L-6.xml,drilldown/pl_id_2211/L-6,17-08-2013 17:12:02,214
Itm_M2211_C2416_I2_L-6.xml,drilldown/pl_id_2211/L-6,10-08-2013 17:12:00,246
Itm_M2211_C2421_I12_L-6.xml,drilldown/pl_id_2211/L-6,24-08-2013 17:12:00,262
Itm_M2211_C2421_I21_L-6.xml,drilldown/pl_id_2211/L-6,24-08-2013 17:12:00,262
Itm_M2211_C2422_I2_L-6.xml,drilldown/pl_id_2211/L-6,10-08-2013 17:12:00,246
Itm_M2211_C2422_I7_L-6.xml,drilldown/pl_id_2211/L-6,25-05-2013 17:11:48,457
Itm_M2211_C2542_I2_L-6.xml,drilldown/pl_id_2211/L-6,07-05-2013 09:21:08,348
Itm_M2211_C2549_I10_L-6.xml,drilldown/pl_id_2211/L-6,07-05-2013 09:21:08,288
Itm_M2211_C2618_I14_L-6.xml,drilldown/pl_id_2211/L-6,24-08-2013 17:12:00,262
Itm_M2211_C2619_I17_L-6.xml,drilldown/pl_id_2211/L-6,24-08-2013 17:12:00,262
Itm_M2211_C2659_I15_L-6.xml,drilldown/pl_id_2211/L-6,21-09-2013 17:12:08,138
Itm_M2211_C2659_I9_L-6.xml,drilldown/pl_id_2211/L-6,16-09-2013 09:58:32,209
Itm_M2211_C2661_I4_L-6.xml,drilldown/pl_id_2211/L-6,24-08-2013 17:12:00,379
Itm_M2211_C2694_I3_L-6.xml,drilldown/pl_id_2211/L-6,16-09-2013 09:58:32,147
Itm_M2211_C2774_I10_L-6.xml,drilldown/pl_id_2211/L-6,08-06-2013 17:11:48,141
Itm_M2211_C2775_I11_L-6.xml,drilldown/pl_id_2211/L-6,08-06-2013 17:11:48,141
Itm_M2211_C2792_I5_L-6.xml,drilldown/pl_id_2211/L-6,24-08-2013 17:12:00,258
Itm_M2211_C2795_I12_L-6.xml,drilldown/pl_id_2211/L-6,20-07-2013 17:12:00,137
Itm_M2211_C2796_I9_L-6.xml,drilldown/pl_id_2211/L-6,20-07-2013 17:12:00,135
Itm_M2211_C2856_I14_L-6.xml,drilldown/pl_id_2211/L-6,27-07-2013 17:12:04,138
Itm_M2211_C2857_I20_L-6.xml,drilldown/pl_id_2211/L-6,27-07-2013 17:12:04,138
Itm_M2211_C2858_I18_L-6.xml,drilldown/pl_id_2211/L-6,27-07-2013 17:12:04,138
Itm_M2211_C2859_I20_L-6.xml,drilldown/pl_id_2211/L-6,08-06-2013 17:11:48,250
Itm_M2211_C2882_I2_L-6.xml,drilldown/pl_id_2211/L-6,31-08-2013 17:11:56,143
Itm_M2211_C2882_I3_L-6.xml,drilldown/pl_id_2211/L-6,21-09-2013 17:12:08,138
Itm_M2211_C2882_I5_L-6.xml,drilldown/pl_id_2211/L-6,21-09-2013 17:12:08,143
Itm_M2211_C2934_I2_L-6.xml,drilldown/pl_id_2211/L-6,21-09-2013 17:12:08,136
Itm_M2211_C2934_I3_L-6.xml,drilldown/pl_id_2211/L-6,21-09-2013 17:12:08,136
Itm_M2211_C2934_I4_L-6.xml,drilldown/pl_id_2211/L-6,07-09-2013 17:12:08,136
Itm_M2211_C2934_I5_L-6.xml,drilldown/pl_id_2211/L-6,07-09-2013 17:12:08,136
Itm_M2211_C2940_I0_L-6.xml,drilldown/pl_id_2211/L-6,01-06-2013 17:11:48,7197
Itm_M2211_C2941_I0_L-6.xml,drilldown/pl_id_2211/L-6,01-06-2013 17:11:48,11141
Itm_M2211_C2950_I16_L-6.xml,drilldown/pl_id_2211/L-6,07-05-2013 09:21:08,235
Itm_M2211_C2951_I16_L-6.xml,drilldown/pl_id_2211/L-6,07-05-2013 09:21:08,235
Itm_M2211_C2954_I3_L-6.xml,drilldown/pl_id_2211/L-6,03-08-2013 17:12:02,134
Itm_M2211_C2964_I10_L-6.xml,drilldown/pl_id_2211/L-6,07-05-2013 09:21:08,235
Itm_M2211_C2981_I10_L-6.xml,drilldown/pl_id_2211/L-6,08-06-2013 17:11:48,141
Itm_M2211_C2981_I11_L-6.xml,drilldown/pl_id_2211/L-6,25-05-2013 17:11:48,141
Itm_M2211_C2981_I12_L-6.xml,drilldown/pl_id_2211/L-6,08-06-2013 17:11:48,141
Itm_M2211_C2981_I2_L-6.xml,drilldown/pl_id_2211/L-6,21-09-2013 17:12:08,136
Itm_M2211_C2981_I3_L-6.xml,drilldown/pl_id_2211/L-6,21-09-2013 17:12:08,137
Itm_M2211_C2981_I4_L-6.xml,drilldown/pl_id_2211/L-6,21-09-2013 17:12:08,136
Itm_M2211_C2981_I5_L-6.xml,drilldown/pl_id_2211/L-6,16-09-2013 09:58:32,136
Itm_M2211_C2981_I6_L-6.xml,drilldown/pl_id_2211/L-6,21-09-2013 17:12:08,137
Itm_M2211_C2981_I8_L-6.xml,drilldown/pl_id_2211/L-6,21-09-2013 17:12:08,136
Itm_M2211_C2984_I2_L-6.xml,drilldown/pl_id_2211/L-6,07-05-2013 09:21:08,136
Itm_M2211_C3008_I8_L-6.xml,drilldown/pl_id_2211/L-6,08-04-2013 20:27:18,136
Itm_M2211_C3012_I28_L-6.xml,drilldown/pl_id_2211/L-6,27-07-2013 17:12:04,141
Itm_M2211_C3016_I12_L-6.xml,drilldown/pl_id_2211/L-6,07-05-2013 09:21:08,288
Itm_M2211_C3042_I0_L-6.xml,drilldown/pl_id_2211/L-6,07-05-2013 09:21:08,1994
Itm_M2211_C3054_I8_L-6.xml,drilldown/pl_id_2211/L-6,25-05-2013 17:11:48,139
Itm_M2211_C3054_I9_L-6.xml,drilldown/pl_id_2211/L-6,08-06-2013 17:11:48,139
Itm_M2211_C3055_I11_L-6.xml,drilldown/pl_id_2211/L-6,25-05-2013 17:11:48,141
Itm_M2211_C3055_I12_L-6.xml,drilldown/pl_id_2211/L-6,08-06-2013 17:11:48,141
Itm_M2211_C3056_I13_L-6.xml,drilldown/pl_id_2211/L-6,25-05-2013 17:11:48,141
Itm_M2211_C3056_I14_L-6.xml,drilldown/pl_id_2211/L-6,08-06-2013 17:11:48,141
Itm_M2211_C3086_I10_L-6.xml,drilldown/pl_id_2211/L-6,08-06-2013 17:11:48,141
Itm_M2211_C3086_I11_L-6.xml,drilldown/pl_id_2211/L-6,25-05-2013 17:11:48,141
Itm_M2211_C3086_I12_L-6.xml,drilldown/pl_id_2211/L-6,08-06-2013 17:11:48,141
Itm_M2211_C3087_I4_L-6.xml,drilldown/pl_id_2211/L-6,07-05-2013 09:21:08,134
Itm_M2211_C3102_I1_L-6.xml,drilldown/pl_id_2211/L-6,08-06-2013 17:11:48,832
Itm_M2211_C3102_I7_L-6.xml,drilldown/pl_id_2211/L-6,17-08-2013 17:12:02,210
Itm_M2211_C3282_I9_L-6.xml,drilldown/pl_id_2211/L-6,07-05-2013 09:21:08,235
Itm_M2211_C3324_I4_L-6.xml,drilldown/pl_id_2211/L-6,24-08-2013 17:12:00,311
Itm_M2211_C3325_I26_L-6.xml,drilldown/pl_id_2211/L-6,24-08-2013 17:12:00,262
Itm_M2211_C3343_I3_L-6.xml,drilldown/pl_id_2211/L-6,06-07-2013 17:11:56,136
Itm_M2211_C3431_I46_L-6.xml,drilldown/pl_id_2211/L-6,08-04-2013 20:27:18,138
Itm_M2211_C3432_I0_L-6.xml,drilldown/pl_id_2211/L-6,08-04-2013 20:27:18,123142
Itm_M2211_C3436_I3_L-6.xml,drilldown/pl_id_2211/L-6,01-06-2013 17:11:48,137
Itm_M2211_C3437_I3_L-6.xml,drilldown/pl_id_2211/L-6,01-06-2013 17:11:48,876
Itm_M2211_C3437_I5_L-6.xml,drilldown/pl_id_2211/L-6,16-09-2013 09:58:32,137
Itm_M2211_C3437_I8_L-6.xml,drilldown/pl_id_2211/L-6,21-09-2013 17:12:08,206
Itm_M2211_C3439_I10_L-6.xml,drilldown/pl_id_2211/L-6,31-08-2013 17:11:56,418
Itm_M2211_C3440_I10_L-6.xml,drilldown/pl_id_2211/L-6,31-08-2013 17:11:56,475
Itm_M2211_C3443_I4_L-6.xml,drilldown/pl_id_2211/L-6,17-08-2013 17:12:02,139
Itm_M2211_C3444_I4_L-6.xml,drilldown/pl_id_2211/L-6,17-08-2013 17:12:02,139
Itm_M2211_C3445_I13_L-6.xml,drilldown/pl_id_2211/L-6,21-09-2013 17:12:08,249
Itm_M2211_C3445_I4_L-6.xml,drilldown/pl_id_2211/L-6,07-09-2013 17:12:08,216
Itm_M2211_C3445_I5_L-6.xml,drilldown/pl_id_2211/L-6,21-09-2013 17:12:08,137
Itm_M2211_C3445_I6_L-6.xml,drilldown/pl_id_2211/L-6,21-09-2013 17:12:08,137
Itm_M2211_C3445_I7_L-6.xml,drilldown/pl_id_2211/L-6,07-09-2013 17:12:08,211
Itm_M2211_C3446_I10_L-6.xml,drilldown/pl_id_2211/L-6,16-09-2013 09:58:32,138
Itm_M2211_C3446_I11_L-6.xml,drilldown/pl_id_2211/L-6,21-09-2013 17:12:08,140
Itm_M2211_C3446_I12_L-6.xml,drilldown/pl_id_2211/L-6,21-09-2013 17:12:08,141
Itm_M2211_C3446_I13_L-6.xml,drilldown/pl_id_2211/L-6,10-08-2013 17:12:00,140
Itm_M2211_C3446_I15_L-6.xml,drilldown/pl_id_2211/L-6,31-08-2013 17:11:56,211
Itm_M2211_C3446_I16_L-6.xml,drilldown/pl_id_2211/L-6,21-09-2013 17:12:08,260
Itm_M2211_C3446_I17_L-6.xml,drilldown/pl_id_2211/L-6,21-09-2013 17:12:08,273
Itm_M2211_C3446_I18_L-6.xml,drilldown/pl_id_2211/L-6,10-08-2013 17:12:00,141
Itm_M2211_C3446_I5_L-6.xml,drilldown/pl_id_2211/L-6,21-09-2013 17:12:08,136
Itm_M2211_C3446_I6_L-6.xml,drilldown/pl_id_2211/L-6,07-09-2013 17:12:08,137
Itm_M2211_C3446_I7_L-6.xml,drilldown/pl_id_2211/L-6,21-09-2013 17:12:08,314
Itm_M2211_C3463_I21_L-6.xml,drilldown/pl_id_2211/L-6,07-05-2013 09:21:08,414
Itm_M2211_C3612_I0_L-6.xml,drilldown/pl_id_2211/L-6,20-05-2013 14:09:22,4283
Itm_M2211_C3612_I3_L-6.xml,drilldown/pl_id_2211/L-6,16-09-2013 09:58:34,294
Itm_M2211_C3672_I1_L-6.xml,drilldown/pl_id_2211/L-6,01-06-2013 17:11:48,418
Itm_M2211_C3677_I6_L-6.xml,drilldown/pl_id_2211/L-6,24-08-2013 17:12:00,379
Itm_M2211_C3694_I9_L-6.xml,drilldown/pl_id_2211/L-6,07-05-2013 09:21:08,340
Itm_M2211_C3707_I10_L-6.xml,drilldown/pl_id_2211/L-6,21-09-2013 17:12:08,142
Itm_M2211_C3707_I12_L-6.xml,drilldown/pl_id_2211/L-6,16-09-2013 09:58:34,139
Itm_M2211_C3707_I3_L-6.xml,drilldown/pl_id_2211/L-6,21-09-2013 17:12:08,136
Itm_M2211_C3707_I5_L-6.xml,drilldown/pl_id_2211/L-6,21-09-2013 17:12:08,136
Itm_M2211_C3707_I6_L-6.xml,drilldown/pl_id_2211/L-6,31-08-2013 17:11:56,128
Itm_M2211_C3707_I7_L-6.xml,drilldown/pl_id_2211/L-6,16-09-2013 09:58:34,136
Itm_M2211_C3712_I1_L-6.xml,drilldown/pl_id_2211/L-6,07-05-2013 09:21:08,895
Itm_M2211_C3724_I16_L-6.xml,drilldown/pl_id_2211/L-6,17-08-2013 17:12:02,196
Itm_M2211_C3733_I12_L-6.xml,drilldown/pl_id_2211/L-6,07-05-2013 09:21:08,345
Itm_M2211_C3749_I4_L-6.xml,drilldown/pl_id_2211/L-6,25-05-2013 17:11:48,882
Itm_M2211_C3749_I9_L-6.xml,drilldown/pl_id_2211/L-6,29-04-2013 17:12:42,189
Itm_M2211_C3814_I1_L-6.xml,drilldown/pl_id_2211/L-6,27-07-2013 17:12:04,954
Itm_M2211_C3814_I2_L-6.xml,drilldown/pl_id_2211/L-6,07-09-2013 17:12:08,136
Itm_M2211_C3814_I3_L-6.xml,drilldown/pl_id_2211/L-6,16-09-2013 09:58:34,137
Itm_M2211_C3814_I4_L-6.xml,drilldown/pl_id_2211/L-6,21-09-2013 17:12:08,133
Itm_M2211_C3921_I19_L-6.xml,drilldown/pl_id_2211/L-6,07-05-2013 09:21:08,220
Itm_M2211_C3922_I7_L-6.xml,drilldown/pl_id_2211/L-6,07-05-2013 09:21:08,139
Itm_M2211_C3922_I9_L-6.xml,drilldown/pl_id_2211/L-6,07-05-2013 09:21:08,139
Itm_M2211_C4006_I2_L-6.xml,drilldown/pl_id_2211/L-6,07-05-2013 09:21:08,139
Itm_M2211_C4015_I11_L-6.xml,drilldown/pl_id_2211/L-6,24-08-2013 17:12:00,262
Itm_M2211_C4045_I2_L-6.xml,drilldown/pl_id_2211/L-6,07-05-2013 09:21:08,139
Itm_M2211_C4087_I4_L-6.xml,drilldown/pl_id_2211/L-6,10-08-2013 17:12:00,136
Itm_M2211_C4121_I2_L-6.xml,drilldown/pl_id_2211/L-6,16-09-2013 09:58:34,136
Itm_M2211_C4126_I3_L-6.xml,drilldown/pl_id_2211/L-6,17-08-2013 17:12:02,136
Itm_M2211_C4166_I9_L-6.xml,drilldown/pl_id_2211/L-6,07-05-2013 09:21:08,1650
Itm_M2211_C4225_I11_L-6.xml,drilldown/pl_id_2211/L-6,07-05-2013 09:21:08,141
Itm_M2211_C4264_I12_L-6.xml,drilldown/pl_id_2211/L-6,07-05-2013 09:21:08,288
Itm_M2211_C4264_I8_L-6.xml,drilldown/pl_id_2211/L-6,07-05-2013 09:21:08,442
Itm_M2211_C4271_I12_L-6.xml,drilldown/pl_id_2211/L-6,16-09-2013 09:58:34,237
Itm_M2211_C4306_I12_L-6.xml,drilldown/pl_id_2211/L-6,16-09-2013 09:58:34,237
Itm_M2211_C4306_I17_L-6.xml,drilldown/pl_id_2211/L-6,20-04-2013 17:11:44,2202
Itm_M2211_C4323_I7_L-6.xml,drilldown/pl_id_2211/L-6,06-07-2013 17:11:56,425
Itm_M2211_C4339_I7_L-6.xml,drilldown/pl_id_2211/L-6,06-07-2013 17:11:56,425
Itm_M2211_C4363_I0_L-6.xml,drilldown/pl_id_2211/L-6,07-05-2013 09:21:08,6134
Itm_M2211_C4388_I12_L-6.xml,drilldown/pl_id_2211/L-6,07-05-2013 09:21:08,1688
Itm_M2211_C4401_I4_L-6.xml,drilldown/pl_id_2211/L-6,24-08-2013 17:12:00,338
Itm_M2211_C4418_I0_L-6.xml,drilldown/pl_id_2211/L-6,24-08-2013 17:12:00,3343
Itm_M2211_C4479_I18_L-6.xml,drilldown/pl_id_2211/L-6,29-04-2013 17:12:42,185
Itm_M2211_C4487_I20_L-6.xml,drilldown/pl_id_2211/L-6,24-08-2013 17:12:00,338
Itm_M2211_C4494_I13_L-6.xml,drilldown/pl_id_2211/L-6,08-04-2013 20:27:18,1953
Itm_M2211_C4494_I4_L-6.xml,drilldown/pl_id_2211/L-6,21-09-2013 17:12:08,137
Itm_M2211_C4494_I5_L-6.xml,drilldown/pl_id_2211/L-6,16-09-2013 09:58:34,136
Itm_M2211_C4494_I6_L-6.xml,drilldown/pl_id_2211/L-6,31-08-2013 17:11:56,136
Itm_M2211_C4494_I7_L-6.xml,drilldown/pl_id_2211/L-6,21-09-2013 17:12:08,136
Itm_M2211_C4500_I2_L-6.xml,drilldown/pl_id_2211/L-6,30-03-2013 17:11:56,685
Itm_M2211_C4503_I0_L-6.xml,drilldown/pl_id_2211/L-6,16-09-2013 09:58:34,856
Itm_M2211_C4503_I1_L-6.xml,drilldown/pl_id_2211/L-6,31-08-2013 17:11:56,379
Itm_M2211_C4546_I20_L-6.xml,drilldown/pl_id_2211/L-6,21-09-2013 17:12:08,140
Itm_M2211_C4582_I1_L-6.xml,drilldown/pl_id_2211/L-6,17-08-2013 17:12:02,1080
Itm_M2211_C4603_I13_L-6.xml,drilldown/pl_id_2211/L-6,21-09-2013 17:12:08,2613
Itm_M2211_C4603_I18_L-6.xml,drilldown/pl_id_2211/L-6,06-07-2013 17:11:56,135
Itm_M2211_C4741_I3_L-6.xml,drilldown/pl_id_2211/L-6,16-09-2013 09:58:34,137
Itm_M2211_C4741_I4_L-6.xml,drilldown/pl_id_2211/L-6,21-09-2013 17:12:08,138
Itm_M2211_C4743_I2_L-6.xml,drilldown/pl_id_2211/L-6,03-08-2013 17:12:02,192
Itm_M2211_C4767_I13_L-6.xml,drilldown/pl_id_2211/L-6,17-08-2013 17:12:02,214
Itm_M2211_C4767_I4_L-6.xml,drilldown/pl_id_2211/L-6,31-08-2013 17:11:56,291
Itm_M2211_C4767_I5_L-6.xml,drilldown/pl_id_2211/L-6,21-09-2013 17:12:08,137
Itm_M2211_C4770_I2_L-6.xml,drilldown/pl_id_2211/L-6,21-09-2013 17:12:08,136
Itm_M2211_C4770_I7_L-6.xml,drilldown/pl_id_2211/L-6,29-06-2013 17:11:56,909
Itm_M2211_C4771_I2_L-6.xml,drilldown/pl_id_2211/L-6,21-09-2013 17:12:08,240
Itm_M2211_C4771_I7_L-6.xml,drilldown/pl_id_2211/L-6,29-06-2013 17:11:56,961
Itm_M2211_C4777_I5_L-6.xml,drilldown/pl_id_2211/L-6,03-08-2013 17:12:02,194
Itm_M2211_C4777_I6_L-6.xml,drilldown/pl_id_2211/L-6,03-08-2013 17:12:02,194
Itm_M2211_C4856_I19_L-6.xml,drilldown/pl_id_2211/L-6,29-06-2013 17:11:56,197
Itm_M2211_C4856_I6_L-6.xml,drilldown/pl_id_2211/L-6,29-06-2013 17:11:56,209
Itm_M2211_C4856_I8_L-6.xml,drilldown/pl_id_2211/L-6,29-06-2013 17:11:56,193
Itm_M2211_C4874_I0_L-6.xml,drilldown/pl_id_2211/L-6,07-05-2013 09:21:08,3173
Itm_M2211_C4888_I7_L-6.xml,drilldown/pl_id_2211/L-6,27-07-2013 17:12:04,832
Itm_M2211_C4889_I7_L-6.xml,drilldown/pl_id_2211/L-6,27-07-2013 17:12:04,868
Itm_M2211_C4930_I9_L-6.xml,drilldown/pl_id_2211/L-6,06-07-2013 17:11:56,558
Itm_M2211_C4931_I10_L-6.xml,drilldown/pl_id_2211/L-6,06-07-2013 17:11:56,458
Itm_M2211_C4946_I2_L-6.xml,drilldown/pl_id_2211/L-6,21-09-2013 17:12:08,136
Itm_M2211_C4971_I12_L-6.xml,drilldown/pl_id_2211/L-6,07-05-2013 09:21:08,928
Itm_M2211_C4972_I1_L-6.xml,drilldown/pl_id_2211/L-6,07-05-2013 09:21:08,942
Itm_M2211_C5057_I4_L-6.xml,drilldown/pl_id_2211/L-6,22-06-2013 17:11:52,253
Itm_M2211_C5380_I3_L-6.xml,drilldown/pl_id_2211/L-6,01-06-2013 17:11:48,137
Itm_M2211_C5381_I3_L-6.xml,drilldown/pl_id_2211/L-6,01-06-2013 17:11:48,137
Itm_M2211_C5382_I10_L-6.xml,drilldown/pl_id_2211/L-6,16-09-2013 09:58:34,139
Itm_M2211_C5382_I11_L-6.xml,drilldown/pl_id_2211/L-6,21-09-2013 17:12:08,141
Itm_M2211_C5382_I12_L-6.xml,drilldown/pl_id_2211/L-6,07-09-2013 17:12:08,140
Itm_M2211_C5382_I13_L-6.xml,drilldown/pl_id_2211/L-6,21-09-2013 17:12:08,140
Itm_M2211_C5382_I15_L-6.xml,drilldown/pl_id_2211/L-6,21-09-2013 17:12:08,140
Itm_M2211_C5382_I17_L-6.xml,drilldown/pl_id_2211/L-6,21-09-2013 17:12:08,143
Itm_M2211_C5382_I18_L-6.xml,drilldown/pl_id_2211/L-6,07-09-2013 17:12:08,138
Itm_M2211_C5382_I19_L-6.xml,drilldown/pl_id_2211/L-6,31-08-2013 17:11:56,141
Itm_M2211_C5382_I20_L-6.xml,drilldown/pl_id_2211/L-6,21-09-2013 17:12:08,247
Itm_M2211_C5382_I5_L-6.xml,drilldown/pl_id_2211/L-6,21-09-2013 17:12:08,137
Itm_M2211_C5382_I6_L-6.xml,drilldown/pl_id_2211/L-6,21-09-2013 17:12:08,138
Itm_M2211_C5382_I7_L-6.xml,drilldown/pl_id_2211/L-6,21-09-2013 17:12:08,315
Itm_M2211_C5382_I9_L-6.xml,drilldown/pl_id_2211/L-6,21-09-2013 17:12:08,137
Itm_M2211_C5426_I0_L-6.xml,drilldown/pl_id_2211/L-6,07-05-2013 09:21:08,921
Itm_M2211_C5616_I11_L-6.xml,drilldown/pl_id_2211/L-6,16-09-2013 09:58:34,139
Itm_M2211_C5616_I12_L-6.xml,drilldown/pl_id_2211/L-6,21-09-2013 17:12:08,140
Itm_M2211_C5616_I13_L-6.xml,drilldown/pl_id_2211/L-6,07-09-2013 17:12:08,138
Itm_M2211_C5616_I14_L-6.xml,drilldown/pl_id_2211/L-6,07-09-2013 17:12:08,139
Itm_M2211_C5616_I15_L-6.xml,drilldown/pl_id_2211/L-6,17-08-2013 17:12:02,139
Itm_M2211_C5692_I1_L-6.xml,drilldown/pl_id_2211/L-6,27-07-2013 17:12:04,1672
Itm_M2211_C5777_I3_L-6.xml,drilldown/pl_id_2211/L-6,16-09-2013 09:58:34,136
Itm_M2211_C5777_I5_L-6.xml,drilldown/pl_id_2211/L-6,21-09-2013 17:12:08,137
Itm_M2211_C5973_I11_L-6.xml,drilldown/pl_id_2211/L-6,07-05-2013 09:21:08,772
Itm_M2211_C5974_I5_L-6.xml,drilldown/pl_id_2211/L-6,07-05-2013 09:21:08,339
Itm_M2211_C5975_I5_L-6.xml,drilldown/pl_id_2211/L-6,07-05-2013 09:21:08,284
Itm_M2211_C5976_I5_L-6.xml,drilldown/pl_id_2211/L-6,07-05-2013 09:21:08,406
Itm_M2211_C6053_I2_L-6.xml,drilldown/pl_id_2211/L-6,27-07-2013 17:12:04,320
Itm_M2211_C6060_I8_L-6.xml,drilldown/pl_id_2211/L-6,24-08-2013 17:12:00,258
Itm_M2211_C6063_I7_L-6.xml,drilldown/pl_id_2211/L-6,24-08-2013 17:12:00,258
Itm_M2211_C6064_I7_L-6.xml,drilldown/pl_id_2211/L-6,24-08-2013 17:12:00,258
Itm_M2211_C6065_I7_L-6.xml,drilldown/pl_id_2211/L-6,24-08-2013 17:12:00,258
Itm_M2211_C6084_I0_L-6.xml,drilldown/pl_id_2211/L-6,25-05-2013 17:11:48,2091
Itm_M2211_C6136_I9_L-6.xml,drilldown/pl_id_2211/L-6,16-03-2013 17:11:36,570
Itm_M2211_C6316_I1_L-6.xml,drilldown/pl_id_2211/L-6,07-05-2013 09:21:08,831
Itm_M2211_C6423_I2_L-6.xml,drilldown/pl_id_2211/L-6,27-07-2013 17:12:04,466
Itm_M2211_C6703_I13_L-6.xml,drilldown/pl_id_2211/L-6,21-09-2013 17:12:08,138
Itm_M2211_C6703_I2_L-6.xml,drilldown/pl_id_2211/L-6,07-09-2013 17:12:08,138
Itm_M2211_C6778_I15_L-6.xml,drilldown/pl_id_2211/L-6,08-06-2013 17:11:48,198
Itm_M2211_C6778_I26_L-6.xml,drilldown/pl_id_2211/L-6,01-06-2013 17:11:48,197
Itm_M2211_C6778_I3_L-6.xml,drilldown/pl_id_2211/L-6,27-07-2013 17:12:04,335
Itm_M2211_C6951_I4_L-6.xml,drilldown/pl_id_2211/L-6,07-05-2013 09:21:08,385
Itm_M2211_C6996_I1_L-6.xml,drilldown/pl_id_2211/L-6,08-06-2013 17:11:48,2404
Itm_M2211_C7011_I2_L-6.xml,drilldown/pl_id_2211/L-6,20-05-2013 14:09:22,2010
Itm_M2211_C7184_I11_L-6.xml,drilldown/pl_id_2211/L-6,29-06-2013 17:11:56,197
Itm_M2211_C7184_I4_L-6.xml,drilldown/pl_id_2211/L-6,30-03-2013 17:11:56,890
Itm_M2211_C7184_I5_L-6.xml,drilldown/pl_id_2211/L-6,29-06-2013 17:11:56,669
Itm_M2211_C7184_I8_L-6.xml,drilldown/pl_id_2211/L-6,31-08-2013 17:11:56,139
Itm_M2211_C7288_I2_L-6.xml,drilldown/pl_id_2211/L-6,31-08-2013 17:11:56,830
Itm_M2211_C7304_I2_L-6.xml,drilldown/pl_id_2211/L-6,27-07-2013 17:12:04,1784
Itm_M2211_C7305_I1_L-6.xml,drilldown/pl_id_2211/L-6,01-06-2013 17:11:48,502
Itm_M2211_C7312_I14_L-6.xml,drilldown/pl_id_2211/L-6,08-06-2013 17:11:48,141
Itm_M2211_C7312_I26_L-6.xml,drilldown/pl_id_2211/L-6,01-06-2013 17:11:48,140
Itm_M2211_C7318_I21_L-6.xml,drilldown/pl_id_2211/L-6,07-05-2013 09:21:08,235
Itm_M2211_C7329_I3_L-6.xml,drilldown/pl_id_2211/L-6,17-08-2013 17:12:02,1814
Itm_M2211_C7330_I3_L-6.xml,drilldown/pl_id_2211/L-6,17-08-2013 17:12:02,1850
Itm_M2211_C7357_I2_L-6.xml,drilldown/pl_id_2211/L-6,08-04-2013 20:27:18,1133
Itm_M2211_C7359_I8_L-6.xml,drilldown/pl_id_2211/L-6,08-04-2013 20:27:18,136
Itm_M2211_C7362_I10_L-6.xml,drilldown/pl_id_2211/L-6,21-09-2013 17:12:08,2613
Itm_M2211_C7362_I15_L-6.xml,drilldown/pl_id_2211/L-6,06-07-2013 17:11:56,135
Itm_M2211_C7380_I9_L-6.xml,drilldown/pl_id_2211/L-6,08-06-2013 17:11:48,290
Itm_M2211_C7391_I3_L-6.xml,drilldown/pl_id_2211/L-6,30-03-2013 17:11:56,1034
Itm_M2211_C7405_I2_L-6.xml,drilldown/pl_id_2211/L-6,07-05-2013 09:21:08,139
Itm_M2211_C7437_I2_L-6.xml,drilldown/pl_id_2211/L-6,07-05-2013 09:21:08,139
Itm_M2211_C7624_I4_L-6.xml,drilldown/pl_id_2211/L-6,08-04-2013 20:27:18,397
Itm_M2211_C9134_I3_L-6.xml,drilldown/pl_id_2211/L-6,07-09-2013 17:12:08,382
Itm_M2211_C9291_I1_L-6.xml,drilldown/pl_id_2211/L-6,21-09-2013 17:12:08,137
Itm_M2211_C9291_I2_L-6.xml,drilldown/pl_id_2211/L-6,27-07-2013 17:12:04,139
Itm_M2211_C9291_I3_L-6.xml,drilldown/pl_id_2211/L-6,16-09-2013 09:58:34,199
Itm_M2211_C9291_I4_L-6.xml,drilldown/pl_id_2211/L-6,16-09-2013 09:58:34,262
Itm_M2211_C9291_I5_L-6.xml,drilldown/pl_id_2211/L-6,16-09-2013 09:58:34,139
Itm_M2211_C9291_I6_L-6.xml,drilldown/pl_id_2211/L-6,21-09-2013 17:12:08,137
Itm_M2211_C9291_I7_L-6.xml,drilldown/pl_id_2211/L-6,16-09-2013 09:58:34,137
Itm_M2211_C9291_I8_L-6.xml,drilldown/pl_id_2211/L-6,07-09-2013 17:12:08,362
Itm_M2211_C9292_I1_L-6.xml,drilldown/pl_id_2211/L-6,31-08-2013 17:11:56,137
Itm_M2211_C9292_I2_L-6.xml,drilldown/pl_id_2211/L-6,16-09-2013 09:58:34,139
Itm_M2211_C9292_I3_L-6.xml,drilldown/pl_id_2211/L-6,16-09-2013 09:58:34,198
Itm_M2211_C9292_I4_L-6.xml,drilldown/pl_id_2211/L-6,16-09-2013 09:58:34,261
Itm_M2211_C9292_I5_L-6.xml,drilldown/pl_id_2211/L-6,07-09-2013 17:12:08,139
Itm_M2211_C9292_I6_L-6.xml,drilldown/pl_id_2211/L-6,27-07-2013 17:12:04,137
Itm_M2211_C9292_I7_L-6.xml,drilldown/pl_id_2211/L-6,21-09-2013 17:12:08,137
tl_M2211_C9291_L-6.xml,drilldown/pl_id_2211/L-6,21-09-2013 17:12:08,1432
tl_M2211_C9292_L-6.xml,drilldown/pl_id_2211/L-6,21-09-2013 17:12:08,917
Itm_M2216_C10789_I5_L-6.xml,drilldown/pl_id_2216/L-6,24-08-2013 17:12:00,332
Itm_M2216_C10797_I6_L-6.xml,drilldown/pl_id_2216/L-6,24-08-2013 17:12:00,332
Itm_M2216_C10799_I9_L-6.xml,drilldown/pl_id_2216/L-6,07-05-2013 09:21:08,235
Itm_M2216_C10800_I6_L-6.xml,drilldown/pl_id_2216/L-6,24-08-2013 17:12:00,430
Itm_M2216_C10800_I8_L-6.xml,drilldown/pl_id_2216/L-6,30-03-2013 17:11:56,237
Itm_M2216_C10802_I4_L-6.xml,drilldown/pl_id_2216/L-6,25-05-2013 17:11:48,139
Itm_M2216_C10808_I3_L-6.xml,drilldown/pl_id_2216/L-6,24-08-2013 17:12:00,267
Itm_M2216_C10809_I8_L-6.xml,drilldown/pl_id_2216/L-6,24-08-2013 17:12:00,564
Itm_M2216_C10816_I6_L-6.xml,drilldown/pl_id_2216/L-6,24-08-2013 17:12:00,258
Itm_M2216_C10821_I4_L-6.xml,drilldown/pl_id_2216/L-6,08-04-2013 20:27:18,264
Itm_M2216_C10822_I20_L-6.xml,drilldown/pl_id_2216/L-6,24-08-2013 17:12:00,141
Itm_M2216_C10824_I13_L-6.xml,drilldown/pl_id_2216/L-6,24-08-2013 17:12:00,338
Itm_M2216_C10824_I4_L-6.xml,drilldown/pl_id_2216/L-6,06-07-2013 17:11:56,469
Itm_M2216_C10839_I4_L-6.xml,drilldown/pl_id_2216/L-6,17-08-2013 17:12:02,139
Itm_M2216_C10843_I3_L-6.xml,drilldown/pl_id_2216/L-6,20-07-2013 17:12:00,338
Itm_M2216_C10856_I3_L-6.xml,drilldown/pl_id_2216/L-6,27-07-2013 17:12:04,283
Itm_M2216_C10856_I4_L-6.xml,drilldown/pl_id_2216/L-6,27-07-2013 17:12:04,283
Itm_M2216_C11770_I5_L-6.xml,drilldown/pl_id_2216/L-6,01-06-2013 17:11:48,136
Itm_M2216_C11778_I2_L-6.xml,drilldown/pl_id_2216/L-6,27-07-2013 17:12:04,374
Itm_M2216_C2226_I13_L-6.xml,drilldown/pl_id_2216/L-6,24-08-2013 17:12:00,338
Itm_M2216_C2247_I3_L-6.xml,drilldown/pl_id_2216/L-6,24-08-2013 17:12:00,380
Itm_M2216_C2284_I7_L-6.xml,drilldown/pl_id_2216/L-6,24-08-2013 17:12:00,258
Itm_M2216_C2333_I12_L-6.xml,drilldown/pl_id_2216/L-6,24-08-2013 17:12:00,356
Itm_M2216_C2333_I4_L-6.xml,drilldown/pl_id_2216/L-6,24-08-2013 17:12:00,350
Itm_M2216_C2425_I7_L-6.xml,drilldown/pl_id_2216/L-6,07-05-2013 09:21:08,380
Itm_M2216_C2426_I4_L-6.xml,drilldown/pl_id_2216/L-6,07-05-2013 09:21:08,416
Itm_M2216_C2433_I12_L-6.xml,drilldown/pl_id_2216/L-6,17-08-2013 17:12:02,214
Itm_M2216_C2435_I11_L-6.xml,drilldown/pl_id_2216/L-6,07-05-2013 09:21:08,239
Itm_M2216_C2436_I11_L-6.xml,drilldown/pl_id_2216/L-6,07-05-2013 09:21:08,239
Itm_M2216_C2439_I12_L-6.xml,drilldown/pl_id_2216/L-6,24-08-2013 17:12:00,262
Itm_M2216_C2439_I21_L-6.xml,drilldown/pl_id_2216/L-6,24-08-2013 17:12:00,338
Itm_M2216_C2441_I15_L-6.xml,drilldown/pl_id_2216/L-6,08-04-2013 20:27:18,210
Itm_M2216_C2441_I39_L-6.xml,drilldown/pl_id_2216/L-6,24-08-2013 17:12:00,338
Itm_M2216_C2441_I41_L-6.xml,drilldown/pl_id_2216/L-6,24-08-2013 17:12:00,262
Itm_M2216_C2447_I9_L-6.xml,drilldown/pl_id_2216/L-6,24-08-2013 17:12:00,531
Itm_M2216_C2448_I7_L-6.xml,drilldown/pl_id_2216/L-6,07-05-2013 09:21:08,363
Itm_M2216_C2450_I14_L-6.xml,drilldown/pl_id_2216/L-6,07-05-2013 09:21:08,239
Itm_M2216_C2450_I17_L-6.xml,drilldown/pl_id_2216/L-6,29-04-2013 17:12:42,227
Itm_M2216_C2453_I2_L-6.xml,drilldown/pl_id_2216/L-6,10-08-2013 17:12:00,246
Itm_M2216_C2458_I6_L-6.xml,drilldown/pl_id_2216/L-6,07-05-2013 09:21:08,357
Itm_M2216_C2459_I11_L-6.xml,drilldown/pl_id_2216/L-6,17-08-2013 17:12:02,214
Itm_M2216_C2459_I1_L-6.xml,drilldown/pl_id_2216/L-6,17-08-2013 17:12:02,310
Itm_M2216_C2464_I7_L-6.xml,drilldown/pl_id_2216/L-6,07-05-2013 09:21:08,611
Itm_M2216_C2551_I11_L-6.xml,drilldown/pl_id_2216/L-6,07-05-2013 09:21:08,513
Itm_M2216_C2572_I0_L-6.xml,drilldown/pl_id_2216/L-6,01-06-2013 17:11:48,14746
Itm_M2216_C2620_I17_L-6.xml,drilldown/pl_id_2216/L-6,24-08-2013 17:12:00,262
Itm_M2216_C2664_I9_L-6.xml,drilldown/pl_id_2216/L-6,16-09-2013 09:58:34,209
Itm_M2216_C2666_I4_L-6.xml,drilldown/pl_id_2216/L-6,24-08-2013 17:12:00,448
Itm_M2216_C2669_I8_L-6.xml,drilldown/pl_id_2216/L-6,07-05-2013 09:21:08,139
Itm_M2216_C2690_I16_L-6.xml,drilldown/pl_id_2216/L-6,11-05-2013 17:11:42,394
Itm_M2216_C2690_I17_L-6.xml,drilldown/pl_id_2216/L-6,07-05-2013 09:21:08,394
Itm_M2216_C2755_I4_L-6.xml,drilldown/pl_id_2216/L-6,21-09-2013 17:12:08,135
Itm_M2216_C2755_I6_L-6.xml,drilldown/pl_id_2216/L-6,01-06-2013 17:11:48,136
Itm_M2216_C2776_I11_L-6.xml,drilldown/pl_id_2216/L-6,08-06-2013 17:11:48,141
Itm_M2216_C2797_I5_L-6.xml,drilldown/pl_id_2216/L-6,24-08-2013 17:12:02,460
Itm_M2216_C2799_I19_L-6.xml,drilldown/pl_id_2216/L-6,20-07-2013 17:12:00,137
Itm_M2216_C2799_I7_L-6.xml,drilldown/pl_id_2216/L-6,20-07-2013 17:12:00,135
Itm_M2216_C2884_I2_L-6.xml,drilldown/pl_id_2216/L-6,31-08-2013 17:11:56,143
Itm_M2216_C2884_I3_L-6.xml,drilldown/pl_id_2216/L-6,21-09-2013 17:12:08,138
Itm_M2216_C2884_I5_L-6.xml,drilldown/pl_id_2216/L-6,16-09-2013 09:58:34,142
Itm_M2216_C2909_I2_L-6.xml,drilldown/pl_id_2216/L-6,07-05-2013 09:21:08,228
Itm_M2216_C2946_I16_L-6.xml,drilldown/pl_id_2216/L-6,07-05-2013 09:21:08,490
Itm_M2216_C2956_I3_L-6.xml,drilldown/pl_id_2216/L-6,03-08-2013 17:12:02,134
Itm_M2216_C2966_I8_L-6.xml,drilldown/pl_id_2216/L-6,24-08-2013 17:12:02,518
Itm_M2216_C2968_I13_L-6.xml,drilldown/pl_id_2216/L-6,24-08-2013 17:12:02,387
Itm_M2216_C2969_I10_L-6.xml,drilldown/pl_id_2216/L-6,07-05-2013 09:21:08,294
Itm_M2216_C2986_I12_L-6.xml,drilldown/pl_id_2216/L-6,25-05-2013 17:11:48,235
Itm_M2216_C2986_I13_L-6.xml,drilldown/pl_id_2216/L-6,08-06-2013 17:11:48,235
Itm_M2216_C2986_I17_L-6.xml,drilldown/pl_id_2216/L-6,08-06-2013 17:11:48,292
Itm_M2216_C3020_I28_L-6.xml,drilldown/pl_id_2216/L-6,27-07-2013 17:12:04,141
Itm_M2216_C3022_I12_L-6.xml,drilldown/pl_id_2216/L-6,07-05-2013 09:21:08,415
Itm_M2216_C3024_I6_L-6.xml,drilldown/pl_id_2216/L-6,24-08-2013 17:12:02,439
Itm_M2216_C3057_I8_L-6.xml,drilldown/pl_id_2216/L-6,25-05-2013 17:11:48,321
Itm_M2216_C3057_I9_L-6.xml,drilldown/pl_id_2216/L-6,08-06-2013 17:11:48,139
Itm_M2216_C3058_I13_L-6.xml,drilldown/pl_id_2216/L-6,25-05-2013 17:11:48,325
Itm_M2216_C3058_I14_L-6.xml,drilldown/pl_id_2216/L-6,08-06-2013 17:11:48,141
Itm_M2216_C3088_I4_L-6.xml,drilldown/pl_id_2216/L-6,07-05-2013 09:21:08,134
Itm_M2216_C3090_I13_L-6.xml,drilldown/pl_id_2216/L-6,24-08-2013 17:12:02,735
Itm_M2216_C3090_I3_L-6.xml,drilldown/pl_id_2216/L-6,08-04-2013 20:27:18,477
Itm_M2216_C3090_I8_L-6.xml,drilldown/pl_id_2216/L-6,24-08-2013 17:12:02,599
Itm_M2216_C3103_I1_L-6.xml,drilldown/pl_id_2216/L-6,08-06-2013 17:11:48,616
Itm_M2216_C3103_I7_L-6.xml,drilldown/pl_id_2216/L-6,17-08-2013 17:12:02,210
Itm_M2216_C3114_I4_L-6.xml,drilldown/pl_id_2216/L-6,08-04-2013 20:27:18,542
Itm_M2216_C3114_I7_L-6.xml,drilldown/pl_id_2216/L-6,24-08-2013 17:12:02,664
Itm_M2216_C3139_I26_L-6.xml,drilldown/pl_id_2216/L-6,29-04-2013 17:12:42,227
Itm_M2216_C3140_I14_L-6.xml,drilldown/pl_id_2216/L-6,24-08-2013 17:12:02,748
Itm_M2216_C3140_I5_L-6.xml,drilldown/pl_id_2216/L-6,08-04-2013 20:27:18,610
Itm_M2216_C3141_I4_L-6.xml,drilldown/pl_id_2216/L-6,08-04-2013 20:27:18,628
Itm_M2216_C3141_I7_L-6.xml,drilldown/pl_id_2216/L-6,24-08-2013 17:12:02,750
Itm_M2216_C3144_I7_L-6.xml,drilldown/pl_id_2216/L-6,07-05-2013 09:21:08,691
Itm_M2216_C3164_I10_L-6.xml,drilldown/pl_id_2216/L-6,07-05-2013 09:21:08,239
Itm_M2216_C3165_I16_L-6.xml,drilldown/pl_id_2216/L-6,24-08-2013 17:12:02,590
Itm_M2216_C3165_I5_L-6.xml,drilldown/pl_id_2216/L-6,08-04-2013 20:27:18,462
Itm_M2216_C3165_I7_L-6.xml,drilldown/pl_id_2216/L-6,24-08-2013 17:12:02,584
Itm_M2216_C3166_I4_L-6.xml,drilldown/pl_id_2216/L-6,08-04-2013 20:27:18,554
Itm_M2216_C3289_I13_L-6.xml,drilldown/pl_id_2216/L-6,24-08-2013 17:12:02,445
Itm_M2216_C3292_I3_L-6.xml,drilldown/pl_id_2216/L-6,31-08-2013 17:11:56,148
Itm_M2216_C3299_I18_L-6.xml,drilldown/pl_id_2216/L-6,06-07-2013 17:11:56,213
Itm_M2216_C3300_I23_L-6.xml,drilldown/pl_id_2216/L-6,06-07-2013 17:11:56,213
Itm_M2216_C3301_I10_L-6.xml,drilldown/pl_id_2216/L-6,07-05-2013 09:21:08,239
Itm_M2216_C3308_I12_L-6.xml,drilldown/pl_id_2216/L-6,24-08-2013 17:12:02,338
Itm_M2216_C3327_I9_L-6.xml,drilldown/pl_id_2216/L-6,24-08-2013 17:12:02,558
Itm_M2216_C3328_I26_L-6.xml,drilldown/pl_id_2216/L-6,24-08-2013 17:12:02,262
Itm_M2216_C3331_I14_L-6.xml,drilldown/pl_id_2216/L-6,07-05-2013 09:21:08,333
Itm_M2216_C3340_I8_L-6.xml,drilldown/pl_id_2216/L-6,29-04-2013 17:12:42,327
Itm_M2216_C3344_I3_L-6.xml,drilldown/pl_id_2216/L-6,06-07-2013 17:11:56,136
Itm_M2216_C3346_I10_L-6.xml,drilldown/pl_id_2216/L-6,07-05-2013 09:21:08,309
Itm_M2216_C3360_I8_L-6.xml,drilldown/pl_id_2216/L-6,08-04-2013 20:27:18,206
Itm_M2216_C3363_I13_L-6.xml,drilldown/pl_id_2216/L-6,07-05-2013 09:21:08,415
Itm_M2216_C3363_I5_L-6.xml,drilldown/pl_id_2216/L-6,24-08-2013 17:12:02,332
Itm_M2216_C3451_I4_L-6.xml,drilldown/pl_id_2216/L-6,21-09-2013 17:12:08,217
Itm_M2216_C3451_I7_L-6.xml,drilldown/pl_id_2216/L-6,16-09-2013 09:58:34,211
Itm_M2216_C3453_I20_L-6.xml,drilldown/pl_id_2216/L-6,08-04-2013 20:27:18,208
Itm_M2216_C3464_I23_L-6.xml,drilldown/pl_id_2216/L-6,07-05-2013 09:21:08,414
Itm_M2216_C3658_I4_L-6.xml,drilldown/pl_id_2216/L-6,25-05-2013 17:11:48,139
Itm_M2216_C3668_I10_L-6.xml,drilldown/pl_id_2216/L-6,29-06-2013 17:11:56,237
Itm_M2216_C3679_I11_L-6.xml,drilldown/pl_id_2216/L-6,24-08-2013 17:12:02,387
Itm_M2216_C3680_I11_L-6.xml,drilldown/pl_id_2216/L-6,24-08-2013 17:12:02,387
Itm_M2216_C3682_I9_L-6.xml,drilldown/pl_id_2216/L-6,24-08-2013 17:12:02,379
Itm_M2216_C3696_I8_L-6.xml,drilldown/pl_id_2216/L-6,07-05-2013 09:21:08,407
Itm_M2216_C3726_I16_L-6.xml,drilldown/pl_id_2216/L-6,17-08-2013 17:12:02,141
Itm_M2216_C3744_I4_L-6.xml,drilldown/pl_id_2216/L-6,24-08-2013 17:12:02,258
Itm_M2216_C3751_I9_L-6.xml,drilldown/pl_id_2216/L-6,29-04-2013 17:12:42,136
Itm_M2216_C4016_I11_L-6.xml,drilldown/pl_id_2216/L-6,24-08-2013 17:12:02,262
Itm_M2216_C4084_I4_L-6.xml,drilldown/pl_id_2216/L-6,10-08-2013 17:12:00,136
Itm_M2216_C4089_I27_L-6.xml,drilldown/pl_id_2216/L-6,07-05-2013 09:21:08,235
Itm_M2216_C4111_I11_L-6.xml,drilldown/pl_id_2216/L-6,13-07-2013 17:11:56,338
Itm_M2216_C4116_I5_L-6.xml,drilldown/pl_id_2216/L-6,27-07-2013 17:12:04,263
Itm_M2216_C4175_I1_L-6.xml,drilldown/pl_id_2216/L-6,20-04-2013 17:11:44,278
Itm_M2216_C4180_I1_L-6.xml,drilldown/pl_id_2216/L-6,20-04-2013 17:11:44,464
Itm_M2216_C4205_I1_L-6.xml,drilldown/pl_id_2216/L-6,17-08-2013 17:12:02,412
Itm_M2216_C4218_I10_L-6.xml,drilldown/pl_id_2216/L-6,21-09-2013 17:12:08,303
Itm_M2216_C4218_I11_L-6.xml,drilldown/pl_id_2216/L-6,21-09-2013 17:12:08,198
Itm_M2216_C4218_I12_L-6.xml,drilldown/pl_id_2216/L-6,21-09-2013 17:12:08,139
Itm_M2216_C4218_I13_L-6.xml,drilldown/pl_id_2216/L-6,16-09-2013 09:58:34,314
Itm_M2216_C4218_I15_L-6.xml,drilldown/pl_id_2216/L-6,16-09-2013 09:58:34,138
Itm_M2216_C4218_I16_L-6.xml,drilldown/pl_id_2216/L-6,21-09-2013 17:12:08,208
Itm_M2216_C4218_I17_L-6.xml,drilldown/pl_id_2216/L-6,31-08-2013 17:11:56,219
Itm_M2216_C4218_I18_L-6.xml,drilldown/pl_id_2216/L-6,21-09-2013 17:12:08,267
Itm_M2216_C4218_I19_L-6.xml,drilldown/pl_id_2216/L-6,31-08-2013 17:11:56,234
Itm_M2216_C4218_I20_L-6.xml,drilldown/pl_id_2216/L-6,16-09-2013 09:58:34,138
Itm_M2216_C4218_I21_L-6.xml,drilldown/pl_id_2216/L-6,21-09-2013 17:12:08,135
Itm_M2216_C4218_I22_L-6.xml,drilldown/pl_id_2216/L-6,21-09-2013 17:12:08,139
Itm_M2216_C4218_I23_L-6.xml,drilldown/pl_id_2216/L-6,21-09-2013 17:12:08,138
Itm_M2216_C4218_I3_L-6.xml,drilldown/pl_id_2216/L-6,16-09-2013 09:58:34,139
Itm_M2216_C4218_I4_L-6.xml,drilldown/pl_id_2216/L-6,21-09-2013 17:12:08,137
Itm_M2216_C4218_I6_L-6.xml,drilldown/pl_id_2216/L-6,21-09-2013 17:12:08,318
Itm_M2216_C4218_I8_L-6.xml,drilldown/pl_id_2216/L-6,21-09-2013 17:12:08,324
Itm_M2216_C4219_I11_L-6.xml,drilldown/pl_id_2216/L-6,21-09-2013 17:12:08,198
Itm_M2216_C4223_I11_L-6.xml,drilldown/pl_id_2216/L-6,07-05-2013 09:21:08,402
Itm_M2216_C4226_I11_L-6.xml,drilldown/pl_id_2216/L-6,07-05-2013 09:21:08,404
Itm_M2216_C4266_I6_L-6.xml,drilldown/pl_id_2216/L-6,17-08-2013 17:12:02,897
Itm_M2216_C4267_I8_L-6.xml,drilldown/pl_id_2216/L-6,07-05-2013 09:21:08,406
Itm_M2216_C4273_I12_L-6.xml,drilldown/pl_id_2216/L-6,16-09-2013 09:58:34,237
Itm_M2216_C4321_I7_L-6.xml,drilldown/pl_id_2216/L-6,06-07-2013 17:11:56,425
Itm_M2216_C4328_I7_L-6.xml,drilldown/pl_id_2216/L-6,06-07-2013 17:11:56,425
Itm_M2216_C4387_I12_L-6.xml,drilldown/pl_id_2216/L-6,07-05-2013 09:21:08,1673
Itm_M2216_C4403_I4_L-6.xml,drilldown/pl_id_2216/L-6,24-08-2013 17:12:02,338
Itm_M2216_C4468_I6_L-6.xml,drilldown/pl_id_2216/L-6,21-09-2013 17:12:08,138
Itm_M2216_C4470_I0_L-6.xml,drilldown/pl_id_2216/L-6,29-04-2013 17:12:42,1053
Itm_M2216_C4480_I18_L-6.xml,drilldown/pl_id_2216/L-6,29-04-2013 17:12:42,130
Itm_M2216_C4480_I2_L-6.xml,drilldown/pl_id_2216/L-6,16-09-2013 09:58:34,129
Itm_M2216_C4480_I3_L-6.xml,drilldown/pl_id_2216/L-6,27-07-2013 17:12:04,134
Itm_M2216_C4480_I4_L-6.xml,drilldown/pl_id_2216/L-6,16-09-2013 09:58:34,203
Itm_M2216_C4480_I5_L-6.xml,drilldown/pl_id_2216/L-6,21-09-2013 17:12:08,128
Itm_M2216_C4489_I20_L-6.xml,drilldown/pl_id_2216/L-6,24-08-2013 17:12:02,338
Itm_M2216_C4495_I4_L-6.xml,drilldown/pl_id_2216/L-6,07-09-2013 17:12:08,137
Itm_M2216_C4495_I5_L-6.xml,drilldown/pl_id_2216/L-6,21-09-2013 17:12:08,137
Itm_M2216_C4495_I6_L-6.xml,drilldown/pl_id_2216/L-6,31-08-2013 17:11:56,136
Itm_M2216_C4495_I7_L-6.xml,drilldown/pl_id_2216/L-6,21-09-2013 17:12:08,137
Itm_M2216_C4498_I1_L-6.xml,drilldown/pl_id_2216/L-6,07-05-2013 09:21:08,254
Itm_M2216_C4499_I1_L-6.xml,drilldown/pl_id_2216/L-6,07-05-2013 09:21:08,278
Itm_M2216_C4501_I2_L-6.xml,drilldown/pl_id_2216/L-6,30-03-2013 17:11:56,589
Itm_M2216_C4505_I1_L-6.xml,drilldown/pl_id_2216/L-6,31-08-2013 17:11:56,322
Itm_M2216_C4506_I1_L-6.xml,drilldown/pl_id_2216/L-6,07-05-2013 09:21:08,290
Itm_M2216_C4527_I2_L-6.xml,drilldown/pl_id_2216/L-6,08-04-2013 20:27:18,363
Itm_M2216_C4548_I20_L-6.xml,drilldown/pl_id_2216/L-6,21-09-2013 17:12:08,210
Itm_M2216_C4587_I5_L-6.xml,drilldown/pl_id_2216/L-6,07-05-2013 09:21:08,210
Itm_M2216_C4595_I7_L-6.xml,drilldown/pl_id_2216/L-6,24-08-2013 17:12:02,258
Itm_M2216_C4596_I7_L-6.xml,drilldown/pl_id_2216/L-6,24-08-2013 17:12:02,258
Itm_M2216_C4597_I7_L-6.xml,drilldown/pl_id_2216/L-6,24-08-2013 17:12:02,258
Itm_M2216_C4598_I7_L-6.xml,drilldown/pl_id_2216/L-6,24-08-2013 17:12:02,332
Itm_M2216_C4617_I3_L-6.xml,drilldown/pl_id_2216/L-6,25-05-2013 17:11:48,427
Itm_M2216_C4773_I2_L-6.xml,drilldown/pl_id_2216/L-6,21-09-2013 17:12:08,204
Itm_M2216_C4774_I2_L-6.xml,drilldown/pl_id_2216/L-6,21-09-2013 17:12:08,240
Itm_M2216_C4775_I2_L-6.xml,drilldown/pl_id_2216/L-6,21-09-2013 17:12:08,228
Itm_M2216_C4785_I7_L-6.xml,drilldown/pl_id_2216/L-6,07-05-2013 09:21:08,136
Itm_M2216_C4805_I13_L-6.xml,drilldown/pl_id_2216/L-6,17-08-2013 17:12:02,3713
Itm_M2216_C4805_I9_L-6.xml,drilldown/pl_id_2216/L-6,17-08-2013 17:12:02,688
Itm_M2216_C4862_I8_L-6.xml,drilldown/pl_id_2216/L-6,17-08-2013 17:12:02,191
Itm_M2216_C4868_I3_L-6.xml,drilldown/pl_id_2216/L-6,30-03-2013 17:11:56,2761
Itm_M2216_C4878_I7_L-6.xml,drilldown/pl_id_2216/L-6,27-07-2013 17:12:04,932
Itm_M2216_C4879_I7_L-6.xml,drilldown/pl_id_2216/L-6,27-07-2013 17:12:04,1016
Itm_M2216_C4890_I7_L-6.xml,drilldown/pl_id_2216/L-6,27-07-2013 17:12:04,1160
Itm_M2216_C4933_I5_L-6.xml,drilldown/pl_id_2216/L-6,29-04-2013 17:12:42,318
Itm_M2216_C4952_I0_L-6.xml,drilldown/pl_id_2216/L-6,07-05-2013 09:21:08,562
Itm_M2216_C4952_I4_L-6.xml,drilldown/pl_id_2216/L-6,08-04-2013 20:27:18,228
Itm_M2216_C4957_I11_L-6.xml,drilldown/pl_id_2216/L-6,06-07-2013 17:11:56,554
Itm_M2216_C4958_I11_L-6.xml,drilldown/pl_id_2216/L-6,06-07-2013 17:11:56,542
Itm_M2216_C4958_I12_L-6.xml,drilldown/pl_id_2216/L-6,29-06-2013 17:11:56,414
Itm_M2216_C4959_I18_L-6.xml,drilldown/pl_id_2216/L-6,29-06-2013 17:11:56,390
Itm_M2216_C4959_I7_L-6.xml,drilldown/pl_id_2216/L-6,06-07-2013 17:11:56,508
Itm_M2216_C4970_I4_L-6.xml,drilldown/pl_id_2216/L-6,16-09-2013 09:58:34,278
Itm_M2216_C4976_I4_L-6.xml,drilldown/pl_id_2216/L-6,21-09-2013 17:12:08,138
Itm_M2216_C4976_I5_L-6.xml,drilldown/pl_id_2216/L-6,07-09-2013 17:12:08,137
Itm_M2216_C4976_I6_L-6.xml,drilldown/pl_id_2216/L-6,21-09-2013 17:12:08,134
Itm_M2216_C5037_I0_L-6.xml,drilldown/pl_id_2216/L-6,29-04-2013 17:12:42,3104
Itm_M2216_C5043_I2_L-6.xml,drilldown/pl_id_2216/L-6,07-09-2013 17:12:08,812
Itm_M2216_C5176_I2_L-6.xml,drilldown/pl_id_2216/L-6,31-08-2013 17:11:56,600
Itm_M2216_C5977_I5_L-6.xml,drilldown/pl_id_2216/L-6,07-05-2013 09:21:08,538
Itm_M2216_C6190_I11_L-6.xml,drilldown/pl_id_2216/L-6,21-09-2013 17:12:08,232
Itm_M2216_C6190_I12_L-6.xml,drilldown/pl_id_2216/L-6,21-09-2013 17:12:08,238
Itm_M2216_C6190_I13_L-6.xml,drilldown/pl_id_2216/L-6,16-09-2013 09:58:34,244
Itm_M2216_C6190_I14_L-6.xml,drilldown/pl_id_2216/L-6,21-09-2013 17:12:08,310
Itm_M2216_C6190_I15_L-6.xml,drilldown/pl_id_2216/L-6,16-09-2013 09:58:34,244
Itm_M2216_C6190_I4_L-6.xml,drilldown/pl_id_2216/L-6,21-09-2013 17:12:08,138
Itm_M2216_C6190_I5_L-6.xml,drilldown/pl_id_2216/L-6,21-09-2013 17:12:08,137
Itm_M2216_C6190_I6_L-6.xml,drilldown/pl_id_2216/L-6,07-09-2013 17:12:08,134
Itm_M2216_C6190_I7_L-6.xml,drilldown/pl_id_2216/L-6,07-09-2013 17:12:08,137
Itm_M2216_C6553_I4_L-6.xml,drilldown/pl_id_2216/L-6,27-07-2013 17:12:04,433
Itm_M2216_C7082_I4_L-6.xml,drilldown/pl_id_2216/L-6,24-08-2013 17:12:02,258
Itm_M2216_C9135_I3_L-6.xml,drilldown/pl_id_2216/L-6,21-09-2013 17:12:08,382
cat_M2220_C4747_L-6.xml,drilldown/pl_id_2220/L-6,31-08-2013 17:11:56,2406
cat_M2220_C5214_L-6.xml,drilldown/pl_id_2220/L-6,13-07-2013 17:11:56,1816
Itm_M2220_C10667_I9_L-6.xml,drilldown/pl_id_2220/L-6,07-05-2013 09:21:08,235
Itm_M2220_C10668_I13_L-6.xml,drilldown/pl_id_2220/L-6,07-05-2013 09:21:08,239
Itm_M2220_C10669_I9_L-6.xml,drilldown/pl_id_2220/L-6,07-05-2013 09:21:08,235
Itm_M2220_C10670_I2_L-6.xml,drilldown/pl_id_2220/L-6,24-08-2013 17:12:02,139
Itm_M2220_C10678_I4_L-6.xml,drilldown/pl_id_2220/L-6,08-04-2013 20:27:18,136
Itm_M2220_C10680_I3_L-6.xml,drilldown/pl_id_2220/L-6,24-08-2013 17:12:02,231
Itm_M2220_C10698_I1_L-6.xml,drilldown/pl_id_2220/L-6,06-07-2013 17:11:56,1038
Itm_M2220_C10718_I4_L-6.xml,drilldown/pl_id_2220/L-6,10-08-2013 17:12:00,319
Itm_M2220_C10720_I1_L-6.xml,drilldown/pl_id_2220/L-6,27-07-2013 17:12:04,1755
Itm_M2220_C10725_I2_L-6.xml,drilldown/pl_id_2220/L-6,07-05-2013 09:21:08,462
Itm_M2220_C11750_I5_L-6.xml,drilldown/pl_id_2220/L-6,01-06-2013 17:11:48,136
Itm_M2220_C2249_I3_L-6.xml,drilldown/pl_id_2220/L-6,24-08-2013 17:12:02,136
Itm_M2220_C2260_I3_L-6.xml,drilldown/pl_id_2220/L-6,16-09-2013 09:58:34,148
Itm_M2220_C2279_I3_L-6.xml,drilldown/pl_id_2220/L-6,21-09-2013 17:12:08,136
Itm_M2220_C2279_I4_L-6.xml,drilldown/pl_id_2220/L-6,21-09-2013 17:12:08,137
Itm_M2220_C2519_I4_L-6.xml,drilldown/pl_id_2220/L-6,27-07-2013 17:12:04,1006
Itm_M2220_C2520_I4_L-6.xml,drilldown/pl_id_2220/L-6,27-07-2013 17:12:04,1006
Itm_M2220_C2574_I0_L-6.xml,drilldown/pl_id_2220/L-6,01-06-2013 17:11:48,36243
Itm_M2220_C2682_I11_L-6.xml,drilldown/pl_id_2220/L-6,07-05-2013 09:21:08,141
Itm_M2220_C2682_I1_L-6.xml,drilldown/pl_id_2220/L-6,17-06-2013 07:54:16,795
Itm_M2220_C2682_I7_L-6.xml,drilldown/pl_id_2220/L-6,16-09-2013 09:58:34,1116
Itm_M2220_C2757_I6_L-6.xml,drilldown/pl_id_2220/L-6,01-06-2013 17:11:48,602
Itm_M2220_C2758_I6_L-6.xml,drilldown/pl_id_2220/L-6,01-06-2013 17:11:48,136
Itm_M2220_C2865_I13_L-6.xml,drilldown/pl_id_2220/L-6,07-05-2013 09:21:08,415
Itm_M2220_C2881_I0_L-6.xml,drilldown/pl_id_2220/L-6,07-05-2013 09:21:08,1285
Itm_M2220_C2942_I0_L-6.xml,drilldown/pl_id_2220/L-6,01-06-2013 17:11:48,21417
Itm_M2220_C3239_I4_L-6.xml,drilldown/pl_id_2220/L-6,20-05-2013 14:09:22,1054
Itm_M2220_C3394_I19_L-6.xml,drilldown/pl_id_2220/L-6,20-04-2013 17:11:44,2674
Itm_M2220_C3462_I3_L-6.xml,drilldown/pl_id_2220/L-6,23-03-2013 17:11:32,310
Itm_M2220_C3635_I6_L-6.xml,drilldown/pl_id_2220/L-6,22-06-2013 17:11:52,136
Itm_M2220_C3728_I16_L-6.xml,drilldown/pl_id_2220/L-6,17-08-2013 17:12:02,141
Itm_M2220_C3796_I7_L-6.xml,drilldown/pl_id_2220/L-6,07-05-2013 09:21:08,3304
Itm_M2220_C4103_I4_L-6.xml,drilldown/pl_id_2220/L-6,25-05-2013 17:11:48,319
Itm_M2220_C4119_I7_L-6.xml,drilldown/pl_id_2220/L-6,16-09-2013 09:58:34,140
Itm_M2220_C4208_I1_L-6.xml,drilldown/pl_id_2220/L-6,17-08-2013 17:12:02,567
Itm_M2220_C4254_I10_L-6.xml,drilldown/pl_id_2220/L-6,21-09-2013 17:12:08,208
Itm_M2220_C4254_I11_L-6.xml,drilldown/pl_id_2220/L-6,21-09-2013 17:12:08,199
Itm_M2220_C4254_I2_L-6.xml,drilldown/pl_id_2220/L-6,16-09-2013 09:58:34,137
Itm_M2220_C4254_I3_L-6.xml,drilldown/pl_id_2220/L-6,21-09-2013 17:12:08,137
Itm_M2220_C4254_I4_L-6.xml,drilldown/pl_id_2220/L-6,21-09-2013 17:12:08,137
Itm_M2220_C4254_I6_L-6.xml,drilldown/pl_id_2220/L-6,16-09-2013 09:58:34,137
Itm_M2220_C4254_I7_L-6.xml,drilldown/pl_id_2220/L-6,16-09-2013 09:58:34,296
Itm_M2220_C4254_I8_L-6.xml,drilldown/pl_id_2220/L-6,16-09-2013 09:58:34,136
Itm_M2220_C4254_I9_L-6.xml,drilldown/pl_id_2220/L-6,16-09-2013 09:58:34,217
Itm_M2220_C4436_I0_L-6.xml,drilldown/pl_id_2220/L-6,30-03-2013 17:11:56,1637
Itm_M2220_C4436_I2_L-6.xml,drilldown/pl_id_2220/L-6,31-08-2013 17:11:56,3259
Itm_M2220_C4467_I3_L-6.xml,drilldown/pl_id_2220/L-6,21-09-2013 17:12:08,330
Itm_M2220_C4526_I17_L-6.xml,drilldown/pl_id_2220/L-6,29-06-2013 17:11:56,141
Itm_M2220_C4755_I10_L-6.xml,drilldown/pl_id_2220/L-6,27-07-2013 17:12:04,1240
Itm_M2220_C4861_I23_L-6.xml,drilldown/pl_id_2220/L-6,27-07-2013 17:12:04,138
Itm_M2220_C4908_I2_L-6.xml,drilldown/pl_id_2220/L-6,07-05-2013 09:21:08,134
Itm_M2220_C4920_I2_L-6.xml,drilldown/pl_id_2220/L-6,21-09-2013 17:12:08,137
Itm_M2220_C4920_I3_L-6.xml,drilldown/pl_id_2220/L-6,24-08-2013 17:12:02,771
Itm_M2220_C5001_I0_L-6.xml,drilldown/pl_id_2220/L-6,07-05-2013 09:21:08,616
Itm_M2220_C5028_I4_L-6.xml,drilldown/pl_id_2220/L-6,07-09-2013 17:12:08,136
Itm_M2220_C5070_I8_L-6.xml,drilldown/pl_id_2220/L-6,16-03-2013 17:11:36,798
Itm_M2220_C5084_I4_L-6.xml,drilldown/pl_id_2220/L-6,24-08-2013 17:12:02,258
Itm_M2220_C5085_I5_L-6.xml,drilldown/pl_id_2220/L-6,24-08-2013 17:12:02,258
Itm_M2220_C5178_I8_L-6.xml,drilldown/pl_id_2220/L-6,31-08-2013 17:11:56,908
Itm_M2220_C5181_I0_L-6.xml,drilldown/pl_id_2220/L-6,22-06-2013 17:11:52,1485
Itm_M2220_C5181_I7_L-6.xml,drilldown/pl_id_2220/L-6,08-04-2013 20:27:18,136
Itm_M2220_C5193_I9_L-6.xml,drilldown/pl_id_2220/L-6,07-05-2013 09:21:08,235
Itm_M2220_C5197_I10_L-6.xml,drilldown/pl_id_2220/L-6,07-05-2013 09:21:08,141
Itm_M2220_C5198_I1_L-6.xml,drilldown/pl_id_2220/L-6,29-06-2013 17:11:56,5662
Itm_M2220_C5211_I0_L-6.xml,drilldown/pl_id_2220/L-6,07-05-2013 09:21:08,4328
Itm_M2220_C5214_I10_L-6.xml,drilldown/pl_id_2220/L-6,07-05-2013 09:21:08,415
Itm_M2220_C5215_I10_L-6.xml,drilldown/pl_id_2220/L-6,07-05-2013 09:21:08,415
Itm_M2220_C5287_I15_L-6.xml,drilldown/pl_id_2220/L-6,31-08-2013 17:11:56,339
Itm_M2220_C5316_I9_L-6.xml,drilldown/pl_id_2220/L-6,24-08-2013 17:12:02,258
Itm_M2220_C5317_I12_L-6.xml,drilldown/pl_id_2220/L-6,24-08-2013 17:12:02,262
Itm_M2220_C5389_I9_L-6.xml,drilldown/pl_id_2220/L-6,11-05-2013 17:11:42,438
Itm_M2220_C5413_I21_L-6.xml,drilldown/pl_id_2220/L-6,07-05-2013 09:21:08,603
Itm_M2220_C5427_I13_L-6.xml,drilldown/pl_id_2220/L-6,27-07-2013 17:12:04,1390
Itm_M2220_C5468_I1_L-6.xml,drilldown/pl_id_2220/L-6,07-05-2013 09:21:08,534
Itm_M2220_C5533_I8_L-6.xml,drilldown/pl_id_2220/L-6,07-05-2013 09:21:08,420
Itm_M2220_C5536_I1_L-6.xml,drilldown/pl_id_2220/L-6,25-05-2013 17:11:48,32690
Itm_M2220_C5590_I2_L-6.xml,drilldown/pl_id_2220/L-6,07-05-2013 09:21:08,1531
Itm_M2220_C5630_I14_L-6.xml,drilldown/pl_id_2220/L-6,20-05-2013 14:09:22,304
Itm_M2220_C5702_I0_L-6.xml,drilldown/pl_id_2220/L-6,22-06-2013 17:11:52,12760
Itm_M2220_C5710_I4_L-6.xml,drilldown/pl_id_2220/L-6,24-08-2013 17:12:02,204
Itm_M2220_C5710_I5_L-6.xml,drilldown/pl_id_2220/L-6,21-09-2013 17:12:08,264
Itm_M2220_C5710_I6_L-6.xml,drilldown/pl_id_2220/L-6,07-09-2013 17:12:08,139
Itm_M2220_C5710_I8_L-6.xml,drilldown/pl_id_2220/L-6,07-09-2013 17:12:08,291
Itm_M2220_C5710_I9_L-6.xml,drilldown/pl_id_2220/L-6,21-09-2013 17:12:08,136
Itm_M2220_C5720_I5_L-6.xml,drilldown/pl_id_2220/L-6,20-04-2013 17:11:44,1214
Itm_M2220_C5753_I11_L-6.xml,drilldown/pl_id_2220/L-6,08-06-2013 17:11:48,596
Itm_M2220_C5753_I17_L-6.xml,drilldown/pl_id_2220/L-6,29-04-2013 17:12:42,599
Itm_M2220_C5773_I14_L-6.xml,drilldown/pl_id_2220/L-6,07-05-2013 09:21:08,482
Itm_M2220_C5785_I1_L-6.xml,drilldown/pl_id_2220/L-6,01-06-2013 17:11:48,1642
Itm_M2220_C5785_I5_L-6.xml,drilldown/pl_id_2220/L-6,01-06-2013 17:11:48,462
Itm_M2220_C5822_I1_L-6.xml,drilldown/pl_id_2220/L-6,21-09-2013 17:12:08,10266
Itm_M2220_C5822_I3_L-6.xml,drilldown/pl_id_2220/L-6,21-09-2013 17:12:08,8957
Itm_M2220_C5862_I5_L-6.xml,drilldown/pl_id_2220/L-6,07-05-2013 09:21:08,204
Itm_M2220_C6066_I8_L-6.xml,drilldown/pl_id_2220/L-6,24-08-2013 17:12:02,258
Itm_M2220_C8932_I19_L-6.xml,drilldown/pl_id_2220/L-6,25-05-2013 17:11:48,138
Itm_M2220_C8932_I9_L-6.xml,drilldown/pl_id_2220/L-6,03-08-2013 17:12:02,136
Itm_M2231_C10113_I2_L-6.xml,drilldown/pl_id_2231/L-6,21-09-2013 17:12:08,138
Itm_M2231_C10113_I3_L-6.xml,drilldown/pl_id_2231/L-6,21-09-2013 17:12:08,137
Itm_M2231_C10113_I4_L-6.xml,drilldown/pl_id_2231/L-6,16-09-2013 09:58:34,192
Itm_M2231_C10113_I5_L-6.xml,drilldown/pl_id_2231/L-6,24-08-2013 17:12:02,231
Itm_M2231_C10113_I6_L-6.xml,drilldown/pl_id_2231/L-6,16-09-2013 09:58:34,238
Itm_M2231_C10113_I7_L-6.xml,drilldown/pl_id_2231/L-6,21-09-2013 17:12:08,141
Itm_M2231_C11035_I4_L-6.xml,drilldown/pl_id_2231/L-6,16-09-2013 09:58:34,135
Itm_M2231_C11037_I2_L-6.xml,drilldown/pl_id_2231/L-6,16-03-2013 17:11:36,1023
Itm_M2231_C11051_I1_L-6.xml,drilldown/pl_id_2231/L-6,20-04-2013 17:11:44,1432
Itm_M2231_C11054_I0_L-6.xml,drilldown/pl_id_2231/L-6,08-04-2013 20:27:18,589
Itm_M2231_C11070_I3_L-6.xml,drilldown/pl_id_2231/L-6,21-09-2013 17:12:08,265
Itm_M2231_C11070_I4_L-6.xml,drilldown/pl_id_2231/L-6,16-09-2013 09:58:34,139
Itm_M2231_C11070_I5_L-6.xml,drilldown/pl_id_2231/L-6,16-09-2013 09:58:34,139
Itm_M2231_C11072_I0_L-6.xml,drilldown/pl_id_2231/L-6,06-07-2013 17:11:56,504
Itm_M2231_C11072_I1_L-6.xml,drilldown/pl_id_2231/L-6,06-07-2013 17:11:56,666
Itm_M2231_C11079_I0_L-6.xml,drilldown/pl_id_2231/L-6,22-06-2013 17:11:52,681
Itm_M2231_C11079_I2_L-6.xml,drilldown/pl_id_2231/L-6,08-04-2013 20:27:18,312
Itm_M2231_C11080_I12_L-6.xml,drilldown/pl_id_2231/L-6,17-08-2013 17:12:02,138
Itm_M2231_C11089_I5_L-6.xml,drilldown/pl_id_2231/L-6,17-06-2013 07:54:16,344
Itm_M2231_C11089_I9_L-6.xml,drilldown/pl_id_2231/L-6,24-08-2013 17:12:02,346
Itm_M2231_C11840_I3_L-6.xml,drilldown/pl_id_2231/L-6,01-06-2013 17:11:48,638
Itm_M2231_C12080_I4_L-6.xml,drilldown/pl_id_2231/L-6,07-05-2013 09:21:08,134
Itm_M2231_C12284_I1_L-6.xml,drilldown/pl_id_2231/L-6,17-08-2013 17:12:02,404
Itm_M2231_C12450_I2_L-6.xml,drilldown/pl_id_2231/L-6,16-09-2013 09:58:34,42549
Itm_M2231_C2524_I11_L-6.xml,drilldown/pl_id_2231/L-6,31-08-2013 17:11:56,137
Itm_M2231_C2639_I14_L-6.xml,drilldown/pl_id_2231/L-6,27-07-2013 17:12:04,141
Itm_M2231_C2645_I12_L-6.xml,drilldown/pl_id_2231/L-6,27-07-2013 17:12:04,141
Itm_M2231_C2704_I2_L-6.xml,drilldown/pl_id_2231/L-6,21-09-2013 17:12:08,136
Itm_M2231_C2704_I3_L-6.xml,drilldown/pl_id_2231/L-6,21-09-2013 17:12:08,139
Itm_M2231_C2737_I6_L-6.xml,drilldown/pl_id_2231/L-6,21-09-2013 17:12:08,136
Itm_M2231_C2737_I7_L-6.xml,drilldown/pl_id_2231/L-6,07-09-2013 17:12:08,136
Itm_M2231_C2772_I9_L-6.xml,drilldown/pl_id_2231/L-6,08-06-2013 17:11:48,139
Itm_M2231_C2785_I12_L-6.xml,drilldown/pl_id_2231/L-6,20-07-2013 17:12:00,231
Itm_M2231_C2785_I21_L-6.xml,drilldown/pl_id_2231/L-6,20-07-2013 17:12:00,231
Itm_M2231_C2828_I5_L-6.xml,drilldown/pl_id_2231/L-6,07-05-2013 09:21:08,284
Itm_M2231_C2834_I2_L-6.xml,drilldown/pl_id_2231/L-6,21-09-2013 17:12:08,136
Itm_M2231_C2938_I0_L-6.xml,drilldown/pl_id_2231/L-6,01-06-2013 17:11:48,7136
Itm_M2231_C2952_I6_L-6.xml,drilldown/pl_id_2231/L-6,08-06-2013 17:11:48,139
Itm_M2231_C3052_I11_L-6.xml,drilldown/pl_id_2231/L-6,25-05-2013 17:11:48,141
Itm_M2231_C3052_I12_L-6.xml,drilldown/pl_id_2231/L-6,08-06-2013 17:11:48,141
Itm_M2231_C3083_I11_L-6.xml,drilldown/pl_id_2231/L-6,08-06-2013 17:11:48,141
Itm_M2231_C3083_I13_L-6.xml,drilldown/pl_id_2231/L-6,08-06-2013 17:11:48,141
Itm_M2231_C3585_I0_L-6.xml,drilldown/pl_id_2231/L-6,22-06-2013 17:11:52,2675
Itm_M2231_C3730_I13_L-6.xml,drilldown/pl_id_2231/L-6,07-05-2013 09:21:08,288
Itm_M2231_C3731_I12_L-6.xml,drilldown/pl_id_2231/L-6,07-05-2013 09:21:08,288
Itm_M2231_C3871_I14_L-6.xml,drilldown/pl_id_2231/L-6,16-09-2013 09:58:34,139
Itm_M2231_C3871_I15_L-6.xml,drilldown/pl_id_2231/L-6,16-09-2013 09:58:34,137
Itm_M2231_C4011_I0_L-6.xml,drilldown/pl_id_2231/L-6,11-05-2013 17:11:42,46484
Itm_M2231_C4065_I20_L-6.xml,drilldown/pl_id_2231/L-6,20-04-2013 17:11:44,140
Itm_M2231_C4066_I20_L-6.xml,drilldown/pl_id_2231/L-6,20-04-2013 17:11:44,140
Itm_M2231_C4391_I2_L-6.xml,drilldown/pl_id_2231/L-6,08-04-2013 20:27:18,9348
Itm_M2231_C4454_I3_L-6.xml,drilldown/pl_id_2231/L-6,21-09-2013 17:12:08,140
Itm_M2231_C4454_I4_L-6.xml,drilldown/pl_id_2231/L-6,16-09-2013 09:58:34,330
Itm_M2231_C4574_I4_L-6.xml,drilldown/pl_id_2231/L-6,07-05-2013 09:21:08,878
Itm_M2231_C4574_I6_L-6.xml,drilldown/pl_id_2231/L-6,08-04-2013 20:27:18,2551
Itm_M2231_C4638_I5_L-6.xml,drilldown/pl_id_2231/L-6,17-08-2013 17:12:02,1037
Itm_M2231_C4738_I9_L-6.xml,drilldown/pl_id_2231/L-6,24-08-2013 17:12:02,139
Itm_M2231_C5294_I7_L-6.xml,drilldown/pl_id_2231/L-6,16-09-2013 09:58:34,137
Itm_M2231_C5443_I1_L-6.xml,drilldown/pl_id_2231/L-6,10-08-2013 17:12:00,3021
Itm_M2231_C5529_I16_L-6.xml,drilldown/pl_id_2231/L-6,20-04-2013 17:11:44,2358
Itm_M2231_C5651_I0_L-6.xml,drilldown/pl_id_2231/L-6,24-08-2013 17:12:02,914
Itm_M2231_C5651_I10_L-6.xml,drilldown/pl_id_2231/L-6,21-09-2013 17:12:08,138
Itm_M2231_C5651_I11_L-6.xml,drilldown/pl_id_2231/L-6,16-09-2013 09:58:34,140
Itm_M2231_C5651_I12_L-6.xml,drilldown/pl_id_2231/L-6,21-09-2013 17:12:08,141
Itm_M2231_C5651_I13_L-6.xml,drilldown/pl_id_2231/L-6,21-09-2013 17:12:08,219
Itm_M2231_C5651_I14_L-6.xml,drilldown/pl_id_2231/L-6,21-09-2013 17:12:08,224
Itm_M2231_C5651_I15_L-6.xml,drilldown/pl_id_2231/L-6,21-09-2013 17:12:08,220
Itm_M2231_C5651_I16_L-6.xml,drilldown/pl_id_2231/L-6,21-09-2013 17:12:08,198
Itm_M2231_C5651_I17_L-6.xml,drilldown/pl_id_2231/L-6,16-09-2013 09:58:34,139
Itm_M2231_C5651_I8_L-6.xml,drilldown/pl_id_2231/L-6,21-09-2013 17:12:08,137
Itm_M2231_C5861_I6_L-6.xml,drilldown/pl_id_2231/L-6,07-05-2013 09:21:08,138
Itm_M2231_C5890_I6_L-6.xml,drilldown/pl_id_2231/L-6,22-06-2013 17:11:52,277
Itm_M2231_C5963_I0_L-6.xml,drilldown/pl_id_2231/L-6,07-05-2013 09:21:08,1261
Itm_M2231_C5964_I0_L-6.xml,drilldown/pl_id_2231/L-6,07-05-2013 09:21:08,966
Itm_M2231_C5965_I8_L-6.xml,drilldown/pl_id_2231/L-6,07-05-2013 09:21:08,284
Itm_M2231_C5966_I4_L-6.xml,drilldown/pl_id_2231/L-6,08-04-2013 20:27:18,136
Itm_M2231_C5966_I8_L-6.xml,drilldown/pl_id_2231/L-6,07-05-2013 09:21:08,284
Itm_M2231_C6056_I8_L-6.xml,drilldown/pl_id_2231/L-6,24-08-2013 17:12:02,258
Itm_M2231_C6057_I8_L-6.xml,drilldown/pl_id_2231/L-6,24-08-2013 17:12:02,258
Itm_M2231_C6205_I2_L-6.xml,drilldown/pl_id_2231/L-6,27-07-2013 17:12:04,294
Itm_M2231_C6374_I10_L-6.xml,drilldown/pl_id_2231/L-6,21-09-2013 17:12:08,141
Itm_M2231_C6374_I11_L-6.xml,drilldown/pl_id_2231/L-6,16-09-2013 09:58:34,140
Itm_M2231_C6374_I9_L-6.xml,drilldown/pl_id_2231/L-6,16-09-2013 09:58:34,139
Itm_M2231_C6394_I19_L-6.xml,drilldown/pl_id_2231/L-6,24-08-2013 17:12:02,141
Itm_M2231_C6394_I3_L-6.xml,drilldown/pl_id_2231/L-6,07-09-2013 17:12:08,136
Itm_M2231_C6430_I13_L-6.xml,drilldown/pl_id_2231/L-6,07-05-2013 09:21:08,542
Itm_M2231_C6431_I15_L-6.xml,drilldown/pl_id_2231/L-6,07-05-2013 09:21:08,542
Itm_M2231_C6593_I0_L-6.xml,drilldown/pl_id_2231/L-6,24-08-2013 17:12:02,219
Itm_M2231_C6610_I3_L-6.xml,drilldown/pl_id_2231/L-6,24-08-2013 17:12:02,189
Itm_M2231_C6610_I4_L-6.xml,drilldown/pl_id_2231/L-6,16-09-2013 09:58:34,140
Itm_M2231_C6641_I0_L-6.xml,drilldown/pl_id_2231/L-6,11-05-2013 17:11:42,16790
Itm_M2231_C6649_I4_L-6.xml,drilldown/pl_id_2231/L-6,08-04-2013 20:27:18,458
Itm_M2231_C6681_I2_L-6.xml,drilldown/pl_id_2231/L-6,16-09-2013 09:58:34,139
Itm_M2231_C6681_I3_L-6.xml,drilldown/pl_id_2231/L-6,21-09-2013 17:12:08,138
Itm_M2231_C6681_I4_L-6.xml,drilldown/pl_id_2231/L-6,21-09-2013 17:12:08,136
Itm_M2231_C6684_I2_L-6.xml,drilldown/pl_id_2231/L-6,21-09-2013 17:12:08,136
Itm_M2231_C6692_I6_L-6.xml,drilldown/pl_id_2231/L-6,03-08-2013 17:12:02,1705
Itm_M2231_C6701_I14_L-6.xml,drilldown/pl_id_2231/L-6,21-09-2013 17:12:08,217
Itm_M2231_C6702_I4_L-6.xml,drilldown/pl_id_2231/L-6,21-09-2013 17:12:08,135
Itm_M2231_C6733_I4_L-6.xml,drilldown/pl_id_2231/L-6,07-09-2013 17:12:08,321
Itm_M2231_C6733_I7_L-6.xml,drilldown/pl_id_2231/L-6,21-09-2013 17:12:08,295
Itm_M2231_C6733_I8_L-6.xml,drilldown/pl_id_2231/L-6,16-09-2013 09:58:34,137
Itm_M2231_C6733_I9_L-6.xml,drilldown/pl_id_2231/L-6,21-09-2013 17:12:08,138
Itm_M2231_C6735_I2_L-6.xml,drilldown/pl_id_2231/L-6,21-09-2013 17:12:08,295
Itm_M2231_C6740_I2_L-6.xml,drilldown/pl_id_2231/L-6,16-09-2013 09:58:34,135
Itm_M2231_C6740_I3_L-6.xml,drilldown/pl_id_2231/L-6,21-09-2013 17:12:08,273
Itm_M2231_C6740_I4_L-6.xml,drilldown/pl_id_2231/L-6,16-09-2013 09:58:34,268
Itm_M2231_C6740_I5_L-6.xml,drilldown/pl_id_2231/L-6,21-09-2013 17:12:08,292
Itm_M2231_C6840_I5_L-6.xml,drilldown/pl_id_2231/L-6,17-06-2013 07:54:16,573
Itm_M2231_C6887_I14_L-6.xml,drilldown/pl_id_2231/L-6,11-05-2013 17:11:42,140
Itm_M2231_C6887_I3_L-6.xml,drilldown/pl_id_2231/L-6,23-03-2013 17:11:32,310
Itm_M2231_C6893_I3_L-6.xml,drilldown/pl_id_2231/L-6,13-07-2013 17:11:56,798
Itm_M2231_C6894_I3_L-6.xml,drilldown/pl_id_2231/L-6,13-07-2013 17:11:56,1090
Itm_M2231_C6908_I11_L-6.xml,drilldown/pl_id_2231/L-6,21-09-2013 17:12:08,406
Itm_M2231_C6928_I15_L-6.xml,drilldown/pl_id_2231/L-6,07-05-2013 09:21:08,3806
Itm_M2231_C6950_I3_L-6.xml,drilldown/pl_id_2231/L-6,21-09-2013 17:12:08,138
Itm_M2231_C6950_I4_L-6.xml,drilldown/pl_id_2231/L-6,21-09-2013 17:12:08,284
Itm_M2231_C6950_I6_L-6.xml,drilldown/pl_id_2231/L-6,31-08-2013 17:11:56,520
Itm_M2231_C6950_I7_L-6.xml,drilldown/pl_id_2231/L-6,16-09-2013 09:58:34,308
Itm_M2231_C6950_I8_L-6.xml,drilldown/pl_id_2231/L-6,24-08-2013 17:12:02,137
Itm_M2231_C6953_I8_L-6.xml,drilldown/pl_id_2231/L-6,20-05-2013 14:09:22,597
Itm_M2231_C6962_I9_L-6.xml,drilldown/pl_id_2231/L-6,08-04-2013 20:27:18,188
Itm_M2231_C6992_I0_L-6.xml,drilldown/pl_id_2231/L-6,29-04-2013 17:12:42,4696
Itm_M2231_C6992_I2_L-6.xml,drilldown/pl_id_2231/L-6,17-08-2013 17:12:02,482
Itm_M2231_C7110_I6_L-6.xml,drilldown/pl_id_2231/L-6,16-09-2013 09:58:34,1818
Itm_M2231_C7129_I5_L-6.xml,drilldown/pl_id_2231/L-6,21-09-2013 17:12:08,139
Itm_M2231_C7129_I6_L-6.xml,drilldown/pl_id_2231/L-6,21-09-2013 17:12:08,139
Itm_M2231_C7129_I7_L-6.xml,drilldown/pl_id_2231/L-6,21-09-2013 17:12:08,138
Itm_M2231_C7129_I8_L-6.xml,drilldown/pl_id_2231/L-6,21-09-2013 17:12:08,139
Itm_M2231_C7153_I1_L-6.xml,drilldown/pl_id_2231/L-6,29-06-2013 17:11:56,96397
Itm_M2231_C7183_I13_L-6.xml,drilldown/pl_id_2231/L-6,16-09-2013 09:58:34,140
Itm_M2231_C7183_I14_L-6.xml,drilldown/pl_id_2231/L-6,16-09-2013 09:58:34,140
Itm_M2231_C7277_I0_L-6.xml,drilldown/pl_id_2231/L-6,27-07-2013 17:12:04,2294
Itm_M2231_C7279_I8_L-6.xml,drilldown/pl_id_2231/L-6,25-05-2013 17:11:48,136
Itm_M2231_C7425_I8_L-6.xml,drilldown/pl_id_2231/L-6,08-04-2013 20:27:18,28976
Itm_M2231_C7436_I0_L-6.xml,drilldown/pl_id_2231/L-6,06-07-2013 17:11:56,20590
Itm_M2231_C7436_I1_L-6.xml,drilldown/pl_id_2231/L-6,08-04-2013 20:27:18,63242
Itm_M2231_C7888_I3_L-6.xml,drilldown/pl_id_2231/L-6,08-06-2013 17:11:48,8594
Itm_M2231_C8167_I0_L-6.xml,drilldown/pl_id_2231/L-6,16-09-2013 09:58:34,9747
Itm_M2231_C8232_I0_L-6.xml,drilldown/pl_id_2231/L-6,27-07-2013 17:12:04,6336
Itm_M2231_C8344_I2_L-6.xml,drilldown/pl_id_2231/L-6,08-04-2013 20:27:18,8102
Itm_M2231_C8542_I10_L-6.xml,drilldown/pl_id_2231/L-6,21-09-2013 17:12:08,142
Itm_M2231_C8542_I8_L-6.xml,drilldown/pl_id_2231/L-6,16-09-2013 09:58:34,137
Itm_M2231_C8542_I9_L-6.xml,drilldown/pl_id_2231/L-6,21-09-2013 17:12:08,397
Itm_M2231_C9055_I2_L-6.xml,drilldown/pl_id_2231/L-6,27-07-2013 17:12:04,538
cat_M2243_C12053_L-6.xml,drilldown/pl_id_2243/L-6,13-07-2013 17:11:56,1092
Itm_M2243_C10726_I2_L-6.xml,drilldown/pl_id_2243/L-6,07-05-2013 09:21:08,235
Itm_M2243_C10748_I1_L-6.xml,drilldown/pl_id_2243/L-6,08-04-2013 20:27:18,283
Itm_M2243_C10748_I5_L-6.xml,drilldown/pl_id_2243/L-6,07-05-2013 09:21:08,235
Itm_M2243_C10750_I1_L-6.xml,drilldown/pl_id_2243/L-6,29-04-2013 17:12:42,354
Itm_M2243_C10751_I1_L-6.xml,drilldown/pl_id_2243/L-6,07-05-2013 09:21:08,235
Itm_M2243_C10752_I6_L-6.xml,drilldown/pl_id_2243/L-6,20-04-2013 17:11:44,228
Itm_M2243_C10756_I0_L-6.xml,drilldown/pl_id_2243/L-6,16-09-2013 09:58:34,230
Itm_M2243_C10756_I4_L-6.xml,drilldown/pl_id_2243/L-6,21-09-2013 17:12:08,135
Itm_M2243_C10756_I6_L-6.xml,drilldown/pl_id_2243/L-6,07-09-2013 17:12:08,136
Itm_M2243_C10756_I7_L-6.xml,drilldown/pl_id_2243/L-6,21-09-2013 17:12:08,137
Itm_M2243_C10756_I8_L-6.xml,drilldown/pl_id_2243/L-6,21-09-2013 17:12:08,136
Itm_M2243_C10756_I9_L-6.xml,drilldown/pl_id_2243/L-6,16-09-2013 09:58:34,135
Itm_M2243_C10757_I0_L-6.xml,drilldown/pl_id_2243/L-6,07-09-2013 17:12:08,230
Itm_M2243_C10757_I4_L-6.xml,drilldown/pl_id_2243/L-6,21-09-2013 17:12:08,136
Itm_M2243_C10757_I6_L-6.xml,drilldown/pl_id_2243/L-6,10-08-2013 17:12:00,136
Itm_M2243_C10757_I7_L-6.xml,drilldown/pl_id_2243/L-6,31-08-2013 17:11:56,136
Itm_M2243_C10757_I8_L-6.xml,drilldown/pl_id_2243/L-6,16-09-2013 09:58:34,135
Itm_M2243_C10757_I9_L-6.xml,drilldown/pl_id_2243/L-6,21-09-2013 17:12:08,135
Itm_M2243_C10761_I3_L-6.xml,drilldown/pl_id_2243/L-6,07-09-2013 17:12:08,350
Itm_M2243_C10762_I2_L-6.xml,drilldown/pl_id_2243/L-6,08-04-2013 20:27:18,191
Itm_M2243_C10772_I3_L-6.xml,drilldown/pl_id_2243/L-6,07-05-2013 09:21:08,235
Itm_M2243_C10775_I4_L-6.xml,drilldown/pl_id_2243/L-6,29-04-2013 17:12:42,223
Itm_M2243_C10778_I11_L-6.xml,drilldown/pl_id_2243/L-6,29-06-2013 17:11:56,141
Itm_M2243_C10781_I6_L-6.xml,drilldown/pl_id_2243/L-6,08-04-2013 20:27:18,206
Itm_M2243_C10782_I6_L-6.xml,drilldown/pl_id_2243/L-6,08-04-2013 20:27:18,132
Itm_M2243_C2286_I12_L-6.xml,drilldown/pl_id_2243/L-6,07-05-2013 09:21:08,239
Itm_M2243_C2287_I7_L-6.xml,drilldown/pl_id_2243/L-6,24-08-2013 17:12:02,258
Itm_M2243_C2469_I8_L-6.xml,drilldown/pl_id_2243/L-6,07-05-2013 09:21:08,235
Itm_M2243_C2472_I9_L-6.xml,drilldown/pl_id_2243/L-6,07-05-2013 09:21:08,235
Itm_M2243_C2473_I22_L-6.xml,drilldown/pl_id_2243/L-6,07-05-2013 09:21:08,414
Itm_M2243_C2473_I9_L-6.xml,drilldown/pl_id_2243/L-6,07-05-2013 09:21:08,235
Itm_M2243_C2488_I6_L-6.xml,drilldown/pl_id_2243/L-6,07-05-2013 09:21:08,235
Itm_M2243_C2489_I20_L-6.xml,drilldown/pl_id_2243/L-6,08-04-2013 20:27:18,141
Itm_M2243_C2491_I4_L-6.xml,drilldown/pl_id_2243/L-6,07-05-2013 09:21:08,235
Itm_M2243_C2498_I7_L-6.xml,drilldown/pl_id_2243/L-6,07-05-2013 09:21:08,235
Itm_M2243_C2507_I26_L-6.xml,drilldown/pl_id_2243/L-6,07-05-2013 09:21:08,239
Itm_M2243_C2510_I21_L-6.xml,drilldown/pl_id_2243/L-6,07-05-2013 09:21:08,239
Itm_M2243_C2544_I7_L-6.xml,drilldown/pl_id_2243/L-6,07-05-2013 09:21:08,549
Itm_M2243_C2622_I17_L-6.xml,drilldown/pl_id_2243/L-6,24-08-2013 17:12:02,262
Itm_M2243_C2672_I9_L-6.xml,drilldown/pl_id_2243/L-6,16-09-2013 09:58:34,209
Itm_M2243_C2753_I16_L-6.xml,drilldown/pl_id_2243/L-6,11-05-2013 17:11:42,498
Itm_M2243_C2753_I17_L-6.xml,drilldown/pl_id_2243/L-6,07-05-2013 09:21:08,498
Itm_M2243_C2770_I2_L-6.xml,drilldown/pl_id_2243/L-6,16-09-2013 09:58:34,137
Itm_M2243_C2770_I3_L-6.xml,drilldown/pl_id_2243/L-6,16-09-2013 09:58:34,137
Itm_M2243_C2770_I4_L-6.xml,drilldown/pl_id_2243/L-6,21-09-2013 17:12:08,136
Itm_M2243_C2777_I10_L-6.xml,drilldown/pl_id_2243/L-6,08-06-2013 17:11:48,141
Itm_M2243_C2801_I7_L-6.xml,drilldown/pl_id_2243/L-6,20-07-2013 17:12:00,135
Itm_M2243_C2912_I16_L-6.xml,drilldown/pl_id_2243/L-6,29-06-2013 17:11:56,141
Itm_M2243_C2912_I5_L-6.xml,drilldown/pl_id_2243/L-6,22-06-2013 17:11:52,302
Itm_M2243_C2913_I2_L-6.xml,drilldown/pl_id_2243/L-6,07-05-2013 09:21:08,136
Itm_M2243_C2958_I6_L-6.xml,drilldown/pl_id_2243/L-6,03-08-2013 17:12:02,189
Itm_M2243_C2989_I10_L-6.xml,drilldown/pl_id_2243/L-6,08-06-2013 17:11:48,198
Itm_M2243_C2989_I11_L-6.xml,drilldown/pl_id_2243/L-6,25-05-2013 17:11:48,141
Itm_M2243_C2989_I12_L-6.xml,drilldown/pl_id_2243/L-6,08-06-2013 17:11:48,141
Itm_M2243_C3030_I2_L-6.xml,drilldown/pl_id_2243/L-6,24-08-2013 17:12:02,379
Itm_M2243_C3031_I5_L-6.xml,drilldown/pl_id_2243/L-6,03-08-2013 17:12:02,136
Itm_M2243_C3035_I12_L-6.xml,drilldown/pl_id_2243/L-6,24-08-2013 17:12:02,338
Itm_M2243_C3035_I9_L-6.xml,drilldown/pl_id_2243/L-6,23-03-2013 17:11:32,444
Itm_M2243_C3046_I8_L-6.xml,drilldown/pl_id_2243/L-6,08-04-2013 20:27:18,136
Itm_M2243_C3059_I8_L-6.xml,drilldown/pl_id_2243/L-6,25-05-2013 17:11:48,139
Itm_M2243_C3059_I9_L-6.xml,drilldown/pl_id_2243/L-6,08-06-2013 17:11:48,139
Itm_M2243_C3060_I13_L-6.xml,drilldown/pl_id_2243/L-6,25-05-2013 17:11:48,141
Itm_M2243_C3060_I14_L-6.xml,drilldown/pl_id_2243/L-6,08-06-2013 17:11:48,141
Itm_M2243_C3068_I15_L-6.xml,drilldown/pl_id_2243/L-6,24-08-2013 17:12:02,387
Itm_M2243_C3089_I4_L-6.xml,drilldown/pl_id_2243/L-6,07-05-2013 09:21:08,134
Itm_M2243_C3098_I11_L-6.xml,drilldown/pl_id_2243/L-6,07-05-2013 09:21:08,239
Itm_M2243_C3108_I7_L-6.xml,drilldown/pl_id_2243/L-6,17-08-2013 17:12:02,331
Itm_M2243_C3109_I3_L-6.xml,drilldown/pl_id_2243/L-6,17-08-2013 17:12:02,409
Itm_M2243_C3109_I5_L-6.xml,drilldown/pl_id_2243/L-6,08-06-2013 17:11:48,712
Itm_M2243_C3236_I0_L-6.xml,drilldown/pl_id_2243/L-6,24-08-2013 17:12:02,9569
Itm_M2243_C3247_I4_L-6.xml,drilldown/pl_id_2243/L-6,30-03-2013 17:11:56,136
Itm_M2243_C3250_I10_L-6.xml,drilldown/pl_id_2243/L-6,07-05-2013 09:21:08,288
Itm_M2243_C3254_I20_L-6.xml,drilldown/pl_id_2243/L-6,24-08-2013 17:12:02,141
Itm_M2243_C3263_I10_L-6.xml,drilldown/pl_id_2243/L-6,29-04-2013 17:12:42,576
Itm_M2243_C3263_I9_L-6.xml,drilldown/pl_id_2243/L-6,29-04-2013 17:12:42,568
Itm_M2243_C3312_I12_L-6.xml,drilldown/pl_id_2243/L-6,24-08-2013 17:12:02,387
Itm_M2243_C3317_I19_L-6.xml,drilldown/pl_id_2243/L-6,24-08-2013 17:12:02,393
Itm_M2243_C3319_I0_L-6.xml,drilldown/pl_id_2243/L-6,30-03-2013 17:11:56,2085
Itm_M2243_C3348_I1_L-6.xml,drilldown/pl_id_2243/L-6,07-05-2013 09:21:08,2691
Itm_M2243_C3354_I3_L-6.xml,drilldown/pl_id_2243/L-6,07-05-2013 09:21:08,139
Itm_M2243_C3354_I7_L-6.xml,drilldown/pl_id_2243/L-6,24-08-2013 17:12:02,379
Itm_M2243_C3365_I8_L-6.xml,drilldown/pl_id_2243/L-6,08-04-2013 20:27:18,432
Itm_M2243_C3369_I7_L-6.xml,drilldown/pl_id_2243/L-6,27-07-2013 17:12:04,210
Itm_M2243_C3414_I4_L-6.xml,drilldown/pl_id_2243/L-6,20-05-2013 14:09:22,362
Itm_M2243_C3460_I13_L-6.xml,drilldown/pl_id_2243/L-6,21-09-2013 17:12:08,244
Itm_M2243_C3465_I3_L-6.xml,drilldown/pl_id_2243/L-6,07-05-2013 09:21:08,412
Itm_M2243_C3660_I4_L-6.xml,drilldown/pl_id_2243/L-6,25-05-2013 17:11:48,139
Itm_M2243_C3675_I11_L-6.xml,drilldown/pl_id_2243/L-6,29-06-2013 17:11:56,143
Itm_M2243_C3676_I10_L-6.xml,drilldown/pl_id_2243/L-6,24-08-2013 17:12:02,387
Itm_M2243_C3683_I12_L-6.xml,drilldown/pl_id_2243/L-6,24-08-2013 17:12:02,387
Itm_M2243_C3709_I12_L-6.xml,drilldown/pl_id_2243/L-6,24-08-2013 17:12:02,262
Itm_M2243_C3755_I19_L-6.xml,drilldown/pl_id_2243/L-6,29-04-2013 17:12:42,232
Itm_M2243_C3766_I8_L-6.xml,drilldown/pl_id_2243/L-6,29-04-2013 17:12:42,223
Itm_M2243_C3767_I23_L-6.xml,drilldown/pl_id_2243/L-6,17-08-2013 17:12:02,214
Itm_M2243_C3793_I19_L-6.xml,drilldown/pl_id_2243/L-6,17-08-2013 17:12:02,138
Itm_M2243_C3803_I9_L-6.xml,drilldown/pl_id_2243/L-6,07-05-2013 09:21:08,235
Itm_M2243_C3827_I3_L-6.xml,drilldown/pl_id_2243/L-6,07-05-2013 09:21:08,235
Itm_M2243_C3838_I4_L-6.xml,drilldown/pl_id_2243/L-6,07-05-2013 09:21:08,235
Itm_M2243_C3842_I2_L-6.xml,drilldown/pl_id_2243/L-6,29-04-2013 17:12:42,223
Itm_M2243_C4078_I0_L-6.xml,drilldown/pl_id_2243/L-6,21-09-2013 17:12:08,271
Itm_M2243_C4078_I27_L-6.xml,drilldown/pl_id_2243/L-6,16-09-2013 09:58:34,139
Itm_M2243_C4078_I28_L-6.xml,drilldown/pl_id_2243/L-6,17-08-2013 17:12:02,138
Itm_M2243_C4078_I31_L-6.xml,drilldown/pl_id_2243/L-6,07-09-2013 17:12:08,139
Itm_M2243_C4099_I2_L-6.xml,drilldown/pl_id_2243/L-6,29-06-2013 17:11:56,142
Itm_M2243_C4099_I3_L-6.xml,drilldown/pl_id_2243/L-6,25-05-2013 17:11:48,264
Itm_M2243_C4176_I1_L-6.xml,drilldown/pl_id_2243/L-6,20-04-2013 17:11:44,370
Itm_M2243_C4269_I2_L-6.xml,drilldown/pl_id_2243/L-6,17-08-2013 17:12:02,805
Itm_M2243_C4275_I12_L-6.xml,drilldown/pl_id_2243/L-6,16-09-2013 09:58:34,237
Itm_M2243_C4309_I19_L-6.xml,drilldown/pl_id_2243/L-6,30-03-2013 17:11:56,141
Itm_M2243_C4424_I10_L-6.xml,drilldown/pl_id_2243/L-6,07-05-2013 09:21:08,239
Itm_M2243_C4481_I17_L-6.xml,drilldown/pl_id_2243/L-6,29-04-2013 17:12:42,130
Itm_M2243_C4502_I0_L-6.xml,drilldown/pl_id_2243/L-6,30-03-2013 17:11:56,1966
Itm_M2243_C4600_I14_L-6.xml,drilldown/pl_id_2243/L-6,07-05-2013 09:21:08,239
Itm_M2243_C4601_I13_L-6.xml,drilldown/pl_id_2243/L-6,07-05-2013 09:21:08,239
Itm_M2243_C4609_I6_L-6.xml,drilldown/pl_id_2243/L-6,31-08-2013 17:11:56,148
Itm_M2243_C4614_I4_L-6.xml,drilldown/pl_id_2243/L-6,21-09-2013 17:12:08,138
Itm_M2243_C4618_I3_L-6.xml,drilldown/pl_id_2243/L-6,25-05-2013 17:11:48,464
Itm_M2243_C4768_I5_L-6.xml,drilldown/pl_id_2243/L-6,17-08-2013 17:12:02,210
Itm_M2243_C4780_I7_L-6.xml,drilldown/pl_id_2243/L-6,07-05-2013 09:21:08,420
Itm_M2243_C4782_I11_L-6.xml,drilldown/pl_id_2243/L-6,08-06-2013 17:11:48,444
Itm_M2243_C4782_I13_L-6.xml,drilldown/pl_id_2243/L-6,17-08-2013 17:12:02,404
Itm_M2243_C4787_I7_L-6.xml,drilldown/pl_id_2243/L-6,07-05-2013 09:21:08,418
Itm_M2243_C4991_I9_L-6.xml,drilldown/pl_id_2243/L-6,17-08-2013 17:12:02,583
Itm_M2243_C5002_I1_L-6.xml,drilldown/pl_id_2243/L-6,17-08-2013 17:12:02,583
Itm_M2243_C5177_I5_L-6.xml,drilldown/pl_id_2243/L-6,31-08-2013 17:11:56,600
Itm_M2243_C5698_I11_L-6.xml,drilldown/pl_id_2243/L-6,17-06-2013 07:54:16,138
Itm_M2243_C5798_I5_L-6.xml,drilldown/pl_id_2243/L-6,31-08-2013 17:11:56,228
Itm_M2243_C5858_I11_L-6.xml,drilldown/pl_id_2243/L-6,17-06-2013 07:54:16,138
Itm_M2243_C6140_I10_L-6.xml,drilldown/pl_id_2243/L-6,21-09-2013 17:12:08,136
Itm_M2243_C6140_I12_L-6.xml,drilldown/pl_id_2243/L-6,16-09-2013 09:58:34,141
Itm_M2243_C6140_I5_L-6.xml,drilldown/pl_id_2243/L-6,21-09-2013 17:12:08,125
Itm_M2243_C6140_I6_L-6.xml,drilldown/pl_id_2243/L-6,31-08-2013 17:11:56,135
Itm_M2243_C6140_I7_L-6.xml,drilldown/pl_id_2243/L-6,21-09-2013 17:12:08,136
Itm_M2243_C6140_I8_L-6.xml,drilldown/pl_id_2243/L-6,17-08-2013 17:12:02,134
Itm_M2243_C6140_I9_L-6.xml,drilldown/pl_id_2243/L-6,21-09-2013 17:12:08,139
Itm_M2243_C6465_I2_L-6.xml,drilldown/pl_id_2243/L-6,10-08-2013 17:12:00,399
Itm_M2243_C6472_I21_L-6.xml,drilldown/pl_id_2243/L-6,07-05-2013 09:21:08,239
Itm_M2243_C6510_I15_L-6.xml,drilldown/pl_id_2243/L-6,29-04-2013 17:12:42,239
Itm_M2243_C6511_I2_L-6.xml,drilldown/pl_id_2243/L-6,29-06-2013 17:11:56,142
Itm_M2243_C6511_I3_L-6.xml,drilldown/pl_id_2243/L-6,25-05-2013 17:11:48,264
Itm_M2243_C6520_I9_L-6.xml,drilldown/pl_id_2243/L-6,07-05-2013 09:21:08,136
Itm_M2243_C6545_I2_L-6.xml,drilldown/pl_id_2243/L-6,21-09-2013 17:12:08,334
Itm_M2243_C6545_I3_L-6.xml,drilldown/pl_id_2243/L-6,21-09-2013 17:12:08,261
Itm_M2243_C6545_I4_L-6.xml,drilldown/pl_id_2243/L-6,21-09-2013 17:12:08,231
Itm_M2243_C6545_I5_L-6.xml,drilldown/pl_id_2243/L-6,21-09-2013 17:12:08,140
Itm_M2243_C6550_I8_L-6.xml,drilldown/pl_id_2243/L-6,07-05-2013 09:21:08,235
Itm_M2243_C6551_I19_L-6.xml,drilldown/pl_id_2243/L-6,07-05-2013 09:21:08,239
Itm_M2243_C6631_I13_L-6.xml,drilldown/pl_id_2243/L-6,29-06-2013 17:11:56,141
Itm_M2243_C6633_I5_L-6.xml,drilldown/pl_id_2243/L-6,22-06-2013 17:11:52,210
Itm_M2243_C6643_I15_L-6.xml,drilldown/pl_id_2243/L-6,20-07-2013 17:12:00,223
Itm_M2243_C6650_I1_L-6.xml,drilldown/pl_id_2243/L-6,23-03-2013 17:11:32,758
Itm_M2243_C6651_I1_L-6.xml,drilldown/pl_id_2243/L-6,17-06-2013 07:54:16,498
Itm_M2243_C7289_I4_L-6.xml,drilldown/pl_id_2243/L-6,25-05-2013 17:11:48,139
Itm_M2243_C7623_I3_L-6.xml,drilldown/pl_id_2243/L-6,29-06-2013 17:11:56,139
Itm_M2243_C7625_I7_L-6.xml,drilldown/pl_id_2243/L-6,03-08-2013 17:12:02,1335
Itm_M2263_C11389_I7_L-6.xml,drilldown/pl_id_2263/L-6,29-06-2013 17:11:56,129
Itm_M2263_C11400_I6_L-6.xml,drilldown/pl_id_2263/L-6,29-06-2013 17:11:56,139
Itm_M2263_C2308_I3_L-6.xml,drilldown/pl_id_2263/L-6,08-04-2013 20:27:18,206
Itm_M2263_C2308_I8_L-6.xml,drilldown/pl_id_2263/L-6,24-08-2013 17:12:02,332
Itm_M2263_C2336_I0_L-6.xml,drilldown/pl_id_2263/L-6,07-05-2013 09:21:08,1248
Itm_M2263_C2339_I28_L-6.xml,drilldown/pl_id_2263/L-6,17-08-2013 17:12:02,220
Itm_M2263_C2340_I29_L-6.xml,drilldown/pl_id_2263/L-6,17-08-2013 17:12:02,220
Itm_M2263_C2343_I18_L-6.xml,drilldown/pl_id_2263/L-6,08-04-2013 20:27:18,141
Itm_M2263_C2343_I26_L-6.xml,drilldown/pl_id_2263/L-6,08-04-2013 20:27:18,141
Itm_M2263_C2343_I30_L-6.xml,drilldown/pl_id_2263/L-6,24-08-2013 17:12:02,338
Itm_M2263_C2343_I7_L-6.xml,drilldown/pl_id_2263/L-6,07-05-2013 09:21:08,235
Itm_M2263_C2346_I9_L-6.xml,drilldown/pl_id_2263/L-6,07-05-2013 09:21:08,381
Itm_M2263_C2354_I25_L-6.xml,drilldown/pl_id_2263/L-6,07-05-2013 09:21:08,239
Itm_M2263_C2356_I0_L-6.xml,drilldown/pl_id_2263/L-6,07-05-2013 09:21:08,1248
Itm_M2263_C2357_I28_L-6.xml,drilldown/pl_id_2263/L-6,17-08-2013 17:12:02,220
Itm_M2263_C2358_I28_L-6.xml,drilldown/pl_id_2263/L-6,17-08-2013 17:12:02,220
Itm_M2263_C2360_I16_L-6.xml,drilldown/pl_id_2263/L-6,07-05-2013 09:21:08,239
Itm_M2263_C2365_I8_L-6.xml,drilldown/pl_id_2263/L-6,24-08-2013 17:12:02,379
Itm_M2263_C2366_I30_L-6.xml,drilldown/pl_id_2263/L-6,24-08-2013 17:12:02,320
Itm_M2263_C2370_I11_L-6.xml,drilldown/pl_id_2263/L-6,07-05-2013 09:21:08,239
Itm_M2263_C2370_I16_L-6.xml,drilldown/pl_id_2263/L-6,07-05-2013 09:21:08,239
Itm_M2263_C2373_I5_L-6.xml,drilldown/pl_id_2263/L-6,07-05-2013 09:21:08,235
Itm_M2263_C2375_I0_L-6.xml,drilldown/pl_id_2263/L-6,07-05-2013 09:21:08,13214
Itm_M2263_C2377_I5_L-6.xml,drilldown/pl_id_2263/L-6,07-05-2013 09:21:08,235
Itm_M2263_C2624_I12_L-6.xml,drilldown/pl_id_2263/L-6,22-06-2013 17:11:52,145
Itm_M2263_C2627_I21_L-6.xml,drilldown/pl_id_2263/L-6,16-09-2013 09:58:34,213
Itm_M2263_C2961_I1_L-6.xml,drilldown/pl_id_2263/L-6,27-07-2013 17:12:04,1038
Itm_M2263_C2976_I28_L-6.xml,drilldown/pl_id_2263/L-6,20-07-2013 17:12:00,137
Itm_M2263_C2992_I14_L-6.xml,drilldown/pl_id_2263/L-6,21-09-2013 17:12:08,272
Itm_M2263_C2992_I15_L-6.xml,drilldown/pl_id_2263/L-6,21-09-2013 17:12:08,211
Itm_M2263_C2994_I18_L-6.xml,drilldown/pl_id_2263/L-6,08-04-2013 20:27:18,216
Itm_M2263_C2994_I21_L-6.xml,drilldown/pl_id_2263/L-6,24-08-2013 17:12:02,344
Itm_M2263_C2998_I22_L-6.xml,drilldown/pl_id_2263/L-6,16-09-2013 09:58:34,237
Itm_M2263_C3064_I9_L-6.xml,drilldown/pl_id_2263/L-6,08-04-2013 20:27:18,206
Itm_M2263_C3091_I2_L-6.xml,drilldown/pl_id_2263/L-6,24-08-2013 17:12:02,332
Itm_M2263_C3091_I8_L-6.xml,drilldown/pl_id_2263/L-6,24-08-2013 17:12:02,332
Itm_M2263_C3134_I0_L-6.xml,drilldown/pl_id_2263/L-6,27-07-2013 17:12:04,6447
Itm_M2263_C3134_I9_L-6.xml,drilldown/pl_id_2263/L-6,29-04-2013 17:12:42,315
Itm_M2263_C3135_I15_L-6.xml,drilldown/pl_id_2263/L-6,24-08-2013 17:12:02,138
Itm_M2263_C3135_I9_L-6.xml,drilldown/pl_id_2263/L-6,07-05-2013 09:21:08,139
Itm_M2263_C3149_I3_L-6.xml,drilldown/pl_id_2263/L-6,21-09-2013 17:12:08,311
Itm_M2263_C3265_I28_L-6.xml,drilldown/pl_id_2263/L-6,07-05-2013 09:21:08,239
Itm_M2263_C3268_I10_L-6.xml,drilldown/pl_id_2263/L-6,08-04-2013 20:27:18,210
Itm_M2263_C3268_I5_L-6.xml,drilldown/pl_id_2263/L-6,07-05-2013 09:21:08,235
Itm_M2263_C3269_I12_L-6.xml,drilldown/pl_id_2263/L-6,08-04-2013 20:27:18,721
Itm_M2263_C3269_I3_L-6.xml,drilldown/pl_id_2263/L-6,07-05-2013 09:21:08,406
Itm_M2263_C3342_I0_L-6.xml,drilldown/pl_id_2263/L-6,07-05-2013 09:21:08,1578
Itm_M2263_C3356_I0_L-6.xml,drilldown/pl_id_2263/L-6,07-05-2013 09:21:08,11280
Itm_M2263_C3419_I13_L-6.xml,drilldown/pl_id_2263/L-6,24-08-2013 17:12:02,262
Itm_M2263_C3419_I3_L-6.xml,drilldown/pl_id_2263/L-6,27-07-2013 17:12:04,139
Itm_M2263_C3419_I5_L-6.xml,drilldown/pl_id_2263/L-6,08-04-2013 20:27:18,136
Itm_M2263_C3419_I7_L-6.xml,drilldown/pl_id_2263/L-6,30-03-2013 17:11:56,139
Itm_M2263_C3419_I9_L-6.xml,drilldown/pl_id_2263/L-6,24-08-2013 17:12:02,258
Itm_M2263_C3421_I0_L-6.xml,drilldown/pl_id_2263/L-6,08-04-2013 20:27:18,10934
Itm_M2263_C3421_I28_L-6.xml,drilldown/pl_id_2263/L-6,31-08-2013 17:11:56,514
Itm_M2263_C3426_I11_L-6.xml,drilldown/pl_id_2263/L-6,08-04-2013 20:27:18,210
Itm_M2263_C3426_I13_L-6.xml,drilldown/pl_id_2263/L-6,07-05-2013 09:21:08,239
Itm_M2263_C3805_I12_L-6.xml,drilldown/pl_id_2263/L-6,07-09-2013 17:12:08,141
Itm_M2263_C3805_I13_L-6.xml,drilldown/pl_id_2263/L-6,16-09-2013 09:58:34,137
Itm_M2263_C3805_I2_L-6.xml,drilldown/pl_id_2263/L-6,16-09-2013 09:58:34,135
Itm_M2263_C3805_I4_L-6.xml,drilldown/pl_id_2263/L-6,16-09-2013 09:58:34,125
Itm_M2263_C3805_I7_L-6.xml,drilldown/pl_id_2263/L-6,31-08-2013 17:11:56,133
Itm_M2263_C3805_I8_L-6.xml,drilldown/pl_id_2263/L-6,16-09-2013 09:58:34,134
Itm_M2263_C3840_I9_L-6.xml,drilldown/pl_id_2263/L-6,29-04-2013 17:12:42,223
Itm_M2263_C3951_I13_L-6.xml,drilldown/pl_id_2263/L-6,24-08-2013 17:12:02,338
Itm_M2263_C3951_I6_L-6.xml,drilldown/pl_id_2263/L-6,24-08-2013 17:12:02,332
Itm_M2263_C3951_I8_L-6.xml,drilldown/pl_id_2263/L-6,24-08-2013 17:12:02,332
Itm_M2263_C4034_I0_L-6.xml,drilldown/pl_id_2263/L-6,27-07-2013 17:12:04,2192
Itm_M2263_C4060_I0_L-6.xml,drilldown/pl_id_2263/L-6,03-08-2013 17:12:02,270
Itm_M2263_C4117_I0_L-6.xml,drilldown/pl_id_2263/L-6,29-04-2013 17:12:42,1329
Itm_M2263_C4172_I0_L-6.xml,drilldown/pl_id_2263/L-6,20-07-2013 17:12:00,5662
Itm_M2263_C4277_I2_L-6.xml,drilldown/pl_id_2263/L-6,16-09-2013 09:58:34,210
Itm_M2263_C4478_I12_L-6.xml,drilldown/pl_id_2263/L-6,16-09-2013 09:58:34,130
Itm_M2263_C4478_I13_L-6.xml,drilldown/pl_id_2263/L-6,21-09-2013 17:12:08,136
Itm_M2263_C4478_I17_L-6.xml,drilldown/pl_id_2263/L-6,29-04-2013 17:12:42,130
Itm_M2263_C4478_I4_L-6.xml,drilldown/pl_id_2263/L-6,21-09-2013 17:12:08,203
Itm_M2263_C4478_I7_L-6.xml,drilldown/pl_id_2263/L-6,21-09-2013 17:12:08,129
Itm_M2263_C4698_I26_L-6.xml,drilldown/pl_id_2263/L-6,24-08-2013 17:12:02,518
Itm_M2263_C4784_I2_L-6.xml,drilldown/pl_id_2263/L-6,07-05-2013 09:21:08,136
Itm_M2263_C4864_I4_L-6.xml,drilldown/pl_id_2263/L-6,29-04-2013 17:12:42,223
Itm_M2263_C5242_I16_L-6.xml,drilldown/pl_id_2263/L-6,30-03-2013 17:11:56,141
Itm_M2263_C5242_I2_L-6.xml,drilldown/pl_id_2263/L-6,16-09-2013 09:58:34,136
Itm_M2263_C6565_I19_L-6.xml,drilldown/pl_id_2263/L-6,13-07-2013 17:11:56,138
Itm_M2263_C6678_I11_L-6.xml,drilldown/pl_id_2263/L-6,17-08-2013 17:12:02,138
Itm_M2263_C7451_I13_L-6.xml,drilldown/pl_id_2263/L-6,21-09-2013 17:12:08,141
Itm_M2263_C7451_I16_L-6.xml,drilldown/pl_id_2263/L-6,21-09-2013 17:12:08,141
Itm_M2263_C7451_I17_L-6.xml,drilldown/pl_id_2263/L-6,07-09-2013 17:12:08,139
Itm_M2263_C7451_I18_L-6.xml,drilldown/pl_id_2263/L-6,21-09-2013 17:12:08,136
Itm_M2263_C7451_I3_L-6.xml,drilldown/pl_id_2263/L-6,21-09-2013 17:12:08,139
Itm_M2263_C7451_I4_L-6.xml,drilldown/pl_id_2263/L-6,21-09-2013 17:12:08,255
Itm_M2263_C7451_I5_L-6.xml,drilldown/pl_id_2263/L-6,21-09-2013 17:12:08,255
Itm_M2263_C7451_I7_L-6.xml,drilldown/pl_id_2263/L-6,21-09-2013 17:12:08,255
Itm_M2263_C7451_I9_L-6.xml,drilldown/pl_id_2263/L-6,21-09-2013 17:12:08,257
Itm_M2263_C7530_I9_L-6.xml,drilldown/pl_id_2263/L-6,07-05-2013 09:21:08,203
Itm_M2263_C7535_I12_L-6.xml,drilldown/pl_id_2263/L-6,31-08-2013 17:11:56,203
Itm_M2263_C7545_I13_L-6.xml,drilldown/pl_id_2263/L-6,16-09-2013 09:58:34,141
Itm_M2263_C7545_I16_L-6.xml,drilldown/pl_id_2263/L-6,16-09-2013 09:58:34,141
Itm_M2263_C7545_I17_L-6.xml,drilldown/pl_id_2263/L-6,16-09-2013 09:58:34,139
Itm_M2263_C7545_I18_L-6.xml,drilldown/pl_id_2263/L-6,21-09-2013 17:12:08,136
Itm_M2263_C7545_I3_L-6.xml,drilldown/pl_id_2263/L-6,21-09-2013 17:12:08,139
Itm_M2263_C7545_I4_L-6.xml,drilldown/pl_id_2263/L-6,07-09-2013 17:12:08,255
Itm_M2263_C7545_I5_L-6.xml,drilldown/pl_id_2263/L-6,21-09-2013 17:12:08,255
Itm_M2263_C7545_I6_L-6.xml,drilldown/pl_id_2263/L-6,21-09-2013 17:12:08,137
Itm_M2263_C7545_I7_L-6.xml,drilldown/pl_id_2263/L-6,16-09-2013 09:58:34,255
Itm_M2263_C7545_I9_L-6.xml,drilldown/pl_id_2263/L-6,07-09-2013 17:12:08,257
Itm_M2263_C7548_I6_L-6.xml,drilldown/pl_id_2263/L-6,20-07-2013 17:12:00,382
Itm_M2263_C7551_I12_L-6.xml,drilldown/pl_id_2263/L-6,07-05-2013 09:21:08,136
Itm_M2263_C7583_I1_L-6.xml,drilldown/pl_id_2263/L-6,30-03-2013 17:11:56,4057
Itm_M2263_C7588_I5_L-6.xml,drilldown/pl_id_2263/L-6,03-08-2013 17:12:02,358
Itm_M2263_C7591_I9_L-6.xml,drilldown/pl_id_2263/L-6,07-05-2013 09:21:08,203
Itm_M2263_C7597_I5_L-6.xml,drilldown/pl_id_2263/L-6,21-09-2013 17:12:08,136
Itm_M2263_C7598_I4_L-6.xml,drilldown/pl_id_2263/L-6,20-04-2013 17:11:44,192
Itm_M2263_C7598_I9_L-6.xml,drilldown/pl_id_2263/L-6,11-05-2013 17:11:42,139
Itm_M2263_C7630_I8_L-6.xml,drilldown/pl_id_2263/L-6,07-09-2013 17:12:08,286
Itm_M2263_C7640_I9_L-6.xml,drilldown/pl_id_2263/L-6,07-05-2013 09:21:08,140
Itm_M2263_C7641_I4_L-6.xml,drilldown/pl_id_2263/L-6,08-04-2013 20:27:18,139
Itm_M2263_C9050_I10_L-6.xml,drilldown/pl_id_2263/L-6,08-04-2013 20:27:18,287
Itm_M2263_C9051_I10_L-6.xml,drilldown/pl_id_2263/L-6,08-04-2013 20:27:18,287
Itm_M2263_C9052_I0_L-6.xml,drilldown/pl_id_2263/L-6,08-04-2013 20:27:18,3274
Itm_M2263_C9125_I0_L-6.xml,drilldown/pl_id_2263/L-6,07-05-2013 09:21:08,762
Itm_M2263_C9246_I17_L-6.xml,drilldown/pl_id_2263/L-6,07-05-2013 09:21:08,199
Itm_M2263_C9266_I2_L-6.xml,drilldown/pl_id_2263/L-6,07-05-2013 09:21:08,139
Itm_M2263_C9273_I21_L-6.xml,drilldown/pl_id_2263/L-6,24-08-2013 17:12:02,338
Itm_M2263_C9273_I7_L-6.xml,drilldown/pl_id_2263/L-6,07-05-2013 09:21:08,235
Itm_M2263_C9295_I15_L-6.xml,drilldown/pl_id_2263/L-6,17-08-2013 17:12:02,214
Itm_M2263_C9295_I4_L-6.xml,drilldown/pl_id_2263/L-6,07-05-2013 09:21:08,375
Itm_M3173_C10028_I11_L-6.xml,drilldown/pl_id_3173/L-6,21-09-2013 17:12:08,234
Itm_M3173_C10038_I1_L-6.xml,drilldown/pl_id_3173/L-6,21-09-2013 17:12:08,13513
Itm_M3173_C10059_I6_L-6.xml,drilldown/pl_id_3173/L-6,13-07-2013 17:11:56,15889
Itm_M3173_C10162_I1_L-6.xml,drilldown/pl_id_3173/L-6,20-04-2013 17:11:44,5367
Itm_M3173_C10391_I6_L-6.xml,drilldown/pl_id_3173/L-6,13-07-2013 17:11:56,15889
Itm_M3173_C11587_I10_L-6.xml,drilldown/pl_id_3173/L-6,24-08-2013 17:12:02,262
Itm_M3173_C11587_I13_L-6.xml,drilldown/pl_id_3173/L-6,24-08-2013 17:12:02,141
Itm_M3173_C11590_I3_L-6.xml,drilldown/pl_id_3173/L-6,21-09-2013 17:12:08,265
Itm_M3173_C11590_I4_L-6.xml,drilldown/pl_id_3173/L-6,21-09-2013 17:12:08,138
Itm_M3173_C11590_I5_L-6.xml,drilldown/pl_id_3173/L-6,21-09-2013 17:12:08,138
Itm_M3173_C11590_I6_L-6.xml,drilldown/pl_id_3173/L-6,24-08-2013 17:12:02,224
Itm_M3173_C11590_I7_L-6.xml,drilldown/pl_id_3173/L-6,21-09-2013 17:12:08,218
Itm_M3173_C11591_I1_L-6.xml,drilldown/pl_id_3173/L-6,11-05-2013 17:11:42,225
Itm_M3173_C11596_I3_L-6.xml,drilldown/pl_id_3173/L-6,21-09-2013 17:12:08,136
Itm_M3173_C11605_I3_L-6.xml,drilldown/pl_id_3173/L-6,21-09-2013 17:12:08,141
Itm_M3173_C11629_I9_L-6.xml,drilldown/pl_id_3173/L-6,16-03-2013 17:11:36,2156
Itm_M3173_C4666_I33_L-6.xml,drilldown/pl_id_3173/L-6,07-09-2013 17:12:08,140
Itm_M3173_C4667_I31_L-6.xml,drilldown/pl_id_3173/L-6,31-08-2013 17:11:56,140
Itm_M3173_C5164_I2_L-6.xml,drilldown/pl_id_3173/L-6,24-08-2013 17:12:02,645
Itm_M3173_C5164_I3_L-6.xml,drilldown/pl_id_3173/L-6,21-09-2013 17:12:08,207
Itm_M3173_C5164_I4_L-6.xml,drilldown/pl_id_3173/L-6,21-09-2013 17:12:08,139
Itm_M3173_C5164_I5_L-6.xml,drilldown/pl_id_3173/L-6,21-09-2013 17:12:08,139
Itm_M3173_C5164_I6_L-6.xml,drilldown/pl_id_3173/L-6,16-09-2013 09:58:34,139
Itm_M3173_C5547_I17_L-6.xml,drilldown/pl_id_3173/L-6,20-04-2013 17:11:44,2358
Itm_M3173_C5595_I11_L-6.xml,drilldown/pl_id_3173/L-6,25-05-2013 17:11:48,539
Itm_M3173_C5863_I7_L-6.xml,drilldown/pl_id_3173/L-6,07-05-2013 09:21:08,272
Itm_M3173_C5864_I4_L-6.xml,drilldown/pl_id_3173/L-6,07-05-2013 09:21:08,308
Itm_M3173_C6363_I3_L-6.xml,drilldown/pl_id_3173/L-6,16-09-2013 09:58:34,138
Itm_M3173_C6363_I5_L-6.xml,drilldown/pl_id_3173/L-6,21-09-2013 17:12:08,139
Itm_M3173_C6771_I10_L-6.xml,drilldown/pl_id_3173/L-6,21-09-2013 17:12:08,154
Itm_M3173_C6810_I2_L-6.xml,drilldown/pl_id_3173/L-6,17-06-2013 07:54:16,320
Itm_M3173_C6932_I2_L-6.xml,drilldown/pl_id_3173/L-6,31-08-2013 17:11:56,214
Itm_M3173_C6932_I3_L-6.xml,drilldown/pl_id_3173/L-6,21-09-2013 17:12:08,292
Itm_M3173_C6964_I13_L-6.xml,drilldown/pl_id_3173/L-6,08-04-2013 20:27:18,546
Itm_M3173_C7016_I10_L-6.xml,drilldown/pl_id_3173/L-6,16-09-2013 09:58:34,141
Itm_M3173_C7016_I11_L-6.xml,drilldown/pl_id_3173/L-6,24-08-2013 17:12:02,138
Itm_M3173_C7016_I12_L-6.xml,drilldown/pl_id_3173/L-6,17-08-2013 17:12:02,277
Itm_M3173_C7016_I14_L-6.xml,drilldown/pl_id_3173/L-6,07-09-2013 17:12:08,141
Itm_M3173_C7016_I1_L-6.xml,drilldown/pl_id_3173/L-6,25-05-2013 17:11:48,1884
Itm_M3173_C7016_I2_L-6.xml,drilldown/pl_id_3173/L-6,16-09-2013 09:58:34,253
Itm_M3173_C7016_I3_L-6.xml,drilldown/pl_id_3173/L-6,16-09-2013 09:58:34,139
Itm_M3173_C7016_I4_L-6.xml,drilldown/pl_id_3173/L-6,21-09-2013 17:12:08,150
Itm_M3173_C7016_I5_L-6.xml,drilldown/pl_id_3173/L-6,21-09-2013 17:12:08,267
Itm_M3173_C7016_I6_L-6.xml,drilldown/pl_id_3173/L-6,10-08-2013 17:12:00,138
Itm_M3173_C7016_I7_L-6.xml,drilldown/pl_id_3173/L-6,16-09-2013 09:58:34,137
Itm_M3173_C7016_I8_L-6.xml,drilldown/pl_id_3173/L-6,21-09-2013 17:12:08,143
Itm_M3173_C7140_I3_L-6.xml,drilldown/pl_id_3173/L-6,21-09-2013 17:12:08,139
Itm_M3173_C7140_I4_L-6.xml,drilldown/pl_id_3173/L-6,07-09-2013 17:12:08,139
Itm_M3173_C7140_I5_L-6.xml,drilldown/pl_id_3173/L-6,21-09-2013 17:12:08,138
Itm_M3173_C7140_I6_L-6.xml,drilldown/pl_id_3173/L-6,16-09-2013 09:58:34,138
Itm_M3173_C7195_I3_L-6.xml,drilldown/pl_id_3173/L-6,21-09-2013 17:12:08,230
Itm_M3173_C7201_I2_L-6.xml,drilldown/pl_id_3173/L-6,07-05-2013 09:21:08,8516
Itm_M3173_C7371_I2_L-6.xml,drilldown/pl_id_3173/L-6,31-08-2013 17:11:56,272
Itm_M3173_C7371_I5_L-6.xml,drilldown/pl_id_3173/L-6,21-09-2013 17:12:08,267
Itm_M3173_C7681_I14_L-6.xml,drilldown/pl_id_3173/L-6,21-09-2013 17:12:08,220
Itm_M3173_C7781_I11_L-6.xml,drilldown/pl_id_3173/L-6,16-09-2013 09:58:34,271
Itm_M3173_C7782_I5_L-6.xml,drilldown/pl_id_3173/L-6,07-05-2013 09:21:08,945
Itm_M3173_C7796_I3_L-6.xml,drilldown/pl_id_3173/L-6,08-04-2013 20:27:18,846
Itm_M3173_C7812_I4_L-6.xml,drilldown/pl_id_3173/L-6,30-03-2013 17:11:56,610
Itm_M3173_C7913_I8_L-6.xml,drilldown/pl_id_3173/L-6,17-06-2013 07:54:16,189
Itm_M3173_C7990_I4_L-6.xml,drilldown/pl_id_3173/L-6,07-09-2013 17:12:08,139
Itm_M3173_C7990_I7_L-6.xml,drilldown/pl_id_3173/L-6,17-08-2013 17:12:02,137
Itm_M3173_C8134_I3_L-6.xml,drilldown/pl_id_3173/L-6,07-09-2013 17:12:08,225
Itm_M3173_C8330_I5_L-6.xml,drilldown/pl_id_3173/L-6,20-04-2013 17:11:44,786
Itm_M3173_C8393_I15_L-6.xml,drilldown/pl_id_3173/L-6,17-06-2013 07:54:16,193
Itm_M3173_C8416_I11_L-6.xml,drilldown/pl_id_3173/L-6,30-03-2013 17:11:56,436
Itm_M3173_C8416_I3_L-6.xml,drilldown/pl_id_3173/L-6,21-09-2013 17:12:08,136
Itm_M3173_C8417_I3_L-6.xml,drilldown/pl_id_3173/L-6,21-09-2013 17:12:08,136
Itm_M3173_C8468_I6_L-6.xml,drilldown/pl_id_3173/L-6,08-04-2013 20:27:20,2068
Itm_M3173_C8493_I5_L-6.xml,drilldown/pl_id_3173/L-6,16-03-2013 17:11:36,141
Itm_M3173_C8493_I6_L-6.xml,drilldown/pl_id_3173/L-6,23-03-2013 17:11:32,880
Itm_M3173_C8499_I10_L-6.xml,drilldown/pl_id_3173/L-6,16-09-2013 09:58:34,140
Itm_M3173_C8499_I11_L-6.xml,drilldown/pl_id_3173/L-6,21-09-2013 17:12:08,252
Itm_M3173_C8499_I12_L-6.xml,drilldown/pl_id_3173/L-6,21-09-2013 17:12:08,216
Itm_M3173_C8499_I13_L-6.xml,drilldown/pl_id_3173/L-6,21-09-2013 17:12:08,216
Itm_M3173_C8499_I14_L-6.xml,drilldown/pl_id_3173/L-6,21-09-2013 17:12:08,138
Itm_M3173_C8499_I15_L-6.xml,drilldown/pl_id_3173/L-6,24-08-2013 17:12:02,140
Itm_M3173_C8499_I16_L-6.xml,drilldown/pl_id_3173/L-6,21-09-2013 17:12:08,273
Itm_M3173_C8499_I17_L-6.xml,drilldown/pl_id_3173/L-6,21-09-2013 17:12:08,140
Itm_M3173_C8499_I18_L-6.xml,drilldown/pl_id_3173/L-6,21-09-2013 17:12:08,252
Itm_M3173_C8499_I19_L-6.xml,drilldown/pl_id_3173/L-6,16-09-2013 09:58:34,252
Itm_M3173_C8499_I20_L-6.xml,drilldown/pl_id_3173/L-6,21-09-2013 17:12:08,363
Itm_M3173_C8499_I21_L-6.xml,drilldown/pl_id_3173/L-6,16-09-2013 09:58:34,375
Itm_M3173_C8499_I22_L-6.xml,drilldown/pl_id_3173/L-6,21-09-2013 17:12:08,140
Itm_M3173_C8499_I25_L-6.xml,drilldown/pl_id_3173/L-6,16-09-2013 09:58:34,140
Itm_M3173_C8499_I26_L-6.xml,drilldown/pl_id_3173/L-6,07-05-2013 09:21:08,383
Itm_M3173_C8499_I2_L-6.xml,drilldown/pl_id_3173/L-6,21-09-2013 17:12:08,195
Itm_M3173_C8499_I3_L-6.xml,drilldown/pl_id_3173/L-6,07-09-2013 17:12:08,138
Itm_M3173_C8499_I4_L-6.xml,drilldown/pl_id_3173/L-6,07-09-2013 17:12:08,269
Itm_M3173_C8499_I5_L-6.xml,drilldown/pl_id_3173/L-6,16-09-2013 09:58:34,319
Itm_M3173_C8499_I6_L-6.xml,drilldown/pl_id_3173/L-6,16-09-2013 09:58:34,248
Itm_M3173_C8499_I7_L-6.xml,drilldown/pl_id_3173/L-6,21-09-2013 17:12:08,257
Itm_M3173_C8499_I8_L-6.xml,drilldown/pl_id_3173/L-6,24-08-2013 17:12:02,188
Itm_M3173_C8499_I9_L-6.xml,drilldown/pl_id_3173/L-6,21-09-2013 17:12:08,138
Itm_M3173_C8514_I2_L-6.xml,drilldown/pl_id_3173/L-6,22-06-2013 17:11:52,519
Itm_M3173_C8611_I10_L-6.xml,drilldown/pl_id_3173/L-6,21-09-2013 17:12:08,140
Itm_M3173_C8611_I11_L-6.xml,drilldown/pl_id_3173/L-6,21-09-2013 17:12:08,140
Itm_M3173_C8611_I9_L-6.xml,drilldown/pl_id_3173/L-6,21-09-2013 17:12:08,138
Itm_M3173_C8703_I2_L-6.xml,drilldown/pl_id_3173/L-6,17-08-2013 17:12:02,261
Itm_M3173_C8766_I7_L-6.xml,drilldown/pl_id_3173/L-6,30-03-2013 17:11:56,1002
Itm_M3173_C9127_I1_L-6.xml,drilldown/pl_id_3173/L-6,29-04-2013 17:12:42,3568
Itm_M3173_C9130_I4_L-6.xml,drilldown/pl_id_3173/L-6,08-04-2013 20:27:20,448
Itm_M3173_C9176_I2_L-6.xml,drilldown/pl_id_3173/L-6,16-09-2013 09:58:34,234
Itm_M3173_C9176_I3_L-6.xml,drilldown/pl_id_3173/L-6,16-09-2013 09:58:34,222
Itm_M3173_C9384_I3_L-6.xml,drilldown/pl_id_3173/L-6,16-09-2013 09:58:34,285
Itm_M3173_C9384_I4_L-6.xml,drilldown/pl_id_3173/L-6,31-08-2013 17:11:56,138
Itm_M3173_C9384_I5_L-6.xml,drilldown/pl_id_3173/L-6,21-09-2013 17:12:08,139
Itm_M3173_C9384_I6_L-6.xml,drilldown/pl_id_3173/L-6,16-09-2013 09:58:34,139
Itm_M3173_C9566_I2_L-6.xml,drilldown/pl_id_3173/L-6,16-09-2013 09:58:34,139
Itm_M3173_C9566_I3_L-6.xml,drilldown/pl_id_3173/L-6,16-09-2013 09:58:34,208
Itm_M3173_C9593_I13_L-6.xml,drilldown/pl_id_3173/L-6,01-06-2013 17:11:48,855
Itm_M3173_C9594_I8_L-6.xml,drilldown/pl_id_3173/L-6,20-05-2013 14:09:24,938
Itm_M3173_C9595_I4_L-6.xml,drilldown/pl_id_3173/L-6,29-06-2013 17:11:56,660
Itm_M3173_C9595_I8_L-6.xml,drilldown/pl_id_3173/L-6,20-05-2013 14:09:24,938
Itm_M3173_C9614_I10_L-6.xml,drilldown/pl_id_3173/L-6,21-09-2013 17:12:08,260
Itm_M3173_C9614_I2_L-6.xml,drilldown/pl_id_3173/L-6,16-09-2013 09:58:34,252
Itm_M3173_C9614_I3_L-6.xml,drilldown/pl_id_3173/L-6,16-09-2013 09:58:34,139
Itm_M3173_C9614_I4_L-6.xml,drilldown/pl_id_3173/L-6,16-09-2013 09:58:34,138
Itm_M3173_C9614_I5_L-6.xml,drilldown/pl_id_3173/L-6,16-09-2013 09:58:34,267
Itm_M3173_C9614_I6_L-6.xml,drilldown/pl_id_3173/L-6,21-09-2013 17:12:08,138
Itm_M3173_C9614_I7_L-6.xml,drilldown/pl_id_3173/L-6,24-08-2013 17:12:02,255
Itm_M3173_C9614_I8_L-6.xml,drilldown/pl_id_3173/L-6,21-09-2013 17:12:08,138
Itm_M3173_C9614_I9_L-6.xml,drilldown/pl_id_3173/L-6,21-09-2013 17:12:08,138
Itm_M3173_C9789_I3_L-6.xml,drilldown/pl_id_3173/L-6,21-09-2013 17:12:08,139
Itm_M3173_C9949_I6_L-6.xml,drilldown/pl_id_3173/L-6,17-08-2013 17:12:02,480
Itm_M3173_C9949_I8_L-6.xml,drilldown/pl_id_3173/L-6,17-06-2013 07:54:16,189
tl_M3173_C6964_L-6.xml,drilldown/pl_id_3173/L-6,27-07-2013 17:12:04,2891
tl_M3173_C8499_L-6.xml,drilldown/pl_id_3173/L-6,07-05-2013 09:21:08,3293
Itm_M3178_C11414_I3_L-6.xml,drilldown/pl_id_3178/L-6,21-09-2013 17:12:08,264
Itm_M3178_C11414_I4_L-6.xml,drilldown/pl_id_3178/L-6,21-09-2013 17:12:08,138
Itm_M3178_C11414_I5_L-6.xml,drilldown/pl_id_3178/L-6,16-09-2013 09:58:34,139
Itm_M3178_C11414_I6_L-6.xml,drilldown/pl_id_3178/L-6,07-09-2013 17:12:08,227
Itm_M3178_C11414_I7_L-6.xml,drilldown/pl_id_3178/L-6,16-09-2013 09:58:34,263
Itm_M3178_C11416_I1_L-6.xml,drilldown/pl_id_3178/L-6,11-05-2013 17:11:42,225
Itm_M3178_C11424_I3_L-6.xml,drilldown/pl_id_3178/L-6,21-09-2013 17:12:08,141
Itm_M3178_C11456_I10_L-6.xml,drilldown/pl_id_3178/L-6,24-08-2013 17:12:02,262
Itm_M3178_C11456_I13_L-6.xml,drilldown/pl_id_3178/L-6,24-08-2013 17:12:02,141
Itm_M3178_C12121_I1_L-6.xml,drilldown/pl_id_3178/L-6,24-08-2013 17:12:02,2169
Itm_M3178_C3507_I15_L-6.xml,drilldown/pl_id_3178/L-6,21-09-2013 17:12:08,215
Itm_M3178_C4813_I3_L-6.xml,drilldown/pl_id_3178/L-6,08-04-2013 20:27:20,4080
Itm_M3178_C5166_I2_L-6.xml,drilldown/pl_id_3178/L-6,24-08-2013 17:12:02,1566
Itm_M3178_C5166_I3_L-6.xml,drilldown/pl_id_3178/L-6,21-09-2013 17:12:08,207
Itm_M3178_C5166_I4_L-6.xml,drilldown/pl_id_3178/L-6,21-09-2013 17:12:08,139
Itm_M3178_C5166_I5_L-6.xml,drilldown/pl_id_3178/L-6,16-09-2013 09:58:34,139
Itm_M3178_C5166_I6_L-6.xml,drilldown/pl_id_3178/L-6,21-09-2013 17:12:08,139
Itm_M3178_C5223_I2_L-6.xml,drilldown/pl_id_3178/L-6,21-09-2013 17:12:08,137
Itm_M3178_C5244_I2_L-6.xml,drilldown/pl_id_3178/L-6,16-09-2013 09:58:34,137
Itm_M3178_C5244_I3_L-6.xml,drilldown/pl_id_3178/L-6,21-09-2013 17:12:08,235
Itm_M3178_C5244_I4_L-6.xml,drilldown/pl_id_3178/L-6,21-09-2013 17:12:08,137
Itm_M3178_C5244_I5_L-6.xml,drilldown/pl_id_3178/L-6,16-09-2013 09:58:34,139
Itm_M3178_C5325_I12_L-6.xml,drilldown/pl_id_3178/L-6,21-09-2013 17:12:08,138
Itm_M3178_C5325_I13_L-6.xml,drilldown/pl_id_3178/L-6,21-09-2013 17:12:08,139
Itm_M3178_C5325_I14_L-6.xml,drilldown/pl_id_3178/L-6,21-09-2013 17:12:08,145
Itm_M3178_C5325_I15_L-6.xml,drilldown/pl_id_3178/L-6,24-08-2013 17:12:02,261
Itm_M3178_C5325_I16_L-6.xml,drilldown/pl_id_3178/L-6,24-08-2013 17:12:02,141
Itm_M3178_C5325_I17_L-6.xml,drilldown/pl_id_3178/L-6,21-09-2013 17:12:08,139
Itm_M3178_C5325_I18_L-6.xml,drilldown/pl_id_3178/L-6,16-09-2013 09:58:34,277
Itm_M3178_C5325_I19_L-6.xml,drilldown/pl_id_3178/L-6,21-09-2013 17:12:08,271
Itm_M3178_C5325_I20_L-6.xml,drilldown/pl_id_3178/L-6,24-08-2013 17:12:02,141
Itm_M3178_C5325_I21_L-6.xml,drilldown/pl_id_3178/L-6,16-09-2013 09:58:34,141
Itm_M3178_C5325_I22_L-6.xml,drilldown/pl_id_3178/L-6,21-09-2013 17:12:08,141
Itm_M3178_C5325_I2_L-6.xml,drilldown/pl_id_3178/L-6,21-09-2013 17:12:08,212
Itm_M3178_C5325_I3_L-6.xml,drilldown/pl_id_3178/L-6,31-08-2013 17:11:56,139
Itm_M3178_C5325_I4_L-6.xml,drilldown/pl_id_3178/L-6,21-09-2013 17:12:08,205
Itm_M3178_C5325_I6_L-6.xml,drilldown/pl_id_3178/L-6,16-09-2013 09:58:34,253
Itm_M3178_C5326_I10_L-6.xml,drilldown/pl_id_3178/L-6,21-09-2013 17:12:08,141
Itm_M3178_C5326_I11_L-6.xml,drilldown/pl_id_3178/L-6,16-09-2013 09:58:34,271
Itm_M3178_C5326_I12_L-6.xml,drilldown/pl_id_3178/L-6,21-09-2013 17:12:08,139
Itm_M3178_C5326_I13_L-6.xml,drilldown/pl_id_3178/L-6,21-09-2013 17:12:08,138
Itm_M3178_C5326_I14_L-6.xml,drilldown/pl_id_3178/L-6,21-09-2013 17:12:08,145
Itm_M3178_C5326_I15_L-6.xml,drilldown/pl_id_3178/L-6,21-09-2013 17:12:08,261
Itm_M3178_C5326_I16_L-6.xml,drilldown/pl_id_3178/L-6,21-09-2013 17:12:08,141
Itm_M3178_C5326_I17_L-6.xml,drilldown/pl_id_3178/L-6,16-09-2013 09:58:34,138
Itm_M3178_C5326_I18_L-6.xml,drilldown/pl_id_3178/L-6,21-09-2013 17:12:08,277
Itm_M3178_C5326_I19_L-6.xml,drilldown/pl_id_3178/L-6,16-09-2013 09:58:34,259
Itm_M3178_C5326_I20_L-6.xml,drilldown/pl_id_3178/L-6,24-08-2013 17:12:02,141
Itm_M3178_C5326_I2_L-6.xml,drilldown/pl_id_3178/L-6,21-09-2013 17:12:08,212
Itm_M3178_C5326_I3_L-6.xml,drilldown/pl_id_3178/L-6,21-09-2013 17:12:08,139
Itm_M3178_C5326_I4_L-6.xml,drilldown/pl_id_3178/L-6,07-09-2013 17:12:08,139
Itm_M3178_C5326_I5_L-6.xml,drilldown/pl_id_3178/L-6,31-08-2013 17:11:56,206
Itm_M3178_C5326_I6_L-6.xml,drilldown/pl_id_3178/L-6,16-09-2013 09:58:34,255
Itm_M3178_C5326_I7_L-6.xml,drilldown/pl_id_3178/L-6,16-09-2013 09:58:34,252
Itm_M3178_C5326_I8_L-6.xml,drilldown/pl_id_3178/L-6,21-09-2013 17:12:08,139
Itm_M3178_C5327_I10_L-6.xml,drilldown/pl_id_3178/L-6,21-09-2013 17:12:08,141
Itm_M3178_C5327_I11_L-6.xml,drilldown/pl_id_3178/L-6,21-09-2013 17:12:08,283
Itm_M3178_C5327_I12_L-6.xml,drilldown/pl_id_3178/L-6,21-09-2013 17:12:08,139
Itm_M3178_C5327_I13_L-6.xml,drilldown/pl_id_3178/L-6,21-09-2013 17:12:08,139
Itm_M3178_C5327_I14_L-6.xml,drilldown/pl_id_3178/L-6,21-09-2013 17:12:08,157
Itm_M3178_C5327_I15_L-6.xml,drilldown/pl_id_3178/L-6,07-09-2013 17:12:08,261
Itm_M3178_C5327_I16_L-6.xml,drilldown/pl_id_3178/L-6,21-09-2013 17:12:08,141
Itm_M3178_C5327_I17_L-6.xml,drilldown/pl_id_3178/L-6,21-09-2013 17:12:08,138
Itm_M3178_C5327_I18_L-6.xml,drilldown/pl_id_3178/L-6,21-09-2013 17:12:08,289
Itm_M3178_C5327_I19_L-6.xml,drilldown/pl_id_3178/L-6,16-09-2013 09:58:34,259
Itm_M3178_C5327_I20_L-6.xml,drilldown/pl_id_3178/L-6,21-09-2013 17:12:08,153
Itm_M3178_C5327_I2_L-6.xml,drilldown/pl_id_3178/L-6,24-08-2013 17:12:02,212
Itm_M3178_C5327_I3_L-6.xml,drilldown/pl_id_3178/L-6,24-08-2013 17:12:02,139
Itm_M3178_C5327_I4_L-6.xml,drilldown/pl_id_3178/L-6,16-09-2013 09:58:34,139
Itm_M3178_C5327_I5_L-6.xml,drilldown/pl_id_3178/L-6,21-09-2013 17:12:08,206
Itm_M3178_C5327_I6_L-6.xml,drilldown/pl_id_3178/L-6,21-09-2013 17:12:08,139
Itm_M3178_C5327_I7_L-6.xml,drilldown/pl_id_3178/L-6,16-09-2013 09:58:34,253
Itm_M3178_C5327_I8_L-6.xml,drilldown/pl_id_3178/L-6,31-08-2013 17:11:56,151
Itm_M3178_C5328_I10_L-6.xml,drilldown/pl_id_3178/L-6,21-09-2013 17:12:08,141
Itm_M3178_C5328_I11_L-6.xml,drilldown/pl_id_3178/L-6,21-09-2013 17:12:08,270
Itm_M3178_C5328_I12_L-6.xml,drilldown/pl_id_3178/L-6,07-09-2013 17:12:08,139
Itm_M3178_C5328_I13_L-6.xml,drilldown/pl_id_3178/L-6,21-09-2013 17:12:08,259
Itm_M3178_C5328_I14_L-6.xml,drilldown/pl_id_3178/L-6,21-09-2013 17:12:08,141
Itm_M3178_C5328_I15_L-6.xml,drilldown/pl_id_3178/L-6,16-09-2013 09:58:34,140
Itm_M3178_C5328_I16_L-6.xml,drilldown/pl_id_3178/L-6,21-09-2013 17:12:08,259
Itm_M3178_C5328_I2_L-6.xml,drilldown/pl_id_3178/L-6,21-09-2013 17:12:08,212
Itm_M3178_C5328_I3_L-6.xml,drilldown/pl_id_3178/L-6,16-09-2013 09:58:34,139
Itm_M3178_C5328_I4_L-6.xml,drilldown/pl_id_3178/L-6,21-09-2013 17:12:08,139
Itm_M3178_C5328_I5_L-6.xml,drilldown/pl_id_3178/L-6,16-09-2013 09:58:34,205
Itm_M3178_C5328_I6_L-6.xml,drilldown/pl_id_3178/L-6,16-09-2013 09:58:34,255
Itm_M3178_C5328_I7_L-6.xml,drilldown/pl_id_3178/L-6,21-09-2013 17:12:08,252
Itm_M3178_C5328_I8_L-6.xml,drilldown/pl_id_3178/L-6,21-09-2013 17:12:08,139
Itm_M3178_C5329_I10_L-6.xml,drilldown/pl_id_3178/L-6,16-09-2013 09:58:34,141
Itm_M3178_C5329_I11_L-6.xml,drilldown/pl_id_3178/L-6,16-09-2013 09:58:34,271
Itm_M3178_C5329_I12_L-6.xml,drilldown/pl_id_3178/L-6,21-09-2013 17:12:08,139
Itm_M3178_C5329_I13_L-6.xml,drilldown/pl_id_3178/L-6,21-09-2013 17:12:08,259
Itm_M3178_C5329_I14_L-6.xml,drilldown/pl_id_3178/L-6,21-09-2013 17:12:08,141
Itm_M3178_C5329_I15_L-6.xml,drilldown/pl_id_3178/L-6,16-09-2013 09:58:34,140
Itm_M3178_C5329_I16_L-6.xml,drilldown/pl_id_3178/L-6,21-09-2013 17:12:08,259
Itm_M3178_C5329_I2_L-6.xml,drilldown/pl_id_3178/L-6,21-09-2013 17:12:08,212
Itm_M3178_C5329_I3_L-6.xml,drilldown/pl_id_3178/L-6,21-09-2013 17:12:08,139
Itm_M3178_C5329_I4_L-6.xml,drilldown/pl_id_3178/L-6,21-09-2013 17:12:08,139
Itm_M3178_C5329_I5_L-6.xml,drilldown/pl_id_3178/L-6,21-09-2013 17:12:08,206
Itm_M3178_C5329_I6_L-6.xml,drilldown/pl_id_3178/L-6,21-09-2013 17:12:08,139
Itm_M3178_C5329_I7_L-6.xml,drilldown/pl_id_3178/L-6,07-09-2013 17:12:08,252
Itm_M3178_C5329_I8_L-6.xml,drilldown/pl_id_3178/L-6,21-09-2013 17:12:08,139
Itm_M3178_C5331_I10_L-6.xml,drilldown/pl_id_3178/L-6,21-09-2013 17:12:08,141
Itm_M3178_C5331_I12_L-6.xml,drilldown/pl_id_3178/L-6,16-09-2013 09:58:34,271
Itm_M3178_C5331_I13_L-6.xml,drilldown/pl_id_3178/L-6,21-09-2013 17:12:08,139
Itm_M3178_C5331_I15_L-6.xml,drilldown/pl_id_3178/L-6,21-09-2013 17:12:08,141
Itm_M3178_C5331_I16_L-6.xml,drilldown/pl_id_3178/L-6,21-09-2013 17:12:08,141
Itm_M3178_C5331_I17_L-6.xml,drilldown/pl_id_3178/L-6,21-09-2013 17:12:08,139
Itm_M3178_C5331_I18_L-6.xml,drilldown/pl_id_3178/L-6,21-09-2013 17:12:08,140
Itm_M3178_C5331_I2_L-6.xml,drilldown/pl_id_3178/L-6,16-09-2013 09:58:34,212
Itm_M3178_C5331_I3_L-6.xml,drilldown/pl_id_3178/L-6,16-09-2013 09:58:34,139
Itm_M3178_C5331_I4_L-6.xml,drilldown/pl_id_3178/L-6,21-09-2013 17:12:08,206
Itm_M3178_C5331_I5_L-6.xml,drilldown/pl_id_3178/L-6,21-09-2013 17:12:08,139
Itm_M3178_C5331_I6_L-6.xml,drilldown/pl_id_3178/L-6,21-09-2013 17:12:08,253
Itm_M3178_C5331_I8_L-6.xml,drilldown/pl_id_3178/L-6,21-09-2013 17:12:08,255
Itm_M3178_C5331_I9_L-6.xml,drilldown/pl_id_3178/L-6,21-09-2013 17:12:08,139
Itm_M3178_C5549_I16_L-6.xml,drilldown/pl_id_3178/L-6,20-04-2013 17:11:44,2358
Itm_M3178_C5597_I1_L-6.xml,drilldown/pl_id_3178/L-6,30-03-2013 17:11:56,1614
Itm_M3178_C5597_I6_L-6.xml,drilldown/pl_id_3178/L-6,21-09-2013 17:12:08,136
Itm_M3178_C5597_I9_L-6.xml,drilldown/pl_id_3178/L-6,07-09-2013 17:12:08,137
Itm_M3178_C5865_I7_L-6.xml,drilldown/pl_id_3178/L-6,07-05-2013 09:21:08,204
Itm_M3178_C5866_I4_L-6.xml,drilldown/pl_id_3178/L-6,07-05-2013 09:21:08,204
Itm_M3178_C6365_I2_L-6.xml,drilldown/pl_id_3178/L-6,31-08-2013 17:11:56,138
Itm_M3178_C6365_I3_L-6.xml,drilldown/pl_id_3178/L-6,16-09-2013 09:58:34,138
Itm_M3178_C6721_I1_L-6.xml,drilldown/pl_id_3178/L-6,17-08-2013 17:12:02,1239
Itm_M3178_C6722_I1_L-6.xml,drilldown/pl_id_3178/L-6,17-08-2013 17:12:02,1239
Itm_M3178_C6966_I13_L-6.xml,drilldown/pl_id_3178/L-6,08-04-2013 20:27:20,367
Itm_M3178_C6967_I13_L-6.xml,drilldown/pl_id_3178/L-6,08-04-2013 20:27:20,367
Itm_M3178_C7090_I5_L-6.xml,drilldown/pl_id_3178/L-6,16-09-2013 09:58:34,139
Itm_M3178_C7090_I6_L-6.xml,drilldown/pl_id_3178/L-6,21-09-2013 17:12:08,137
Itm_M3178_C7142_I3_L-6.xml,drilldown/pl_id_3178/L-6,07-09-2013 17:12:08,138
Itm_M3178_C7142_I4_L-6.xml,drilldown/pl_id_3178/L-6,16-09-2013 09:58:34,138
Itm_M3178_C7142_I5_L-6.xml,drilldown/pl_id_3178/L-6,16-09-2013 09:58:34,138
Itm_M3178_C7142_I6_L-6.xml,drilldown/pl_id_3178/L-6,21-09-2013 17:12:08,139
Itm_M3178_C7373_I2_L-6.xml,drilldown/pl_id_3178/L-6,21-09-2013 17:12:08,272
Itm_M3178_C7373_I5_L-6.xml,drilldown/pl_id_3178/L-6,21-09-2013 17:12:08,267
Itm_M3178_C7384_I12_L-6.xml,drilldown/pl_id_3178/L-6,16-09-2013 09:58:34,193
Itm_M3178_C7384_I13_L-6.xml,drilldown/pl_id_3178/L-6,21-09-2013 17:12:08,193
Itm_M3178_C7384_I14_L-6.xml,drilldown/pl_id_3178/L-6,21-09-2013 17:12:08,141
Itm_M3178_C7384_I15_L-6.xml,drilldown/pl_id_3178/L-6,21-09-2013 17:12:08,229
Itm_M3178_C7384_I16_L-6.xml,drilldown/pl_id_3178/L-6,16-09-2013 09:58:34,141
Itm_M3178_C7384_I17_L-6.xml,drilldown/pl_id_3178/L-6,21-09-2013 17:12:08,141
Itm_M3178_C7632_I16_L-6.xml,drilldown/pl_id_3178/L-6,13-07-2013 17:11:56,536
Itm_M3178_C7634_I5_L-6.xml,drilldown/pl_id_3178/L-6,17-08-2013 17:12:02,858
Itm_M3178_C7730_I19_L-6.xml,drilldown/pl_id_3178/L-6,16-09-2013 09:58:34,394
Itm_M3178_C7730_I20_L-6.xml,drilldown/pl_id_3178/L-6,21-09-2013 17:12:08,234
Itm_M3178_C7730_I21_L-6.xml,drilldown/pl_id_3178/L-6,16-09-2013 09:58:34,138
Itm_M3178_C7784_I2_L-6.xml,drilldown/pl_id_3178/L-6,21-09-2013 17:12:08,267
Itm_M3178_C7814_I4_L-6.xml,drilldown/pl_id_3178/L-6,30-03-2013 17:11:56,610
Itm_M3178_C7843_I3_L-6.xml,drilldown/pl_id_3178/L-6,07-09-2013 17:12:08,136
Itm_M3178_C7865_I2_L-6.xml,drilldown/pl_id_3178/L-6,21-09-2013 17:12:08,230
Itm_M3178_C7993_I4_L-6.xml,drilldown/pl_id_3178/L-6,21-09-2013 17:12:08,139
Itm_M3178_C7993_I7_L-6.xml,drilldown/pl_id_3178/L-6,10-08-2013 17:12:00,137
Itm_M3178_C8118_I3_L-6.xml,drilldown/pl_id_3178/L-6,03-08-2013 17:12:02,547
Itm_M3178_C8118_I4_L-6.xml,drilldown/pl_id_3178/L-6,21-09-2013 17:12:08,352
Itm_M3178_C8242_I5_L-6.xml,drilldown/pl_id_3178/L-6,20-04-2013 17:11:44,1319
Itm_M3178_C8243_I5_L-6.xml,drilldown/pl_id_3178/L-6,20-04-2013 17:11:44,1637
Itm_M3178_C8308_I11_L-6.xml,drilldown/pl_id_3178/L-6,30-03-2013 17:11:56,436
Itm_M3178_C8308_I3_L-6.xml,drilldown/pl_id_3178/L-6,07-09-2013 17:12:08,136
Itm_M3178_C8360_I1_L-6.xml,drilldown/pl_id_3178/L-6,29-04-2013 17:12:42,2390
Itm_M3178_C8361_I1_L-6.xml,drilldown/pl_id_3178/L-6,29-04-2013 17:12:42,3586
Itm_M3178_C8397_I17_L-6.xml,drilldown/pl_id_3178/L-6,21-09-2013 17:12:08,139
Itm_M3178_C8404_I1_L-6.xml,drilldown/pl_id_3178/L-6,11-05-2013 17:11:42,1100
Itm_M3178_C8404_I3_L-6.xml,drilldown/pl_id_3178/L-6,24-08-2013 17:12:02,2197
Itm_M3178_C8405_I2_L-6.xml,drilldown/pl_id_3178/L-6,24-08-2013 17:12:02,2197
Itm_M3178_C8418_I3_L-6.xml,drilldown/pl_id_3178/L-6,16-09-2013 09:58:34,136
Itm_M3178_C8452_I5_L-6.xml,drilldown/pl_id_3178/L-6,07-09-2013 17:12:08,1298
Itm_M3178_C8453_I5_L-6.xml,drilldown/pl_id_3178/L-6,07-09-2013 17:12:08,1567
Itm_M3178_C8461_I7_L-6.xml,drilldown/pl_id_3178/L-6,08-06-2013 17:11:48,9830
Itm_M3178_C8462_I7_L-6.xml,drilldown/pl_id_3178/L-6,08-06-2013 17:11:48,9830
Itm_M3178_C8470_I2_L-6.xml,drilldown/pl_id_3178/L-6,07-09-2013 17:12:08,5105
Itm_M3178_C8471_I2_L-6.xml,drilldown/pl_id_3178/L-6,07-09-2013 17:12:08,6466
Itm_M3178_C8501_I13_L-6.xml,drilldown/pl_id_3178/L-6,16-09-2013 09:58:34,216
Itm_M3178_C8501_I14_L-6.xml,drilldown/pl_id_3178/L-6,21-09-2013 17:12:08,138
Itm_M3178_C8501_I15_L-6.xml,drilldown/pl_id_3178/L-6,21-09-2013 17:12:08,140
Itm_M3178_C8501_I16_L-6.xml,drilldown/pl_id_3178/L-6,21-09-2013 17:12:08,273
Itm_M3178_C8501_I17_L-6.xml,drilldown/pl_id_3178/L-6,21-09-2013 17:12:08,140
Itm_M3178_C8501_I18_L-6.xml,drilldown/pl_id_3178/L-6,16-09-2013 09:58:34,252
Itm_M3178_C8501_I24_L-6.xml,drilldown/pl_id_3178/L-6,21-09-2013 17:12:08,252
Itm_M3178_C8501_I25_L-6.xml,drilldown/pl_id_3178/L-6,21-09-2013 17:12:08,140
Itm_M3178_C8502_I13_L-6.xml,drilldown/pl_id_3178/L-6,21-09-2013 17:12:08,216
Itm_M3178_C8502_I14_L-6.xml,drilldown/pl_id_3178/L-6,16-09-2013 09:58:34,137
Itm_M3178_C8502_I15_L-6.xml,drilldown/pl_id_3178/L-6,21-09-2013 17:12:08,140
Itm_M3178_C8502_I16_L-6.xml,drilldown/pl_id_3178/L-6,17-08-2013 17:12:02,273
Itm_M3178_C8502_I17_L-6.xml,drilldown/pl_id_3178/L-6,21-09-2013 17:12:08,140
Itm_M3178_C8502_I18_L-6.xml,drilldown/pl_id_3178/L-6,21-09-2013 17:12:08,252
Itm_M3178_C8502_I24_L-6.xml,drilldown/pl_id_3178/L-6,16-09-2013 09:58:34,252
Itm_M3178_C8502_I25_L-6.xml,drilldown/pl_id_3178/L-6,24-08-2013 17:12:02,139
Itm_M3178_C8516_I2_L-6.xml,drilldown/pl_id_3178/L-6,22-06-2013 17:11:52,267
Itm_M3178_C8517_I2_L-6.xml,drilldown/pl_id_3178/L-6,22-06-2013 17:11:52,267
Itm_M3178_C8532_I10_L-6.xml,drilldown/pl_id_3178/L-6,16-03-2013 17:11:36,1286
Itm_M3178_C8541_I7_L-6.xml,drilldown/pl_id_3178/L-6,08-06-2013 17:11:48,6520
Itm_M3178_C8704_I2_L-6.xml,drilldown/pl_id_3178/L-6,17-08-2013 17:12:02,450
Itm_M3178_C8736_I1_L-6.xml,drilldown/pl_id_3178/L-6,27-07-2013 17:12:04,242
Itm_M3178_C8755_I4_L-6.xml,drilldown/pl_id_3178/L-6,16-09-2013 09:58:34,1632
Itm_M3178_C8769_I7_L-6.xml,drilldown/pl_id_3178/L-6,30-03-2013 17:11:56,622
Itm_M3178_C8832_I13_L-6.xml,drilldown/pl_id_3178/L-6,22-06-2013 17:11:52,192
Itm_M3178_C8842_I10_L-6.xml,drilldown/pl_id_3178/L-6,01-06-2013 17:11:48,1464
Itm_M3178_C8846_I10_L-6.xml,drilldown/pl_id_3178/L-6,01-06-2013 17:11:48,1097
Itm_M3178_C8885_I10_L-6.xml,drilldown/pl_id_3178/L-6,16-09-2013 09:58:34,222
Itm_M3178_C8885_I3_L-6.xml,drilldown/pl_id_3178/L-6,16-09-2013 09:58:34,356
Itm_M3178_C8885_I4_L-6.xml,drilldown/pl_id_3178/L-6,16-09-2013 09:58:34,356
Itm_M3178_C8885_I5_L-6.xml,drilldown/pl_id_3178/L-6,16-09-2013 09:58:34,135
Itm_M3178_C8885_I6_L-6.xml,drilldown/pl_id_3178/L-6,21-09-2013 17:12:08,356
Itm_M3178_C8885_I7_L-6.xml,drilldown/pl_id_3178/L-6,16-09-2013 09:58:34,218
Itm_M3178_C8885_I8_L-6.xml,drilldown/pl_id_3178/L-6,21-09-2013 17:12:08,356
Itm_M3178_C8885_I9_L-6.xml,drilldown/pl_id_3178/L-6,16-09-2013 09:58:34,390
Itm_M3178_C8900_I5_L-6.xml,drilldown/pl_id_3178/L-6,25-05-2013 17:11:48,139
Itm_M3178_C9029_I4_L-6.xml,drilldown/pl_id_3178/L-6,24-08-2013 17:12:02,496
Itm_M3178_C9031_I0_L-6.xml,drilldown/pl_id_3178/L-6,24-08-2013 17:12:02,2439
Itm_M3178_C9032_I0_L-6.xml,drilldown/pl_id_3178/L-6,24-08-2013 17:12:02,2740
Itm_M3178_C9043_I5_L-6.xml,drilldown/pl_id_3178/L-6,24-08-2013 17:12:02,266
Itm_M3178_C9068_I7_L-6.xml,drilldown/pl_id_3178/L-6,08-06-2013 17:11:48,6227
Itm_M3178_C9070_I3_L-6.xml,drilldown/pl_id_3178/L-6,21-09-2013 17:12:08,136
Itm_M3178_C9131_I7_L-6.xml,drilldown/pl_id_3178/L-6,08-04-2013 20:27:20,565
Itm_M3178_C9182_I2_L-6.xml,drilldown/pl_id_3178/L-6,16-09-2013 09:58:34,219
Itm_M3178_C9183_I2_L-6.xml,drilldown/pl_id_3178/L-6,21-09-2013 17:12:08,219
Itm_M3178_C9190_I2_L-6.xml,drilldown/pl_id_3178/L-6,21-09-2013 17:12:08,138
Itm_M3178_C9190_I3_L-6.xml,drilldown/pl_id_3178/L-6,21-09-2013 17:12:08,138
Itm_M3178_C9202_I11_L-6.xml,drilldown/pl_id_3178/L-6,27-07-2013 17:12:04,189
Itm_M3178_C9241_I5_L-6.xml,drilldown/pl_id_3178/L-6,16-03-2013 17:11:36,141
Itm_M3178_C9241_I6_L-6.xml,drilldown/pl_id_3178/L-6,23-03-2013 17:11:32,601
Itm_M3178_C9573_I13_L-6.xml,drilldown/pl_id_3178/L-6,20-05-2013 14:09:24,3185
Itm_M3178_C9573_I14_L-6.xml,drilldown/pl_id_3178/L-6,01-06-2013 17:11:48,1345
Itm_M3178_C9573_I4_L-6.xml,drilldown/pl_id_3178/L-6,29-06-2013 17:11:58,715
Itm_M3178_C9573_I5_L-6.xml,drilldown/pl_id_3178/L-6,20-05-2013 14:09:24,2996
Itm_M3178_C9573_I6_L-6.xml,drilldown/pl_id_3178/L-6,13-07-2013 17:11:56,3137
Itm_M3178_C9573_I8_L-6.xml,drilldown/pl_id_3178/L-6,20-05-2013 14:09:24,1298
Itm_M3178_C9574_I13_L-6.xml,drilldown/pl_id_3178/L-6,20-05-2013 14:09:24,2594
Itm_M3178_C9574_I14_L-6.xml,drilldown/pl_id_3178/L-6,01-06-2013 17:11:48,1554
Itm_M3178_C9574_I1_L-6.xml,drilldown/pl_id_3178/L-6,16-09-2013 09:58:34,2596
Itm_M3178_C9574_I3_L-6.xml,drilldown/pl_id_3178/L-6,16-09-2013 09:58:34,3798
Itm_M3178_C9574_I5_L-6.xml,drilldown/pl_id_3178/L-6,20-05-2013 14:09:24,2712
Itm_M3178_C9574_I6_L-6.xml,drilldown/pl_id_3178/L-6,13-07-2013 17:11:56,2652
Itm_M3178_C9574_I8_L-6.xml,drilldown/pl_id_3178/L-6,20-05-2013 14:09:24,1148
Itm_M3178_C9596_I11_L-6.xml,drilldown/pl_id_3178/L-6,20-05-2013 14:09:24,804
Itm_M3178_C9596_I13_L-6.xml,drilldown/pl_id_3178/L-6,01-06-2013 17:11:48,731
Itm_M3178_C9596_I9_L-6.xml,drilldown/pl_id_3178/L-6,13-07-2013 17:11:56,1574
Itm_M3178_C9741_I10_L-6.xml,drilldown/pl_id_3178/L-6,24-08-2013 17:12:02,262
Itm_M3178_C9741_I13_L-6.xml,drilldown/pl_id_3178/L-6,24-08-2013 17:12:02,141
Itm_M3178_C9781_I3_L-6.xml,drilldown/pl_id_3178/L-6,20-07-2013 17:12:00,372
Itm_M3178_C9791_I3_L-6.xml,drilldown/pl_id_3178/L-6,21-09-2013 17:12:08,139
tl_M3178_C5597_L-6.xml,drilldown/pl_id_3178/L-6,30-03-2013 17:11:56,1681
Itm_M3183_C11157_I1_L-6.xml,drilldown/pl_id_3183/L-6,11-05-2013 17:11:42,225
Itm_M3183_C11166_I3_L-6.xml,drilldown/pl_id_3183/L-6,21-09-2013 17:12:08,141
Itm_M3183_C11171_I3_L-6.xml,drilldown/pl_id_3183/L-6,21-09-2013 17:12:08,319
Itm_M3183_C11171_I5_L-6.xml,drilldown/pl_id_3183/L-6,16-09-2013 09:58:34,272
Itm_M3183_C11171_I6_L-6.xml,drilldown/pl_id_3183/L-6,16-09-2013 09:58:34,138
Itm_M3183_C11171_I7_L-6.xml,drilldown/pl_id_3183/L-6,21-09-2013 17:12:08,137
Itm_M3183_C11184_I2_L-6.xml,drilldown/pl_id_3183/L-6,21-09-2013 17:12:08,139
Itm_M3183_C11184_I3_L-6.xml,drilldown/pl_id_3183/L-6,21-09-2013 17:12:08,139
Itm_M3183_C11899_I3_L-6.xml,drilldown/pl_id_3183/L-6,16-09-2013 09:58:34,139
Itm_M3183_C4681_I2_L-6.xml,drilldown/pl_id_3183/L-6,10-08-2013 17:12:00,681
Itm_M3183_C4724_I0_L-6.xml,drilldown/pl_id_3183/L-6,22-06-2013 17:11:52,716
Itm_M3183_C4835_I4_L-6.xml,drilldown/pl_id_3183/L-6,08-06-2013 17:11:48,1469
Itm_M3183_C5357_I12_L-6.xml,drilldown/pl_id_3183/L-6,21-09-2013 17:12:08,271
Itm_M3183_C5357_I13_L-6.xml,drilldown/pl_id_3183/L-6,21-09-2013 17:12:08,139
Itm_M3183_C5357_I14_L-6.xml,drilldown/pl_id_3183/L-6,21-09-2013 17:12:08,143
Itm_M3183_C5357_I17_L-6.xml,drilldown/pl_id_3183/L-6,21-09-2013 17:12:08,138
Itm_M3183_C5357_I18_L-6.xml,drilldown/pl_id_3183/L-6,21-09-2013 17:12:08,140
Itm_M3183_C5357_I19_L-6.xml,drilldown/pl_id_3183/L-6,21-09-2013 17:12:08,259
Itm_M3183_C5357_I20_L-6.xml,drilldown/pl_id_3183/L-6,10-08-2013 17:12:00,209
Itm_M3183_C5357_I21_L-6.xml,drilldown/pl_id_3183/L-6,07-09-2013 17:12:08,261
Itm_M3183_C5357_I22_L-6.xml,drilldown/pl_id_3183/L-6,16-09-2013 09:58:34,141
Itm_M3183_C5357_I23_L-6.xml,drilldown/pl_id_3183/L-6,21-09-2013 17:12:08,141
Itm_M3183_C5357_I24_L-6.xml,drilldown/pl_id_3183/L-6,16-09-2013 09:58:34,199
Itm_M3183_C5357_I4_L-6.xml,drilldown/pl_id_3183/L-6,16-09-2013 09:58:34,205
Itm_M3183_C5357_I5_L-6.xml,drilldown/pl_id_3183/L-6,21-09-2013 17:12:08,139
Itm_M3183_C5357_I6_L-6.xml,drilldown/pl_id_3183/L-6,16-09-2013 09:58:34,252
Itm_M3183_C5357_I7_L-6.xml,drilldown/pl_id_3183/L-6,21-09-2013 17:12:08,139
Itm_M3183_C5357_I8_L-6.xml,drilldown/pl_id_3183/L-6,10-08-2013 17:12:00,255
Itm_M3183_C5555_I16_L-6.xml,drilldown/pl_id_3183/L-6,20-04-2013 17:11:44,2358
Itm_M3183_C5584_I19_L-6.xml,drilldown/pl_id_3183/L-6,21-09-2013 17:12:08,215
Itm_M3183_C5605_I10_L-6.xml,drilldown/pl_id_3183/L-6,31-08-2013 17:11:56,135
Itm_M3183_C5605_I6_L-6.xml,drilldown/pl_id_3183/L-6,07-09-2013 17:12:08,136
Itm_M3183_C5605_I8_L-6.xml,drilldown/pl_id_3183/L-6,16-09-2013 09:58:34,136
Itm_M3183_C5605_I9_L-6.xml,drilldown/pl_id_3183/L-6,21-09-2013 17:12:08,136
Itm_M3183_C5645_I11_L-6.xml,drilldown/pl_id_3183/L-6,07-09-2013 17:12:08,139
Itm_M3183_C5645_I12_L-6.xml,drilldown/pl_id_3183/L-6,16-09-2013 09:58:34,138
Itm_M3183_C5645_I13_L-6.xml,drilldown/pl_id_3183/L-6,16-09-2013 09:58:34,218
Itm_M3183_C5645_I14_L-6.xml,drilldown/pl_id_3183/L-6,21-09-2013 17:12:08,225
Itm_M3183_C5645_I15_L-6.xml,drilldown/pl_id_3183/L-6,21-09-2013 17:12:08,221
Itm_M3183_C5645_I17_L-6.xml,drilldown/pl_id_3183/L-6,31-08-2013 17:11:56,141
Itm_M3183_C5645_I8_L-6.xml,drilldown/pl_id_3183/L-6,21-09-2013 17:12:08,139
Itm_M3183_C5645_I9_L-6.xml,drilldown/pl_id_3183/L-6,07-09-2013 17:12:08,136
Itm_M3183_C5867_I0_L-6.xml,drilldown/pl_id_3183/L-6,07-05-2013 09:21:08,1070
Itm_M3183_C5868_I0_L-6.xml,drilldown/pl_id_3183/L-6,07-05-2013 09:21:08,1100
Itm_M3183_C6371_I2_L-6.xml,drilldown/pl_id_3183/L-6,16-09-2013 09:58:34,138
Itm_M3183_C6371_I3_L-6.xml,drilldown/pl_id_3183/L-6,07-09-2013 17:12:08,139
Itm_M3183_C6371_I9_L-6.xml,drilldown/pl_id_3183/L-6,31-08-2013 17:11:56,138
Itm_M3183_C6919_I5_L-6.xml,drilldown/pl_id_3183/L-6,25-05-2013 17:11:48,321
Itm_M3183_C6973_I13_L-6.xml,drilldown/pl_id_3183/L-6,08-04-2013 20:27:20,420
Itm_M3183_C7146_I4_L-6.xml,drilldown/pl_id_3183/L-6,16-09-2013 09:58:34,186
Itm_M3183_C7146_I5_L-6.xml,drilldown/pl_id_3183/L-6,07-09-2013 17:12:08,138
Itm_M3183_C7146_I6_L-6.xml,drilldown/pl_id_3183/L-6,21-09-2013 17:12:08,139
Itm_M3183_C7146_I7_L-6.xml,drilldown/pl_id_3183/L-6,21-09-2013 17:12:08,138
Itm_M3183_C7146_I8_L-6.xml,drilldown/pl_id_3183/L-6,21-09-2013 17:12:08,139
Itm_M3183_C7375_I2_L-6.xml,drilldown/pl_id_3183/L-6,16-09-2013 09:58:34,272
Itm_M3183_C7701_I2_L-6.xml,drilldown/pl_id_3183/L-6,20-05-2013 14:09:24,3620
Itm_M3183_C7809_I0_L-6.xml,drilldown/pl_id_3183/L-6,16-09-2013 09:58:34,216
Itm_M3183_C7818_I10_L-6.xml,drilldown/pl_id_3183/L-6,24-08-2013 17:12:02,262
Itm_M3183_C7818_I13_L-6.xml,drilldown/pl_id_3183/L-6,24-08-2013 17:12:02,141
Itm_M3183_C7851_I3_L-6.xml,drilldown/pl_id_3183/L-6,31-08-2013 17:11:56,136
Itm_M3183_C7873_I2_L-6.xml,drilldown/pl_id_3183/L-6,21-09-2013 17:12:08,230
Itm_M3183_C7895_I7_L-6.xml,drilldown/pl_id_3183/L-6,25-05-2013 17:11:48,505
Itm_M3183_C8004_I4_L-6.xml,drilldown/pl_id_3183/L-6,16-09-2013 09:58:34,207
Itm_M3183_C8050_I1_L-6.xml,drilldown/pl_id_3183/L-6,08-04-2013 20:27:20,2319
Itm_M3183_C8085_I2_L-6.xml,drilldown/pl_id_3183/L-6,16-09-2013 09:58:34,230
Itm_M3183_C8085_I3_L-6.xml,drilldown/pl_id_3183/L-6,24-08-2013 17:12:02,230
Itm_M3183_C8085_I4_L-6.xml,drilldown/pl_id_3183/L-6,21-09-2013 17:12:08,136
Itm_M3183_C8085_I5_L-6.xml,drilldown/pl_id_3183/L-6,21-09-2013 17:12:08,139
Itm_M3183_C8085_I6_L-6.xml,drilldown/pl_id_3183/L-6,21-09-2013 17:12:08,138
Itm_M3183_C8085_I7_L-6.xml,drilldown/pl_id_3183/L-6,10-08-2013 17:12:00,138
Itm_M3183_C8124_I3_L-6.xml,drilldown/pl_id_3183/L-6,21-09-2013 17:12:08,547
Itm_M3183_C8124_I4_L-6.xml,drilldown/pl_id_3183/L-6,07-09-2013 17:12:08,352
Itm_M3183_C8130_I2_L-6.xml,drilldown/pl_id_3183/L-6,22-06-2013 17:11:52,267
Itm_M3183_C8187_I5_L-6.xml,drilldown/pl_id_3183/L-6,20-04-2013 17:11:44,2122
Itm_M3183_C8224_I2_L-6.xml,drilldown/pl_id_3183/L-6,07-09-2013 17:12:08,12169
Itm_M3183_C8224_I6_L-6.xml,drilldown/pl_id_3183/L-6,08-04-2013 20:27:20,1596
Itm_M3183_C8309_I3_L-6.xml,drilldown/pl_id_3183/L-6,21-09-2013 17:12:08,136
Itm_M3183_C8327_I1_L-6.xml,drilldown/pl_id_3183/L-6,21-09-2013 17:12:08,7562
Itm_M3183_C8327_I2_L-6.xml,drilldown/pl_id_3183/L-6,24-08-2013 17:12:02,2853
Itm_M3183_C8327_I4_L-6.xml,drilldown/pl_id_3183/L-6,21-09-2013 17:12:08,139
Itm_M3183_C8327_I5_L-6.xml,drilldown/pl_id_3183/L-6,21-09-2013 17:12:08,139
Itm_M3183_C8327_I6_L-6.xml,drilldown/pl_id_3183/L-6,16-09-2013 09:58:34,139
Itm_M3183_C8372_I3_L-6.xml,drilldown/pl_id_3183/L-6,24-08-2013 17:12:02,1062
Itm_M3183_C8373_I2_L-6.xml,drilldown/pl_id_3183/L-6,24-08-2013 17:12:02,1062
Itm_M3183_C8382_I0_L-6.xml,drilldown/pl_id_3183/L-6,01-06-2013 17:11:48,7025
Itm_M3183_C8382_I9_L-6.xml,drilldown/pl_id_3183/L-6,23-03-2013 17:11:32,2898
Itm_M3183_C8383_I0_L-6.xml,drilldown/pl_id_3183/L-6,01-06-2013 17:11:48,6785
Itm_M3183_C8383_I9_L-6.xml,drilldown/pl_id_3183/L-6,23-03-2013 17:11:32,2778
Itm_M3183_C8419_I3_L-6.xml,drilldown/pl_id_3183/L-6,24-08-2013 17:12:02,136
Itm_M3183_C8448_I7_L-6.xml,drilldown/pl_id_3183/L-6,08-06-2013 17:11:48,3359
Itm_M3183_C8449_I7_L-6.xml,drilldown/pl_id_3183/L-6,08-06-2013 17:11:48,3359
Itm_M3183_C8473_I1_L-6.xml,drilldown/pl_id_3183/L-6,27-07-2013 17:12:04,724
Itm_M3183_C8474_I2_L-6.xml,drilldown/pl_id_3183/L-6,31-08-2013 17:11:56,219
Itm_M3183_C8474_I9_L-6.xml,drilldown/pl_id_3183/L-6,21-09-2013 17:12:08,216
Itm_M3183_C8477_I1_L-6.xml,drilldown/pl_id_3183/L-6,21-09-2013 17:12:08,136
Itm_M3183_C8477_I2_L-6.xml,drilldown/pl_id_3183/L-6,21-09-2013 17:12:08,136
Itm_M3183_C8477_I4_L-6.xml,drilldown/pl_id_3183/L-6,16-09-2013 09:58:34,309
Itm_M3183_C8477_I5_L-6.xml,drilldown/pl_id_3183/L-6,21-09-2013 17:12:08,139
Itm_M3183_C8495_I5_L-6.xml,drilldown/pl_id_3183/L-6,16-03-2013 17:11:36,141
Itm_M3183_C8508_I10_L-6.xml,drilldown/pl_id_3183/L-6,21-09-2013 17:12:08,140
Itm_M3183_C8508_I12_L-6.xml,drilldown/pl_id_3183/L-6,16-09-2013 09:58:34,216
Itm_M3183_C8508_I13_L-6.xml,drilldown/pl_id_3183/L-6,07-09-2013 17:12:08,216
Itm_M3183_C8508_I14_L-6.xml,drilldown/pl_id_3183/L-6,24-08-2013 17:12:02,137
Itm_M3183_C8508_I15_L-6.xml,drilldown/pl_id_3183/L-6,16-09-2013 09:58:34,140
Itm_M3183_C8508_I16_L-6.xml,drilldown/pl_id_3183/L-6,16-09-2013 09:58:34,273
Itm_M3183_C8508_I17_L-6.xml,drilldown/pl_id_3183/L-6,07-09-2013 17:12:08,140
Itm_M3183_C8508_I18_L-6.xml,drilldown/pl_id_3183/L-6,21-09-2013 17:12:08,252
Itm_M3183_C8508_I19_L-6.xml,drilldown/pl_id_3183/L-6,21-09-2013 17:12:08,252
Itm_M3183_C8508_I20_L-6.xml,drilldown/pl_id_3183/L-6,21-09-2013 17:12:08,363
Itm_M3183_C8508_I21_L-6.xml,drilldown/pl_id_3183/L-6,07-09-2013 17:12:08,375
Itm_M3183_C8508_I22_L-6.xml,drilldown/pl_id_3183/L-6,21-09-2013 17:12:08,140
Itm_M3183_C8508_I23_L-6.xml,drilldown/pl_id_3183/L-6,07-09-2013 17:12:08,140
Itm_M3183_C8508_I24_L-6.xml,drilldown/pl_id_3183/L-6,20-07-2013 17:12:00,252
Itm_M3183_C8508_I25_L-6.xml,drilldown/pl_id_3183/L-6,16-09-2013 09:58:34,140
Itm_M3183_C8508_I3_L-6.xml,drilldown/pl_id_3183/L-6,16-09-2013 09:58:34,138
Itm_M3183_C8508_I4_L-6.xml,drilldown/pl_id_3183/L-6,07-09-2013 17:12:08,269
Itm_M3183_C8508_I5_L-6.xml,drilldown/pl_id_3183/L-6,24-08-2013 17:12:02,319
Itm_M3183_C8508_I6_L-6.xml,drilldown/pl_id_3183/L-6,31-08-2013 17:11:56,248
Itm_M3183_C8508_I7_L-6.xml,drilldown/pl_id_3183/L-6,21-09-2013 17:12:08,257
Itm_M3183_C8508_I8_L-6.xml,drilldown/pl_id_3183/L-6,21-09-2013 17:12:08,188
Itm_M3183_C8508_I9_L-6.xml,drilldown/pl_id_3183/L-6,16-09-2013 09:58:34,138
Itm_M3183_C8511_I1_L-6.xml,drilldown/pl_id_3183/L-6,27-07-2013 17:12:04,242
Itm_M3183_C8538_I10_L-6.xml,drilldown/pl_id_3183/L-6,16-03-2013 17:11:36,1286
Itm_M3183_C8579_I0_L-6.xml,drilldown/pl_id_3183/L-6,17-08-2013 17:12:02,3963
Itm_M3183_C8579_I1_L-6.xml,drilldown/pl_id_3183/L-6,27-07-2013 17:12:04,512
Itm_M3183_C8621_I2_L-6.xml,drilldown/pl_id_3183/L-6,16-09-2013 09:58:34,139
Itm_M3183_C8621_I3_L-6.xml,drilldown/pl_id_3183/L-6,16-09-2013 09:58:34,137
Itm_M3183_C8693_I10_L-6.xml,drilldown/pl_id_3183/L-6,16-09-2013 09:58:34,222
Itm_M3183_C8693_I3_L-6.xml,drilldown/pl_id_3183/L-6,16-09-2013 09:58:34,356
Itm_M3183_C8693_I4_L-6.xml,drilldown/pl_id_3183/L-6,16-09-2013 09:58:34,356
Itm_M3183_C8693_I5_L-6.xml,drilldown/pl_id_3183/L-6,21-09-2013 17:12:08,135
Itm_M3183_C8693_I6_L-6.xml,drilldown/pl_id_3183/L-6,21-09-2013 17:12:08,356
Itm_M3183_C8693_I7_L-6.xml,drilldown/pl_id_3183/L-6,21-09-2013 17:12:08,218
Itm_M3183_C8693_I8_L-6.xml,drilldown/pl_id_3183/L-6,21-09-2013 17:12:08,356
Itm_M3183_C8693_I9_L-6.xml,drilldown/pl_id_3183/L-6,21-09-2013 17:12:08,390
Itm_M3183_C8705_I2_L-6.xml,drilldown/pl_id_3183/L-6,17-08-2013 17:12:02,450
Itm_M3183_C8770_I7_L-6.xml,drilldown/pl_id_3183/L-6,30-03-2013 17:11:56,622
Itm_M3183_C8907_I2_L-6.xml,drilldown/pl_id_3183/L-6,16-09-2013 09:58:34,231
Itm_M3183_C8907_I3_L-6.xml,drilldown/pl_id_3183/L-6,21-09-2013 17:12:08,139
Itm_M3183_C8907_I4_L-6.xml,drilldown/pl_id_3183/L-6,21-09-2013 17:12:08,265
Itm_M3183_C8907_I5_L-6.xml,drilldown/pl_id_3183/L-6,16-09-2013 09:58:34,291
Itm_M3183_C8907_I6_L-6.xml,drilldown/pl_id_3183/L-6,16-09-2013 09:58:34,136
Itm_M3183_C8907_I7_L-6.xml,drilldown/pl_id_3183/L-6,24-08-2013 17:12:02,231
Itm_M3183_C8907_I9_L-6.xml,drilldown/pl_id_3183/L-6,21-09-2013 17:12:08,231
Itm_M3183_C9045_I5_L-6.xml,drilldown/pl_id_3183/L-6,24-08-2013 17:12:02,388
tl_M3183_C8579_L-6.xml,drilldown/pl_id_3183/L-6,27-07-2013 17:12:04,219
Itm_M3187_C11101_I1_L-6.xml,drilldown/pl_id_3187/L-6,11-05-2013 17:11:42,225
Itm_M3187_C11110_I3_L-6.xml,drilldown/pl_id_3187/L-6,21-09-2013 17:12:08,141
Itm_M3187_C11125_I3_L-6.xml,drilldown/pl_id_3187/L-6,21-09-2013 17:12:08,319
Itm_M3187_C11125_I5_L-6.xml,drilldown/pl_id_3187/L-6,21-09-2013 17:12:08,272
Itm_M3187_C11125_I6_L-6.xml,drilldown/pl_id_3187/L-6,21-09-2013 17:12:08,137
Itm_M3187_C11125_I7_L-6.xml,drilldown/pl_id_3187/L-6,21-09-2013 17:12:08,138
Itm_M3187_C11129_I2_L-6.xml,drilldown/pl_id_3187/L-6,21-09-2013 17:12:08,139
Itm_M3187_C11129_I3_L-6.xml,drilldown/pl_id_3187/L-6,21-09-2013 17:12:08,139
Itm_M3187_C11865_I3_L-6.xml,drilldown/pl_id_3187/L-6,31-08-2013 17:11:56,264
Itm_M3187_C11865_I4_L-6.xml,drilldown/pl_id_3187/L-6,07-09-2013 17:12:08,139
Itm_M3187_C11865_I5_L-6.xml,drilldown/pl_id_3187/L-6,21-09-2013 17:12:08,139
Itm_M3187_C11875_I3_L-6.xml,drilldown/pl_id_3187/L-6,07-09-2013 17:12:08,139
Itm_M3187_C4682_I2_L-6.xml,drilldown/pl_id_3187/L-6,10-08-2013 17:12:00,681
Itm_M3187_C4727_I0_L-6.xml,drilldown/pl_id_3187/L-6,07-09-2013 17:12:08,716
Itm_M3187_C4727_I10_L-6.xml,drilldown/pl_id_3187/L-6,07-09-2013 17:12:08,332
Itm_M3187_C4727_I11_L-6.xml,drilldown/pl_id_3187/L-6,07-09-2013 17:12:08,332
Itm_M3187_C4727_I13_L-6.xml,drilldown/pl_id_3187/L-6,07-09-2013 17:12:08,196
Itm_M3187_C4839_I4_L-6.xml,drilldown/pl_id_3187/L-6,08-06-2013 17:11:48,1469
Itm_M3187_C5256_I2_L-6.xml,drilldown/pl_id_3187/L-6,21-09-2013 17:12:08,137
Itm_M3187_C5256_I3_L-6.xml,drilldown/pl_id_3187/L-6,07-09-2013 17:12:08,235
Itm_M3187_C5256_I4_L-6.xml,drilldown/pl_id_3187/L-6,21-09-2013 17:12:08,137
Itm_M3187_C5256_I5_L-6.xml,drilldown/pl_id_3187/L-6,07-09-2013 17:12:08,140
Itm_M3187_C5359_I10_L-6.xml,drilldown/pl_id_3187/L-6,16-09-2013 09:58:34,135
Itm_M3187_C5359_I11_L-6.xml,drilldown/pl_id_3187/L-6,21-09-2013 17:12:08,211
Itm_M3187_C5359_I12_L-6.xml,drilldown/pl_id_3187/L-6,21-09-2013 17:12:08,271
Itm_M3187_C5359_I13_L-6.xml,drilldown/pl_id_3187/L-6,21-09-2013 17:12:08,139
Itm_M3187_C5359_I14_L-6.xml,drilldown/pl_id_3187/L-6,21-09-2013 17:12:08,143
Itm_M3187_C5359_I17_L-6.xml,drilldown/pl_id_3187/L-6,16-09-2013 09:58:34,139
Itm_M3187_C5359_I18_L-6.xml,drilldown/pl_id_3187/L-6,21-09-2013 17:12:08,141
Itm_M3187_C5359_I4_L-6.xml,drilldown/pl_id_3187/L-6,21-09-2013 17:12:08,206
Itm_M3187_C5359_I6_L-6.xml,drilldown/pl_id_3187/L-6,16-09-2013 09:58:34,253
Itm_M3187_C5359_I7_L-6.xml,drilldown/pl_id_3187/L-6,21-09-2013 17:12:08,139
Itm_M3187_C5359_I8_L-6.xml,drilldown/pl_id_3187/L-6,21-09-2013 17:12:08,255
Itm_M3187_C5359_I9_L-6.xml,drilldown/pl_id_3187/L-6,21-09-2013 17:12:08,133
Itm_M3187_C5557_I16_L-6.xml,drilldown/pl_id_3187/L-6,20-04-2013 17:11:44,2358
Itm_M3187_C5586_I19_L-6.xml,drilldown/pl_id_3187/L-6,16-09-2013 09:58:34,214
Itm_M3187_C5607_I10_L-6.xml,drilldown/pl_id_3187/L-6,21-09-2013 17:12:08,136
Itm_M3187_C5607_I6_L-6.xml,drilldown/pl_id_3187/L-6,16-09-2013 09:58:34,137
Itm_M3187_C5607_I8_L-6.xml,drilldown/pl_id_3187/L-6,21-09-2013 17:12:08,136
Itm_M3187_C5607_I9_L-6.xml,drilldown/pl_id_3187/L-6,16-09-2013 09:58:34,137
Itm_M3187_C5647_I11_L-6.xml,drilldown/pl_id_3187/L-6,21-09-2013 17:12:08,138
Itm_M3187_C5647_I12_L-6.xml,drilldown/pl_id_3187/L-6,21-09-2013 17:12:08,139
Itm_M3187_C5647_I13_L-6.xml,drilldown/pl_id_3187/L-6,31-08-2013 17:11:56,218
Itm_M3187_C5647_I14_L-6.xml,drilldown/pl_id_3187/L-6,21-09-2013 17:12:08,224
Itm_M3187_C5647_I15_L-6.xml,drilldown/pl_id_3187/L-6,16-09-2013 09:58:34,220
Itm_M3187_C5647_I17_L-6.xml,drilldown/pl_id_3187/L-6,21-09-2013 17:12:08,140
Itm_M3187_C5647_I8_L-6.xml,drilldown/pl_id_3187/L-6,07-09-2013 17:12:08,139
Itm_M3187_C5647_I9_L-6.xml,drilldown/pl_id_3187/L-6,21-09-2013 17:12:08,136
Itm_M3187_C5869_I6_L-6.xml,drilldown/pl_id_3187/L-6,07-05-2013 09:21:08,204
Itm_M3187_C5870_I3_L-6.xml,drilldown/pl_id_3187/L-6,07-05-2013 09:21:08,204
Itm_M3187_C6922_I5_L-6.xml,drilldown/pl_id_3187/L-6,25-05-2013 17:11:48,321
Itm_M3187_C6975_I13_L-6.xml,drilldown/pl_id_3187/L-6,08-04-2013 20:27:20,420
Itm_M3187_C7148_I5_L-6.xml,drilldown/pl_id_3187/L-6,16-09-2013 09:58:34,139
Itm_M3187_C7148_I6_L-6.xml,drilldown/pl_id_3187/L-6,16-09-2013 09:58:34,138
Itm_M3187_C7148_I7_L-6.xml,drilldown/pl_id_3187/L-6,21-09-2013 17:12:08,138
Itm_M3187_C7148_I8_L-6.xml,drilldown/pl_id_3187/L-6,21-09-2013 17:12:08,139
Itm_M3187_C7377_I2_L-6.xml,drilldown/pl_id_3187/L-6,31-08-2013 17:11:56,272
Itm_M3187_C7377_I5_L-6.xml,drilldown/pl_id_3187/L-6,07-09-2013 17:12:08,267
Itm_M3187_C7704_I2_L-6.xml,drilldown/pl_id_3187/L-6,20-05-2013 14:09:24,3620
Itm_M3187_C7753_I2_L-6.xml,drilldown/pl_id_3187/L-6,07-09-2013 17:12:08,368
Itm_M3187_C7811_I3_L-6.xml,drilldown/pl_id_3187/L-6,16-09-2013 09:58:34,136
Itm_M3187_C7816_I4_L-6.xml,drilldown/pl_id_3187/L-6,30-03-2013 17:11:56,610
Itm_M3187_C7820_I10_L-6.xml,drilldown/pl_id_3187/L-6,24-08-2013 17:12:02,262
Itm_M3187_C7820_I13_L-6.xml,drilldown/pl_id_3187/L-6,24-08-2013 17:12:02,141
Itm_M3187_C7854_I3_L-6.xml,drilldown/pl_id_3187/L-6,07-09-2013 17:12:08,137
Itm_M3187_C7875_I2_L-6.xml,drilldown/pl_id_3187/L-6,21-09-2013 17:12:08,230
Itm_M3187_C7876_I2_L-6.xml,drilldown/pl_id_3187/L-6,21-09-2013 17:12:08,230
Itm_M3187_C7896_I7_L-6.xml,drilldown/pl_id_3187/L-6,25-05-2013 17:11:48,505
Itm_M3187_C8005_I4_L-6.xml,drilldown/pl_id_3187/L-6,21-09-2013 17:12:08,207
Itm_M3187_C8053_I1_L-6.xml,drilldown/pl_id_3187/L-6,08-04-2013 20:27:20,2319
Itm_M3187_C8087_I2_L-6.xml,drilldown/pl_id_3187/L-6,07-09-2013 17:12:08,230
Itm_M3187_C8087_I3_L-6.xml,drilldown/pl_id_3187/L-6,21-09-2013 17:12:08,230
Itm_M3187_C8087_I4_L-6.xml,drilldown/pl_id_3187/L-6,07-09-2013 17:12:08,139
Itm_M3187_C8087_I5_L-6.xml,drilldown/pl_id_3187/L-6,16-09-2013 09:58:34,136
Itm_M3187_C8087_I6_L-6.xml,drilldown/pl_id_3187/L-6,07-09-2013 17:12:08,138
Itm_M3187_C8087_I7_L-6.xml,drilldown/pl_id_3187/L-6,16-09-2013 09:58:34,138
Itm_M3187_C8126_I3_L-6.xml,drilldown/pl_id_3187/L-6,21-09-2013 17:12:08,547
Itm_M3187_C8126_I4_L-6.xml,drilldown/pl_id_3187/L-6,21-09-2013 17:12:08,352
Itm_M3187_C8132_I2_L-6.xml,drilldown/pl_id_3187/L-6,22-06-2013 17:11:52,267
Itm_M3187_C8189_I5_L-6.xml,drilldown/pl_id_3187/L-6,20-04-2013 17:11:44,2122
Itm_M3187_C8226_I2_L-6.xml,drilldown/pl_id_3187/L-6,07-09-2013 17:12:08,14389
Itm_M3187_C8226_I6_L-6.xml,drilldown/pl_id_3187/L-6,08-04-2013 20:27:20,1596
Itm_M3187_C8274_I2_L-6.xml,drilldown/pl_id_3187/L-6,08-04-2013 20:27:20,908
Itm_M3187_C8310_I3_L-6.xml,drilldown/pl_id_3187/L-6,31-08-2013 17:11:56,136
Itm_M3187_C8328_I1_L-6.xml,drilldown/pl_id_3187/L-6,21-09-2013 17:12:08,7251
Itm_M3187_C8328_I2_L-6.xml,drilldown/pl_id_3187/L-6,24-08-2013 17:12:02,3025
Itm_M3187_C8328_I4_L-6.xml,drilldown/pl_id_3187/L-6,21-09-2013 17:12:08,139
Itm_M3187_C8328_I5_L-6.xml,drilldown/pl_id_3187/L-6,21-09-2013 17:12:08,139
Itm_M3187_C8374_I3_L-6.xml,drilldown/pl_id_3187/L-6,24-08-2013 17:12:02,1062
Itm_M3187_C8375_I2_L-6.xml,drilldown/pl_id_3187/L-6,24-08-2013 17:12:02,1062
Itm_M3187_C8385_I10_L-6.xml,drilldown/pl_id_3187/L-6,01-06-2013 17:11:48,2893
Itm_M3187_C8385_I9_L-6.xml,drilldown/pl_id_3187/L-6,23-03-2013 17:11:32,2898
Itm_M3187_C8386_I10_L-6.xml,drilldown/pl_id_3187/L-6,01-06-2013 17:11:48,2773
Itm_M3187_C8386_I9_L-6.xml,drilldown/pl_id_3187/L-6,23-03-2013 17:11:32,2778
Itm_M3187_C8400_I17_L-6.xml,drilldown/pl_id_3187/L-6,21-09-2013 17:12:08,138
Itm_M3187_C8402_I4_L-6.xml,drilldown/pl_id_3187/L-6,21-09-2013 17:12:08,329
Itm_M3187_C8411_I7_L-6.xml,drilldown/pl_id_3187/L-6,08-06-2013 17:11:48,6659
Itm_M3187_C8420_I3_L-6.xml,drilldown/pl_id_3187/L-6,16-09-2013 09:58:34,136
Itm_M3187_C8450_I7_L-6.xml,drilldown/pl_id_3187/L-6,08-06-2013 17:11:48,6659
Itm_M3187_C8475_I2_L-6.xml,drilldown/pl_id_3187/L-6,16-09-2013 09:58:34,219
Itm_M3187_C8497_I5_L-6.xml,drilldown/pl_id_3187/L-6,16-03-2013 17:11:36,141
Itm_M3187_C8510_I25_L-6.xml,drilldown/pl_id_3187/L-6,07-09-2013 17:12:08,139
Itm_M3187_C8512_I1_L-6.xml,drilldown/pl_id_3187/L-6,27-07-2013 17:12:04,242
Itm_M3187_C8540_I10_L-6.xml,drilldown/pl_id_3187/L-6,16-03-2013 17:11:36,1286
Itm_M3187_C8668_I1_L-6.xml,drilldown/pl_id_3187/L-6,11-05-2013 17:11:42,23589
Itm_M3187_C8694_I10_L-6.xml,drilldown/pl_id_3187/L-6,16-09-2013 09:58:34,234
Itm_M3187_C8694_I3_L-6.xml,drilldown/pl_id_3187/L-6,21-09-2013 17:12:08,356
Itm_M3187_C8694_I4_L-6.xml,drilldown/pl_id_3187/L-6,21-09-2013 17:12:08,356
Itm_M3187_C8694_I5_L-6.xml,drilldown/pl_id_3187/L-6,21-09-2013 17:12:08,135
Itm_M3187_C8694_I6_L-6.xml,drilldown/pl_id_3187/L-6,21-09-2013 17:12:08,356
Itm_M3187_C8694_I7_L-6.xml,drilldown/pl_id_3187/L-6,21-09-2013 17:12:08,218
Itm_M3187_C8694_I8_L-6.xml,drilldown/pl_id_3187/L-6,16-09-2013 09:58:34,356
Itm_M3187_C8694_I9_L-6.xml,drilldown/pl_id_3187/L-6,21-09-2013 17:12:08,390
Itm_M3187_C8706_I2_L-6.xml,drilldown/pl_id_3187/L-6,17-08-2013 17:12:02,450
Itm_M3187_C8771_I7_L-6.xml,drilldown/pl_id_3187/L-6,30-03-2013 17:11:56,622
Itm_M3187_C8782_I4_L-6.xml,drilldown/pl_id_3187/L-6,20-04-2013 17:11:44,323
Itm_M3187_C8909_I2_L-6.xml,drilldown/pl_id_3187/L-6,07-09-2013 17:12:08,231
Itm_M3187_C8909_I3_L-6.xml,drilldown/pl_id_3187/L-6,16-09-2013 09:58:34,139
Itm_M3187_C8909_I4_L-6.xml,drilldown/pl_id_3187/L-6,24-08-2013 17:12:02,266
Itm_M3187_C8909_I5_L-6.xml,drilldown/pl_id_3187/L-6,07-09-2013 17:12:08,291
Itm_M3187_C8909_I6_L-6.xml,drilldown/pl_id_3187/L-6,21-09-2013 17:12:08,137
Itm_M3187_C8909_I7_L-6.xml,drilldown/pl_id_3187/L-6,16-09-2013 09:58:34,231
Itm_M3187_C8909_I9_L-6.xml,drilldown/pl_id_3187/L-6,24-08-2013 17:12:02,231
Itm_M3187_C9046_I5_L-6.xml,drilldown/pl_id_3187/L-6,24-08-2013 17:12:02,388
Itm_M3187_C9192_I2_L-6.xml,drilldown/pl_id_3187/L-6,21-09-2013 17:12:08,138
tl_M3187_C4727_L-6.xml,drilldown/pl_id_3187/L-6,07-09-2013 17:12:08,1891
Itm_M3213_C11345_I2_L-6.xml,drilldown/pl_id_3213/L-6,08-04-2013 20:27:20,1368
Itm_M3213_C11364_I2_L-6.xml,drilldown/pl_id_3213/L-6,16-09-2013 09:58:34,139
Itm_M3213_C11364_I3_L-6.xml,drilldown/pl_id_3213/L-6,16-09-2013 09:58:34,139
Itm_M3213_C3214_I1_L-6.xml,drilldown/pl_id_3213/L-6,08-06-2013 17:11:48,6354
Itm_M3213_C3516_I3_L-6.xml,drilldown/pl_id_3213/L-6,07-05-2013 09:21:08,760
Itm_M3213_C4446_I0_L-6.xml,drilldown/pl_id_3213/L-6,27-07-2013 17:12:04,596
Itm_M3213_C4446_I4_L-6.xml,drilldown/pl_id_3213/L-6,10-08-2013 17:12:00,7773
Itm_M3213_C4625_I9_L-6.xml,drilldown/pl_id_3213/L-6,17-08-2013 17:12:02,471
Itm_M3213_C4713_I0_L-6.xml,drilldown/pl_id_3213/L-6,22-06-2013 17:11:52,377
Itm_M3213_C4713_I20_L-6.xml,drilldown/pl_id_3213/L-6,07-09-2013 17:12:08,141
Itm_M3213_C4713_I21_L-6.xml,drilldown/pl_id_3213/L-6,24-08-2013 17:12:02,138
Itm_M3213_C4816_I1_L-6.xml,drilldown/pl_id_3213/L-6,01-06-2013 17:11:48,1519
Itm_M3213_C4897_I3_L-6.xml,drilldown/pl_id_3213/L-6,08-06-2013 17:11:48,466
Itm_M3213_C5032_I2_L-6.xml,drilldown/pl_id_3213/L-6,21-09-2013 17:12:08,139
Itm_M3213_C5032_I3_L-6.xml,drilldown/pl_id_3213/L-6,31-08-2013 17:11:56,272
Itm_M3213_C5112_I23_L-6.xml,drilldown/pl_id_3213/L-6,07-09-2013 17:12:08,840
Itm_M3213_C5246_I1_L-6.xml,drilldown/pl_id_3213/L-6,10-08-2013 17:12:00,963
Itm_M3213_C5334_I10_L-6.xml,drilldown/pl_id_3213/L-6,31-08-2013 17:11:56,141
Itm_M3213_C5334_I11_L-6.xml,drilldown/pl_id_3213/L-6,21-09-2013 17:12:08,139
Itm_M3213_C5334_I12_L-6.xml,drilldown/pl_id_3213/L-6,16-09-2013 09:58:34,138
Itm_M3213_C5334_I13_L-6.xml,drilldown/pl_id_3213/L-6,10-08-2013 17:12:00,140
Itm_M3213_C5334_I14_L-6.xml,drilldown/pl_id_3213/L-6,16-09-2013 09:58:34,141
Itm_M3213_C5334_I15_L-6.xml,drilldown/pl_id_3213/L-6,17-08-2013 17:12:02,138
Itm_M3213_C5334_I16_L-6.xml,drilldown/pl_id_3213/L-6,24-08-2013 17:12:02,261
Itm_M3213_C5334_I17_L-6.xml,drilldown/pl_id_3213/L-6,31-08-2013 17:11:56,141
Itm_M3213_C5334_I18_L-6.xml,drilldown/pl_id_3213/L-6,16-09-2013 09:58:34,138
Itm_M3213_C5334_I19_L-6.xml,drilldown/pl_id_3213/L-6,21-09-2013 17:12:08,277
Itm_M3213_C5334_I20_L-6.xml,drilldown/pl_id_3213/L-6,21-09-2013 17:12:08,259
Itm_M3213_C5334_I21_L-6.xml,drilldown/pl_id_3213/L-6,07-09-2013 17:12:08,141
Itm_M3213_C5334_I22_L-6.xml,drilldown/pl_id_3213/L-6,03-08-2013 17:12:02,217
Itm_M3213_C5334_I2_L-6.xml,drilldown/pl_id_3213/L-6,21-09-2013 17:12:08,212
Itm_M3213_C5334_I3_L-6.xml,drilldown/pl_id_3213/L-6,07-09-2013 17:12:08,139
Itm_M3213_C5334_I4_L-6.xml,drilldown/pl_id_3213/L-6,21-09-2013 17:12:08,139
Itm_M3213_C5334_I5_L-6.xml,drilldown/pl_id_3213/L-6,21-09-2013 17:12:08,206
Itm_M3213_C5334_I6_L-6.xml,drilldown/pl_id_3213/L-6,21-09-2013 17:12:08,267
Itm_M3213_C5334_I7_L-6.xml,drilldown/pl_id_3213/L-6,31-08-2013 17:11:56,252
Itm_M3213_C5334_I9_L-6.xml,drilldown/pl_id_3213/L-6,07-09-2013 17:12:08,266
Itm_M3213_C5335_I3_L-6.xml,drilldown/pl_id_3213/L-6,21-09-2013 17:12:08,139
Itm_M3213_C5335_I4_L-6.xml,drilldown/pl_id_3213/L-6,31-08-2013 17:11:56,151
Itm_M3213_C5335_I7_L-6.xml,drilldown/pl_id_3213/L-6,16-09-2013 09:58:34,253
Itm_M3213_C5491_I6_L-6.xml,drilldown/pl_id_3213/L-6,21-09-2013 17:12:08,137
Itm_M3213_C5491_I7_L-6.xml,drilldown/pl_id_3213/L-6,21-09-2013 17:12:08,139
Itm_M3213_C5551_I16_L-6.xml,drilldown/pl_id_3213/L-6,20-04-2013 17:11:44,2358
Itm_M3213_C5579_I19_L-6.xml,drilldown/pl_id_3213/L-6,16-09-2013 09:58:34,214
Itm_M3213_C5599_I11_L-6.xml,drilldown/pl_id_3213/L-6,25-05-2013 17:11:48,2680
Itm_M3213_C5599_I6_L-6.xml,drilldown/pl_id_3213/L-6,16-09-2013 09:58:34,136
Itm_M3213_C5599_I9_L-6.xml,drilldown/pl_id_3213/L-6,31-08-2013 17:11:56,136
Itm_M3213_C5838_I0_L-6.xml,drilldown/pl_id_3213/L-6,07-09-2013 17:12:08,8087
Itm_M3213_C5838_I4_L-6.xml,drilldown/pl_id_3213/L-6,07-09-2013 17:12:08,673
Itm_M3213_C5884_I7_L-6.xml,drilldown/pl_id_3213/L-6,22-06-2013 17:11:52,277
Itm_M3213_C6367_I0_L-6.xml,drilldown/pl_id_3213/L-6,16-09-2013 09:58:34,2843
Itm_M3213_C6707_I7_L-6.xml,drilldown/pl_id_3213/L-6,16-09-2013 09:58:34,139
Itm_M3213_C6969_I7_L-6.xml,drilldown/pl_id_3213/L-6,24-08-2013 17:12:02,139
Itm_M3213_C6988_I0_L-6.xml,drilldown/pl_id_3213/L-6,29-04-2013 17:12:42,3590
Itm_M3213_C6988_I2_L-6.xml,drilldown/pl_id_3213/L-6,17-08-2013 17:12:02,482
Itm_M3213_C7049_I0_L-6.xml,drilldown/pl_id_3213/L-6,13-07-2013 17:11:56,1008
Itm_M3213_C7049_I10_L-6.xml,drilldown/pl_id_3213/L-6,13-07-2013 17:11:56,2655
Itm_M3213_C7049_I7_L-6.xml,drilldown/pl_id_3213/L-6,21-09-2013 17:12:08,139
Itm_M3213_C7049_I8_L-6.xml,drilldown/pl_id_3213/L-6,24-08-2013 17:12:02,264
Itm_M3213_C7049_I9_L-6.xml,drilldown/pl_id_3213/L-6,07-09-2013 17:12:08,138
Itm_M3213_C7077_I4_L-6.xml,drilldown/pl_id_3213/L-6,21-09-2013 17:12:08,137
Itm_M3213_C7077_I5_L-6.xml,drilldown/pl_id_3213/L-6,21-09-2013 17:12:08,140
Itm_M3213_C7102_I10_L-6.xml,drilldown/pl_id_3213/L-6,21-09-2013 17:12:08,209
Itm_M3213_C7102_I11_L-6.xml,drilldown/pl_id_3213/L-6,07-09-2013 17:12:08,208
Itm_M3213_C7102_I12_L-6.xml,drilldown/pl_id_3213/L-6,16-09-2013 09:58:34,198
Itm_M3213_C7102_I4_L-6.xml,drilldown/pl_id_3213/L-6,08-04-2013 20:27:20,458
Itm_M3213_C7136_I5_L-6.xml,drilldown/pl_id_3213/L-6,21-09-2013 17:12:08,139
Itm_M3213_C7136_I6_L-6.xml,drilldown/pl_id_3213/L-6,21-09-2013 17:12:08,139
Itm_M3213_C7136_I7_L-6.xml,drilldown/pl_id_3213/L-6,21-09-2013 17:12:08,139
Itm_M3213_C7136_I8_L-6.xml,drilldown/pl_id_3213/L-6,16-09-2013 09:58:34,139
Itm_M3213_C7430_I3_L-6.xml,drilldown/pl_id_3213/L-6,30-03-2013 17:11:56,1823
Itm_M3213_C7613_I5_L-6.xml,drilldown/pl_id_3213/L-6,16-09-2013 09:58:34,1747
Itm_M3213_C7653_I4_L-6.xml,drilldown/pl_id_3213/L-6,07-05-2013 09:21:08,878
Itm_M3213_C7653_I6_L-6.xml,drilldown/pl_id_3213/L-6,08-04-2013 20:27:20,1852
Itm_M3213_C7845_I4_L-6.xml,drilldown/pl_id_3213/L-6,07-09-2013 17:12:08,385
Itm_M3213_C7845_I5_L-6.xml,drilldown/pl_id_3213/L-6,21-09-2013 17:12:08,323
Itm_M3213_C7867_I2_L-6.xml,drilldown/pl_id_3213/L-6,21-09-2013 17:12:08,230
Itm_M3213_C7868_I2_L-6.xml,drilldown/pl_id_3213/L-6,21-09-2013 17:12:08,230
Itm_M3213_C7953_I1_L-6.xml,drilldown/pl_id_3213/L-6,27-07-2013 17:12:04,1908
Itm_M3213_C7995_I3_L-6.xml,drilldown/pl_id_3213/L-6,21-09-2013 17:12:08,139
Itm_M3213_C7995_I4_L-6.xml,drilldown/pl_id_3213/L-6,31-08-2013 17:11:56,137
Itm_M3213_C8209_I2_L-6.xml,drilldown/pl_id_3213/L-6,08-04-2013 20:27:20,4242
Itm_M3213_C8272_I2_L-6.xml,drilldown/pl_id_3213/L-6,08-04-2013 20:27:20,1199
Itm_M3213_C8315_I17_L-6.xml,drilldown/pl_id_3213/L-6,24-08-2013 17:12:02,141
Itm_M3213_C8455_I1_L-6.xml,drilldown/pl_id_3213/L-6,16-03-2013 17:11:36,6070
Itm_M3213_C8455_I3_L-6.xml,drilldown/pl_id_3213/L-6,07-09-2013 17:12:08,960
Itm_M3213_C8465_I1_L-6.xml,drilldown/pl_id_3213/L-6,16-03-2013 17:11:36,1014
Itm_M3213_C8488_I6_L-6.xml,drilldown/pl_id_3213/L-6,21-09-2013 17:12:08,213
Itm_M3213_C8504_I10_L-6.xml,drilldown/pl_id_3213/L-6,21-09-2013 17:12:08,140
Itm_M3213_C8504_I11_L-6.xml,drilldown/pl_id_3213/L-6,16-09-2013 09:58:34,252
Itm_M3213_C8504_I12_L-6.xml,drilldown/pl_id_3213/L-6,21-09-2013 17:12:08,216
Itm_M3213_C8504_I13_L-6.xml,drilldown/pl_id_3213/L-6,24-08-2013 17:12:02,216
Itm_M3213_C8504_I14_L-6.xml,drilldown/pl_id_3213/L-6,24-08-2013 17:12:02,137
Itm_M3213_C8504_I15_L-6.xml,drilldown/pl_id_3213/L-6,16-09-2013 09:58:34,140
Itm_M3213_C8504_I16_L-6.xml,drilldown/pl_id_3213/L-6,21-09-2013 17:12:08,273
Itm_M3213_C8504_I17_L-6.xml,drilldown/pl_id_3213/L-6,24-08-2013 17:12:02,140
Itm_M3213_C8504_I18_L-6.xml,drilldown/pl_id_3213/L-6,21-09-2013 17:12:08,252
Itm_M3213_C8504_I19_L-6.xml,drilldown/pl_id_3213/L-6,07-09-2013 17:12:08,252
Itm_M3213_C8504_I1_L-6.xml,drilldown/pl_id_3213/L-6,29-04-2013 17:12:42,2928
Itm_M3213_C8504_I20_L-6.xml,drilldown/pl_id_3213/L-6,17-08-2013 17:12:02,363
Itm_M3213_C8504_I21_L-6.xml,drilldown/pl_id_3213/L-6,21-09-2013 17:12:08,375
Itm_M3213_C8504_I22_L-6.xml,drilldown/pl_id_3213/L-6,21-09-2013 17:12:08,140
Itm_M3213_C8504_I23_L-6.xml,drilldown/pl_id_3213/L-6,21-09-2013 17:12:08,140
Itm_M3213_C8504_I24_L-6.xml,drilldown/pl_id_3213/L-6,21-09-2013 17:12:08,252
Itm_M3213_C8504_I25_L-6.xml,drilldown/pl_id_3213/L-6,24-08-2013 17:12:02,140
Itm_M3213_C8504_I3_L-6.xml,drilldown/pl_id_3213/L-6,16-09-2013 09:58:34,138
Itm_M3213_C8504_I4_L-6.xml,drilldown/pl_id_3213/L-6,17-08-2013 17:12:02,269
Itm_M3213_C8504_I5_L-6.xml,drilldown/pl_id_3213/L-6,16-09-2013 09:58:34,319
Itm_M3213_C8504_I6_L-6.xml,drilldown/pl_id_3213/L-6,21-09-2013 17:12:08,248
Itm_M3213_C8504_I7_L-6.xml,drilldown/pl_id_3213/L-6,21-09-2013 17:12:08,258
Itm_M3213_C8504_I8_L-6.xml,drilldown/pl_id_3213/L-6,21-09-2013 17:12:08,188
Itm_M3213_C8504_I9_L-6.xml,drilldown/pl_id_3213/L-6,21-09-2013 17:12:08,138
Itm_M3213_C8525_I12_L-6.xml,drilldown/pl_id_3213/L-6,24-08-2013 17:12:02,1947
Itm_M3213_C8525_I2_L-6.xml,drilldown/pl_id_3213/L-6,10-08-2013 17:12:00,14919
Itm_M3213_C8528_I10_L-6.xml,drilldown/pl_id_3213/L-6,08-04-2013 20:27:20,1486
Itm_M3213_C8528_I11_L-6.xml,drilldown/pl_id_3213/L-6,01-06-2013 17:11:48,3108
Itm_M3213_C8534_I10_L-6.xml,drilldown/pl_id_3213/L-6,16-03-2013 17:11:36,1286
Itm_M3213_C8552_I2_L-6.xml,drilldown/pl_id_3213/L-6,16-09-2013 09:58:34,1702
Itm_M3213_C8562_I9_L-6.xml,drilldown/pl_id_3213/L-6,08-04-2013 20:27:20,188
Itm_M3213_C8565_I0_L-6.xml,drilldown/pl_id_3213/L-6,07-09-2013 17:12:08,4881
Itm_M3213_C8565_I1_L-6.xml,drilldown/pl_id_3213/L-6,21-09-2013 17:12:08,136
Itm_M3213_C8565_I3_L-6.xml,drilldown/pl_id_3213/L-6,20-07-2013 17:12:00,314
Itm_M3213_C8565_I4_L-6.xml,drilldown/pl_id_3213/L-6,16-09-2013 09:58:34,309
Itm_M3213_C8565_I5_L-6.xml,drilldown/pl_id_3213/L-6,21-09-2013 17:12:08,139
Itm_M3213_C8565_I6_L-6.xml,drilldown/pl_id_3213/L-6,21-09-2013 17:12:08,445
Itm_M3213_C8565_I8_L-6.xml,drilldown/pl_id_3213/L-6,07-09-2013 17:12:08,316
Itm_M3213_C8573_I1_L-6.xml,drilldown/pl_id_3213/L-6,08-06-2013 17:11:48,4124
Itm_M3213_C8641_I1_L-6.xml,drilldown/pl_id_3213/L-6,01-06-2013 17:11:48,3714
Itm_M3213_C8644_I1_L-6.xml,drilldown/pl_id_3213/L-6,08-04-2013 20:27:20,1774
Itm_M3213_C8644_I5_L-6.xml,drilldown/pl_id_3213/L-6,08-04-2013 20:27:20,3522
Itm_M3213_C8649_I2_L-6.xml,drilldown/pl_id_3213/L-6,07-09-2013 17:12:08,225
Itm_M3213_C8679_I0_L-6.xml,drilldown/pl_id_3213/L-6,07-09-2013 17:12:08,5018
Itm_M3213_C8686_I0_L-6.xml,drilldown/pl_id_3213/L-6,27-07-2013 17:12:04,2067
Itm_M3213_C8686_I1_L-6.xml,drilldown/pl_id_3213/L-6,27-07-2013 17:12:04,211
Itm_M3213_C8686_I2_L-6.xml,drilldown/pl_id_3213/L-6,27-07-2013 17:12:04,216
Itm_M3213_C8686_I3_L-6.xml,drilldown/pl_id_3213/L-6,24-08-2013 17:12:02,213
Itm_M3213_C8686_I4_L-6.xml,drilldown/pl_id_3213/L-6,07-09-2013 17:12:08,139
Itm_M3213_C8691_I10_L-6.xml,drilldown/pl_id_3213/L-6,21-09-2013 17:12:08,222
Itm_M3213_C8691_I3_L-6.xml,drilldown/pl_id_3213/L-6,21-09-2013 17:12:08,356
Itm_M3213_C8691_I4_L-6.xml,drilldown/pl_id_3213/L-6,21-09-2013 17:12:08,356
Itm_M3213_C8691_I5_L-6.xml,drilldown/pl_id_3213/L-6,21-09-2013 17:12:08,135
Itm_M3213_C8691_I6_L-6.xml,drilldown/pl_id_3213/L-6,16-09-2013 09:58:34,356
Itm_M3213_C8691_I7_L-6.xml,drilldown/pl_id_3213/L-6,21-09-2013 17:12:08,218
Itm_M3213_C8691_I8_L-6.xml,drilldown/pl_id_3213/L-6,21-09-2013 17:12:08,356
Itm_M3213_C8691_I9_L-6.xml,drilldown/pl_id_3213/L-6,21-09-2013 17:12:08,390
Itm_M3213_C8696_I1_L-6.xml,drilldown/pl_id_3213/L-6,03-08-2013 17:12:02,1628
Itm_M3213_C8717_I2_L-6.xml,drilldown/pl_id_3213/L-6,17-08-2013 17:12:02,1233
Itm_M3213_C8732_I2_L-6.xml,drilldown/pl_id_3213/L-6,08-04-2013 20:27:20,2663
Itm_M3213_C8773_I9_L-6.xml,drilldown/pl_id_3213/L-6,29-06-2013 17:11:58,740
Itm_M3213_C8872_I1_L-6.xml,drilldown/pl_id_3213/L-6,13-07-2013 17:11:56,29791
Itm_M3213_C8872_I3_L-6.xml,drilldown/pl_id_3213/L-6,03-08-2013 17:12:02,1093
Itm_M3213_C8873_I1_L-6.xml,drilldown/pl_id_3213/L-6,16-09-2013 09:58:34,15032
Itm_M3213_C8923_I3_L-6.xml,drilldown/pl_id_3213/L-6,21-09-2013 17:12:08,136
Itm_M3213_C9053_I2_L-6.xml,drilldown/pl_id_3213/L-6,27-07-2013 17:12:04,538
Itm_M3213_C9062_I5_L-6.xml,drilldown/pl_id_3213/L-6,24-08-2013 17:12:02,266
Itm_M3213_C9247_I2_L-6.xml,drilldown/pl_id_3213/L-6,07-09-2013 17:12:08,216
Itm_M3213_C9621_I4_L-6.xml,drilldown/pl_id_3213/L-6,16-09-2013 09:58:34,353
tl_M3213_C5838_L-6.xml,drilldown/pl_id_3213/L-6,07-09-2013 17:12:08,543
tl_M3213_C7049_L-6.xml,drilldown/pl_id_3213/L-6,13-07-2013 17:11:56,1234
tl_M3213_C8565_L-6.xml,drilldown/pl_id_3213/L-6,07-09-2013 17:12:08,1161
tl_M3213_C8679_L-6.xml,drilldown/pl_id_3213/L-6,07-09-2013 17:12:08,553
tl_M3213_C8686_L-6.xml,drilldown/pl_id_3213/L-6,27-07-2013 17:12:04,953
Itm_M3218_C11286_I2_L-6.xml,drilldown/pl_id_3218/L-6,08-04-2013 20:27:20,1368
Itm_M3218_C11324_I2_L-6.xml,drilldown/pl_id_3218/L-6,31-08-2013 17:11:56,139
Itm_M3218_C11324_I3_L-6.xml,drilldown/pl_id_3218/L-6,16-09-2013 09:58:34,138
Itm_M3218_C11329_I0_L-6.xml,drilldown/pl_id_3218/L-6,27-07-2013 17:12:04,3822
Itm_M3218_C3219_I1_L-6.xml,drilldown/pl_id_3218/L-6,08-06-2013 17:11:48,6503
Itm_M3218_C3528_I3_L-6.xml,drilldown/pl_id_3218/L-6,07-05-2013 09:21:08,760
Itm_M3218_C4449_I0_L-6.xml,drilldown/pl_id_3218/L-6,07-09-2013 17:12:08,297
Itm_M3218_C4449_I1_L-6.xml,drilldown/pl_id_3218/L-6,07-09-2013 17:12:08,471
Itm_M3218_C4449_I4_L-6.xml,drilldown/pl_id_3218/L-6,10-08-2013 17:12:00,7773
Itm_M3218_C4629_I12_L-6.xml,drilldown/pl_id_3218/L-6,17-08-2013 17:12:02,483
Itm_M3218_C4716_I0_L-6.xml,drilldown/pl_id_3218/L-6,22-06-2013 17:11:52,377
Itm_M3218_C4899_I3_L-6.xml,drilldown/pl_id_3218/L-6,08-06-2013 17:11:48,466
Itm_M3218_C5034_I3_L-6.xml,drilldown/pl_id_3218/L-6,16-09-2013 09:58:34,139
Itm_M3218_C5034_I4_L-6.xml,drilldown/pl_id_3218/L-6,21-09-2013 17:12:08,272
Itm_M3218_C5114_I23_L-6.xml,drilldown/pl_id_3218/L-6,07-09-2013 17:12:08,840
Itm_M3218_C5248_I1_L-6.xml,drilldown/pl_id_3218/L-6,10-08-2013 17:12:00,963
Itm_M3218_C5341_I10_L-6.xml,drilldown/pl_id_3218/L-6,21-09-2013 17:12:08,141
Itm_M3218_C5341_I11_L-6.xml,drilldown/pl_id_3218/L-6,16-09-2013 09:58:34,139
Itm_M3218_C5341_I12_L-6.xml,drilldown/pl_id_3218/L-6,16-09-2013 09:58:34,138
Itm_M3218_C5341_I13_L-6.xml,drilldown/pl_id_3218/L-6,24-08-2013 17:12:02,140
Itm_M3218_C5341_I14_L-6.xml,drilldown/pl_id_3218/L-6,21-09-2013 17:12:08,141
Itm_M3218_C5341_I15_L-6.xml,drilldown/pl_id_3218/L-6,21-09-2013 17:12:08,141
Itm_M3218_C5341_I16_L-6.xml,drilldown/pl_id_3218/L-6,21-09-2013 17:12:08,259
Itm_M3218_C5341_I17_L-6.xml,drilldown/pl_id_3218/L-6,31-08-2013 17:11:56,141
Itm_M3218_C5341_I18_L-6.xml,drilldown/pl_id_3218/L-6,07-09-2013 17:12:08,141
Itm_M3218_C5341_I19_L-6.xml,drilldown/pl_id_3218/L-6,21-09-2013 17:12:08,217
Itm_M3218_C5341_I3_L-6.xml,drilldown/pl_id_3218/L-6,21-09-2013 17:12:08,139
Itm_M3218_C5341_I4_L-6.xml,drilldown/pl_id_3218/L-6,21-09-2013 17:12:08,139
Itm_M3218_C5341_I5_L-6.xml,drilldown/pl_id_3218/L-6,21-09-2013 17:12:08,206
Itm_M3218_C5341_I6_L-6.xml,drilldown/pl_id_3218/L-6,16-09-2013 09:58:34,267
Itm_M3218_C5341_I7_L-6.xml,drilldown/pl_id_3218/L-6,16-09-2013 09:58:34,253
Itm_M3218_C5341_I9_L-6.xml,drilldown/pl_id_3218/L-6,16-09-2013 09:58:34,266
Itm_M3218_C5342_I10_L-6.xml,drilldown/pl_id_3218/L-6,21-09-2013 17:12:08,141
Itm_M3218_C5342_I11_L-6.xml,drilldown/pl_id_3218/L-6,16-09-2013 09:58:34,139
Itm_M3218_C5342_I12_L-6.xml,drilldown/pl_id_3218/L-6,21-09-2013 17:12:08,138
Itm_M3218_C5342_I13_L-6.xml,drilldown/pl_id_3218/L-6,21-09-2013 17:12:08,140
Itm_M3218_C5342_I14_L-6.xml,drilldown/pl_id_3218/L-6,21-09-2013 17:12:08,141
Itm_M3218_C5342_I15_L-6.xml,drilldown/pl_id_3218/L-6,16-09-2013 09:58:34,141
Itm_M3218_C5342_I16_L-6.xml,drilldown/pl_id_3218/L-6,21-09-2013 17:12:08,259
Itm_M3218_C5342_I17_L-6.xml,drilldown/pl_id_3218/L-6,21-09-2013 17:12:08,140
Itm_M3218_C5342_I18_L-6.xml,drilldown/pl_id_3218/L-6,07-09-2013 17:12:08,141
Itm_M3218_C5342_I2_L-6.xml,drilldown/pl_id_3218/L-6,21-09-2013 17:12:08,212
Itm_M3218_C5342_I3_L-6.xml,drilldown/pl_id_3218/L-6,31-08-2013 17:11:56,139
Itm_M3218_C5342_I4_L-6.xml,drilldown/pl_id_3218/L-6,21-09-2013 17:12:08,139
Itm_M3218_C5342_I5_L-6.xml,drilldown/pl_id_3218/L-6,16-09-2013 09:58:34,206
Itm_M3218_C5342_I6_L-6.xml,drilldown/pl_id_3218/L-6,21-09-2013 17:12:08,266
Itm_M3218_C5342_I7_L-6.xml,drilldown/pl_id_3218/L-6,21-09-2013 17:12:08,253
Itm_M3218_C5342_I9_L-6.xml,drilldown/pl_id_3218/L-6,21-09-2013 17:12:08,266
Itm_M3218_C5344_I11_L-6.xml,drilldown/pl_id_3218/L-6,16-09-2013 09:58:34,271
Itm_M3218_C5344_I13_L-6.xml,drilldown/pl_id_3218/L-6,21-09-2013 17:12:08,138
Itm_M3218_C5344_I15_L-6.xml,drilldown/pl_id_3218/L-6,21-09-2013 17:12:08,140
Itm_M3218_C5344_I17_L-6.xml,drilldown/pl_id_3218/L-6,24-08-2013 17:12:02,139
Itm_M3218_C5344_I19_L-6.xml,drilldown/pl_id_3218/L-6,07-09-2013 17:12:08,140
Itm_M3218_C5344_I20_L-6.xml,drilldown/pl_id_3218/L-6,21-09-2013 17:12:08,217
Itm_M3218_C5344_I3_L-6.xml,drilldown/pl_id_3218/L-6,07-09-2013 17:12:08,139
Itm_M3218_C5344_I4_L-6.xml,drilldown/pl_id_3218/L-6,16-09-2013 09:58:34,139
Itm_M3218_C5344_I5_L-6.xml,drilldown/pl_id_3218/L-6,21-09-2013 17:12:08,206
Itm_M3218_C5344_I6_L-6.xml,drilldown/pl_id_3218/L-6,21-09-2013 17:12:08,266
Itm_M3218_C5344_I7_L-6.xml,drilldown/pl_id_3218/L-6,21-09-2013 17:12:08,252
Itm_M3218_C5345_I11_L-6.xml,drilldown/pl_id_3218/L-6,16-09-2013 09:58:34,270
Itm_M3218_C5345_I13_L-6.xml,drilldown/pl_id_3218/L-6,21-09-2013 17:12:08,139
Itm_M3218_C5345_I14_L-6.xml,drilldown/pl_id_3218/L-6,21-09-2013 17:12:08,141
Itm_M3218_C5345_I15_L-6.xml,drilldown/pl_id_3218/L-6,16-09-2013 09:58:34,141
Itm_M3218_C5345_I17_L-6.xml,drilldown/pl_id_3218/L-6,21-09-2013 17:12:08,139
Itm_M3218_C5345_I19_L-6.xml,drilldown/pl_id_3218/L-6,21-09-2013 17:12:08,140
Itm_M3218_C5345_I3_L-6.xml,drilldown/pl_id_3218/L-6,16-09-2013 09:58:34,139
Itm_M3218_C5345_I4_L-6.xml,drilldown/pl_id_3218/L-6,16-09-2013 09:58:34,139
Itm_M3218_C5345_I5_L-6.xml,drilldown/pl_id_3218/L-6,21-09-2013 17:12:08,206
Itm_M3218_C5345_I6_L-6.xml,drilldown/pl_id_3218/L-6,17-08-2013 17:12:02,265
Itm_M3218_C5345_I7_L-6.xml,drilldown/pl_id_3218/L-6,16-09-2013 09:58:34,253
Itm_M3218_C5346_I11_L-6.xml,drilldown/pl_id_3218/L-6,21-09-2013 17:12:08,270
Itm_M3218_C5346_I13_L-6.xml,drilldown/pl_id_3218/L-6,21-09-2013 17:12:08,139
Itm_M3218_C5346_I15_L-6.xml,drilldown/pl_id_3218/L-6,21-09-2013 17:12:08,141
Itm_M3218_C5346_I17_L-6.xml,drilldown/pl_id_3218/L-6,16-09-2013 09:58:34,138
Itm_M3218_C5346_I19_L-6.xml,drilldown/pl_id_3218/L-6,21-09-2013 17:12:08,140
Itm_M3218_C5346_I20_L-6.xml,drilldown/pl_id_3218/L-6,21-09-2013 17:12:08,217
Itm_M3218_C5346_I3_L-6.xml,drilldown/pl_id_3218/L-6,07-09-2013 17:12:08,139
Itm_M3218_C5346_I4_L-6.xml,drilldown/pl_id_3218/L-6,21-09-2013 17:12:08,139
Itm_M3218_C5346_I5_L-6.xml,drilldown/pl_id_3218/L-6,16-09-2013 09:58:34,205
Itm_M3218_C5346_I7_L-6.xml,drilldown/pl_id_3218/L-6,21-09-2013 17:12:08,253
Itm_M3218_C5493_I6_L-6.xml,drilldown/pl_id_3218/L-6,21-09-2013 17:12:08,136
Itm_M3218_C5493_I7_L-6.xml,drilldown/pl_id_3218/L-6,21-09-2013 17:12:08,140
Itm_M3218_C5553_I16_L-6.xml,drilldown/pl_id_3218/L-6,20-04-2013 17:11:44,2358
Itm_M3218_C5581_I19_L-6.xml,drilldown/pl_id_3218/L-6,16-09-2013 09:58:34,214
Itm_M3218_C5601_I6_L-6.xml,drilldown/pl_id_3218/L-6,24-08-2013 17:12:02,136
Itm_M3218_C5601_I9_L-6.xml,drilldown/pl_id_3218/L-6,21-09-2013 17:12:08,137
Itm_M3218_C5674_I1_L-6.xml,drilldown/pl_id_3218/L-6,20-04-2013 17:11:44,52940
Itm_M3218_C5885_I7_L-6.xml,drilldown/pl_id_3218/L-6,22-06-2013 17:11:52,277
Itm_M3218_C5902_I4_L-6.xml,drilldown/pl_id_3218/L-6,08-04-2013 20:27:20,806
Itm_M3218_C5907_I10_L-6.xml,drilldown/pl_id_3218/L-6,21-09-2013 17:12:08,141
Itm_M3218_C6369_I0_L-6.xml,drilldown/pl_id_3218/L-6,16-09-2013 09:58:34,2843
Itm_M3218_C6708_I7_L-6.xml,drilldown/pl_id_3218/L-6,07-09-2013 17:12:08,139
Itm_M3218_C6971_I7_L-6.xml,drilldown/pl_id_3218/L-6,24-08-2013 17:12:02,139
Itm_M3218_C6990_I22_L-6.xml,drilldown/pl_id_3218/L-6,29-04-2013 17:12:42,398
Itm_M3218_C6990_I2_L-6.xml,drilldown/pl_id_3218/L-6,17-08-2013 17:12:02,482
Itm_M3218_C7050_I7_L-6.xml,drilldown/pl_id_3218/L-6,24-08-2013 17:12:02,264
Itm_M3218_C7050_I8_L-6.xml,drilldown/pl_id_3218/L-6,17-08-2013 17:12:02,138
Itm_M3218_C7050_I9_L-6.xml,drilldown/pl_id_3218/L-6,16-09-2013 09:58:34,139
Itm_M3218_C7078_I4_L-6.xml,drilldown/pl_id_3218/L-6,21-09-2013 17:12:08,137
Itm_M3218_C7078_I5_L-6.xml,drilldown/pl_id_3218/L-6,21-09-2013 17:12:08,140
Itm_M3218_C7103_I10_L-6.xml,drilldown/pl_id_3218/L-6,21-09-2013 17:12:08,208
Itm_M3218_C7103_I11_L-6.xml,drilldown/pl_id_3218/L-6,21-09-2013 17:12:08,208
Itm_M3218_C7103_I12_L-6.xml,drilldown/pl_id_3218/L-6,21-09-2013 17:12:08,199
Itm_M3218_C7103_I4_L-6.xml,drilldown/pl_id_3218/L-6,08-04-2013 20:27:20,458
Itm_M3218_C7138_I5_L-6.xml,drilldown/pl_id_3218/L-6,21-09-2013 17:12:08,139
Itm_M3218_C7138_I6_L-6.xml,drilldown/pl_id_3218/L-6,21-09-2013 17:12:08,138
Itm_M3218_C7138_I7_L-6.xml,drilldown/pl_id_3218/L-6,21-09-2013 17:12:08,139
Itm_M3218_C7138_I8_L-6.xml,drilldown/pl_id_3218/L-6,21-09-2013 17:12:08,138
Itm_M3218_C7144_I0_L-6.xml,drilldown/pl_id_3218/L-6,27-07-2013 17:12:04,13117
Itm_M3218_C7144_I1_L-6.xml,drilldown/pl_id_3218/L-6,27-07-2013 17:12:04,584
Itm_M3218_C7260_I2_L-6.xml,drilldown/pl_id_3218/L-6,16-03-2013 17:11:36,884
Itm_M3218_C7431_I2_L-6.xml,drilldown/pl_id_3218/L-6,03-08-2013 17:12:02,3183
Itm_M3218_C7431_I3_L-6.xml,drilldown/pl_id_3218/L-6,30-03-2013 17:11:56,1741
Itm_M3218_C7475_I0_L-6.xml,drilldown/pl_id_3218/L-6,27-07-2013 17:12:04,5298
Itm_M3218_C7475_I7_L-6.xml,drilldown/pl_id_3218/L-6,16-09-2013 09:58:34,139
Itm_M3218_C7475_I8_L-6.xml,drilldown/pl_id_3218/L-6,21-09-2013 17:12:08,274
Itm_M3218_C7614_I5_L-6.xml,drilldown/pl_id_3218/L-6,16-09-2013 09:58:34,1747
Itm_M3218_C7643_I0_L-6.xml,drilldown/pl_id_3218/L-6,24-08-2013 17:12:02,5435
Itm_M3218_C7654_I4_L-6.xml,drilldown/pl_id_3218/L-6,07-05-2013 09:21:08,878
Itm_M3218_C7654_I6_L-6.xml,drilldown/pl_id_3218/L-6,08-04-2013 20:27:20,1852
Itm_M3218_C7665_I2_L-6.xml,drilldown/pl_id_3218/L-6,16-09-2013 09:58:34,255
Itm_M3218_C7665_I3_L-6.xml,drilldown/pl_id_3218/L-6,07-09-2013 17:12:08,138
Itm_M3218_C7665_I4_L-6.xml,drilldown/pl_id_3218/L-6,07-09-2013 17:12:08,231
Itm_M3218_C7738_I20_L-6.xml,drilldown/pl_id_3218/L-6,16-09-2013 09:58:34,394
Itm_M3218_C7738_I21_L-6.xml,drilldown/pl_id_3218/L-6,21-09-2013 17:12:08,234
Itm_M3218_C7738_I22_L-6.xml,drilldown/pl_id_3218/L-6,21-09-2013 17:12:08,138
Itm_M3218_C7848_I4_L-6.xml,drilldown/pl_id_3218/L-6,16-09-2013 09:58:34,385
Itm_M3218_C7848_I5_L-6.xml,drilldown/pl_id_3218/L-6,21-09-2013 17:12:08,323
Itm_M3218_C7870_I2_L-6.xml,drilldown/pl_id_3218/L-6,21-09-2013 17:12:08,230
Itm_M3218_C7871_I2_L-6.xml,drilldown/pl_id_3218/L-6,21-09-2013 17:12:08,230
Itm_M3218_C7954_I1_L-6.xml,drilldown/pl_id_3218/L-6,27-07-2013 17:12:04,1908
Itm_M3218_C7997_I3_L-6.xml,drilldown/pl_id_3218/L-6,07-09-2013 17:12:08,139
Itm_M3218_C7997_I4_L-6.xml,drilldown/pl_id_3218/L-6,16-09-2013 09:58:34,137
Itm_M3218_C8122_I3_L-6.xml,drilldown/pl_id_3218/L-6,21-09-2013 17:12:08,547
Itm_M3218_C8122_I4_L-6.xml,drilldown/pl_id_3218/L-6,21-09-2013 17:12:08,352
Itm_M3218_C8212_I2_L-6.xml,drilldown/pl_id_3218/L-6,08-04-2013 20:27:20,4454
Itm_M3218_C8273_I2_L-6.xml,drilldown/pl_id_3218/L-6,08-04-2013 20:27:20,1057
Itm_M3218_C8317_I17_L-6.xml,drilldown/pl_id_3218/L-6,24-08-2013 17:12:02,141
Itm_M3218_C8466_I1_L-6.xml,drilldown/pl_id_3218/L-6,16-03-2013 17:11:36,1014
Itm_M3218_C8489_I6_L-6.xml,drilldown/pl_id_3218/L-6,21-09-2013 17:12:08,213
Itm_M3218_C8506_I10_L-6.xml,drilldown/pl_id_3218/L-6,16-09-2013 09:58:34,140
Itm_M3218_C8506_I11_L-6.xml,drilldown/pl_id_3218/L-6,16-09-2013 09:58:34,252
Itm_M3218_C8506_I12_L-6.xml,drilldown/pl_id_3218/L-6,07-09-2013 17:12:08,216
Itm_M3218_C8506_I13_L-6.xml,drilldown/pl_id_3218/L-6,16-09-2013 09:58:34,216
Itm_M3218_C8506_I14_L-6.xml,drilldown/pl_id_3218/L-6,21-09-2013 17:12:08,138
Itm_M3218_C8506_I15_L-6.xml,drilldown/pl_id_3218/L-6,21-09-2013 17:12:08,140
Itm_M3218_C8506_I16_L-6.xml,drilldown/pl_id_3218/L-6,07-09-2013 17:12:08,273
Itm_M3218_C8506_I17_L-6.xml,drilldown/pl_id_3218/L-6,21-09-2013 17:12:08,140
Itm_M3218_C8506_I18_L-6.xml,drilldown/pl_id_3218/L-6,21-09-2013 17:12:08,252
Itm_M3218_C8506_I19_L-6.xml,drilldown/pl_id_3218/L-6,21-09-2013 17:12:08,252
Itm_M3218_C8506_I1_L-6.xml,drilldown/pl_id_3218/L-6,29-04-2013 17:12:42,2946
Itm_M3218_C8506_I20_L-6.xml,drilldown/pl_id_3218/L-6,21-09-2013 17:12:08,363
Itm_M3218_C8506_I21_L-6.xml,drilldown/pl_id_3218/L-6,16-09-2013 09:58:34,375
Itm_M3218_C8506_I22_L-6.xml,drilldown/pl_id_3218/L-6,21-09-2013 17:12:08,140
Itm_M3218_C8506_I23_L-6.xml,drilldown/pl_id_3218/L-6,21-09-2013 17:12:08,140
Itm_M3218_C8506_I24_L-6.xml,drilldown/pl_id_3218/L-6,21-09-2013 17:12:08,252
Itm_M3218_C8506_I25_L-6.xml,drilldown/pl_id_3218/L-6,16-09-2013 09:58:34,140
Itm_M3218_C8506_I3_L-6.xml,drilldown/pl_id_3218/L-6,21-09-2013 17:12:08,138
Itm_M3218_C8506_I4_L-6.xml,drilldown/pl_id_3218/L-6,21-09-2013 17:12:08,269
Itm_M3218_C8506_I5_L-6.xml,drilldown/pl_id_3218/L-6,07-09-2013 17:12:08,319
Itm_M3218_C8506_I6_L-6.xml,drilldown/pl_id_3218/L-6,21-09-2013 17:12:08,248
Itm_M3218_C8506_I7_L-6.xml,drilldown/pl_id_3218/L-6,16-09-2013 09:58:34,257
Itm_M3218_C8506_I8_L-6.xml,drilldown/pl_id_3218/L-6,16-09-2013 09:58:34,188
Itm_M3218_C8506_I9_L-6.xml,drilldown/pl_id_3218/L-6,16-09-2013 09:58:34,138
Itm_M3218_C8526_I12_L-6.xml,drilldown/pl_id_3218/L-6,24-08-2013 17:12:02,1947
Itm_M3218_C8526_I2_L-6.xml,drilldown/pl_id_3218/L-6,10-08-2013 17:12:00,14919
Itm_M3218_C8530_I10_L-6.xml,drilldown/pl_id_3218/L-6,08-04-2013 20:27:20,1486
Itm_M3218_C8530_I11_L-6.xml,drilldown/pl_id_3218/L-6,01-06-2013 17:11:48,3108
Itm_M3218_C8536_I10_L-6.xml,drilldown/pl_id_3218/L-6,16-03-2013 17:11:36,1286
Itm_M3218_C8553_I2_L-6.xml,drilldown/pl_id_3218/L-6,16-09-2013 09:58:34,1702
Itm_M3218_C8563_I9_L-6.xml,drilldown/pl_id_3218/L-6,08-04-2013 20:27:20,188
Itm_M3218_C8575_I1_L-6.xml,drilldown/pl_id_3218/L-6,08-06-2013 17:11:48,4124
Itm_M3218_C8623_I1_L-6.xml,drilldown/pl_id_3218/L-6,11-05-2013 17:11:42,741
Itm_M3218_C8626_I3_L-6.xml,drilldown/pl_id_3218/L-6,07-09-2013 17:12:08,1671
Itm_M3218_C8642_I1_L-6.xml,drilldown/pl_id_3218/L-6,01-06-2013 17:11:48,3714
Itm_M3218_C8646_I1_L-6.xml,drilldown/pl_id_3218/L-6,08-04-2013 20:27:20,3355
Itm_M3218_C8646_I5_L-6.xml,drilldown/pl_id_3218/L-6,08-04-2013 20:27:20,3522
Itm_M3218_C8650_I2_L-6.xml,drilldown/pl_id_3218/L-6,07-09-2013 17:12:08,225
Itm_M3218_C8658_I1_L-6.xml,drilldown/pl_id_3218/L-6,08-04-2013 20:27:20,3650
Itm_M3218_C8676_I1_L-6.xml,drilldown/pl_id_3218/L-6,11-05-2013 17:11:42,9117
Itm_M3218_C8692_I10_L-6.xml,drilldown/pl_id_3218/L-6,21-09-2013 17:12:08,222
Itm_M3218_C8692_I3_L-6.xml,drilldown/pl_id_3218/L-6,21-09-2013 17:12:08,356
Itm_M3218_C8692_I4_L-6.xml,drilldown/pl_id_3218/L-6,21-09-2013 17:12:08,356
Itm_M3218_C8692_I5_L-6.xml,drilldown/pl_id_3218/L-6,16-09-2013 09:58:34,135
Itm_M3218_C8692_I6_L-6.xml,drilldown/pl_id_3218/L-6,21-09-2013 17:12:08,356
Itm_M3218_C8692_I7_L-6.xml,drilldown/pl_id_3218/L-6,21-09-2013 17:12:08,218
Itm_M3218_C8692_I8_L-6.xml,drilldown/pl_id_3218/L-6,21-09-2013 17:12:08,356
Itm_M3218_C8692_I9_L-6.xml,drilldown/pl_id_3218/L-6,31-08-2013 17:11:56,390
Itm_M3218_C8695_I1_L-6.xml,drilldown/pl_id_3218/L-6,03-08-2013 17:12:02,3217
Itm_M3218_C8719_I2_L-6.xml,drilldown/pl_id_3218/L-6,17-08-2013 17:12:02,2223
Itm_M3218_C8733_I2_L-6.xml,drilldown/pl_id_3218/L-6,08-04-2013 20:27:20,2663
Itm_M3218_C8775_I10_L-6.xml,drilldown/pl_id_3218/L-6,29-06-2013 17:11:58,756
Itm_M3218_C8874_I1_L-6.xml,drilldown/pl_id_3218/L-6,16-09-2013 09:58:34,15032
Itm_M3218_C8875_I1_L-6.xml,drilldown/pl_id_3218/L-6,13-07-2013 17:11:56,32339
Itm_M3218_C8875_I3_L-6.xml,drilldown/pl_id_3218/L-6,03-08-2013 17:12:02,1093
Itm_M3218_C8898_I1_L-6.xml,drilldown/pl_id_3218/L-6,29-04-2013 17:12:42,9239
Itm_M3218_C8898_I3_L-6.xml,drilldown/pl_id_3218/L-6,21-09-2013 17:12:08,136
Itm_M3218_C9035_I0_L-6.xml,drilldown/pl_id_3218/L-6,24-08-2013 17:12:02,1990
Itm_M3218_C9054_I2_L-6.xml,drilldown/pl_id_3218/L-6,27-07-2013 17:12:04,538
Itm_M3218_C9063_I5_L-6.xml,drilldown/pl_id_3218/L-6,24-08-2013 17:12:02,266
Itm_M3218_C9248_I2_L-6.xml,drilldown/pl_id_3218/L-6,07-09-2013 17:12:08,216
Itm_M3218_C9622_I4_L-6.xml,drilldown/pl_id_3218/L-6,21-09-2013 17:12:08,353
tl_M3218_C4449_L-6.xml,drilldown/pl_id_3218/L-6,07-09-2013 17:12:08,585
tl_M3218_C7144_L-6.xml,drilldown/pl_id_3218/L-6,27-07-2013 17:12:04,383
tl_M3218_C7475_L-6.xml,drilldown/pl_id_3218/L-6,27-07-2013 17:12:04,1642
cat_M3482_C10631_L-6.xml,drilldown/pl_id_3482/L-6,17-06-2013 07:54:18,300
cat_M3482_C11713_L-6.xml,drilldown/pl_id_3482/L-6,17-06-2013 07:54:18,444
cat_M3482_C12368_L-6.xml,drilldown/pl_id_3482/L-6,29-04-2013 17:12:42,1118
cat_M3482_C14745_L-6.xml,drilldown/pl_id_3482/L-6,03-08-2013 17:12:02,816
cat_M3482_C14746_L-6.xml,drilldown/pl_id_3482/L-6,03-08-2013 17:12:02,817
cat_M3482_C14747_L-6.xml,drilldown/pl_id_3482/L-6,03-08-2013 17:12:02,817
cat_M3482_C14748_L-6.xml,drilldown/pl_id_3482/L-6,03-08-2013 17:12:02,817
cat_M3482_C14749_L-6.xml,drilldown/pl_id_3482/L-6,03-08-2013 17:12:02,816
cat_M3482_C14755_L-6.xml,drilldown/pl_id_3482/L-6,23-03-2013 17:11:32,620
cat_M3482_C14756_L-6.xml,drilldown/pl_id_3482/L-6,23-03-2013 17:11:32,618
cat_M3482_C14757_L-6.xml,drilldown/pl_id_3482/L-6,23-03-2013 17:11:32,620
cat_M3482_C14780_L-6.xml,drilldown/pl_id_3482/L-6,23-03-2013 17:11:32,620
cat_M3482_C14928_L-6.xml,drilldown/pl_id_3482/L-6,03-08-2013 17:12:02,816
Itm_M3482_C10124_I3_L-6.xml,drilldown/pl_id_3482/L-6,27-07-2013 17:12:04,467
Itm_M3482_C10244_I14_L-6.xml,drilldown/pl_id_3482/L-6,27-07-2013 17:12:04,1040
Itm_M3482_C10244_I19_L-6.xml,drilldown/pl_id_3482/L-6,16-03-2013 17:11:36,2753
Itm_M3482_C10244_I21_L-6.xml,drilldown/pl_id_3482/L-6,27-07-2013 17:12:04,288
Itm_M3482_C10303_I3_L-6.xml,drilldown/pl_id_3482/L-6,21-09-2013 17:12:08,136
Itm_M3482_C10303_I4_L-6.xml,drilldown/pl_id_3482/L-6,16-09-2013 09:58:34,228
Itm_M3482_C10303_I6_L-6.xml,drilldown/pl_id_3482/L-6,21-09-2013 17:12:08,228
Itm_M3482_C10373_I1_L-6.xml,drilldown/pl_id_3482/L-6,17-08-2013 17:12:02,3362
Itm_M3482_C10407_I7_L-6.xml,drilldown/pl_id_3482/L-6,21-09-2013 17:12:08,296
Itm_M3482_C10463_I3_L-6.xml,drilldown/pl_id_3482/L-6,20-04-2013 17:11:44,951
Itm_M3482_C10531_I2_L-6.xml,drilldown/pl_id_3482/L-6,20-07-2013 17:12:00,640
Itm_M3482_C10531_I3_L-6.xml,drilldown/pl_id_3482/L-6,20-07-2013 17:12:00,444
Itm_M3482_C10543_I3_L-6.xml,drilldown/pl_id_3482/L-6,06-07-2013 17:11:56,3880
Itm_M3482_C10588_I11_L-6.xml,drilldown/pl_id_3482/L-6,29-04-2013 17:12:42,922
Itm_M3482_C10590_I0_L-6.xml,drilldown/pl_id_3482/L-6,27-07-2013 17:12:04,411
Itm_M3482_C10590_I2_L-6.xml,drilldown/pl_id_3482/L-6,27-07-2013 17:12:04,618
Itm_M3482_C10627_I1_L-6.xml,drilldown/pl_id_3482/L-6,29-04-2013 17:12:42,1208
Itm_M3482_C10627_I5_L-6.xml,drilldown/pl_id_3482/L-6,20-04-2013 17:11:44,971
Itm_M3482_C10652_I5_L-6.xml,drilldown/pl_id_3482/L-6,29-04-2013 17:12:42,1392
Itm_M3482_C11707_I1_L-6.xml,drilldown/pl_id_3482/L-6,16-09-2013 09:58:34,413
Itm_M3482_C11718_I2_L-6.xml,drilldown/pl_id_3482/L-6,20-07-2013 17:12:00,638
Itm_M3482_C11718_I3_L-6.xml,drilldown/pl_id_3482/L-6,20-07-2013 17:12:00,555
Itm_M3482_C11718_I4_L-6.xml,drilldown/pl_id_3482/L-6,20-07-2013 17:12:00,444
Itm_M3482_C12035_I11_L-6.xml,drilldown/pl_id_3482/L-6,13-04-2013 17:11:38,282
Itm_M3482_C12035_I12_L-6.xml,drilldown/pl_id_3482/L-6,13-04-2013 17:11:38,297
Itm_M3482_C12043_I2_L-6.xml,drilldown/pl_id_3482/L-6,20-07-2013 17:12:00,2105
Itm_M3482_C12163_I2_L-6.xml,drilldown/pl_id_3482/L-6,20-07-2013 17:12:00,463
Itm_M3482_C12312_I0_L-6.xml,drilldown/pl_id_3482/L-6,20-07-2013 17:12:00,610
Itm_M3482_C12368_I2_L-6.xml,drilldown/pl_id_3482/L-6,13-04-2013 17:11:38,237
Itm_M3482_C12368_I3_L-6.xml,drilldown/pl_id_3482/L-6,20-04-2013 17:11:44,475
Itm_M3482_C12368_I4_L-6.xml,drilldown/pl_id_3482/L-6,20-04-2013 17:11:44,487
Itm_M3482_C12368_I5_L-6.xml,drilldown/pl_id_3482/L-6,20-04-2013 17:11:44,305
Itm_M3482_C12852_I1_L-6.xml,drilldown/pl_id_3482/L-6,17-08-2013 17:12:02,7737
Itm_M3482_C13359_I3_L-6.xml,drilldown/pl_id_3482/L-6,16-09-2013 09:58:34,371
Itm_M3482_C13361_I3_L-6.xml,drilldown/pl_id_3482/L-6,16-09-2013 09:58:34,139
Itm_M3482_C13361_I4_L-6.xml,drilldown/pl_id_3482/L-6,16-09-2013 09:58:34,1422
Itm_M3482_C13363_I0_L-6.xml,drilldown/pl_id_3482/L-6,20-07-2013 17:12:00,218
Itm_M3482_C13363_I2_L-6.xml,drilldown/pl_id_3482/L-6,20-04-2013 17:11:44,138
Itm_M3482_C13363_I3_L-6.xml,drilldown/pl_id_3482/L-6,20-07-2013 17:12:00,555
Itm_M3482_C13363_I4_L-6.xml,drilldown/pl_id_3482/L-6,20-07-2013 17:12:00,444
Itm_M3482_C13364_I2_L-6.xml,drilldown/pl_id_3482/L-6,20-07-2013 17:12:00,463
Itm_M3482_C13520_I20_L-6.xml,drilldown/pl_id_3482/L-6,20-07-2013 17:12:00,632
Itm_M3482_C13520_I21_L-6.xml,drilldown/pl_id_3482/L-6,20-07-2013 17:12:00,575
Itm_M3482_C13520_I22_L-6.xml,drilldown/pl_id_3482/L-6,20-07-2013 17:12:00,289
Itm_M3482_C13520_I23_L-6.xml,drilldown/pl_id_3482/L-6,20-07-2013 17:12:00,141
Itm_M3482_C13760_I2_L-6.xml,drilldown/pl_id_3482/L-6,20-07-2013 17:12:00,531
Itm_M3482_C13771_I10_L-6.xml,drilldown/pl_id_3482/L-6,25-05-2013 17:11:48,986
Itm_M3482_C13771_I5_L-6.xml,drilldown/pl_id_3482/L-6,21-09-2013 17:12:08,296
Itm_M3482_C13781_I0_L-6.xml,drilldown/pl_id_3482/L-6,20-07-2013 17:12:00,306
Itm_M3482_C13781_I16_L-6.xml,drilldown/pl_id_3482/L-6,20-04-2013 17:11:44,1359
Itm_M3482_C13781_I17_L-6.xml,drilldown/pl_id_3482/L-6,13-04-2013 17:11:38,833
Itm_M3482_C13781_I9_L-6.xml,drilldown/pl_id_3482/L-6,07-09-2013 17:12:08,188
Itm_M3482_C13932_I1_L-6.xml,drilldown/pl_id_3482/L-6,20-07-2013 17:12:00,3984
Itm_M3482_C14740_I2_L-6.xml,drilldown/pl_id_3482/L-6,20-07-2013 17:12:00,340
Itm_M3482_C14742_I10_L-6.xml,drilldown/pl_id_3482/L-6,07-09-2013 17:12:08,4859
Itm_M3482_C14742_I1_L-6.xml,drilldown/pl_id_3482/L-6,07-09-2013 17:12:08,913
Itm_M3482_C14742_I6_L-6.xml,drilldown/pl_id_3482/L-6,03-08-2013 17:12:02,1495
Itm_M3482_C14742_I7_L-6.xml,drilldown/pl_id_3482/L-6,07-09-2013 17:12:08,920
Itm_M3482_C14742_I81_L-6.xml,drilldown/pl_id_3482/L-6,07-09-2013 17:12:08,957
Itm_M3482_C14745_I2_L-6.xml,drilldown/pl_id_3482/L-6,07-09-2013 17:12:08,591
Itm_M3482_C14745_I3_L-6.xml,drilldown/pl_id_3482/L-6,07-09-2013 17:12:08,652
Itm_M3482_C14745_I4_L-6.xml,drilldown/pl_id_3482/L-6,07-09-2013 17:12:08,792
Itm_M3482_C14745_I5_L-6.xml,drilldown/pl_id_3482/L-6,07-09-2013 17:12:08,607
Itm_M3482_C14747_I3_L-6.xml,drilldown/pl_id_3482/L-6,13-04-2013 17:11:38,551
Itm_M3482_C14749_I0_L-6.xml,drilldown/pl_id_3482/L-6,20-04-2013 17:11:44,3279
Itm_M3482_C14752_I2_L-6.xml,drilldown/pl_id_3482/L-6,08-06-2013 17:11:48,320
Itm_M3482_C14752_I3_L-6.xml,drilldown/pl_id_3482/L-6,08-06-2013 17:11:48,248
Itm_M3482_C14752_I5_L-6.xml,drilldown/pl_id_3482/L-6,20-07-2013 17:12:00,231
Itm_M3482_C14752_I6_L-6.xml,drilldown/pl_id_3482/L-6,08-06-2013 17:11:48,138
Itm_M3482_C14752_I7_L-6.xml,drilldown/pl_id_3482/L-6,08-06-2013 17:11:48,137
Itm_M3482_C14752_I8_L-6.xml,drilldown/pl_id_3482/L-6,21-09-2013 17:12:08,243
Itm_M3482_C14752_I9_L-6.xml,drilldown/pl_id_3482/L-6,21-09-2013 17:12:08,242
Itm_M3482_C14753_I1_L-6.xml,drilldown/pl_id_3482/L-6,11-05-2013 17:11:42,476
Itm_M3482_C14780_I1_L-6.xml,drilldown/pl_id_3482/L-6,23-03-2013 17:11:32,342
Itm_M3482_C14780_I2_L-6.xml,drilldown/pl_id_3482/L-6,20-04-2013 17:11:44,358
Itm_M3482_C14780_I3_L-6.xml,drilldown/pl_id_3482/L-6,29-04-2013 17:12:42,834
Itm_M3482_C14780_I4_L-6.xml,drilldown/pl_id_3482/L-6,20-04-2013 17:11:44,255
Itm_M3482_C14780_I5_L-6.xml,drilldown/pl_id_3482/L-6,20-04-2013 17:11:44,138
Itm_M3482_C14928_I0_L-6.xml,drilldown/pl_id_3482/L-6,03-08-2013 17:12:02,1394
Itm_M3482_C3483_I0_L-6.xml,drilldown/pl_id_3482/L-6,27-07-2013 17:12:04,666
Itm_M3482_C3483_I11_L-6.xml,drilldown/pl_id_3482/L-6,27-07-2013 17:12:04,1392
Itm_M3482_C3483_I4_L-6.xml,drilldown/pl_id_3482/L-6,27-07-2013 17:12:04,4960
Itm_M3482_C7192_I23_L-6.xml,drilldown/pl_id_3482/L-6,21-09-2013 17:12:08,234
Itm_M3482_C7460_I10_L-6.xml,drilldown/pl_id_3482/L-6,16-09-2013 09:58:34,140
Itm_M3482_C7460_I7_L-6.xml,drilldown/pl_id_3482/L-6,27-07-2013 17:12:04,273
Itm_M3482_C7460_I8_L-6.xml,drilldown/pl_id_3482/L-6,27-07-2013 17:12:04,278
Itm_M3482_C7460_I9_L-6.xml,drilldown/pl_id_3482/L-6,21-09-2013 17:12:08,211
Itm_M3482_C7540_I4_L-6.xml,drilldown/pl_id_3482/L-6,25-05-2013 17:11:48,579
Itm_M3482_C7948_I1_L-6.xml,drilldown/pl_id_3482/L-6,30-03-2013 17:11:58,2047
Itm_M3482_C7950_I2_L-6.xml,drilldown/pl_id_3482/L-6,13-07-2013 17:11:56,1326
Itm_M3482_C7950_I3_L-6.xml,drilldown/pl_id_3482/L-6,21-09-2013 17:12:08,6647
Itm_M3482_C9215_I1_L-6.xml,drilldown/pl_id_3482/L-6,27-07-2013 17:12:04,295
Itm_M3482_C9215_I43_L-6.xml,drilldown/pl_id_3482/L-6,20-07-2013 17:12:00,207
Itm_M3482_C9249_I0_L-6.xml,drilldown/pl_id_3482/L-6,27-07-2013 17:12:04,1450
Itm_M3482_C9249_I15_L-6.xml,drilldown/pl_id_3482/L-6,27-07-2013 17:12:04,7719
Itm_M3482_C9249_I4_L-6.xml,drilldown/pl_id_3482/L-6,27-07-2013 17:12:04,1360
Itm_M3482_C9403_I2_L-6.xml,drilldown/pl_id_3482/L-6,17-06-2013 07:54:18,265
Itm_M3482_C9450_I0_L-6.xml,drilldown/pl_id_3482/L-6,27-07-2013 17:12:04,1724
Itm_M3482_C9518_I3_L-6.xml,drilldown/pl_id_3482/L-6,20-07-2013 17:12:00,5054
Itm_M3482_C9519_I4_L-6.xml,drilldown/pl_id_3482/L-6,20-07-2013 17:12:00,3694
Itm_M3482_C9520_I4_L-6.xml,drilldown/pl_id_3482/L-6,03-08-2013 17:12:02,635
Itm_M3482_C9520_I7_L-6.xml,drilldown/pl_id_3482/L-6,20-07-2013 17:12:00,2701
Itm_M3482_C9607_I26_L-6.xml,drilldown/pl_id_3482/L-6,20-07-2013 17:12:00,293
Itm_M3482_C9607_I2_L-6.xml,drilldown/pl_id_3482/L-6,20-07-2013 17:12:00,687
Itm_M3482_C9607_I42_L-6.xml,drilldown/pl_id_3482/L-6,20-07-2013 17:12:00,640
Itm_M3482_C9607_I43_L-6.xml,drilldown/pl_id_3482/L-6,20-07-2013 17:12:00,665
Itm_M3482_C9609_I1_L-6.xml,drilldown/pl_id_3482/L-6,27-07-2013 17:12:04,295
Itm_M3482_C9609_I28_L-6.xml,drilldown/pl_id_3482/L-6,20-07-2013 17:12:00,207
Itm_M3482_C9611_I26_L-6.xml,drilldown/pl_id_3482/L-6,20-07-2013 17:12:00,207
Itm_M3482_C9613_I30_L-6.xml,drilldown/pl_id_3482/L-6,20-07-2013 17:12:00,207
Itm_M3482_C9613_I3_L-6.xml,drilldown/pl_id_3482/L-6,20-07-2013 17:12:00,214
Itm_M3482_C9690_I2_L-6.xml,drilldown/pl_id_3482/L-6,16-03-2013 17:11:36,1150
Itm_M3482_C9731_I1_L-6.xml,drilldown/pl_id_3482/L-6,27-07-2013 17:12:04,4031
Itm_M3482_C9759_I13_L-6.xml,drilldown/pl_id_3482/L-6,20-07-2013 17:12:00,207
Itm_M3482_C9759_I1_L-6.xml,drilldown/pl_id_3482/L-6,20-07-2013 17:12:00,764
Itm_M3482_C9759_I24_L-6.xml,drilldown/pl_id_3482/L-6,20-07-2013 17:12:00,485
Itm_M3482_C9759_I25_L-6.xml,drilldown/pl_id_3482/L-6,20-07-2013 17:12:00,289
Itm_M3482_C9759_I26_L-6.xml,drilldown/pl_id_3482/L-6,20-07-2013 17:12:00,359
Itm_M3482_C9759_I27_L-6.xml,drilldown/pl_id_3482/L-6,20-07-2013 17:12:00,141
Itm_M3482_C9759_I2_L-6.xml,drilldown/pl_id_3482/L-6,20-07-2013 17:12:00,813
Itm_M3482_C9769_I3_L-6.xml,drilldown/pl_id_3482/L-6,27-07-2013 17:12:04,139
Itm_M3482_C9783_I1_L-6.xml,drilldown/pl_id_3482/L-6,20-07-2013 17:12:00,12867
Itm_M3482_C9784_I0_L-6.xml,drilldown/pl_id_3482/L-6,20-07-2013 17:12:00,786
Itm_M3482_C9784_I1_L-6.xml,drilldown/pl_id_3482/L-6,20-07-2013 17:12:00,10061
Itm_M3482_C9825_I2_L-6.xml,drilldown/pl_id_3482/L-6,29-04-2013 17:12:42,7861
Itm_M3482_C9825_I3_L-6.xml,drilldown/pl_id_3482/L-6,20-04-2013 17:11:44,7625
Itm_M3482_C9827_I3_L-6.xml,drilldown/pl_id_3482/L-6,16-09-2013 09:58:34,10546
Itm_M3482_C9827_I4_L-6.xml,drilldown/pl_id_3482/L-6,20-07-2013 17:12:00,723
Itm_M3482_C9982_I3_L-6.xml,drilldown/pl_id_3482/L-6,21-09-2013 17:12:08,296
Itm_M3482_C9984_I5_L-6.xml,drilldown/pl_id_3482/L-6,21-09-2013 17:12:08,296
tl_M3482_C10531_L-6.xml,drilldown/pl_id_3482/L-6,20-07-2013 17:12:00,430
tl_M3482_C10588_L-6.xml,drilldown/pl_id_3482/L-6,29-04-2013 17:12:42,1973
tl_M3482_C10590_L-6.xml,drilldown/pl_id_3482/L-6,27-07-2013 17:12:04,1621
tl_M3482_C10627_L-6.xml,drilldown/pl_id_3482/L-6,29-04-2013 17:12:42,1421
tl_M3482_C10652_L-6.xml,drilldown/pl_id_3482/L-6,29-04-2013 17:12:42,1190
tl_M3482_C11718_L-6.xml,drilldown/pl_id_3482/L-6,20-07-2013 17:12:00,592
tl_M3482_C12035_L-6.xml,drilldown/pl_id_3482/L-6,13-04-2013 17:11:38,2236
tl_M3482_C12312_L-6.xml,drilldown/pl_id_3482/L-6,20-07-2013 17:12:00,365
tl_M3482_C12368_L-6.xml,drilldown/pl_id_3482/L-6,20-04-2013 17:11:44,654
tl_M3482_C13361_L-6.xml,drilldown/pl_id_3482/L-6,16-09-2013 09:58:34,604
tl_M3482_C13363_L-6.xml,drilldown/pl_id_3482/L-6,20-07-2013 17:12:00,567
tl_M3482_C13520_L-6.xml,drilldown/pl_id_3482/L-6,20-07-2013 17:12:00,3140
tl_M3482_C13771_L-6.xml,drilldown/pl_id_3482/L-6,25-05-2013 17:11:48,1565
tl_M3482_C13781_L-6.xml,drilldown/pl_id_3482/L-6,20-07-2013 17:12:00,1939
tl_M3482_C14740_L-6.xml,drilldown/pl_id_3482/L-6,20-04-2013 17:11:44,444
tl_M3482_C14742_L-6.xml,drilldown/pl_id_3482/L-6,07-09-2013 17:12:08,1486
tl_M3482_C14745_L-6.xml,drilldown/pl_id_3482/L-6,07-09-2013 17:12:08,882
tl_M3482_C14749_L-6.xml,drilldown/pl_id_3482/L-6,20-04-2013 17:11:44,91
tl_M3482_C14751_L-6.xml,drilldown/pl_id_3482/L-6,20-07-2013 17:12:00,204
tl_M3482_C14752_L-6.xml,drilldown/pl_id_3482/L-6,21-09-2013 17:12:08,978
tl_M3482_C14753_L-6.xml,drilldown/pl_id_3482/L-6,11-05-2013 17:11:42,412
tl_M3482_C14757_L-6.xml,drilldown/pl_id_3482/L-6,29-06-2013 17:11:58,350
tl_M3482_C14780_L-6.xml,drilldown/pl_id_3482/L-6,20-04-2013 17:11:44,588
tl_M3482_C14928_L-6.xml,drilldown/pl_id_3482/L-6,03-08-2013 17:12:02,91
tl_M3482_C3483_L-6.xml,drilldown/pl_id_3482/L-6,27-07-2013 17:12:04,1996
tl_M3482_C9249_L-6.xml,drilldown/pl_id_3482/L-6,27-07-2013 17:12:04,2767
tl_M3482_C9450_L-6.xml,drilldown/pl_id_3482/L-6,27-07-2013 17:12:04,1405
tl_M3482_C9607_L-6.xml,drilldown/pl_id_3482/L-6,20-07-2013 17:12:00,6110
tl_M3482_C9731_L-6.xml,drilldown/pl_id_3482/L-6,27-07-2013 17:12:04,644
tl_M3482_C9759_L-6.xml,drilldown/pl_id_3482/L-6,20-07-2013 17:12:00,3680
tl_M3482_C9784_L-6.xml,drilldown/pl_id_3482/L-6,20-07-2013 17:12:00,507
tl_M3482_C9825_L-6.xml,drilldown/pl_id_3482/L-6,20-04-2013 17:11:44,1060
tl_M3482_C9827_L-6.xml,drilldown/pl_id_3482/L-6,20-07-2013 17:12:00,1076
cat_M4441_C10247_L-6.xml,drilldown/pl_id_4441/L-6,11-05-2013 17:11:42,1232
cat_M4441_C10416_L-6.xml,drilldown/pl_id_4441/L-6,11-05-2013 17:11:42,1232
Itm_M4441_C10009_I6_L-6.xml,drilldown/pl_id_4441/L-6,16-03-2013 17:11:36,684
Itm_M4441_C10044_I7_L-6.xml,drilldown/pl_id_4441/L-6,31-08-2013 17:11:56,390
Itm_M4441_C10055_I9_L-6.xml,drilldown/pl_id_4441/L-6,31-08-2013 17:11:56,496
Itm_M4441_C10064_I1_L-6.xml,drilldown/pl_id_4441/L-6,20-04-2013 17:11:44,35670
Itm_M4441_C10064_I2_L-6.xml,drilldown/pl_id_4441/L-6,20-04-2013 17:11:44,464
Itm_M4441_C10064_I4_L-6.xml,drilldown/pl_id_4441/L-6,20-04-2013 17:11:44,2776
Itm_M4441_C10064_I8_L-6.xml,drilldown/pl_id_4441/L-6,20-04-2013 17:11:44,461
Itm_M4441_C10072_I2_L-6.xml,drilldown/pl_id_4441/L-6,10-08-2013 17:12:00,1205
Itm_M4441_C10073_I6_L-6.xml,drilldown/pl_id_4441/L-6,20-04-2013 17:11:44,4425
Itm_M4441_C10074_I1_L-6.xml,drilldown/pl_id_4441/L-6,16-09-2013 09:58:34,40317
Itm_M4441_C10078_I13_L-6.xml,drilldown/pl_id_4441/L-6,21-09-2013 17:12:08,275
Itm_M4441_C10078_I8_L-6.xml,drilldown/pl_id_4441/L-6,16-09-2013 09:58:34,345
Itm_M4441_C10078_I9_L-6.xml,drilldown/pl_id_4441/L-6,21-09-2013 17:12:08,351
Itm_M4441_C10086_I2_L-6.xml,drilldown/pl_id_4441/L-6,13-07-2013 17:11:56,1230
Itm_M4441_C10097_I18_L-6.xml,drilldown/pl_id_4441/L-6,21-09-2013 17:12:08,755
Itm_M4441_C10107_I20_L-6.xml,drilldown/pl_id_4441/L-6,31-08-2013 17:11:56,629
Itm_M4441_C10110_I17_L-6.xml,drilldown/pl_id_4441/L-6,21-09-2013 17:12:08,647
Itm_M4441_C10122_I1_L-6.xml,drilldown/pl_id_4441/L-6,08-06-2013 17:11:48,60923
Itm_M4441_C10135_I2_L-6.xml,drilldown/pl_id_4441/L-6,08-06-2013 17:11:48,1809
Itm_M4441_C10155_I1_L-6.xml,drilldown/pl_id_4441/L-6,16-09-2013 09:58:34,12136
Itm_M4441_C10183_I1_L-6.xml,drilldown/pl_id_4441/L-6,07-09-2013 17:12:08,76482
Itm_M4441_C10189_I1_L-6.xml,drilldown/pl_id_4441/L-6,20-04-2013 17:11:44,36319
Itm_M4441_C10221_I4_L-6.xml,drilldown/pl_id_4441/L-6,13-07-2013 17:11:56,3139
Itm_M4441_C10221_I8_L-6.xml,drilldown/pl_id_4441/L-6,20-05-2013 14:09:24,3379
Itm_M4441_C10221_I9_L-6.xml,drilldown/pl_id_4441/L-6,20-05-2013 14:09:24,3700
Itm_M4441_C10234_I11_L-6.xml,drilldown/pl_id_4441/L-6,20-04-2013 17:11:44,470
Itm_M4441_C10235_I1_L-6.xml,drilldown/pl_id_4441/L-6,01-06-2013 17:11:48,625
Itm_M4441_C10236_I3_L-6.xml,drilldown/pl_id_4441/L-6,01-06-2013 17:11:48,3209
Itm_M4441_C10236_I6_L-6.xml,drilldown/pl_id_4441/L-6,16-09-2013 09:58:34,139
Itm_M4441_C10237_I2_L-6.xml,drilldown/pl_id_4441/L-6,30-03-2013 17:11:58,1725
Itm_M4441_C10237_I9_L-6.xml,drilldown/pl_id_4441/L-6,01-06-2013 17:11:48,835
Itm_M4441_C10240_I3_L-6.xml,drilldown/pl_id_4441/L-6,07-09-2013 17:12:08,136
Itm_M4441_C10240_I5_L-6.xml,drilldown/pl_id_4441/L-6,21-09-2013 17:12:08,149
Itm_M4441_C10247_I1_L-6.xml,drilldown/pl_id_4441/L-6,20-04-2013 17:11:44,200852
Itm_M4441_C10260_I4_L-6.xml,drilldown/pl_id_4441/L-6,21-09-2013 17:12:08,333
Itm_M4441_C10269_I3_L-6.xml,drilldown/pl_id_4441/L-6,16-09-2013 09:58:34,137
Itm_M4441_C10279_I6_L-6.xml,drilldown/pl_id_4441/L-6,21-09-2013 17:12:08,194
Itm_M4441_C10293_I1_L-6.xml,drilldown/pl_id_4441/L-6,20-04-2013 17:11:44,50996
Itm_M4441_C10296_I6_L-6.xml,drilldown/pl_id_4441/L-6,23-03-2013 17:11:32,634
Itm_M4441_C10317_I1_L-6.xml,drilldown/pl_id_4441/L-6,20-04-2013 17:11:44,21899
Itm_M4441_C10323_I1_L-6.xml,drilldown/pl_id_4441/L-6,30-03-2013 17:11:58,502
Itm_M4441_C10326_I1_L-6.xml,drilldown/pl_id_4441/L-6,07-09-2013 17:12:08,497
Itm_M4441_C10366_I2_L-6.xml,drilldown/pl_id_4441/L-6,11-05-2013 17:11:42,1513
Itm_M4441_C10415_I3_L-6.xml,drilldown/pl_id_4441/L-6,21-09-2013 17:12:08,253
Itm_M4441_C10415_I7_L-6.xml,drilldown/pl_id_4441/L-6,21-09-2013 17:12:08,285
Itm_M4441_C10416_I1_L-6.xml,drilldown/pl_id_4441/L-6,20-04-2013 17:11:44,170698
Itm_M4441_C10422_I2_L-6.xml,drilldown/pl_id_4441/L-6,06-07-2013 17:11:56,1197
Itm_M4441_C10446_I3_L-6.xml,drilldown/pl_id_4441/L-6,21-09-2013 17:12:08,137
Itm_M4441_C10610_I1_L-6.xml,drilldown/pl_id_4441/L-6,20-04-2013 17:11:44,17760
Itm_M4441_C10622_I5_L-6.xml,drilldown/pl_id_4441/L-6,13-07-2013 17:11:56,231
Itm_M4441_C10624_I2_L-6.xml,drilldown/pl_id_4441/L-6,07-09-2013 17:12:08,138
Itm_M4441_C11543_I1_L-6.xml,drilldown/pl_id_4441/L-6,03-08-2013 17:12:02,4306
Itm_M4441_C11554_I9_L-6.xml,drilldown/pl_id_4441/L-6,16-03-2013 17:11:36,2156
Itm_M4441_C11556_I1_L-6.xml,drilldown/pl_id_4441/L-6,21-09-2013 17:12:08,758
Itm_M4441_C11568_I2_L-6.xml,drilldown/pl_id_4441/L-6,20-04-2013 17:11:44,695
Itm_M4441_C11993_I2_L-6.xml,drilldown/pl_id_4441/L-6,17-08-2013 17:12:02,600
Itm_M4441_C12141_I1_L-6.xml,drilldown/pl_id_4441/L-6,08-06-2013 17:11:48,413
Itm_M4441_C12301_I4_L-6.xml,drilldown/pl_id_4441/L-6,29-06-2013 17:11:58,677
Itm_M4441_C12391_I6_L-6.xml,drilldown/pl_id_4441/L-6,23-03-2013 17:11:32,1633
Itm_M4441_C12490_I1_L-6.xml,drilldown/pl_id_4441/L-6,20-04-2013 17:11:44,1564
Itm_M4441_C12491_I3_L-6.xml,drilldown/pl_id_4441/L-6,21-09-2013 17:12:08,192
Itm_M4441_C12491_I4_L-6.xml,drilldown/pl_id_4441/L-6,21-09-2013 17:12:08,192
Itm_M4441_C12491_I5_L-6.xml,drilldown/pl_id_4441/L-6,31-08-2013 17:11:56,193
Itm_M4441_C12491_I6_L-6.xml,drilldown/pl_id_4441/L-6,21-09-2013 17:12:08,193
Itm_M4441_C12491_I7_L-6.xml,drilldown/pl_id_4441/L-6,21-09-2013 17:12:08,272
Itm_M4441_C4442_I2_L-6.xml,drilldown/pl_id_4441/L-6,31-08-2013 17:11:56,483
Itm_M4441_C4442_I5_L-6.xml,drilldown/pl_id_4441/L-6,31-08-2013 17:11:56,582
Itm_M4441_C6813_I13_L-6.xml,drilldown/pl_id_4441/L-6,21-09-2013 17:12:08,140
Itm_M4441_C6814_I10_L-6.xml,drilldown/pl_id_4441/L-6,07-09-2013 17:12:08,234
Itm_M4441_C6814_I11_L-6.xml,drilldown/pl_id_4441/L-6,10-08-2013 17:12:00,234
Itm_M4441_C6814_I4_L-6.xml,drilldown/pl_id_4441/L-6,21-09-2013 17:12:08,136
Itm_M4441_C6814_I6_L-6.xml,drilldown/pl_id_4441/L-6,21-09-2013 17:12:08,138
Itm_M4441_C6814_I8_L-6.xml,drilldown/pl_id_4441/L-6,21-09-2013 17:12:08,434
Itm_M4441_C6814_I9_L-6.xml,drilldown/pl_id_4441/L-6,21-09-2013 17:12:08,288
Itm_M4441_C7723_I11_L-6.xml,drilldown/pl_id_4441/L-6,21-09-2013 17:12:08,904
Itm_M4441_C7723_I13_L-6.xml,drilldown/pl_id_4441/L-6,21-09-2013 17:12:08,138
Itm_M4441_C7823_I3_L-6.xml,drilldown/pl_id_4441/L-6,21-09-2013 17:12:08,230
Itm_M4441_C8106_I2_L-6.xml,drilldown/pl_id_4441/L-6,31-08-2013 17:11:56,749
Itm_M4441_C8430_I17_L-6.xml,drilldown/pl_id_4441/L-6,16-09-2013 09:58:34,361
Itm_M4441_C8430_I18_L-6.xml,drilldown/pl_id_4441/L-6,21-09-2013 17:12:08,140
Itm_M4441_C8430_I19_L-6.xml,drilldown/pl_id_4441/L-6,16-09-2013 09:58:34,226
Itm_M4441_C8430_I20_L-6.xml,drilldown/pl_id_4441/L-6,21-09-2013 17:12:08,538
Itm_M4441_C8430_I21_L-6.xml,drilldown/pl_id_4441/L-6,21-09-2013 17:12:08,138
Itm_M4441_C8430_I3_L-6.xml,drilldown/pl_id_4441/L-6,16-09-2013 09:58:34,216
Itm_M4441_C8430_I4_L-6.xml,drilldown/pl_id_4441/L-6,16-09-2013 09:58:34,313
Itm_M4441_C8430_I5_L-6.xml,drilldown/pl_id_4441/L-6,21-09-2013 17:12:08,224
Itm_M4441_C8430_I6_L-6.xml,drilldown/pl_id_4441/L-6,21-09-2013 17:12:08,402
Itm_M4441_C8430_I7_L-6.xml,drilldown/pl_id_4441/L-6,21-09-2013 17:12:08,234
Itm_M4441_C8430_I8_L-6.xml,drilldown/pl_id_4441/L-6,21-09-2013 17:12:08,392
Itm_M4441_C8430_I9_L-6.xml,drilldown/pl_id_4441/L-6,07-09-2013 17:12:08,222
Itm_M4441_C8822_I12_L-6.xml,drilldown/pl_id_4441/L-6,22-06-2013 17:11:52,192
Itm_M4441_C8824_I5_L-6.xml,drilldown/pl_id_4441/L-6,22-06-2013 17:11:52,322
Itm_M4441_C8843_I2_L-6.xml,drilldown/pl_id_4441/L-6,16-09-2013 09:58:34,138
Itm_M4441_C8889_I8_L-6.xml,drilldown/pl_id_4441/L-6,21-09-2013 17:12:08,735
Itm_M4441_C8956_I5_L-6.xml,drilldown/pl_id_4441/L-6,30-03-2013 17:11:58,395
Itm_M4441_C8986_I2_L-6.xml,drilldown/pl_id_4441/L-6,11-05-2013 17:11:42,2200
Itm_M4441_C9177_I2_L-6.xml,drilldown/pl_id_4441/L-6,07-09-2013 17:12:08,234
Itm_M4441_C9177_I3_L-6.xml,drilldown/pl_id_4441/L-6,07-09-2013 17:12:08,222
Itm_M4441_C9177_I5_L-6.xml,drilldown/pl_id_4441/L-6,16-09-2013 09:58:34,204
Itm_M4441_C9284_I6_L-6.xml,drilldown/pl_id_4441/L-6,21-09-2013 17:12:08,136
Itm_M4441_C9287_I9_L-6.xml,drilldown/pl_id_4441/L-6,01-06-2013 17:11:48,1162
Itm_M4441_C9350_I2_L-6.xml,drilldown/pl_id_4441/L-6,16-09-2013 09:58:34,276
Itm_M4441_C9385_I2_L-6.xml,drilldown/pl_id_4441/L-6,03-08-2013 17:12:02,459
Itm_M4441_C9385_I3_L-6.xml,drilldown/pl_id_4441/L-6,21-09-2013 17:12:08,193
Itm_M4441_C9423_I2_L-6.xml,drilldown/pl_id_4441/L-6,31-08-2013 17:11:56,1186
Itm_M4441_C9435_I12_L-6.xml,drilldown/pl_id_4441/L-6,27-07-2013 17:12:04,646
Itm_M4441_C9435_I2_L-6.xml,drilldown/pl_id_4441/L-6,16-03-2013 17:11:36,1158
Itm_M4441_C9440_I11_L-6.xml,drilldown/pl_id_4441/L-6,16-03-2013 17:11:36,247
Itm_M4441_C9440_I2_L-6.xml,drilldown/pl_id_4441/L-6,11-05-2013 17:11:42,2380
Itm_M4441_C9440_I7_L-6.xml,drilldown/pl_id_4441/L-6,31-08-2013 17:11:56,1515
Itm_M4441_C9459_I1_L-6.xml,drilldown/pl_id_4441/L-6,20-04-2013 17:11:44,3124
Itm_M4441_C9480_I17_L-6.xml,drilldown/pl_id_4441/L-6,16-03-2013 17:11:36,247
Itm_M4441_C9490_I5_L-6.xml,drilldown/pl_id_4441/L-6,17-08-2013 17:12:02,2309
Itm_M4441_C9521_I12_L-6.xml,drilldown/pl_id_4441/L-6,16-03-2013 17:11:36,247
Itm_M4441_C9532_I11_L-6.xml,drilldown/pl_id_4441/L-6,21-09-2013 17:12:08,204
Itm_M4441_C9532_I7_L-6.xml,drilldown/pl_id_4441/L-6,10-08-2013 17:12:00,809
Itm_M4441_C9534_I14_L-6.xml,drilldown/pl_id_4441/L-6,13-04-2013 17:11:38,364
Itm_M4441_C9534_I3_L-6.xml,drilldown/pl_id_4441/L-6,16-09-2013 09:58:34,138
Itm_M4441_C9534_I4_L-6.xml,drilldown/pl_id_4441/L-6,21-09-2013 17:12:08,137
Itm_M4441_C9552_I2_L-6.xml,drilldown/pl_id_4441/L-6,16-09-2013 09:58:34,138
Itm_M4441_C9648_I5_L-6.xml,drilldown/pl_id_4441/L-6,29-04-2013 17:12:42,9914
Itm_M4441_C9658_I16_L-6.xml,drilldown/pl_id_4441/L-6,01-06-2013 17:11:48,389
Itm_M4441_C9672_I1_L-6.xml,drilldown/pl_id_4441/L-6,13-07-2013 17:11:56,1253
Itm_M4441_C9723_I5_L-6.xml,drilldown/pl_id_4441/L-6,27-07-2013 17:12:04,4273
Itm_M4441_C9778_I1_L-6.xml,drilldown/pl_id_4441/L-6,21-09-2013 17:12:08,960
Itm_M4441_C9778_I9_L-6.xml,drilldown/pl_id_4441/L-6,21-09-2013 17:12:08,364
Itm_M4441_C9872_I7_L-6.xml,drilldown/pl_id_4441/L-6,07-09-2013 17:12:08,306
Itm_M4441_C9872_I8_L-6.xml,drilldown/pl_id_4441/L-6,07-09-2013 17:12:08,264
Itm_M4441_C9872_I9_L-6.xml,drilldown/pl_id_4441/L-6,21-09-2013 17:12:08,136
Itm_M4441_C9876_I1_L-6.xml,drilldown/pl_id_4441/L-6,23-03-2013 17:11:32,6509
Itm_M4441_C9923_I1_L-6.xml,drilldown/pl_id_4441/L-6,10-08-2013 17:12:00,1094
Itm_M4441_C9923_I6_L-6.xml,drilldown/pl_id_4441/L-6,20-04-2013 17:11:44,322
Itm_M4441_C9935_I18_L-6.xml,drilldown/pl_id_4441/L-6,16-03-2013 17:11:36,1557
Itm_M4441_C9952_I10_L-6.xml,drilldown/pl_id_4441/L-6,16-09-2013 09:58:34,316
Itm_M4441_C9952_I9_L-6.xml,drilldown/pl_id_4441/L-6,07-09-2013 17:12:08,136
Itm_M4441_C9976_I1_L-6.xml,drilldown/pl_id_4441/L-6,20-05-2013 14:09:24,55347
Itm_M4441_C9980_I1_L-6.xml,drilldown/pl_id_4441/L-6,27-07-2013 17:12:04,992
Itm_M4441_C9980_I3_L-6.xml,drilldown/pl_id_4441/L-6,27-07-2013 17:12:04,2316
Itm_M4441_C9986_I1_L-6.xml,drilldown/pl_id_4441/L-6,07-05-2013 09:21:08,1747
Itm_M4441_C9986_I2_L-6.xml,drilldown/pl_id_4441/L-6,21-09-2013 17:12:08,1592
Itm_M4441_C9991_I4_L-6.xml,drilldown/pl_id_4441/L-6,21-09-2013 17:12:08,360
Itm_M4441_C9991_I5_L-6.xml,drilldown/pl_id_4441/L-6,21-09-2013 17:12:08,136
tl_M4441_C10064_L-6.xml,drilldown/pl_id_4441/L-6,20-04-2013 17:11:44,984
tl_M4441_C10097_L-6.xml,drilldown/pl_id_4441/L-6,21-09-2013 17:12:08,3015
tl_M4441_C10107_L-6.xml,drilldown/pl_id_4441/L-6,31-08-2013 17:11:56,3354
tl_M4441_C10110_L-6.xml,drilldown/pl_id_4441/L-6,21-09-2013 17:12:08,2940
tl_M4441_C10122_L-6.xml,drilldown/pl_id_4441/L-6,20-04-2013 17:11:44,324
tl_M4441_C10189_L-6.xml,drilldown/pl_id_4441/L-6,20-04-2013 17:11:44,244
tl_M4441_C10234_L-6.xml,drilldown/pl_id_4441/L-6,20-04-2013 17:11:44,2204
tl_M4441_C10293_L-6.xml,drilldown/pl_id_4441/L-6,20-04-2013 17:11:44,324
tl_M4441_C10296_L-6.xml,drilldown/pl_id_4441/L-6,23-03-2013 17:11:32,1058
tl_M4441_C10317_L-6.xml,drilldown/pl_id_4441/L-6,20-04-2013 17:11:44,244
tl_M4441_C10610_L-6.xml,drilldown/pl_id_4441/L-6,20-04-2013 17:11:44,244
tl_M4441_C12301_L-6.xml,drilldown/pl_id_4441/L-6,29-06-2013 17:11:58,418
tl_M4441_C9459_L-6.xml,drilldown/pl_id_4441/L-6,20-04-2013 17:11:44,762
tl_M4441_C9534_L-6.xml,drilldown/pl_id_4441/L-6,13-04-2013 17:11:38,1958
tl_M4441_C9816_L-6.xml,drilldown/pl_id_4441/L-6,06-07-2013 17:11:56,1493
Itm_M6817_C10026_I2_L-6.xml,drilldown/pl_id_6817/L-6,21-09-2013 17:12:08,138
Itm_M6817_C10026_I3_L-6.xml,drilldown/pl_id_6817/L-6,24-08-2013 17:12:02,138
Itm_M6817_C10032_I14_L-6.xml,drilldown/pl_id_6817/L-6,21-09-2013 17:12:08,310
Itm_M6817_C10041_I10_L-6.xml,drilldown/pl_id_6817/L-6,21-09-2013 17:12:08,310
Itm_M6817_C10058_I8_L-6.xml,drilldown/pl_id_6817/L-6,08-04-2013 20:27:22,468
Itm_M6817_C10152_I2_L-6.xml,drilldown/pl_id_6817/L-6,16-09-2013 09:58:34,914
Itm_M6817_C10194_I1_L-6.xml,drilldown/pl_id_6817/L-6,07-09-2013 17:12:08,153443
Itm_M6817_C10238_I3_L-6.xml,drilldown/pl_id_6817/L-6,23-03-2013 17:11:32,1245
Itm_M6817_C10242_I4_L-6.xml,drilldown/pl_id_6817/L-6,30-03-2013 17:11:58,798
Itm_M6817_C10245_I1_L-6.xml,drilldown/pl_id_6817/L-6,07-09-2013 17:12:08,3515
Itm_M6817_C10246_I12_L-6.xml,drilldown/pl_id_6817/L-6,08-04-2013 20:27:22,866
Itm_M6817_C10320_I1_L-6.xml,drilldown/pl_id_6817/L-6,21-09-2013 17:12:08,2053
Itm_M6817_C10320_I6_L-6.xml,drilldown/pl_id_6817/L-6,21-09-2013 17:12:08,2537
Itm_M6817_C10336_I1_L-6.xml,drilldown/pl_id_6817/L-6,17-06-2013 07:54:18,18366
Itm_M6817_C10346_I2_L-6.xml,drilldown/pl_id_6817/L-6,23-03-2013 17:11:32,279
Itm_M6817_C10352_I1_L-6.xml,drilldown/pl_id_6817/L-6,07-09-2013 17:12:08,3453
Itm_M6817_C10470_I1_L-6.xml,drilldown/pl_id_6817/L-6,27-07-2013 17:12:04,884
Itm_M6817_C10547_I1_L-6.xml,drilldown/pl_id_6817/L-6,08-04-2013 20:27:22,830
Itm_M6817_C10577_I4_L-6.xml,drilldown/pl_id_6817/L-6,21-09-2013 17:12:08,366
Itm_M6817_C10577_I5_L-6.xml,drilldown/pl_id_6817/L-6,21-09-2013 17:12:08,136
Itm_M6817_C10639_I1_L-6.xml,drilldown/pl_id_6817/L-6,08-06-2013 17:11:48,3474
Itm_M6817_C10642_I1_L-6.xml,drilldown/pl_id_6817/L-6,27-07-2013 17:12:04,1220
Itm_M6817_C10645_I4_L-6.xml,drilldown/pl_id_6817/L-6,29-04-2013 17:12:42,1008
Itm_M6817_C10651_I4_L-6.xml,drilldown/pl_id_6817/L-6,31-08-2013 17:11:56,261
Itm_M6817_C11480_I1_L-6.xml,drilldown/pl_id_6817/L-6,21-09-2013 17:12:08,1271
Itm_M6817_C11483_I2_L-6.xml,drilldown/pl_id_6817/L-6,21-09-2013 17:12:08,230
Itm_M6817_C11486_I4_L-6.xml,drilldown/pl_id_6817/L-6,07-09-2013 17:12:08,139
Itm_M6817_C11486_I8_L-6.xml,drilldown/pl_id_6817/L-6,21-09-2013 17:12:08,230
Itm_M6817_C11495_I2_L-6.xml,drilldown/pl_id_6817/L-6,07-09-2013 17:12:08,137
Itm_M6817_C11495_I3_L-6.xml,drilldown/pl_id_6817/L-6,21-09-2013 17:12:08,137
Itm_M6817_C11495_I4_L-6.xml,drilldown/pl_id_6817/L-6,07-09-2013 17:12:08,228
Itm_M6817_C11501_I3_L-6.xml,drilldown/pl_id_6817/L-6,16-09-2013 09:58:34,211
Itm_M6817_C11505_I1_L-6.xml,drilldown/pl_id_6817/L-6,21-09-2013 17:12:08,826
Itm_M6817_C11975_I5_L-6.xml,drilldown/pl_id_6817/L-6,27-07-2013 17:12:04,313
Itm_M6817_C12412_I1_L-6.xml,drilldown/pl_id_6817/L-6,20-04-2013 17:11:44,5431
Itm_M6817_C12412_I2_L-6.xml,drilldown/pl_id_6817/L-6,07-09-2013 17:12:08,139
Itm_M6817_C12470_I1_L-6.xml,drilldown/pl_id_6817/L-6,07-09-2013 17:12:08,13112
Itm_M6817_C12470_I3_L-6.xml,drilldown/pl_id_6817/L-6,01-06-2013 17:11:48,6547
Itm_M6817_C12471_I3_L-6.xml,drilldown/pl_id_6817/L-6,07-09-2013 17:12:08,1606
Itm_M6817_C6822_I10_L-6.xml,drilldown/pl_id_6817/L-6,07-09-2013 17:12:08,197
Itm_M6817_C6822_I11_L-6.xml,drilldown/pl_id_6817/L-6,16-09-2013 09:58:34,140
Itm_M6817_C6822_I8_L-6.xml,drilldown/pl_id_6817/L-6,16-09-2013 09:58:34,136
Itm_M6817_C6822_I9_L-6.xml,drilldown/pl_id_6817/L-6,21-09-2013 17:12:08,312
Itm_M6817_C7761_I2_L-6.xml,drilldown/pl_id_6817/L-6,31-08-2013 17:11:56,138
Itm_M6817_C7761_I6_L-6.xml,drilldown/pl_id_6817/L-6,21-09-2013 17:12:08,138
Itm_M6817_C7761_I7_L-6.xml,drilldown/pl_id_6817/L-6,21-09-2013 17:12:08,138
Itm_M6817_C7765_I0_L-6.xml,drilldown/pl_id_6817/L-6,01-06-2013 17:11:48,831
Itm_M6817_C8827_I13_L-6.xml,drilldown/pl_id_6817/L-6,22-06-2013 17:11:52,192
Itm_M6817_C8830_I14_L-6.xml,drilldown/pl_id_6817/L-6,22-06-2013 17:11:52,286
Itm_M6817_C8831_I12_L-6.xml,drilldown/pl_id_6817/L-6,22-06-2013 17:11:52,262
Itm_M6817_C8959_I1_L-6.xml,drilldown/pl_id_6817/L-6,07-09-2013 17:12:08,1594
Itm_M6817_C8961_I6_L-6.xml,drilldown/pl_id_6817/L-6,21-09-2013 17:12:08,1143
Itm_M6817_C8977_I13_L-6.xml,drilldown/pl_id_6817/L-6,07-05-2013 09:21:08,967
Itm_M6817_C8978_I13_L-6.xml,drilldown/pl_id_6817/L-6,07-05-2013 09:21:08,620
Itm_M6817_C8988_I2_L-6.xml,drilldown/pl_id_6817/L-6,11-05-2013 17:11:42,6460
Itm_M6817_C9013_I2_L-6.xml,drilldown/pl_id_6817/L-6,01-06-2013 17:11:48,1739
Itm_M6817_C9013_I6_L-6.xml,drilldown/pl_id_6817/L-6,10-08-2013 17:12:00,3862
Itm_M6817_C9231_I4_L-6.xml,drilldown/pl_id_6817/L-6,21-09-2013 17:12:08,304
Itm_M6817_C9256_I9_L-6.xml,drilldown/pl_id_6817/L-6,17-06-2013 07:54:18,419
Itm_M6817_C9286_I6_L-6.xml,drilldown/pl_id_6817/L-6,21-09-2013 17:12:08,136
Itm_M6817_C9289_I15_L-6.xml,drilldown/pl_id_6817/L-6,01-06-2013 17:11:48,1132
Itm_M6817_C9290_I14_L-6.xml,drilldown/pl_id_6817/L-6,01-06-2013 17:11:48,1132
Itm_M6817_C9290_I3_L-6.xml,drilldown/pl_id_6817/L-6,16-09-2013 09:58:34,243
Itm_M6817_C9290_I7_L-6.xml,drilldown/pl_id_6817/L-6,21-09-2013 17:12:08,235
Itm_M6817_C9300_I1_L-6.xml,drilldown/pl_id_6817/L-6,27-07-2013 17:12:04,9392
Itm_M6817_C9315_I5_L-6.xml,drilldown/pl_id_6817/L-6,31-08-2013 17:11:56,2534
Itm_M6817_C9322_I1_L-6.xml,drilldown/pl_id_6817/L-6,20-04-2013 17:11:44,22373
Itm_M6817_C9327_I6_L-6.xml,drilldown/pl_id_6817/L-6,25-05-2013 17:11:48,751
Itm_M6817_C9331_I2_L-6.xml,drilldown/pl_id_6817/L-6,21-09-2013 17:12:08,137
Itm_M6817_C9341_I2_L-6.xml,drilldown/pl_id_6817/L-6,21-09-2013 17:12:08,204
Itm_M6817_C9341_I3_L-6.xml,drilldown/pl_id_6817/L-6,21-09-2013 17:12:08,229
Itm_M6817_C9341_I4_L-6.xml,drilldown/pl_id_6817/L-6,21-09-2013 17:12:08,199
Itm_M6817_C9358_I2_L-6.xml,drilldown/pl_id_6817/L-6,24-08-2013 17:12:02,585
Itm_M6817_C9360_I6_L-6.xml,drilldown/pl_id_6817/L-6,07-09-2013 17:12:08,2702
Itm_M6817_C9360_I8_L-6.xml,drilldown/pl_id_6817/L-6,21-09-2013 17:12:08,231
Itm_M6817_C9372_I1_L-6.xml,drilldown/pl_id_6817/L-6,07-05-2013 09:21:08,7303
Itm_M6817_C9372_I2_L-6.xml,drilldown/pl_id_6817/L-6,21-09-2013 17:12:08,273
Itm_M6817_C9372_I3_L-6.xml,drilldown/pl_id_6817/L-6,21-09-2013 17:12:08,273
Itm_M6817_C9372_I4_L-6.xml,drilldown/pl_id_6817/L-6,07-05-2013 09:21:08,4304
Itm_M6817_C9372_I5_L-6.xml,drilldown/pl_id_6817/L-6,07-05-2013 09:21:08,4310
Itm_M6817_C9372_I6_L-6.xml,drilldown/pl_id_6817/L-6,21-09-2013 17:12:08,234
Itm_M6817_C9372_I7_L-6.xml,drilldown/pl_id_6817/L-6,07-05-2013 09:21:08,4497
Itm_M6817_C9372_I8_L-6.xml,drilldown/pl_id_6817/L-6,21-09-2013 17:12:08,267
Itm_M6817_C9380_I1_L-6.xml,drilldown/pl_id_6817/L-6,25-05-2013 17:11:48,5378
Itm_M6817_C9380_I6_L-6.xml,drilldown/pl_id_6817/L-6,21-09-2013 17:12:08,4964
Itm_M6817_C9382_I12_L-6.xml,drilldown/pl_id_6817/L-6,16-09-2013 09:58:34,330
Itm_M6817_C9382_I5_L-6.xml,drilldown/pl_id_6817/L-6,20-07-2013 17:12:00,472
Itm_M6817_C9416_I13_L-6.xml,drilldown/pl_id_6817/L-6,21-09-2013 17:12:08,141
Itm_M6817_C9416_I17_L-6.xml,drilldown/pl_id_6817/L-6,08-04-2013 20:27:22,1098
Itm_M6817_C9416_I7_L-6.xml,drilldown/pl_id_6817/L-6,07-05-2013 09:21:08,620
Itm_M6817_C9417_I2_L-6.xml,drilldown/pl_id_6817/L-6,07-05-2013 09:21:08,714
Itm_M6817_C9417_I3_L-6.xml,drilldown/pl_id_6817/L-6,17-08-2013 17:12:02,199
Itm_M6817_C9431_I5_L-6.xml,drilldown/pl_id_6817/L-6,21-09-2013 17:12:08,1625
Itm_M6817_C9447_I3_L-6.xml,drilldown/pl_id_6817/L-6,25-05-2013 17:11:48,2602
Itm_M6817_C9447_I4_L-6.xml,drilldown/pl_id_6817/L-6,21-09-2013 17:12:08,139
Itm_M6817_C9453_I3_L-6.xml,drilldown/pl_id_6817/L-6,07-09-2013 17:12:08,9552
Itm_M6817_C9463_I21_L-6.xml,drilldown/pl_id_6817/L-6,16-09-2013 09:58:34,141
Itm_M6817_C9496_I13_L-6.xml,drilldown/pl_id_6817/L-6,08-04-2013 20:27:22,235
Itm_M6817_C9496_I1_L-6.xml,drilldown/pl_id_6817/L-6,07-05-2013 09:21:08,40027
Itm_M6817_C9538_I1_L-6.xml,drilldown/pl_id_6817/L-6,21-09-2013 17:12:08,1000
Itm_M6817_C9543_I5_L-6.xml,drilldown/pl_id_6817/L-6,30-03-2013 17:11:58,3127
Itm_M6817_C9546_I2_L-6.xml,drilldown/pl_id_6817/L-6,23-03-2013 17:11:32,4779
Itm_M6817_C9565_I13_L-6.xml,drilldown/pl_id_6817/L-6,29-04-2013 17:12:42,401
Itm_M6817_C9568_I10_L-6.xml,drilldown/pl_id_6817/L-6,08-04-2013 20:27:22,454
Itm_M6817_C9568_I1_L-6.xml,drilldown/pl_id_6817/L-6,17-06-2013 07:54:18,35095
Itm_M6817_C9586_I3_L-6.xml,drilldown/pl_id_6817/L-6,21-09-2013 17:12:08,259
Itm_M6817_C9586_I5_L-6.xml,drilldown/pl_id_6817/L-6,21-09-2013 17:12:08,139
Itm_M6817_C9616_I15_L-6.xml,drilldown/pl_id_6817/L-6,20-07-2013 17:12:00,413
Itm_M6817_C9631_I12_L-6.xml,drilldown/pl_id_6817/L-6,21-09-2013 17:12:08,141
Itm_M6817_C9631_I13_L-6.xml,drilldown/pl_id_6817/L-6,21-09-2013 17:12:08,141
Itm_M6817_C9631_I14_L-6.xml,drilldown/pl_id_6817/L-6,16-09-2013 09:58:34,141
Itm_M6817_C9637_I1_L-6.xml,drilldown/pl_id_6817/L-6,20-04-2013 17:11:44,8591
Itm_M6817_C9694_I4_L-6.xml,drilldown/pl_id_6817/L-6,11-05-2013 17:11:42,243
Itm_M6817_C9718_I2_L-6.xml,drilldown/pl_id_6817/L-6,07-09-2013 17:12:08,21494
Itm_M6817_C9718_I3_L-6.xml,drilldown/pl_id_6817/L-6,07-09-2013 17:12:08,1364
Itm_M6817_C9718_I4_L-6.xml,drilldown/pl_id_6817/L-6,07-09-2013 17:12:08,22041
Itm_M6817_C9745_I10_L-6.xml,drilldown/pl_id_6817/L-6,07-09-2013 17:12:08,628
Itm_M6817_C9802_I3_L-6.xml,drilldown/pl_id_6817/L-6,07-09-2013 17:12:08,1364
Itm_M6817_C9803_I2_L-6.xml,drilldown/pl_id_6817/L-6,21-09-2013 17:12:08,195
Itm_M6817_C9803_I3_L-6.xml,drilldown/pl_id_6817/L-6,21-09-2013 17:12:08,139
Itm_M6817_C9838_I10_L-6.xml,drilldown/pl_id_6817/L-6,01-06-2013 17:11:48,1132
Itm_M6817_C9846_I2_L-6.xml,drilldown/pl_id_6817/L-6,27-07-2013 17:12:04,134
Itm_M6817_C9847_I2_L-6.xml,drilldown/pl_id_6817/L-6,27-07-2013 17:12:04,134
Itm_M6817_C9848_I2_L-6.xml,drilldown/pl_id_6817/L-6,27-07-2013 17:12:04,134
Itm_M6817_C9852_I4_L-6.xml,drilldown/pl_id_6817/L-6,07-09-2013 17:12:08,255
Itm_M6817_C9852_I5_L-6.xml,drilldown/pl_id_6817/L-6,21-09-2013 17:12:08,136
Itm_M6817_C9852_I6_L-6.xml,drilldown/pl_id_6817/L-6,21-09-2013 17:12:08,313
Itm_M6817_C9852_I8_L-6.xml,drilldown/pl_id_6817/L-6,21-09-2013 17:12:08,253
Itm_M6817_C9861_I1_L-6.xml,drilldown/pl_id_6817/L-6,22-06-2013 17:11:52,9572
Itm_M6817_C9889_I2_L-6.xml,drilldown/pl_id_6817/L-6,16-09-2013 09:58:34,585
Itm_M6817_C9902_I2_L-6.xml,drilldown/pl_id_6817/L-6,16-09-2013 09:58:34,356
Itm_M6817_C9902_I4_L-6.xml,drilldown/pl_id_6817/L-6,21-09-2013 17:12:08,360
Itm_M6817_C9902_I8_L-6.xml,drilldown/pl_id_6817/L-6,21-09-2013 17:12:08,472
Itm_M6817_C9903_I4_L-6.xml,drilldown/pl_id_6817/L-6,21-09-2013 17:12:08,230
Itm_M6817_C9918_I4_L-6.xml,drilldown/pl_id_6817/L-6,30-03-2013 17:11:58,2037
Itm_M6817_C9937_I1_L-6.xml,drilldown/pl_id_6817/L-6,20-05-2013 14:09:24,1730
Itm_M6817_C9940_I20_L-6.xml,drilldown/pl_id_6817/L-6,20-07-2013 17:12:00,413
Itm_M6817_C9940_I21_L-6.xml,drilldown/pl_id_6817/L-6,16-09-2013 09:58:34,139
Itm_M6817_C9940_I2_L-6.xml,drilldown/pl_id_6817/L-6,21-09-2013 17:12:08,139
Itm_M6817_C9940_I3_L-6.xml,drilldown/pl_id_6817/L-6,16-09-2013 09:58:34,139
Itm_M6817_C9940_I4_L-6.xml,drilldown/pl_id_6817/L-6,31-08-2013 17:11:56,139
Itm_M6817_C9940_I6_L-6.xml,drilldown/pl_id_6817/L-6,24-08-2013 17:12:02,137
Itm_M6817_C9940_I7_L-6.xml,drilldown/pl_id_6817/L-6,21-09-2013 17:12:08,137
Itm_M6817_C9940_I8_L-6.xml,drilldown/pl_id_6817/L-6,31-08-2013 17:11:56,137
Itm_M6817_C9947_I2_L-6.xml,drilldown/pl_id_6817/L-6,16-09-2013 09:58:34,1332
Itm_M6817_C9953_I1_L-6.xml,drilldown/pl_id_6817/L-6,08-06-2013 17:11:48,279
Itm_M6817_C9956_I3_L-6.xml,drilldown/pl_id_6817/L-6,21-09-2013 17:12:08,229
Itm_M6817_C9987_I1_L-6.xml,drilldown/pl_id_6817/L-6,08-06-2013 17:11:48,900
Itm_M6817_C9987_I8_L-6.xml,drilldown/pl_id_6817/L-6,07-09-2013 17:12:08,950
Itm_M6817_C9998_I10_L-6.xml,drilldown/pl_id_6817/L-6,21-09-2013 17:12:08,259
Itm_M6817_C9998_I11_L-6.xml,drilldown/pl_id_6817/L-6,21-09-2013 17:12:08,141
Itm_M6817_C9998_I3_L-6.xml,drilldown/pl_id_6817/L-6,07-09-2013 17:12:08,139
Itm_M6817_C9998_I4_L-6.xml,drilldown/pl_id_6817/L-6,21-09-2013 17:12:08,139
tl_M6817_C10152_L-6.xml,drilldown/pl_id_6817/L-6,16-09-2013 09:58:34,1146
tl_M6817_C10238_L-6.xml,drilldown/pl_id_6817/L-6,23-03-2013 17:11:32,956
tl_M6817_C10320_L-6.xml,drilldown/pl_id_6817/L-6,21-09-2013 17:12:08,1268
tl_M6817_C10352_L-6.xml,drilldown/pl_id_6817/L-6,07-09-2013 17:12:08,224
tl_M6817_C9256_L-6.xml,drilldown/pl_id_6817/L-6,17-06-2013 07:54:18,2330
tl_M6817_C9372_L-6.xml,drilldown/pl_id_6817/L-6,07-05-2013 09:21:08,2189
tl_M6817_C9447_L-6.xml,drilldown/pl_id_6817/L-6,25-05-2013 17:11:48,632
tl_M6817_C9453_L-6.xml,drilldown/pl_id_6817/L-6,07-09-2013 17:12:08,1802
tl_M6817_C9902_L-6.xml,drilldown/pl_id_6817/L-6,21-09-2013 17:12:08,1972
cat_M7420_C10076_L-6.xml,drilldown/pl_id_7420/L-6,03-08-2013 17:12:02,1178
cat_M7420_C10204_L-6.xml,drilldown/pl_id_7420/L-6,03-08-2013 17:12:02,1238
cat_M7420_C10215_L-6.xml,drilldown/pl_id_7420/L-6,06-07-2013 17:11:56,1466
cat_M7420_C10329_L-6.xml,drilldown/pl_id_7420/L-6,03-08-2013 17:12:02,1609
cat_M7420_C10351_L-6.xml,drilldown/pl_id_7420/L-6,03-08-2013 17:12:02,1238
cat_M7420_C10370_L-6.xml,drilldown/pl_id_7420/L-6,17-08-2013 17:12:02,1784
cat_M7420_C10379_L-6.xml,drilldown/pl_id_7420/L-6,06-07-2013 17:11:56,1466
cat_M7420_C10386_L-6.xml,drilldown/pl_id_7420/L-6,03-08-2013 17:12:02,1117
cat_M7420_C10388_L-6.xml,drilldown/pl_id_7420/L-6,17-08-2013 17:12:02,1784
cat_M7420_C10389_L-6.xml,drilldown/pl_id_7420/L-6,17-08-2013 17:12:02,1784
cat_M7420_C10390_L-6.xml,drilldown/pl_id_7420/L-6,17-08-2013 17:12:02,1784
cat_M7420_C10399_L-6.xml,drilldown/pl_id_7420/L-6,03-08-2013 17:12:02,1856
cat_M7420_C10421_L-6.xml,drilldown/pl_id_7420/L-6,03-08-2013 17:12:02,1518
cat_M7420_C10424_L-6.xml,drilldown/pl_id_7420/L-6,03-08-2013 17:12:02,1940
cat_M7420_C10425_L-6.xml,drilldown/pl_id_7420/L-6,03-08-2013 17:12:02,1940
cat_M7420_C10431_L-6.xml,drilldown/pl_id_7420/L-6,03-08-2013 17:12:02,1064
cat_M7420_C10436_L-6.xml,drilldown/pl_id_7420/L-6,17-08-2013 17:12:02,1783
cat_M7420_C10453_L-6.xml,drilldown/pl_id_7420/L-6,17-08-2013 17:12:02,1940
cat_M7420_C10454_L-6.xml,drilldown/pl_id_7420/L-6,17-08-2013 17:12:02,1940
cat_M7420_C10455_L-6.xml,drilldown/pl_id_7420/L-6,17-08-2013 17:12:02,1940
cat_M7420_C10462_L-6.xml,drilldown/pl_id_7420/L-6,17-08-2013 17:12:02,938
cat_M7420_C10468_L-6.xml,drilldown/pl_id_7420/L-6,03-08-2013 17:12:02,1770
cat_M7420_C10483_L-6.xml,drilldown/pl_id_7420/L-6,17-08-2013 17:12:02,1112
cat_M7420_C10484_L-6.xml,drilldown/pl_id_7420/L-6,17-08-2013 17:12:02,1112
cat_M7420_C10489_L-6.xml,drilldown/pl_id_7420/L-6,03-08-2013 17:12:02,890
cat_M7420_C10499_L-6.xml,drilldown/pl_id_7420/L-6,03-08-2013 17:12:02,908
cat_M7420_C10518_L-6.xml,drilldown/pl_id_7420/L-6,03-08-2013 17:12:02,1770
cat_M7420_C10519_L-6.xml,drilldown/pl_id_7420/L-6,03-08-2013 17:12:02,1940
cat_M7420_C10533_L-6.xml,drilldown/pl_id_7420/L-6,03-08-2013 17:12:02,788
cat_M7420_C10551_L-6.xml,drilldown/pl_id_7420/L-6,21-09-2013 17:12:08,686
cat_M7420_C10558_L-6.xml,drilldown/pl_id_7420/L-6,03-08-2013 17:12:02,1111
cat_M7420_C10559_L-6.xml,drilldown/pl_id_7420/L-6,03-08-2013 17:12:02,1940
cat_M7420_C10565_L-6.xml,drilldown/pl_id_7420/L-6,17-08-2013 17:12:02,1940
cat_M7420_C10579_L-6.xml,drilldown/pl_id_7420/L-6,17-08-2013 17:12:02,1940
cat_M7420_C10593_L-6.xml,drilldown/pl_id_7420/L-6,03-08-2013 17:12:02,1033
cat_M7420_C10599_L-6.xml,drilldown/pl_id_7420/L-6,03-08-2013 17:12:02,1568
cat_M7420_C10640_L-6.xml,drilldown/pl_id_7420/L-6,03-08-2013 17:12:02,1117
cat_M7420_C10648_L-6.xml,drilldown/pl_id_7420/L-6,03-08-2013 17:12:02,890
cat_M7420_C11647_L-6.xml,drilldown/pl_id_7420/L-6,03-08-2013 17:12:02,1118
cat_M7420_C11671_L-6.xml,drilldown/pl_id_7420/L-6,03-08-2013 17:12:02,1238
cat_M7420_C11687_L-6.xml,drilldown/pl_id_7420/L-6,03-08-2013 17:12:02,1609
cat_M7420_C12029_L-6.xml,drilldown/pl_id_7420/L-6,03-08-2013 17:12:02,1771
cat_M7420_C12031_L-6.xml,drilldown/pl_id_7420/L-6,03-08-2013 17:12:02,908
cat_M7420_C12370_L-6.xml,drilldown/pl_id_7420/L-6,03-08-2013 17:12:02,787
cat_M7420_C12423_L-6.xml,drilldown/pl_id_7420/L-6,03-08-2013 17:12:02,1178
cat_M7420_C12534_L-6.xml,drilldown/pl_id_7420/L-6,03-08-2013 17:12:02,1518
cat_M7420_C12595_L-6.xml,drilldown/pl_id_7420/L-6,03-08-2013 17:12:02,877
cat_M7420_C12599_L-6.xml,drilldown/pl_id_7420/L-6,03-08-2013 17:12:02,1412
cat_M7420_C12603_L-6.xml,drilldown/pl_id_7420/L-6,03-08-2013 17:12:02,3056
cat_M7420_C12604_L-6.xml,drilldown/pl_id_7420/L-6,03-08-2013 17:12:02,3056
cat_M7420_C12605_L-6.xml,drilldown/pl_id_7420/L-6,03-08-2013 17:12:02,3055
cat_M7420_C12606_L-6.xml,drilldown/pl_id_7420/L-6,03-08-2013 17:12:02,3056
cat_M7420_C12607_L-6.xml,drilldown/pl_id_7420/L-6,03-08-2013 17:12:02,3056
cat_M7420_C12635_L-6.xml,drilldown/pl_id_7420/L-6,03-08-2013 17:12:02,2324
cat_M7420_C12650_L-6.xml,drilldown/pl_id_7420/L-6,03-08-2013 17:12:02,877
cat_M7420_C12653_L-6.xml,drilldown/pl_id_7420/L-6,03-08-2013 17:12:02,1518
cat_M7420_C12655_L-6.xml,drilldown/pl_id_7420/L-6,03-08-2013 17:12:02,1411
cat_M7420_C12659_L-6.xml,drilldown/pl_id_7420/L-6,03-08-2013 17:12:02,3056
cat_M7420_C12660_L-6.xml,drilldown/pl_id_7420/L-6,03-08-2013 17:12:02,3055
cat_M7420_C12661_L-6.xml,drilldown/pl_id_7420/L-6,03-08-2013 17:12:02,3056
cat_M7420_C12662_L-6.xml,drilldown/pl_id_7420/L-6,03-08-2013 17:12:02,3056
cat_M7420_C12663_L-6.xml,drilldown/pl_id_7420/L-6,03-08-2013 17:12:02,3056
cat_M7420_C12668_L-6.xml,drilldown/pl_id_7420/L-6,03-08-2013 17:12:02,1855
cat_M7420_C13530_L-6.xml,drilldown/pl_id_7420/L-6,03-08-2013 17:12:02,1567
cat_M7420_C13660_L-6.xml,drilldown/pl_id_7420/L-6,03-08-2013 17:12:02,1568
cat_M7420_C13670_L-6.xml,drilldown/pl_id_7420/L-6,17-08-2013 17:12:02,1783
cat_M7420_C13671_L-6.xml,drilldown/pl_id_7420/L-6,17-08-2013 17:12:02,1940
cat_M7420_C13672_L-6.xml,drilldown/pl_id_7420/L-6,03-08-2013 17:12:02,1567
cat_M7420_C13673_L-6.xml,drilldown/pl_id_7420/L-6,03-08-2013 17:12:02,1567
cat_M7420_C13674_L-6.xml,drilldown/pl_id_7420/L-6,06-07-2013 17:11:56,1466
cat_M7420_C13680_L-6.xml,drilldown/pl_id_7420/L-6,06-07-2013 17:11:56,1148
cat_M7420_C13682_L-6.xml,drilldown/pl_id_7420/L-6,27-07-2013 17:12:04,1208
cat_M7420_C13810_L-6.xml,drilldown/pl_id_7420/L-6,03-08-2013 17:12:02,1856
cat_M7420_C13830_L-6.xml,drilldown/pl_id_7420/L-6,03-08-2013 17:12:02,1854
cat_M7420_C14870_L-6.xml,drilldown/pl_id_7420/L-6,27-07-2013 17:12:04,1465
cat_M7420_C14900_L-6.xml,drilldown/pl_id_7420/L-6,03-08-2013 17:12:02,1236
cat_M7420_C14901_L-6.xml,drilldown/pl_id_7420/L-6,03-08-2013 17:12:02,876
cat_M7420_C14902_L-6.xml,drilldown/pl_id_7420/L-6,03-08-2013 17:12:02,1480
cat_M7420_C14903_L-6.xml,drilldown/pl_id_7420/L-6,03-08-2013 17:12:02,1480
cat_M7420_C14904_L-6.xml,drilldown/pl_id_7420/L-6,03-08-2013 17:12:02,1176
cat_M7420_C14905_L-6.xml,drilldown/pl_id_7420/L-6,03-08-2013 17:12:02,1116
cat_M7420_C14906_L-6.xml,drilldown/pl_id_7420/L-6,03-08-2013 17:12:02,1211
cat_M7420_C14907_L-6.xml,drilldown/pl_id_7420/L-6,03-08-2013 17:12:02,1211
cat_M7420_C14908_L-6.xml,drilldown/pl_id_7420/L-6,03-08-2013 17:12:02,882
cat_M7420_C14909_L-6.xml,drilldown/pl_id_7420/L-6,03-08-2013 17:12:02,1517
cat_M7420_C14910_L-6.xml,drilldown/pl_id_7420/L-6,03-08-2013 17:12:02,1607
cat_M7420_C14911_L-6.xml,drilldown/pl_id_7420/L-6,03-08-2013 17:12:02,1607
cat_M7420_C14912_L-6.xml,drilldown/pl_id_7420/L-6,03-08-2013 17:12:02,1769
cat_M7420_C14913_L-6.xml,drilldown/pl_id_7420/L-6,03-08-2013 17:12:02,1769
cat_M7420_C14914_L-6.xml,drilldown/pl_id_7420/L-6,03-08-2013 17:12:02,1769
cat_M7420_C14915_L-6.xml,drilldown/pl_id_7420/L-6,03-08-2013 17:12:02,1769
cat_M7420_C14916_L-6.xml,drilldown/pl_id_7420/L-6,03-08-2013 17:12:02,906
cat_M7420_C14917_L-6.xml,drilldown/pl_id_7420/L-6,03-08-2013 17:12:02,1032
cat_M7420_C14918_L-6.xml,drilldown/pl_id_7420/L-6,03-08-2013 17:12:02,1938
cat_M7420_C14919_L-6.xml,drilldown/pl_id_7420/L-6,03-08-2013 17:12:02,1938
cat_M7420_C14920_L-6.xml,drilldown/pl_id_7420/L-6,03-08-2013 17:12:02,1110
cat_M7420_C14921_L-6.xml,drilldown/pl_id_7420/L-6,03-08-2013 17:12:02,1410
cat_M7420_C14922_L-6.xml,drilldown/pl_id_7420/L-6,03-08-2013 17:12:02,3054
cat_M7420_C14923_L-6.xml,drilldown/pl_id_7420/L-6,03-08-2013 17:12:02,1062
cat_M7420_C14924_L-6.xml,drilldown/pl_id_7420/L-6,03-08-2013 17:12:02,786
cat_M7420_C14925_L-6.xml,drilldown/pl_id_7420/L-6,03-08-2013 17:12:02,1854
cat_M7420_C14926_L-6.xml,drilldown/pl_id_7420/L-6,03-08-2013 17:12:02,682
cat_M7420_C14940_L-6.xml,drilldown/pl_id_7420/L-6,17-08-2013 17:12:02,1780
cat_M7420_C14941_L-6.xml,drilldown/pl_id_7420/L-6,17-08-2013 17:12:02,1780
cat_M7420_C14942_L-6.xml,drilldown/pl_id_7420/L-6,17-08-2013 17:12:02,1936
cat_M7420_C14943_L-6.xml,drilldown/pl_id_7420/L-6,17-08-2013 17:12:02,1936
cat_M7420_C14944_L-6.xml,drilldown/pl_id_7420/L-6,17-08-2013 17:12:02,934
cat_M7420_C14945_L-6.xml,drilldown/pl_id_7420/L-6,17-08-2013 17:12:02,1108
cat_M7420_C8953_L-6.xml,drilldown/pl_id_7420/L-6,03-08-2013 17:12:02,1481
cat_M7420_C8954_L-6.xml,drilldown/pl_id_7420/L-6,03-08-2013 17:12:02,1481
cat_M7420_C8963_L-6.xml,drilldown/pl_id_7420/L-6,03-08-2013 17:12:02,1609
cat_M7420_C9022_L-6.xml,drilldown/pl_id_7420/L-6,03-08-2013 17:12:02,1518
cat_M7420_C9023_L-6.xml,drilldown/pl_id_7420/L-6,03-08-2013 17:12:02,1518
cat_M7420_C9772_L-6.xml,drilldown/pl_id_7420/L-6,03-08-2013 17:12:02,1771
cat_M7420_C9841_L-6.xml,drilldown/pl_id_7420/L-6,03-08-2013 17:12:02,1213
Itm_M7420_C10021_I12_L-6.xml,drilldown/pl_id_7420/L-6,27-07-2013 17:12:04,1175
Itm_M7420_C10021_I13_L-6.xml,drilldown/pl_id_7420/L-6,06-07-2013 17:11:56,702
Itm_M7420_C10021_I16_L-6.xml,drilldown/pl_id_7420/L-6,06-07-2013 17:11:56,654
Itm_M7420_C10021_I2_L-6.xml,drilldown/pl_id_7420/L-6,27-07-2013 17:12:04,633
Itm_M7420_C10021_I3_L-6.xml,drilldown/pl_id_7420/L-6,06-07-2013 17:11:56,658
Itm_M7420_C10021_I4_L-6.xml,drilldown/pl_id_7420/L-6,13-04-2013 17:11:38,1174
Itm_M7420_C10021_I5_L-6.xml,drilldown/pl_id_7420/L-6,13-04-2013 17:11:38,1162
Itm_M7420_C10021_I6_L-6.xml,drilldown/pl_id_7420/L-6,27-07-2013 17:12:04,621
Itm_M7420_C10053_I11_L-6.xml,drilldown/pl_id_7420/L-6,31-08-2013 17:11:56,276
Itm_M7420_C10053_I12_L-6.xml,drilldown/pl_id_7420/L-6,29-06-2013 17:11:58,1957
Itm_M7420_C10053_I2_L-6.xml,drilldown/pl_id_7420/L-6,13-07-2013 17:11:56,471
Itm_M7420_C10076_I11_L-6.xml,drilldown/pl_id_7420/L-6,21-09-2013 17:12:08,362
Itm_M7420_C10076_I12_L-6.xml,drilldown/pl_id_7420/L-6,21-09-2013 17:12:08,374
Itm_M7420_C10076_I14_L-6.xml,drilldown/pl_id_7420/L-6,22-06-2013 17:11:52,464
Itm_M7420_C10076_I1_L-6.xml,drilldown/pl_id_7420/L-6,10-08-2013 17:12:00,2439
Itm_M7420_C10076_I2_L-6.xml,drilldown/pl_id_7420/L-6,21-09-2013 17:12:08,3740
Itm_M7420_C10076_I4_L-6.xml,drilldown/pl_id_7420/L-6,21-09-2013 17:12:08,1241
Itm_M7420_C10076_I6_L-6.xml,drilldown/pl_id_7420/L-6,10-08-2013 17:12:00,1299
Itm_M7420_C10076_I7_L-6.xml,drilldown/pl_id_7420/L-6,10-08-2013 17:12:00,1226
Itm_M7420_C10076_I8_L-6.xml,drilldown/pl_id_7420/L-6,07-09-2013 17:12:08,345
Itm_M7420_C10076_I9_L-6.xml,drilldown/pl_id_7420/L-6,16-09-2013 09:58:34,351
Itm_M7420_C10081_I16_L-6.xml,drilldown/pl_id_7420/L-6,13-07-2013 17:11:56,687
Itm_M7420_C10081_I6_L-6.xml,drilldown/pl_id_7420/L-6,21-09-2013 17:12:08,139
Itm_M7420_C10128_I1_L-6.xml,drilldown/pl_id_7420/L-6,31-08-2013 17:11:56,35634
Itm_M7420_C10128_I7_L-6.xml,drilldown/pl_id_7420/L-6,17-08-2013 17:12:02,373
Itm_M7420_C10172_I1_L-6.xml,drilldown/pl_id_7420/L-6,03-08-2013 17:12:02,767
Itm_M7420_C10173_I1_L-6.xml,drilldown/pl_id_7420/L-6,03-08-2013 17:12:02,767
Itm_M7420_C10175_I0_L-6.xml,drilldown/pl_id_7420/L-6,07-09-2013 17:12:08,1101
Itm_M7420_C10175_I3_L-6.xml,drilldown/pl_id_7420/L-6,16-09-2013 09:58:34,8705
Itm_M7420_C10185_I4_L-6.xml,drilldown/pl_id_7420/L-6,27-07-2013 17:12:04,775
Itm_M7420_C10193_I1_L-6.xml,drilldown/pl_id_7420/L-6,10-08-2013 17:12:00,688
Itm_M7420_C10193_I2_L-6.xml,drilldown/pl_id_7420/L-6,10-08-2013 17:12:00,1523
Itm_M7420_C10193_I6_L-6.xml,drilldown/pl_id_7420/L-6,16-03-2013 17:11:36,1509
Itm_M7420_C10193_I7_L-6.xml,drilldown/pl_id_7420/L-6,10-08-2013 17:12:00,1909
Itm_M7420_C10204_I1_L-6.xml,drilldown/pl_id_7420/L-6,03-08-2013 17:12:02,1509
Itm_M7420_C10204_I2_L-6.xml,drilldown/pl_id_7420/L-6,03-08-2013 17:12:02,2435
Itm_M7420_C10204_I3_L-6.xml,drilldown/pl_id_7420/L-6,07-09-2013 17:12:08,139
Itm_M7420_C10204_I4_L-6.xml,drilldown/pl_id_7420/L-6,31-08-2013 17:11:56,138
Itm_M7420_C10204_I5_L-6.xml,drilldown/pl_id_7420/L-6,21-09-2013 17:12:08,139
Itm_M7420_C10204_I6_L-6.xml,drilldown/pl_id_7420/L-6,03-08-2013 17:12:02,795
Itm_M7420_C10215_I17_L-6.xml,drilldown/pl_id_7420/L-6,06-07-2013 17:11:56,290
Itm_M7420_C10230_I1_L-6.xml,drilldown/pl_id_7420/L-6,06-07-2013 17:11:56,619
Itm_M7420_C10230_I2_L-6.xml,drilldown/pl_id_7420/L-6,06-07-2013 17:11:56,899
Itm_M7420_C10239_I12_L-6.xml,drilldown/pl_id_7420/L-6,17-08-2013 17:12:02,379
Itm_M7420_C10239_I13_L-6.xml,drilldown/pl_id_7420/L-6,17-08-2013 17:12:02,141
Itm_M7420_C10239_I2_L-6.xml,drilldown/pl_id_7420/L-6,24-08-2013 17:12:02,1185
Itm_M7420_C10239_I3_L-6.xml,drilldown/pl_id_7420/L-6,25-05-2013 17:11:48,493
Itm_M7420_C10256_I1_L-6.xml,drilldown/pl_id_7420/L-6,10-08-2013 17:12:00,502
Itm_M7420_C10266_I2_L-6.xml,drilldown/pl_id_7420/L-6,03-08-2013 17:12:02,7297
Itm_M7420_C10287_I1_L-6.xml,drilldown/pl_id_7420/L-6,10-08-2013 17:12:00,3128
Itm_M7420_C10288_I1_L-6.xml,drilldown/pl_id_7420/L-6,10-08-2013 17:12:00,3128
Itm_M7420_C10306_I1_L-6.xml,drilldown/pl_id_7420/L-6,03-08-2013 17:12:02,3792
Itm_M7420_C10325_I1_L-6.xml,drilldown/pl_id_7420/L-6,25-05-2013 17:11:48,2757
Itm_M7420_C10325_I2_L-6.xml,drilldown/pl_id_7420/L-6,10-08-2013 17:12:00,415
Itm_M7420_C10325_I3_L-6.xml,drilldown/pl_id_7420/L-6,10-08-2013 17:12:00,6339
Itm_M7420_C10325_I5_L-6.xml,drilldown/pl_id_7420/L-6,07-09-2013 17:12:08,491
Itm_M7420_C10325_I8_L-6.xml,drilldown/pl_id_7420/L-6,10-08-2013 17:12:00,11322
Itm_M7420_C10325_I9_L-6.xml,drilldown/pl_id_7420/L-6,21-09-2013 17:12:08,524
Itm_M7420_C10329_I12_L-6.xml,drilldown/pl_id_7420/L-6,03-08-2013 17:12:02,711
Itm_M7420_C10329_I2_L-6.xml,drilldown/pl_id_7420/L-6,16-09-2013 09:58:34,949
Itm_M7420_C10329_I3_L-6.xml,drilldown/pl_id_7420/L-6,10-08-2013 17:12:00,3873
Itm_M7420_C10329_I7_L-6.xml,drilldown/pl_id_7420/L-6,29-06-2013 17:11:58,193
Itm_M7420_C10329_I9_L-6.xml,drilldown/pl_id_7420/L-6,10-08-2013 17:12:00,474
Itm_M7420_C10344_I2_L-6.xml,drilldown/pl_id_7420/L-6,10-08-2013 17:12:00,728
Itm_M7420_C10351_I1_L-6.xml,drilldown/pl_id_7420/L-6,07-09-2013 17:12:08,1614
Itm_M7420_C10362_I1_L-6.xml,drilldown/pl_id_7420/L-6,25-05-2013 17:11:48,6651
Itm_M7420_C10362_I4_L-6.xml,drilldown/pl_id_7420/L-6,06-07-2013 17:11:56,7211
Itm_M7420_C10370_I18_L-6.xml,drilldown/pl_id_7420/L-6,21-09-2013 17:12:08,140
Itm_M7420_C10372_I0_L-6.xml,drilldown/pl_id_7420/L-6,03-08-2013 17:12:02,684
Itm_M7420_C10372_I3_L-6.xml,drilldown/pl_id_7420/L-6,23-03-2013 17:11:32,992
Itm_M7420_C10377_I8_L-6.xml,drilldown/pl_id_7420/L-6,03-08-2013 17:12:02,639
Itm_M7420_C10379_I1_L-6.xml,drilldown/pl_id_7420/L-6,07-09-2013 17:12:08,1854
Itm_M7420_C10384_I6_L-6.xml,drilldown/pl_id_7420/L-6,03-08-2013 17:12:02,705
Itm_M7420_C10384_I8_L-6.xml,drilldown/pl_id_7420/L-6,03-08-2013 17:12:02,2097
Itm_M7420_C10388_I2_L-6.xml,drilldown/pl_id_7420/L-6,03-08-2013 17:12:02,22903
Itm_M7420_C10398_I3_L-6.xml,drilldown/pl_id_7420/L-6,10-08-2013 17:12:00,693
Itm_M7420_C10405_I2_L-6.xml,drilldown/pl_id_7420/L-6,16-09-2013 09:58:34,272
Itm_M7420_C10405_I3_L-6.xml,drilldown/pl_id_7420/L-6,21-09-2013 17:12:08,272
Itm_M7420_C10405_I4_L-6.xml,drilldown/pl_id_7420/L-6,21-09-2013 17:12:08,432
Itm_M7420_C10405_I5_L-6.xml,drilldown/pl_id_7420/L-6,31-08-2013 17:11:56,910
Itm_M7420_C10405_I6_L-6.xml,drilldown/pl_id_7420/L-6,17-08-2013 17:12:02,1182
Itm_M7420_C10405_I7_L-6.xml,drilldown/pl_id_7420/L-6,21-09-2013 17:12:08,139
Itm_M7420_C10405_I8_L-6.xml,drilldown/pl_id_7420/L-6,21-09-2013 17:12:08,231
Itm_M7420_C10410_I1_L-6.xml,drilldown/pl_id_7420/L-6,10-08-2013 17:12:00,1725
Itm_M7420_C10410_I3_L-6.xml,drilldown/pl_id_7420/L-6,10-08-2013 17:12:00,899
Itm_M7420_C10419_I3_L-6.xml,drilldown/pl_id_7420/L-6,10-08-2013 17:12:00,15668
Itm_M7420_C10419_I7_L-6.xml,drilldown/pl_id_7420/L-6,10-08-2013 17:12:00,693
Itm_M7420_C10419_I8_L-6.xml,drilldown/pl_id_7420/L-6,10-08-2013 17:12:00,605
Itm_M7420_C10424_I0_L-6.xml,drilldown/pl_id_7420/L-6,10-08-2013 17:12:00,303
Itm_M7420_C10424_I12_L-6.xml,drilldown/pl_id_7420/L-6,10-08-2013 17:12:00,4494
Itm_M7420_C10424_I2_L-6.xml,drilldown/pl_id_7420/L-6,21-09-2013 17:12:08,3145
Itm_M7420_C10424_I3_L-6.xml,drilldown/pl_id_7420/L-6,16-09-2013 09:58:34,5000
Itm_M7420_C10424_I5_L-6.xml,drilldown/pl_id_7420/L-6,13-07-2013 17:11:56,1142
Itm_M7420_C10425_I0_L-6.xml,drilldown/pl_id_7420/L-6,03-08-2013 17:12:02,303
Itm_M7420_C10425_I12_L-6.xml,drilldown/pl_id_7420/L-6,13-07-2013 17:11:56,765
Itm_M7420_C10425_I15_L-6.xml,drilldown/pl_id_7420/L-6,07-09-2013 17:12:08,1464
Itm_M7420_C10425_I17_L-6.xml,drilldown/pl_id_7420/L-6,16-09-2013 09:58:34,1002
Itm_M7420_C10425_I18_L-6.xml,drilldown/pl_id_7420/L-6,29-06-2013 17:11:58,348
Itm_M7420_C10425_I2_L-6.xml,drilldown/pl_id_7420/L-6,29-06-2013 17:11:58,997
Itm_M7420_C10425_I3_L-6.xml,drilldown/pl_id_7420/L-6,16-09-2013 09:58:34,5205
Itm_M7420_C10425_I4_L-6.xml,drilldown/pl_id_7420/L-6,16-09-2013 09:58:34,2437
Itm_M7420_C10425_I7_L-6.xml,drilldown/pl_id_7420/L-6,10-08-2013 17:12:00,1554
Itm_M7420_C10427_I2_L-6.xml,drilldown/pl_id_7420/L-6,10-08-2013 17:12:00,872
Itm_M7420_C10428_I2_L-6.xml,drilldown/pl_id_7420/L-6,10-08-2013 17:12:00,872
Itm_M7420_C10429_I11_L-6.xml,drilldown/pl_id_7420/L-6,06-07-2013 17:11:56,2049
Itm_M7420_C10429_I14_L-6.xml,drilldown/pl_id_7420/L-6,06-07-2013 17:11:56,667
Itm_M7420_C10429_I18_L-6.xml,drilldown/pl_id_7420/L-6,20-07-2013 17:12:00,1145
Itm_M7420_C10429_I21_L-6.xml,drilldown/pl_id_7420/L-6,06-07-2013 17:11:56,728
Itm_M7420_C10429_I23_L-6.xml,drilldown/pl_id_7420/L-6,06-07-2013 17:11:56,998
Itm_M7420_C10429_I5_L-6.xml,drilldown/pl_id_7420/L-6,07-09-2013 17:12:08,361
Itm_M7420_C10429_I9_L-6.xml,drilldown/pl_id_7420/L-6,21-09-2013 17:12:08,366
Itm_M7420_C10431_I0_L-6.xml,drilldown/pl_id_7420/L-6,03-08-2013 17:12:02,1035
Itm_M7420_C10431_I11_L-6.xml,drilldown/pl_id_7420/L-6,03-08-2013 17:12:02,13889
Itm_M7420_C10431_I12_L-6.xml,drilldown/pl_id_7420/L-6,03-08-2013 17:12:02,1115
Itm_M7420_C10431_I13_L-6.xml,drilldown/pl_id_7420/L-6,03-08-2013 17:12:02,299
Itm_M7420_C10431_I15_L-6.xml,drilldown/pl_id_7420/L-6,03-08-2013 17:12:02,719
Itm_M7420_C10431_I20_L-6.xml,drilldown/pl_id_7420/L-6,03-08-2013 17:12:02,922
Itm_M7420_C10431_I2_L-6.xml,drilldown/pl_id_7420/L-6,03-08-2013 17:12:02,2402
Itm_M7420_C10431_I5_L-6.xml,drilldown/pl_id_7420/L-6,03-08-2013 17:12:02,350
Itm_M7420_C10434_I3_L-6.xml,drilldown/pl_id_7420/L-6,27-07-2013 17:12:04,945
Itm_M7420_C10434_I5_L-6.xml,drilldown/pl_id_7420/L-6,27-07-2013 17:12:04,367
Itm_M7420_C10436_I2_L-6.xml,drilldown/pl_id_7420/L-6,17-08-2013 17:12:02,869
Itm_M7420_C10436_I6_L-6.xml,drilldown/pl_id_7420/L-6,10-08-2013 17:12:00,6675
Itm_M7420_C10436_I7_L-6.xml,drilldown/pl_id_7420/L-6,17-08-2013 17:12:02,7522
Itm_M7420_C10436_I8_L-6.xml,drilldown/pl_id_7420/L-6,17-08-2013 17:12:02,10490
Itm_M7420_C10437_I11_L-6.xml,drilldown/pl_id_7420/L-6,06-07-2013 17:11:56,1378
Itm_M7420_C10437_I1_L-6.xml,drilldown/pl_id_7420/L-6,06-07-2013 17:11:56,1286
Itm_M7420_C10441_I3_L-6.xml,drilldown/pl_id_7420/L-6,31-08-2013 17:11:56,356
Itm_M7420_C10449_I1_L-6.xml,drilldown/pl_id_7420/L-6,06-07-2013 17:11:56,1982
Itm_M7420_C10453_I5_L-6.xml,drilldown/pl_id_7420/L-6,21-09-2013 17:12:08,5090
Itm_M7420_C10453_I8_L-6.xml,drilldown/pl_id_7420/L-6,13-07-2013 17:11:56,637
Itm_M7420_C10454_I5_L-6.xml,drilldown/pl_id_7420/L-6,13-07-2013 17:11:56,637
Itm_M7420_C10455_I8_L-6.xml,drilldown/pl_id_7420/L-6,13-07-2013 17:11:56,637
Itm_M7420_C10456_I2_L-6.xml,drilldown/pl_id_7420/L-6,21-09-2013 17:12:08,10973
Itm_M7420_C10456_I3_L-6.xml,drilldown/pl_id_7420/L-6,16-09-2013 09:58:34,29612
Itm_M7420_C10457_I2_L-6.xml,drilldown/pl_id_7420/L-6,21-09-2013 17:12:08,10973
Itm_M7420_C10457_I3_L-6.xml,drilldown/pl_id_7420/L-6,16-09-2013 09:58:34,29936
Itm_M7420_C10462_I1_L-6.xml,drilldown/pl_id_7420/L-6,24-08-2013 17:12:02,30144
Itm_M7420_C10462_I2_L-6.xml,drilldown/pl_id_7420/L-6,21-09-2013 17:12:08,3021
Itm_M7420_C10468_I10_L-6.xml,drilldown/pl_id_7420/L-6,10-08-2013 17:12:00,642
Itm_M7420_C10468_I11_L-6.xml,drilldown/pl_id_7420/L-6,03-08-2013 17:12:02,925
Itm_M7420_C10468_I1_L-6.xml,drilldown/pl_id_7420/L-6,10-08-2013 17:12:00,2907
Itm_M7420_C10468_I2_L-6.xml,drilldown/pl_id_7420/L-6,10-08-2013 17:12:00,2841
Itm_M7420_C10468_I9_L-6.xml,drilldown/pl_id_7420/L-6,10-08-2013 17:12:00,1236
Itm_M7420_C10473_I1_L-6.xml,drilldown/pl_id_7420/L-6,03-08-2013 17:12:02,890
Itm_M7420_C10473_I5_L-6.xml,drilldown/pl_id_7420/L-6,06-07-2013 17:11:56,366
Itm_M7420_C10473_I6_L-6.xml,drilldown/pl_id_7420/L-6,06-07-2013 17:11:56,139
Itm_M7420_C10473_I7_L-6.xml,drilldown/pl_id_7420/L-6,06-07-2013 17:11:56,138
Itm_M7420_C10479_I4_L-6.xml,drilldown/pl_id_7420/L-6,10-08-2013 17:12:00,1433
Itm_M7420_C10480_I15_L-6.xml,drilldown/pl_id_7420/L-6,20-04-2013 17:11:44,518
Itm_M7420_C10480_I2_L-6.xml,drilldown/pl_id_7420/L-6,13-04-2013 17:11:38,547
Itm_M7420_C10480_I3_L-6.xml,drilldown/pl_id_7420/L-6,13-04-2013 17:11:38,743
Itm_M7420_C10480_I4_L-6.xml,drilldown/pl_id_7420/L-6,13-04-2013 17:11:38,743
Itm_M7420_C10481_I1_L-6.xml,drilldown/pl_id_7420/L-6,06-07-2013 17:11:56,9131
Itm_M7420_C10481_I5_L-6.xml,drilldown/pl_id_7420/L-6,27-07-2013 17:12:04,607
Itm_M7420_C10483_I16_L-6.xml,drilldown/pl_id_7420/L-6,27-07-2013 17:12:04,220
Itm_M7420_C10484_I16_L-6.xml,drilldown/pl_id_7420/L-6,27-07-2013 17:12:04,220
Itm_M7420_C10484_I4_L-6.xml,drilldown/pl_id_7420/L-6,08-04-2013 20:27:22,6251
Itm_M7420_C10485_I4_L-6.xml,drilldown/pl_id_7420/L-6,16-09-2013 09:58:34,671
Itm_M7420_C10489_I1_L-6.xml,drilldown/pl_id_7420/L-6,07-09-2013 17:12:08,44391
Itm_M7420_C10496_I1_L-6.xml,drilldown/pl_id_7420/L-6,31-08-2013 17:11:56,50802
Itm_M7420_C10504_I5_L-6.xml,drilldown/pl_id_7420/L-6,03-08-2013 17:12:02,9447
Itm_M7420_C10504_I6_L-6.xml,drilldown/pl_id_7420/L-6,17-08-2013 17:12:02,10364
Itm_M7420_C10507_I5_L-6.xml,drilldown/pl_id_7420/L-6,03-08-2013 17:12:02,1262
Itm_M7420_C10507_I6_L-6.xml,drilldown/pl_id_7420/L-6,03-08-2013 17:12:02,1262
Itm_M7420_C10508_I1_L-6.xml,drilldown/pl_id_7420/L-6,06-07-2013 17:11:56,607
Itm_M7420_C10508_I5_L-6.xml,drilldown/pl_id_7420/L-6,08-06-2013 17:11:48,3316
Itm_M7420_C10509_I4_L-6.xml,drilldown/pl_id_7420/L-6,29-04-2013 17:12:42,323
Itm_M7420_C10509_I5_L-6.xml,drilldown/pl_id_7420/L-6,06-07-2013 17:11:56,1004
Itm_M7420_C10509_I6_L-6.xml,drilldown/pl_id_7420/L-6,22-06-2013 17:11:52,754
Itm_M7420_C10513_I1_L-6.xml,drilldown/pl_id_7420/L-6,07-09-2013 17:12:08,1951
Itm_M7420_C10518_I0_L-6.xml,drilldown/pl_id_7420/L-6,03-08-2013 17:12:02,1178
Itm_M7420_C10518_I10_L-6.xml,drilldown/pl_id_7420/L-6,06-07-2013 17:11:56,141
Itm_M7420_C10518_I11_L-6.xml,drilldown/pl_id_7420/L-6,01-06-2013 17:11:48,488
Itm_M7420_C10518_I1_L-6.xml,drilldown/pl_id_7420/L-6,10-08-2013 17:12:00,1620
Itm_M7420_C10518_I5_L-6.xml,drilldown/pl_id_7420/L-6,10-08-2013 17:12:00,1809
Itm_M7420_C10518_I7_L-6.xml,drilldown/pl_id_7420/L-6,21-09-2013 17:12:08,137
Itm_M7420_C10518_I8_L-6.xml,drilldown/pl_id_7420/L-6,16-09-2013 09:58:34,136
Itm_M7420_C10518_I9_L-6.xml,drilldown/pl_id_7420/L-6,10-08-2013 17:12:00,911
Itm_M7420_C10519_I0_L-6.xml,drilldown/pl_id_7420/L-6,10-08-2013 17:12:00,303
Itm_M7420_C10519_I10_L-6.xml,drilldown/pl_id_7420/L-6,13-07-2013 17:11:56,980
Itm_M7420_C10519_I12_L-6.xml,drilldown/pl_id_7420/L-6,13-07-2013 17:11:56,1034
Itm_M7420_C10520_I9_L-6.xml,drilldown/pl_id_7420/L-6,06-07-2013 17:11:56,1875
Itm_M7420_C10522_I2_L-6.xml,drilldown/pl_id_7420/L-6,07-09-2013 17:12:08,2395
Itm_M7420_C10522_I5_L-6.xml,drilldown/pl_id_7420/L-6,27-07-2013 17:12:04,1406
Itm_M7420_C10526_I1_L-6.xml,drilldown/pl_id_7420/L-6,03-08-2013 17:12:02,2561
Itm_M7420_C10526_I7_L-6.xml,drilldown/pl_id_7420/L-6,10-08-2013 17:12:00,5629
Itm_M7420_C10533_I0_L-6.xml,drilldown/pl_id_7420/L-6,03-08-2013 17:12:02,532
Itm_M7420_C10533_I2_L-6.xml,drilldown/pl_id_7420/L-6,03-08-2013 17:12:02,927
Itm_M7420_C10545_I1_L-6.xml,drilldown/pl_id_7420/L-6,17-06-2013 07:54:18,339
Itm_M7420_C10551_I11_L-6.xml,drilldown/pl_id_7420/L-6,16-09-2013 09:58:34,268
Itm_M7420_C10558_I2_L-6.xml,drilldown/pl_id_7420/L-6,10-08-2013 17:12:00,1075
Itm_M7420_C10565_I2_L-6.xml,drilldown/pl_id_7420/L-6,17-08-2013 17:12:02,3853
Itm_M7420_C10565_I3_L-6.xml,drilldown/pl_id_7420/L-6,17-08-2013 17:12:02,3847
Itm_M7420_C10565_I5_L-6.xml,drilldown/pl_id_7420/L-6,13-07-2013 17:11:56,637
Itm_M7420_C10567_I13_L-6.xml,drilldown/pl_id_7420/L-6,17-08-2013 17:12:02,1104
Itm_M7420_C10567_I1_L-6.xml,drilldown/pl_id_7420/L-6,08-04-2013 20:27:22,1232
Itm_M7420_C10570_I1_L-6.xml,drilldown/pl_id_7420/L-6,03-08-2013 17:12:02,2037
Itm_M7420_C10574_I1_L-6.xml,drilldown/pl_id_7420/L-6,20-05-2013 14:09:24,2552
Itm_M7420_C10576_I1_L-6.xml,drilldown/pl_id_7420/L-6,17-06-2013 07:54:18,1800
Itm_M7420_C10576_I8_L-6.xml,drilldown/pl_id_7420/L-6,27-07-2013 17:12:04,650
Itm_M7420_C10579_I12_L-6.xml,drilldown/pl_id_7420/L-6,03-08-2013 17:12:02,4524
Itm_M7420_C10579_I3_L-6.xml,drilldown/pl_id_7420/L-6,17-08-2013 17:12:02,6376
Itm_M7420_C10579_I4_L-6.xml,drilldown/pl_id_7420/L-6,17-08-2013 17:12:02,6367
Itm_M7420_C10579_I5_L-6.xml,drilldown/pl_id_7420/L-6,21-09-2013 17:12:08,4156
Itm_M7420_C10579_I8_L-6.xml,drilldown/pl_id_7420/L-6,13-07-2013 17:11:56,637
Itm_M7420_C10584_I2_L-6.xml,drilldown/pl_id_7420/L-6,13-07-2013 17:11:56,479
Itm_M7420_C10584_I4_L-6.xml,drilldown/pl_id_7420/L-6,10-08-2013 17:12:00,565
Itm_M7420_C10586_I10_L-6.xml,drilldown/pl_id_7420/L-6,13-07-2013 17:11:56,678
Itm_M7420_C10586_I11_L-6.xml,drilldown/pl_id_7420/L-6,13-07-2013 17:11:56,2521
Itm_M7420_C10586_I1_L-6.xml,drilldown/pl_id_7420/L-6,07-09-2013 17:12:08,16772
Itm_M7420_C10586_I2_L-6.xml,drilldown/pl_id_7420/L-6,03-08-2013 17:12:02,16756
Itm_M7420_C10586_I6_L-6.xml,drilldown/pl_id_7420/L-6,03-08-2013 17:12:02,384
Itm_M7420_C10591_I10_L-6.xml,drilldown/pl_id_7420/L-6,17-08-2013 17:12:02,374
Itm_M7420_C10591_I11_L-6.xml,drilldown/pl_id_7420/L-6,17-08-2013 17:12:02,1539
Itm_M7420_C10591_I12_L-6.xml,drilldown/pl_id_7420/L-6,17-08-2013 17:12:02,387
Itm_M7420_C10591_I1_L-6.xml,drilldown/pl_id_7420/L-6,03-08-2013 17:12:02,21912
Itm_M7420_C10593_I1_L-6.xml,drilldown/pl_id_7420/L-6,10-08-2013 17:12:00,3556
Itm_M7420_C10597_I11_L-6.xml,drilldown/pl_id_7420/L-6,16-03-2013 17:11:36,1564
Itm_M7420_C10599_I1_L-6.xml,drilldown/pl_id_7420/L-6,23-03-2013 17:11:32,786
Itm_M7420_C10616_I1_L-6.xml,drilldown/pl_id_7420/L-6,03-08-2013 17:12:02,338
Itm_M7420_C10616_I2_L-6.xml,drilldown/pl_id_7420/L-6,03-08-2013 17:12:02,362
Itm_M7420_C10616_I3_L-6.xml,drilldown/pl_id_7420/L-6,03-08-2013 17:12:02,615
Itm_M7420_C10616_I4_L-6.xml,drilldown/pl_id_7420/L-6,03-08-2013 17:12:02,933
Itm_M7420_C10616_I5_L-6.xml,drilldown/pl_id_7420/L-6,03-08-2013 17:12:02,431
Itm_M7420_C10625_I6_L-6.xml,drilldown/pl_id_7420/L-6,31-08-2013 17:11:56,661
Itm_M7420_C10640_I1_L-6.xml,drilldown/pl_id_7420/L-6,10-08-2013 17:12:00,2687
Itm_M7420_C10640_I2_L-6.xml,drilldown/pl_id_7420/L-6,16-09-2013 09:58:34,1347
Itm_M7420_C10648_I1_L-6.xml,drilldown/pl_id_7420/L-6,20-04-2013 17:11:44,8699
Itm_M7420_C10650_I2_L-6.xml,drilldown/pl_id_7420/L-6,21-09-2013 17:12:08,272
Itm_M7420_C10650_I3_L-6.xml,drilldown/pl_id_7420/L-6,21-09-2013 17:12:08,272
Itm_M7420_C10650_I4_L-6.xml,drilldown/pl_id_7420/L-6,21-09-2013 17:12:08,432
Itm_M7420_C10650_I5_L-6.xml,drilldown/pl_id_7420/L-6,31-08-2013 17:11:56,1960
Itm_M7420_C11647_I11_L-6.xml,drilldown/pl_id_7420/L-6,20-04-2013 17:11:44,470
Itm_M7420_C11647_I1_L-6.xml,drilldown/pl_id_7420/L-6,10-08-2013 17:12:00,1791
Itm_M7420_C11647_I5_L-6.xml,drilldown/pl_id_7420/L-6,10-08-2013 17:12:00,461
Itm_M7420_C11650_I3_L-6.xml,drilldown/pl_id_7420/L-6,20-05-2013 14:09:24,728
Itm_M7420_C11652_I2_L-6.xml,drilldown/pl_id_7420/L-6,17-08-2013 17:12:02,695
Itm_M7420_C11652_I3_L-6.xml,drilldown/pl_id_7420/L-6,17-08-2013 17:12:02,1618
Itm_M7420_C11654_I2_L-6.xml,drilldown/pl_id_7420/L-6,20-04-2013 17:11:44,680
Itm_M7420_C11654_I3_L-6.xml,drilldown/pl_id_7420/L-6,29-04-2013 17:12:42,395
Itm_M7420_C11659_I3_L-6.xml,drilldown/pl_id_7420/L-6,10-08-2013 17:12:00,512
Itm_M7420_C11666_I2_L-6.xml,drilldown/pl_id_7420/L-6,21-09-2013 17:12:08,283
Itm_M7420_C11667_I1_L-6.xml,drilldown/pl_id_7420/L-6,06-07-2013 17:11:56,699
Itm_M7420_C11671_I1_L-6.xml,drilldown/pl_id_7420/L-6,03-08-2013 17:12:02,1015
Itm_M7420_C11671_I2_L-6.xml,drilldown/pl_id_7420/L-6,03-08-2013 17:12:02,581
Itm_M7420_C11671_I3_L-6.xml,drilldown/pl_id_7420/L-6,21-09-2013 17:12:08,139
Itm_M7420_C11671_I4_L-6.xml,drilldown/pl_id_7420/L-6,31-08-2013 17:11:56,138
Itm_M7420_C11671_I5_L-6.xml,drilldown/pl_id_7420/L-6,31-08-2013 17:11:56,799
Itm_M7420_C11672_I15_L-6.xml,drilldown/pl_id_7420/L-6,06-07-2013 17:11:56,2966
Itm_M7420_C11675_I12_L-6.xml,drilldown/pl_id_7420/L-6,13-07-2013 17:11:56,140
Itm_M7420_C11675_I2_L-6.xml,drilldown/pl_id_7420/L-6,13-07-2013 17:11:56,1166
Itm_M7420_C11677_I1_L-6.xml,drilldown/pl_id_7420/L-6,03-08-2013 17:12:02,705
Itm_M7420_C11677_I2_L-6.xml,drilldown/pl_id_7420/L-6,03-08-2013 17:12:02,911
Itm_M7420_C11677_I3_L-6.xml,drilldown/pl_id_7420/L-6,03-08-2013 17:12:02,905
Itm_M7420_C11677_I4_L-6.xml,drilldown/pl_id_7420/L-6,03-08-2013 17:12:02,535
Itm_M7420_C11687_I1_L-6.xml,drilldown/pl_id_7420/L-6,06-07-2013 17:11:56,1880
Itm_M7420_C11687_I2_L-6.xml,drilldown/pl_id_7420/L-6,16-09-2013 09:58:34,949
Itm_M7420_C11687_I3_L-6.xml,drilldown/pl_id_7420/L-6,06-07-2013 17:11:56,3480
Itm_M7420_C11688_I2_L-6.xml,drilldown/pl_id_7420/L-6,21-09-2013 17:12:08,490
Itm_M7420_C11688_I3_L-6.xml,drilldown/pl_id_7420/L-6,27-07-2013 17:12:04,470
Itm_M7420_C11688_I5_L-6.xml,drilldown/pl_id_7420/L-6,27-07-2013 17:12:04,446
Itm_M7420_C11691_I2_L-6.xml,drilldown/pl_id_7420/L-6,10-08-2013 17:12:00,573
Itm_M7420_C11693_I1_L-6.xml,drilldown/pl_id_7420/L-6,06-07-2013 17:11:56,1304
Itm_M7420_C12017_I1_L-6.xml,drilldown/pl_id_7420/L-6,23-03-2013 17:11:32,5675
Itm_M7420_C12019_I0_L-6.xml,drilldown/pl_id_7420/L-6,03-08-2013 17:12:02,1040
Itm_M7420_C12019_I10_L-6.xml,drilldown/pl_id_7420/L-6,03-08-2013 17:12:02,4632
Itm_M7420_C12022_I3_L-6.xml,drilldown/pl_id_7420/L-6,03-08-2013 17:12:02,946
Itm_M7420_C12026_I1_L-6.xml,drilldown/pl_id_7420/L-6,07-09-2013 17:12:08,915
Itm_M7420_C12026_I2_L-6.xml,drilldown/pl_id_7420/L-6,10-08-2013 17:12:00,782
Itm_M7420_C12026_I4_L-6.xml,drilldown/pl_id_7420/L-6,03-08-2013 17:12:02,561
Itm_M7420_C12028_I1_L-6.xml,drilldown/pl_id_7420/L-6,10-08-2013 17:12:00,1426
Itm_M7420_C12028_I2_L-6.xml,drilldown/pl_id_7420/L-6,10-08-2013 17:12:00,974
Itm_M7420_C12028_I5_L-6.xml,drilldown/pl_id_7420/L-6,03-08-2013 17:12:02,561
Itm_M7420_C12029_I0_L-6.xml,drilldown/pl_id_7420/L-6,03-08-2013 17:12:02,388
Itm_M7420_C12029_I1_L-6.xml,drilldown/pl_id_7420/L-6,10-08-2013 17:12:00,4069
Itm_M7420_C12029_I2_L-6.xml,drilldown/pl_id_7420/L-6,08-06-2013 17:11:48,563
Itm_M7420_C12161_I4_L-6.xml,drilldown/pl_id_7420/L-6,10-08-2013 17:12:00,527
Itm_M7420_C12370_I0_L-6.xml,drilldown/pl_id_7420/L-6,03-08-2013 17:12:02,791
Itm_M7420_C12370_I3_L-6.xml,drilldown/pl_id_7420/L-6,13-07-2013 17:11:56,530
Itm_M7420_C12423_I1_L-6.xml,drilldown/pl_id_7420/L-6,10-08-2013 17:12:00,2254
Itm_M7420_C12423_I2_L-6.xml,drilldown/pl_id_7420/L-6,10-08-2013 17:12:00,535
Itm_M7420_C12423_I3_L-6.xml,drilldown/pl_id_7420/L-6,10-08-2013 17:12:00,529
Itm_M7420_C12423_I6_L-6.xml,drilldown/pl_id_7420/L-6,10-08-2013 17:12:00,1292
Itm_M7420_C12423_I7_L-6.xml,drilldown/pl_id_7420/L-6,08-06-2013 17:11:48,315
Itm_M7420_C12500_I11_L-6.xml,drilldown/pl_id_7420/L-6,03-08-2013 17:12:02,498
Itm_M7420_C12500_I14_L-6.xml,drilldown/pl_id_7420/L-6,03-08-2013 17:12:02,330
Itm_M7420_C12500_I16_L-6.xml,drilldown/pl_id_7420/L-6,03-08-2013 17:12:02,577
Itm_M7420_C12500_I17_L-6.xml,drilldown/pl_id_7420/L-6,03-08-2013 17:12:02,470
Itm_M7420_C12500_I2_L-6.xml,drilldown/pl_id_7420/L-6,03-08-2013 17:12:02,462
Itm_M7420_C12500_I3_L-6.xml,drilldown/pl_id_7420/L-6,03-08-2013 17:12:02,468
Itm_M7420_C12500_I4_L-6.xml,drilldown/pl_id_7420/L-6,03-08-2013 17:12:02,449
Itm_M7420_C12501_I2_L-6.xml,drilldown/pl_id_7420/L-6,03-08-2013 17:12:02,993
Itm_M7420_C12502_I1_L-6.xml,drilldown/pl_id_7420/L-6,03-08-2013 17:12:02,321
Itm_M7420_C12502_I4_L-6.xml,drilldown/pl_id_7420/L-6,03-08-2013 17:12:02,391
Itm_M7420_C12520_I3_L-6.xml,drilldown/pl_id_7420/L-6,21-09-2013 17:12:08,136
Itm_M7420_C12520_I6_L-6.xml,drilldown/pl_id_7420/L-6,21-09-2013 17:12:08,138
Itm_M7420_C12520_I7_L-6.xml,drilldown/pl_id_7420/L-6,21-09-2013 17:12:08,390
Itm_M7420_C12523_I4_L-6.xml,drilldown/pl_id_7420/L-6,20-07-2013 17:12:00,354
Itm_M7420_C12524_I2_L-6.xml,drilldown/pl_id_7420/L-6,21-09-2013 17:12:08,144
Itm_M7420_C12524_I3_L-6.xml,drilldown/pl_id_7420/L-6,21-09-2013 17:12:08,144
Itm_M7420_C12524_I7_L-6.xml,drilldown/pl_id_7420/L-6,16-09-2013 09:58:34,234
Itm_M7420_C12525_I5_L-6.xml,drilldown/pl_id_7420/L-6,03-08-2013 17:12:02,953
Itm_M7420_C12531_I17_L-6.xml,drilldown/pl_id_7420/L-6,10-08-2013 17:12:00,692
Itm_M7420_C12531_I18_L-6.xml,drilldown/pl_id_7420/L-6,10-08-2013 17:12:00,385
Itm_M7420_C12533_I1_L-6.xml,drilldown/pl_id_7420/L-6,10-08-2013 17:12:00,901
Itm_M7420_C12540_I1_L-6.xml,drilldown/pl_id_7420/L-6,10-08-2013 17:12:00,1094
Itm_M7420_C12541_I16_L-6.xml,drilldown/pl_id_7420/L-6,16-09-2013 09:58:34,141
Itm_M7420_C12541_I17_L-6.xml,drilldown/pl_id_7420/L-6,10-08-2013 17:12:00,332
Itm_M7420_C12541_I18_L-6.xml,drilldown/pl_id_7420/L-6,21-09-2013 17:12:08,328
Itm_M7420_C12541_I19_L-6.xml,drilldown/pl_id_7420/L-6,03-08-2013 17:12:02,670
Itm_M7420_C12541_I1_L-6.xml,drilldown/pl_id_7420/L-6,03-08-2013 17:12:02,504
Itm_M7420_C12541_I2_L-6.xml,drilldown/pl_id_7420/L-6,10-08-2013 17:12:00,324
Itm_M7420_C12541_I8_L-6.xml,drilldown/pl_id_7420/L-6,03-08-2013 17:12:02,324
Itm_M7420_C12551_I0_L-6.xml,drilldown/pl_id_7420/L-6,03-08-2013 17:12:02,618
Itm_M7420_C12551_I3_L-6.xml,drilldown/pl_id_7420/L-6,07-09-2013 17:12:08,137
Itm_M7420_C12551_I4_L-6.xml,drilldown/pl_id_7420/L-6,16-09-2013 09:58:34,137
Itm_M7420_C12551_I5_L-6.xml,drilldown/pl_id_7420/L-6,21-09-2013 17:12:08,194
Itm_M7420_C12557_I0_L-6.xml,drilldown/pl_id_7420/L-6,03-08-2013 17:12:02,952
Itm_M7420_C12557_I6_L-6.xml,drilldown/pl_id_7420/L-6,03-08-2013 17:12:02,641
Itm_M7420_C12571_I3_L-6.xml,drilldown/pl_id_7420/L-6,16-09-2013 09:58:34,138
Itm_M7420_C12571_I4_L-6.xml,drilldown/pl_id_7420/L-6,21-09-2013 17:12:08,276
Itm_M7420_C12571_I5_L-6.xml,drilldown/pl_id_7420/L-6,21-09-2013 17:12:08,230
Itm_M7420_C12571_I6_L-6.xml,drilldown/pl_id_7420/L-6,16-09-2013 09:58:34,136
Itm_M7420_C12572_I2_L-6.xml,drilldown/pl_id_7420/L-6,16-09-2013 09:58:34,324
Itm_M7420_C12572_I3_L-6.xml,drilldown/pl_id_7420/L-6,07-09-2013 17:12:08,330
Itm_M7420_C12572_I4_L-6.xml,drilldown/pl_id_7420/L-6,07-09-2013 17:12:08,330
Itm_M7420_C12572_I5_L-6.xml,drilldown/pl_id_7420/L-6,03-08-2013 17:12:02,1407
Itm_M7420_C12590_I16_L-6.xml,drilldown/pl_id_7420/L-6,10-08-2013 17:12:00,329
Itm_M7420_C12590_I1_L-6.xml,drilldown/pl_id_7420/L-6,03-08-2013 17:12:02,472
Itm_M7420_C12590_I2_L-6.xml,drilldown/pl_id_7420/L-6,03-08-2013 17:12:02,192
Itm_M7420_C12590_I8_L-6.xml,drilldown/pl_id_7420/L-6,03-08-2013 17:12:02,472
Itm_M7420_C12591_I1_L-6.xml,drilldown/pl_id_7420/L-6,13-07-2013 17:11:56,2911
Itm_M7420_C12591_I9_L-6.xml,drilldown/pl_id_7420/L-6,13-07-2013 17:11:56,286
Itm_M7420_C12592_I8_L-6.xml,drilldown/pl_id_7420/L-6,10-08-2013 17:12:00,809
Itm_M7420_C12593_I4_L-6.xml,drilldown/pl_id_7420/L-6,10-08-2013 17:12:00,321
Itm_M7420_C12593_I5_L-6.xml,drilldown/pl_id_7420/L-6,10-08-2013 17:12:00,483
Itm_M7420_C12593_I6_L-6.xml,drilldown/pl_id_7420/L-6,10-08-2013 17:12:00,711
Itm_M7420_C12595_I0_L-6.xml,drilldown/pl_id_7420/L-6,21-09-2013 17:12:08,469
Itm_M7420_C12596_I1_L-6.xml,drilldown/pl_id_7420/L-6,10-08-2013 17:12:00,524
Itm_M7420_C12599_I3_L-6.xml,drilldown/pl_id_7420/L-6,31-08-2013 17:11:56,258
Itm_M7420_C12599_I4_L-6.xml,drilldown/pl_id_7420/L-6,03-08-2013 17:12:02,1208
Itm_M7420_C12601_I3_L-6.xml,drilldown/pl_id_7420/L-6,29-06-2013 17:11:58,17203
Itm_M7420_C12604_I4_L-6.xml,drilldown/pl_id_7420/L-6,13-07-2013 17:11:56,915
Itm_M7420_C12611_I1_L-6.xml,drilldown/pl_id_7420/L-6,03-08-2013 17:12:02,356
Itm_M7420_C12612_I4_L-6.xml,drilldown/pl_id_7420/L-6,10-08-2013 17:12:00,729
Itm_M7420_C12612_I5_L-6.xml,drilldown/pl_id_7420/L-6,13-07-2013 17:11:56,297
Itm_M7420_C12620_I1_L-6.xml,drilldown/pl_id_7420/L-6,03-08-2013 17:12:02,1049
Itm_M7420_C12620_I2_L-6.xml,drilldown/pl_id_7420/L-6,03-08-2013 17:12:02,607
Itm_M7420_C12620_I3_L-6.xml,drilldown/pl_id_7420/L-6,03-08-2013 17:12:02,607
Itm_M7420_C12620_I4_L-6.xml,drilldown/pl_id_7420/L-6,21-09-2013 17:12:08,144
Itm_M7420_C12620_I5_L-6.xml,drilldown/pl_id_7420/L-6,16-09-2013 09:58:34,138
Itm_M7420_C12620_I6_L-6.xml,drilldown/pl_id_7420/L-6,10-08-2013 17:12:00,516
Itm_M7420_C12620_I7_L-6.xml,drilldown/pl_id_7420/L-6,03-08-2013 17:12:02,1086
Itm_M7420_C12621_I3_L-6.xml,drilldown/pl_id_7420/L-6,03-08-2013 17:12:02,1431
Itm_M7420_C12621_I4_L-6.xml,drilldown/pl_id_7420/L-6,03-08-2013 17:12:02,1533
Itm_M7420_C12621_I7_L-6.xml,drilldown/pl_id_7420/L-6,03-08-2013 17:12:02,492
Itm_M7420_C12621_I8_L-6.xml,drilldown/pl_id_7420/L-6,03-08-2013 17:12:02,650
Itm_M7420_C12621_I9_L-6.xml,drilldown/pl_id_7420/L-6,03-08-2013 17:12:02,1389
Itm_M7420_C12624_I7_L-6.xml,drilldown/pl_id_7420/L-6,10-08-2013 17:12:00,689
Itm_M7420_C12625_I1_L-6.xml,drilldown/pl_id_7420/L-6,31-08-2013 17:11:56,2584
Itm_M7420_C12626_I1_L-6.xml,drilldown/pl_id_7420/L-6,03-08-2013 17:12:02,739
Itm_M7420_C12626_I2_L-6.xml,drilldown/pl_id_7420/L-6,03-08-2013 17:12:02,480
Itm_M7420_C12626_I5_L-6.xml,drilldown/pl_id_7420/L-6,03-08-2013 17:12:02,480
Itm_M7420_C12626_I6_L-6.xml,drilldown/pl_id_7420/L-6,03-08-2013 17:12:02,927
Itm_M7420_C12627_I1_L-6.xml,drilldown/pl_id_7420/L-6,22-06-2013 17:11:52,2046
Itm_M7420_C12627_I2_L-6.xml,drilldown/pl_id_7420/L-6,03-08-2013 17:12:02,1493
Itm_M7420_C12628_I1_L-6.xml,drilldown/pl_id_7420/L-6,16-09-2013 09:58:34,1641
Itm_M7420_C12630_I5_L-6.xml,drilldown/pl_id_7420/L-6,03-08-2013 17:12:02,1124
Itm_M7420_C12631_I1_L-6.xml,drilldown/pl_id_7420/L-6,03-08-2013 17:12:02,324
Itm_M7420_C12631_I7_L-6.xml,drilldown/pl_id_7420/L-6,03-08-2013 17:12:02,324
Itm_M7420_C12631_I8_L-6.xml,drilldown/pl_id_7420/L-6,03-08-2013 17:12:02,192
Itm_M7420_C12631_I9_L-6.xml,drilldown/pl_id_7420/L-6,03-08-2013 17:12:02,192
Itm_M7420_C12632_I2_L-6.xml,drilldown/pl_id_7420/L-6,10-08-2013 17:12:00,216
Itm_M7420_C12633_I12_L-6.xml,drilldown/pl_id_7420/L-6,07-09-2013 17:12:08,332
Itm_M7420_C12633_I13_L-6.xml,drilldown/pl_id_7420/L-6,20-05-2013 14:09:24,196
Itm_M7420_C12633_I14_L-6.xml,drilldown/pl_id_7420/L-6,03-08-2013 17:12:02,327
Itm_M7420_C12634_I1_L-6.xml,drilldown/pl_id_7420/L-6,03-08-2013 17:12:02,1742
Itm_M7420_C12634_I2_L-6.xml,drilldown/pl_id_7420/L-6,03-08-2013 17:12:02,2228
Itm_M7420_C12634_I4_L-6.xml,drilldown/pl_id_7420/L-6,03-08-2013 17:12:02,1659
Itm_M7420_C12634_I6_L-6.xml,drilldown/pl_id_7420/L-6,10-08-2013 17:12:00,1843
Itm_M7420_C12635_I10_L-6.xml,drilldown/pl_id_7420/L-6,03-08-2013 17:12:02,295
Itm_M7420_C12635_I11_L-6.xml,drilldown/pl_id_7420/L-6,03-08-2013 17:12:02,670
Itm_M7420_C12635_I12_L-6.xml,drilldown/pl_id_7420/L-6,03-08-2013 17:12:02,141
Itm_M7420_C12635_I1_L-6.xml,drilldown/pl_id_7420/L-6,03-08-2013 17:12:02,856
Itm_M7420_C12635_I3_L-6.xml,drilldown/pl_id_7420/L-6,31-08-2013 17:11:56,1103
Itm_M7420_C12635_I4_L-6.xml,drilldown/pl_id_7420/L-6,03-08-2013 17:12:02,702
Itm_M7420_C12635_I5_L-6.xml,drilldown/pl_id_7420/L-6,03-08-2013 17:12:02,539
Itm_M7420_C12635_I6_L-6.xml,drilldown/pl_id_7420/L-6,03-08-2013 17:12:02,702
Itm_M7420_C12635_I7_L-6.xml,drilldown/pl_id_7420/L-6,03-08-2013 17:12:02,856
Itm_M7420_C12635_I8_L-6.xml,drilldown/pl_id_7420/L-6,03-08-2013 17:12:02,824
Itm_M7420_C12635_I9_L-6.xml,drilldown/pl_id_7420/L-6,03-08-2013 17:12:02,545
Itm_M7420_C12636_I1_L-6.xml,drilldown/pl_id_7420/L-6,03-08-2013 17:12:02,739
Itm_M7420_C12636_I2_L-6.xml,drilldown/pl_id_7420/L-6,07-09-2013 17:12:08,139
Itm_M7420_C12636_I5_L-6.xml,drilldown/pl_id_7420/L-6,29-06-2013 17:11:58,620
Itm_M7420_C12637_I1_L-6.xml,drilldown/pl_id_7420/L-6,03-08-2013 17:12:02,414
Itm_M7420_C12638_I1_L-6.xml,drilldown/pl_id_7420/L-6,03-08-2013 17:12:02,930
Itm_M7420_C12638_I4_L-6.xml,drilldown/pl_id_7420/L-6,10-08-2013 17:12:00,1020
Itm_M7420_C12639_I4_L-6.xml,drilldown/pl_id_7420/L-6,03-08-2013 17:12:02,1436
Itm_M7420_C12639_I5_L-6.xml,drilldown/pl_id_7420/L-6,24-08-2013 17:12:02,852
Itm_M7420_C12641_I0_L-6.xml,drilldown/pl_id_7420/L-6,03-08-2013 17:12:02,1021
Itm_M7420_C12641_I12_L-6.xml,drilldown/pl_id_7420/L-6,10-08-2013 17:12:00,610
Itm_M7420_C12641_I1_L-6.xml,drilldown/pl_id_7420/L-6,03-08-2013 17:12:02,822
Itm_M7420_C12641_I2_L-6.xml,drilldown/pl_id_7420/L-6,03-08-2013 17:12:02,342
Itm_M7420_C12641_I3_L-6.xml,drilldown/pl_id_7420/L-6,10-08-2013 17:12:00,490
Itm_M7420_C12642_I1_L-6.xml,drilldown/pl_id_7420/L-6,03-08-2013 17:12:02,492
Itm_M7420_C12642_I2_L-6.xml,drilldown/pl_id_7420/L-6,03-08-2013 17:12:02,644
Itm_M7420_C12642_I3_L-6.xml,drilldown/pl_id_7420/L-6,16-09-2013 09:58:34,492
Itm_M7420_C12642_I4_L-6.xml,drilldown/pl_id_7420/L-6,03-08-2013 17:12:02,492
Itm_M7420_C12643_I1_L-6.xml,drilldown/pl_id_7420/L-6,03-08-2013 17:12:02,572
Itm_M7420_C12643_I2_L-6.xml,drilldown/pl_id_7420/L-6,03-08-2013 17:12:02,414
Itm_M7420_C12643_I3_L-6.xml,drilldown/pl_id_7420/L-6,03-08-2013 17:12:02,584
Itm_M7420_C12644_I3_L-6.xml,drilldown/pl_id_7420/L-6,03-08-2013 17:12:02,324
Itm_M7420_C12644_I4_L-6.xml,drilldown/pl_id_7420/L-6,03-08-2013 17:12:02,472
Itm_M7420_C12645_I1_L-6.xml,drilldown/pl_id_7420/L-6,03-08-2013 17:12:02,784
Itm_M7420_C12645_I4_L-6.xml,drilldown/pl_id_7420/L-6,03-08-2013 17:12:02,620
Itm_M7420_C12646_I1_L-6.xml,drilldown/pl_id_7420/L-6,16-09-2013 09:58:34,360
Itm_M7420_C12648_I0_L-6.xml,drilldown/pl_id_7420/L-6,03-08-2013 17:12:02,514
Itm_M7420_C12648_I1_L-6.xml,drilldown/pl_id_7420/L-6,03-08-2013 17:12:02,715
Itm_M7420_C12648_I5_L-6.xml,drilldown/pl_id_7420/L-6,03-08-2013 17:12:02,1658
Itm_M7420_C12648_I6_L-6.xml,drilldown/pl_id_7420/L-6,03-08-2013 17:12:02,602
Itm_M7420_C12649_I1_L-6.xml,drilldown/pl_id_7420/L-6,10-08-2013 17:12:00,3456
Itm_M7420_C12649_I7_L-6.xml,drilldown/pl_id_7420/L-6,03-08-2013 17:12:02,1117
Itm_M7420_C12651_I5_L-6.xml,drilldown/pl_id_7420/L-6,03-08-2013 17:12:02,546
Itm_M7420_C12651_I6_L-6.xml,drilldown/pl_id_7420/L-6,03-08-2013 17:12:02,1407
Itm_M7420_C12653_I10_L-6.xml,drilldown/pl_id_7420/L-6,16-09-2013 09:58:34,153
Itm_M7420_C12653_I11_L-6.xml,drilldown/pl_id_7420/L-6,16-09-2013 09:58:34,5093
Itm_M7420_C12653_I9_L-6.xml,drilldown/pl_id_7420/L-6,21-09-2013 17:12:08,151
Itm_M7420_C12655_I1_L-6.xml,drilldown/pl_id_7420/L-6,03-08-2013 17:12:02,1702
Itm_M7420_C12655_I2_L-6.xml,drilldown/pl_id_7420/L-6,03-08-2013 17:12:02,460
Itm_M7420_C12655_I4_L-6.xml,drilldown/pl_id_7420/L-6,21-09-2013 17:12:08,258
Itm_M7420_C12655_I5_L-6.xml,drilldown/pl_id_7420/L-6,27-07-2013 17:12:04,188
Itm_M7420_C12656_I1_L-6.xml,drilldown/pl_id_7420/L-6,16-09-2013 09:58:34,941
Itm_M7420_C12656_I2_L-6.xml,drilldown/pl_id_7420/L-6,13-07-2013 17:11:56,870
Itm_M7420_C12657_I2_L-6.xml,drilldown/pl_id_7420/L-6,29-04-2013 17:12:42,8186
Itm_M7420_C12657_I3_L-6.xml,drilldown/pl_id_7420/L-6,03-08-2013 17:12:02,19516
Itm_M7420_C12661_I1_L-6.xml,drilldown/pl_id_7420/L-6,03-08-2013 17:12:02,9857
Itm_M7420_C12663_I1_L-6.xml,drilldown/pl_id_7420/L-6,03-08-2013 17:12:02,23247
Itm_M7420_C12664_I2_L-6.xml,drilldown/pl_id_7420/L-6,03-08-2013 17:12:02,15801
Itm_M7420_C12665_I1_L-6.xml,drilldown/pl_id_7420/L-6,07-05-2013 09:21:08,8253
Itm_M7420_C12666_I1_L-6.xml,drilldown/pl_id_7420/L-6,24-08-2013 17:12:02,323
Itm_M7420_C12667_I1_L-6.xml,drilldown/pl_id_7420/L-6,03-08-2013 17:12:02,341
Itm_M7420_C12667_I2_L-6.xml,drilldown/pl_id_7420/L-6,03-08-2013 17:12:02,861
Itm_M7420_C12667_I3_L-6.xml,drilldown/pl_id_7420/L-6,03-08-2013 17:12:02,767
Itm_M7420_C12668_I2_L-6.xml,drilldown/pl_id_7420/L-6,10-08-2013 17:12:00,492
Itm_M7420_C12668_I5_L-6.xml,drilldown/pl_id_7420/L-6,13-07-2013 17:11:56,135
Itm_M7420_C12669_I4_L-6.xml,drilldown/pl_id_7420/L-6,13-07-2013 17:11:56,297
Itm_M7420_C12790_I17_L-6.xml,drilldown/pl_id_7420/L-6,10-08-2013 17:12:00,687
Itm_M7420_C12791_I8_L-6.xml,drilldown/pl_id_7420/L-6,03-08-2013 17:12:02,498
Itm_M7420_C12792_I1_L-6.xml,drilldown/pl_id_7420/L-6,03-08-2013 17:12:02,498
Itm_M7420_C12792_I2_L-6.xml,drilldown/pl_id_7420/L-6,03-08-2013 17:12:02,498
Itm_M7420_C12792_I3_L-6.xml,drilldown/pl_id_7420/L-6,16-09-2013 09:58:34,498
Itm_M7420_C12792_I5_L-6.xml,drilldown/pl_id_7420/L-6,03-08-2013 17:12:02,650
Itm_M7420_C12792_I6_L-6.xml,drilldown/pl_id_7420/L-6,03-08-2013 17:12:02,309
Itm_M7420_C12793_I2_L-6.xml,drilldown/pl_id_7420/L-6,03-08-2013 17:12:02,498
Itm_M7420_C12793_I3_L-6.xml,drilldown/pl_id_7420/L-6,03-08-2013 17:12:02,1012
Itm_M7420_C12793_I4_L-6.xml,drilldown/pl_id_7420/L-6,03-08-2013 17:12:02,1112
Itm_M7420_C12794_I3_L-6.xml,drilldown/pl_id_7420/L-6,03-08-2013 17:12:02,324
Itm_M7420_C12794_I5_L-6.xml,drilldown/pl_id_7420/L-6,20-04-2013 17:11:44,309
Itm_M7420_C12794_I8_L-6.xml,drilldown/pl_id_7420/L-6,03-08-2013 17:12:02,498
Itm_M7420_C12794_I9_L-6.xml,drilldown/pl_id_7420/L-6,29-04-2013 17:12:42,139
Itm_M7420_C12795_I10_L-6.xml,drilldown/pl_id_7420/L-6,29-06-2013 17:11:58,390
Itm_M7420_C12795_I1_L-6.xml,drilldown/pl_id_7420/L-6,03-08-2013 17:12:02,794
Itm_M7420_C12800_I2_L-6.xml,drilldown/pl_id_7420/L-6,03-08-2013 17:12:02,635
Itm_M7420_C12800_I3_L-6.xml,drilldown/pl_id_7420/L-6,03-08-2013 17:12:02,480
Itm_M7420_C12800_I4_L-6.xml,drilldown/pl_id_7420/L-6,03-08-2013 17:12:02,480
Itm_M7420_C12801_I4_L-6.xml,drilldown/pl_id_7420/L-6,03-08-2013 17:12:02,378
Itm_M7420_C12802_I1_L-6.xml,drilldown/pl_id_7420/L-6,03-08-2013 17:12:02,412
Itm_M7420_C13340_I16_L-6.xml,drilldown/pl_id_7420/L-6,27-07-2013 17:12:04,621
Itm_M7420_C13340_I3_L-6.xml,drilldown/pl_id_7420/L-6,10-08-2013 17:12:00,1275
Itm_M7420_C13340_I4_L-6.xml,drilldown/pl_id_7420/L-6,10-08-2013 17:12:00,1257
Itm_M7420_C13341_I2_L-6.xml,drilldown/pl_id_7420/L-6,17-08-2013 17:12:02,319
Itm_M7420_C13341_I3_L-6.xml,drilldown/pl_id_7420/L-6,17-08-2013 17:12:02,1714
Itm_M7420_C13450_I1_L-6.xml,drilldown/pl_id_7420/L-6,07-09-2013 17:12:08,1396
Itm_M7420_C13450_I9_L-6.xml,drilldown/pl_id_7420/L-6,27-07-2013 17:12:04,311
Itm_M7420_C13460_I1_L-6.xml,drilldown/pl_id_7420/L-6,03-08-2013 17:12:02,498
Itm_M7420_C13460_I3_L-6.xml,drilldown/pl_id_7420/L-6,03-08-2013 17:12:02,498
Itm_M7420_C13460_I4_L-6.xml,drilldown/pl_id_7420/L-6,03-08-2013 17:12:02,1026
Itm_M7420_C13460_I5_L-6.xml,drilldown/pl_id_7420/L-6,03-08-2013 17:12:02,858
Itm_M7420_C13470_I7_L-6.xml,drilldown/pl_id_7420/L-6,07-09-2013 17:12:08,225
Itm_M7420_C13650_I4_L-6.xml,drilldown/pl_id_7420/L-6,27-07-2013 17:12:04,350
Itm_M7420_C13670_I10_L-6.xml,drilldown/pl_id_7420/L-6,10-08-2013 17:12:00,624
Itm_M7420_C13670_I11_L-6.xml,drilldown/pl_id_7420/L-6,10-08-2013 17:12:00,618
Itm_M7420_C13670_I12_L-6.xml,drilldown/pl_id_7420/L-6,10-08-2013 17:12:00,612
Itm_M7420_C13670_I3_L-6.xml,drilldown/pl_id_7420/L-6,13-07-2013 17:11:56,928
Itm_M7420_C13670_I8_L-6.xml,drilldown/pl_id_7420/L-6,10-08-2013 17:12:00,354
Itm_M7420_C13670_I9_L-6.xml,drilldown/pl_id_7420/L-6,10-08-2013 17:12:00,618
Itm_M7420_C13671_I3_L-6.xml,drilldown/pl_id_7420/L-6,16-09-2013 09:58:34,9880
Itm_M7420_C13671_I4_L-6.xml,drilldown/pl_id_7420/L-6,16-09-2013 09:58:34,7756
Itm_M7420_C13672_I5_L-6.xml,drilldown/pl_id_7420/L-6,27-07-2013 17:12:04,321
Itm_M7420_C13672_I6_L-6.xml,drilldown/pl_id_7420/L-6,16-09-2013 09:58:34,386
Itm_M7420_C13672_I7_L-6.xml,drilldown/pl_id_7420/L-6,16-09-2013 09:58:34,301
Itm_M7420_C13678_I5_L-6.xml,drilldown/pl_id_7420/L-6,16-09-2013 09:58:34,1963
Itm_M7420_C13679_I15_L-6.xml,drilldown/pl_id_7420/L-6,27-07-2013 17:12:04,403
Itm_M7420_C13679_I3_L-6.xml,drilldown/pl_id_7420/L-6,06-07-2013 17:11:56,188
Itm_M7420_C13680_I12_L-6.xml,drilldown/pl_id_7420/L-6,27-07-2013 17:12:04,333
Itm_M7420_C13680_I14_L-6.xml,drilldown/pl_id_7420/L-6,06-07-2013 17:11:56,354
Itm_M7420_C13680_I3_L-6.xml,drilldown/pl_id_7420/L-6,06-07-2013 17:11:56,188
Itm_M7420_C13680_I4_L-6.xml,drilldown/pl_id_7420/L-6,06-07-2013 17:11:56,1094
Itm_M7420_C13682_I6_L-6.xml,drilldown/pl_id_7420/L-6,27-07-2013 17:12:04,314
Itm_M7420_C13682_I7_L-6.xml,drilldown/pl_id_7420/L-6,27-07-2013 17:12:04,241
Itm_M7420_C13683_I1_L-6.xml,drilldown/pl_id_7420/L-6,07-09-2013 17:12:08,7021
Itm_M7420_C13685_I1_L-6.xml,drilldown/pl_id_7420/L-6,11-05-2013 17:11:42,1591
Itm_M7420_C13810_I5_L-6.xml,drilldown/pl_id_7420/L-6,13-07-2013 17:11:56,479
Itm_M7420_C13830_I9_L-6.xml,drilldown/pl_id_7420/L-6,03-08-2013 17:12:02,138
Itm_M7420_C14231_I0_L-6.xml,drilldown/pl_id_7420/L-6,21-09-2013 17:12:08,10972
Itm_M7420_C14870_I1_L-6.xml,drilldown/pl_id_7420/L-6,06-07-2013 17:11:56,460
Itm_M7420_C14870_I2_L-6.xml,drilldown/pl_id_7420/L-6,06-07-2013 17:11:56,460
Itm_M7420_C14900_I0_L-6.xml,drilldown/pl_id_7420/L-6,03-08-2013 17:12:02,413
Itm_M7420_C14901_I0_L-6.xml,drilldown/pl_id_7420/L-6,03-08-2013 17:12:02,788
Itm_M7420_C14902_I0_L-6.xml,drilldown/pl_id_7420/L-6,03-08-2013 17:12:02,985
Itm_M7420_C14903_I0_L-6.xml,drilldown/pl_id_7420/L-6,03-08-2013 17:12:02,1534
Itm_M7420_C14904_I0_L-6.xml,drilldown/pl_id_7420/L-6,03-08-2013 17:12:02,751
Itm_M7420_C14905_I0_L-6.xml,drilldown/pl_id_7420/L-6,16-09-2013 09:58:34,544
Itm_M7420_C14906_I0_L-6.xml,drilldown/pl_id_7420/L-6,03-08-2013 17:12:02,311
Itm_M7420_C14907_I0_L-6.xml,drilldown/pl_id_7420/L-6,24-08-2013 17:12:02,887
Itm_M7420_C14908_I1_L-6.xml,drilldown/pl_id_7420/L-6,03-08-2013 17:12:02,373
Itm_M7420_C14908_I2_L-6.xml,drilldown/pl_id_7420/L-6,03-08-2013 17:12:02,280
Itm_M7420_C14908_I3_L-6.xml,drilldown/pl_id_7420/L-6,03-08-2013 17:12:02,673
Itm_M7420_C14908_I4_L-6.xml,drilldown/pl_id_7420/L-6,03-08-2013 17:12:02,661
Itm_M7420_C14908_I5_L-6.xml,drilldown/pl_id_7420/L-6,03-08-2013 17:12:02,465
Itm_M7420_C14909_I1_L-6.xml,drilldown/pl_id_7420/L-6,03-08-2013 17:12:02,742
Itm_M7420_C14910_I0_L-6.xml,drilldown/pl_id_7420/L-6,03-08-2013 17:12:02,1611
Itm_M7420_C14911_I0_L-6.xml,drilldown/pl_id_7420/L-6,03-08-2013 17:12:02,2545
Itm_M7420_C14912_I1_L-6.xml,drilldown/pl_id_7420/L-6,03-08-2013 17:12:02,219
Itm_M7420_C14912_I2_L-6.xml,drilldown/pl_id_7420/L-6,03-08-2013 17:12:02,217
Itm_M7420_C14912_I3_L-6.xml,drilldown/pl_id_7420/L-6,03-08-2013 17:12:02,519
Itm_M7420_C14912_I4_L-6.xml,drilldown/pl_id_7420/L-6,03-08-2013 17:12:02,513
Itm_M7420_C14912_I5_L-6.xml,drilldown/pl_id_7420/L-6,03-08-2013 17:12:02,343
Itm_M7420_C14912_I6_L-6.xml,drilldown/pl_id_7420/L-6,03-08-2013 17:12:02,464
Itm_M7420_C14913_I0_L-6.xml,drilldown/pl_id_7420/L-6,03-08-2013 17:12:02,2051
Itm_M7420_C14914_I0_L-6.xml,drilldown/pl_id_7420/L-6,03-08-2013 17:12:02,2066
Itm_M7420_C14915_I1_L-6.xml,drilldown/pl_id_7420/L-6,03-08-2013 17:12:02,457
Itm_M7420_C14915_I2_L-6.xml,drilldown/pl_id_7420/L-6,03-08-2013 17:12:02,290
Itm_M7420_C14915_I3_L-6.xml,drilldown/pl_id_7420/L-6,03-08-2013 17:12:02,489
Itm_M7420_C14915_I4_L-6.xml,drilldown/pl_id_7420/L-6,03-08-2013 17:12:02,495
Itm_M7420_C14915_I5_L-6.xml,drilldown/pl_id_7420/L-6,03-08-2013 17:12:02,273
Itm_M7420_C14915_I6_L-6.xml,drilldown/pl_id_7420/L-6,03-08-2013 17:12:02,400
Itm_M7420_C14915_I7_L-6.xml,drilldown/pl_id_7420/L-6,03-08-2013 17:12:02,399
Itm_M7420_C14916_I0_L-6.xml,drilldown/pl_id_7420/L-6,10-08-2013 17:12:00,1509
Itm_M7420_C14917_I0_L-6.xml,drilldown/pl_id_7420/L-6,03-08-2013 17:12:02,1404
Itm_M7420_C14918_I0_L-6.xml,drilldown/pl_id_7420/L-6,03-08-2013 17:12:02,4857
Itm_M7420_C14919_I0_L-6.xml,drilldown/pl_id_7420/L-6,03-08-2013 17:12:02,2420
Itm_M7420_C14920_I0_L-6.xml,drilldown/pl_id_7420/L-6,03-08-2013 17:12:02,3802
Itm_M7420_C14921_I0_L-6.xml,drilldown/pl_id_7420/L-6,03-08-2013 17:12:02,546
Itm_M7420_C14922_I0_L-6.xml,drilldown/pl_id_7420/L-6,03-08-2013 17:12:02,1260
Itm_M7420_C14923_I0_L-6.xml,drilldown/pl_id_7420/L-6,03-08-2013 17:12:02,1349
Itm_M7420_C14924_I10_L-6.xml,drilldown/pl_id_7420/L-6,03-08-2013 17:12:02,279
Itm_M7420_C14924_I11_L-6.xml,drilldown/pl_id_7420/L-6,03-08-2013 17:12:02,423
Itm_M7420_C14924_I12_L-6.xml,drilldown/pl_id_7420/L-6,03-08-2013 17:12:02,205
Itm_M7420_C14924_I13_L-6.xml,drilldown/pl_id_7420/L-6,03-08-2013 17:12:02,211
Itm_M7420_C14924_I14_L-6.xml,drilldown/pl_id_7420/L-6,03-08-2013 17:12:02,479
Itm_M7420_C14924_I15_L-6.xml,drilldown/pl_id_7420/L-6,03-08-2013 17:12:02,520
Itm_M7420_C14924_I16_L-6.xml,drilldown/pl_id_7420/L-6,03-08-2013 17:12:02,520
Itm_M7420_C14924_I17_L-6.xml,drilldown/pl_id_7420/L-6,03-08-2013 17:12:02,225
Itm_M7420_C14924_I18_L-6.xml,drilldown/pl_id_7420/L-6,03-08-2013 17:12:02,231
Itm_M7420_C14924_I1_L-6.xml,drilldown/pl_id_7420/L-6,03-08-2013 17:12:02,526
Itm_M7420_C14924_I2_L-6.xml,drilldown/pl_id_7420/L-6,03-08-2013 17:12:02,323
Itm_M7420_C14924_I3_L-6.xml,drilldown/pl_id_7420/L-6,03-08-2013 17:12:02,138
Itm_M7420_C14924_I4_L-6.xml,drilldown/pl_id_7420/L-6,03-08-2013 17:12:02,138
Itm_M7420_C14924_I5_L-6.xml,drilldown/pl_id_7420/L-6,03-08-2013 17:12:02,188
Itm_M7420_C14924_I6_L-6.xml,drilldown/pl_id_7420/L-6,03-08-2013 17:12:02,230
Itm_M7420_C14924_I7_L-6.xml,drilldown/pl_id_7420/L-6,03-08-2013 17:12:02,139
Itm_M7420_C14924_I8_L-6.xml,drilldown/pl_id_7420/L-6,03-08-2013 17:12:02,138
Itm_M7420_C14924_I9_L-6.xml,drilldown/pl_id_7420/L-6,31-08-2013 17:11:56,689
Itm_M7420_C14925_I0_L-6.xml,drilldown/pl_id_7420/L-6,03-08-2013 17:12:02,628
Itm_M7420_C14926_I1_L-6.xml,drilldown/pl_id_7420/L-6,03-08-2013 17:12:02,275
Itm_M7420_C14926_I2_L-6.xml,drilldown/pl_id_7420/L-6,03-08-2013 17:12:02,293
Itm_M7420_C14940_I0_L-6.xml,drilldown/pl_id_7420/L-6,17-08-2013 17:12:02,2115
Itm_M7420_C14941_I0_L-6.xml,drilldown/pl_id_7420/L-6,17-08-2013 17:12:02,1238
Itm_M7420_C14942_I0_L-6.xml,drilldown/pl_id_7420/L-6,17-08-2013 17:12:02,2139
Itm_M7420_C14943_I0_L-6.xml,drilldown/pl_id_7420/L-6,17-08-2013 17:12:02,1798
Itm_M7420_C14944_I1_L-6.xml,drilldown/pl_id_7420/L-6,17-08-2013 17:12:02,1082
Itm_M7420_C14944_I2_L-6.xml,drilldown/pl_id_7420/L-6,17-08-2013 17:12:02,626
Itm_M7420_C14944_I3_L-6.xml,drilldown/pl_id_7420/L-6,17-08-2013 17:12:02,600
Itm_M7420_C14944_I4_L-6.xml,drilldown/pl_id_7420/L-6,17-08-2013 17:12:02,668
Itm_M7420_C14944_I5_L-6.xml,drilldown/pl_id_7420/L-6,17-08-2013 17:12:02,562
Itm_M7420_C14944_I6_L-6.xml,drilldown/pl_id_7420/L-6,17-08-2013 17:12:02,862
Itm_M7420_C14945_I0_L-6.xml,drilldown/pl_id_7420/L-6,17-08-2013 17:12:02,359
Itm_M7420_C8020_I2_L-6.xml,drilldown/pl_id_7420/L-6,17-06-2013 07:54:18,692
Itm_M7420_C8807_I10_L-6.xml,drilldown/pl_id_7420/L-6,10-08-2013 17:12:00,352
Itm_M7420_C8807_I1_L-6.xml,drilldown/pl_id_7420/L-6,10-08-2013 17:12:00,1728
Itm_M7420_C8807_I7_L-6.xml,drilldown/pl_id_7420/L-6,22-06-2013 17:11:52,924
Itm_M7420_C8807_I8_L-6.xml,drilldown/pl_id_7420/L-6,03-08-2013 17:12:02,2116
Itm_M7420_C8945_I1_L-6.xml,drilldown/pl_id_7420/L-6,13-07-2013 17:11:56,1034
Itm_M7420_C8945_I7_L-6.xml,drilldown/pl_id_7420/L-6,13-07-2013 17:11:56,739
Itm_M7420_C8953_I2_L-6.xml,drilldown/pl_id_7420/L-6,10-08-2013 17:12:00,547
Itm_M7420_C8953_I3_L-6.xml,drilldown/pl_id_7420/L-6,10-08-2013 17:12:00,393
Itm_M7420_C8953_I6_L-6.xml,drilldown/pl_id_7420/L-6,10-08-2013 17:12:00,590
Itm_M7420_C8954_I6_L-6.xml,drilldown/pl_id_7420/L-6,10-08-2013 17:12:00,572
Itm_M7420_C8963_I3_L-6.xml,drilldown/pl_id_7420/L-6,10-08-2013 17:12:00,1258
Itm_M7420_C8963_I4_L-6.xml,drilldown/pl_id_7420/L-6,10-08-2013 17:12:00,376
Itm_M7420_C8993_I9_L-6.xml,drilldown/pl_id_7420/L-6,10-08-2013 17:12:00,1230
Itm_M7420_C9022_I0_L-6.xml,drilldown/pl_id_7420/L-6,10-08-2013 17:12:00,344
Itm_M7420_C9022_I1_L-6.xml,drilldown/pl_id_7420/L-6,10-08-2013 17:12:00,1297
Itm_M7420_C9022_I4_L-6.xml,drilldown/pl_id_7420/L-6,10-08-2013 17:12:00,474
Itm_M7420_C9022_I6_L-6.xml,drilldown/pl_id_7420/L-6,10-08-2013 17:12:00,905
Itm_M7420_C9022_I7_L-6.xml,drilldown/pl_id_7420/L-6,10-08-2013 17:12:00,653
Itm_M7420_C9023_I1_L-6.xml,drilldown/pl_id_7420/L-6,10-08-2013 17:12:00,333
Itm_M7420_C9023_I3_L-6.xml,drilldown/pl_id_7420/L-6,10-08-2013 17:12:00,1682
Itm_M7420_C9153_I5_L-6.xml,drilldown/pl_id_7420/L-6,17-08-2013 17:12:02,614
Itm_M7420_C9154_I1_L-6.xml,drilldown/pl_id_7420/L-6,20-04-2013 17:11:44,1224
Itm_M7420_C9154_I2_L-6.xml,drilldown/pl_id_7420/L-6,17-08-2013 17:12:02,2380
Itm_M7420_C9387_I1_L-6.xml,drilldown/pl_id_7420/L-6,03-08-2013 17:12:02,470
Itm_M7420_C9387_I2_L-6.xml,drilldown/pl_id_7420/L-6,03-08-2013 17:12:02,799
Itm_M7420_C9387_I3_L-6.xml,drilldown/pl_id_7420/L-6,03-08-2013 17:12:02,321
Itm_M7420_C9387_I8_L-6.xml,drilldown/pl_id_7420/L-6,03-08-2013 17:12:02,420
Itm_M7420_C9487_I2_L-6.xml,drilldown/pl_id_7420/L-6,03-08-2013 17:12:02,675
Itm_M7420_C9487_I3_L-6.xml,drilldown/pl_id_7420/L-6,17-08-2013 17:12:02,1003
Itm_M7420_C9506_I1_L-6.xml,drilldown/pl_id_7420/L-6,10-08-2013 17:12:00,2524
Itm_M7420_C9550_I1_L-6.xml,drilldown/pl_id_7420/L-6,03-08-2013 17:12:02,1798
Itm_M7420_C9550_I2_L-6.xml,drilldown/pl_id_7420/L-6,03-08-2013 17:12:02,698
Itm_M7420_C9559_I16_L-6.xml,drilldown/pl_id_7420/L-6,17-08-2013 17:12:02,725
Itm_M7420_C9589_I1_L-6.xml,drilldown/pl_id_7420/L-6,20-05-2013 14:09:24,1579
Itm_M7420_C9589_I2_L-6.xml,drilldown/pl_id_7420/L-6,20-05-2013 14:09:24,1157
Itm_M7420_C9589_I3_L-6.xml,drilldown/pl_id_7420/L-6,20-05-2013 14:09:24,1068
Itm_M7420_C9589_I6_L-6.xml,drilldown/pl_id_7420/L-6,20-05-2013 14:09:24,422
Itm_M7420_C9675_I8_L-6.xml,drilldown/pl_id_7420/L-6,03-08-2013 17:12:02,139
Itm_M7420_C9693_I1_L-6.xml,drilldown/pl_id_7420/L-6,16-03-2013 17:11:36,1302
Itm_M7420_C9693_I6_L-6.xml,drilldown/pl_id_7420/L-6,03-08-2013 17:12:02,243
Itm_M7420_C9772_I0_L-6.xml,drilldown/pl_id_7420/L-6,10-08-2013 17:12:00,430
Itm_M7420_C9772_I10_L-6.xml,drilldown/pl_id_7420/L-6,29-06-2013 17:11:58,384
Itm_M7420_C9772_I1_L-6.xml,drilldown/pl_id_7420/L-6,10-08-2013 17:12:00,2588
Itm_M7420_C9772_I6_L-6.xml,drilldown/pl_id_7420/L-6,03-08-2013 17:12:02,587
Itm_M7420_C9832_I20_L-6.xml,drilldown/pl_id_7420/L-6,08-04-2013 20:27:22,776
Itm_M7420_C9841_I2_L-6.xml,drilldown/pl_id_7420/L-6,21-09-2013 17:12:08,195
Itm_M7420_C9841_I4_L-6.xml,drilldown/pl_id_7420/L-6,24-08-2013 17:12:02,4353
Itm_M7420_C9841_I5_L-6.xml,drilldown/pl_id_7420/L-6,24-08-2013 17:12:02,1930
Itm_M7420_C9867_I2_L-6.xml,drilldown/pl_id_7420/L-6,21-09-2013 17:12:08,306
Itm_M7420_C9867_I3_L-6.xml,drilldown/pl_id_7420/L-6,21-09-2013 17:12:08,264
Itm_M7420_C9867_I4_L-6.xml,drilldown/pl_id_7420/L-6,10-08-2013 17:12:00,136
Itm_M7420_C9886_I12_L-6.xml,drilldown/pl_id_7420/L-6,03-08-2013 17:12:02,141
Itm_M7420_C9886_I5_L-6.xml,drilldown/pl_id_7420/L-6,16-03-2013 17:11:36,768
Itm_M7420_C9932_I12_L-6.xml,drilldown/pl_id_7420/L-6,03-08-2013 17:12:02,765
Itm_M7420_C9932_I1_L-6.xml,drilldown/pl_id_7420/L-6,17-08-2013 17:12:02,63160
Itm_M7420_C9933_I12_L-6.xml,drilldown/pl_id_7420/L-6,03-08-2013 17:12:02,765
Itm_M7420_C9933_I9_L-6.xml,drilldown/pl_id_7420/L-6,17-08-2013 17:12:02,1646
Itm_M7420_C9941_I11_L-6.xml,drilldown/pl_id_7420/L-6,21-09-2013 17:12:08,140
Itm_M7420_C9941_I12_L-6.xml,drilldown/pl_id_7420/L-6,16-09-2013 09:58:34,139
Itm_M7420_C9941_I13_L-6.xml,drilldown/pl_id_7420/L-6,21-09-2013 17:12:08,141
Itm_M7420_C9941_I14_L-6.xml,drilldown/pl_id_7420/L-6,31-08-2013 17:11:56,215
Itm_M7420_C9941_I15_L-6.xml,drilldown/pl_id_7420/L-6,31-08-2013 17:11:56,210
Itm_M7420_C9968_I1_L-6.xml,drilldown/pl_id_7420/L-6,17-08-2013 17:12:02,40564
Itm_M7420_C9968_I2_L-6.xml,drilldown/pl_id_7420/L-6,17-08-2013 17:12:02,5209
Itm_M7420_C9968_I3_L-6.xml,drilldown/pl_id_7420/L-6,17-08-2013 17:12:02,53876
Itm_M7420_C9968_I4_L-6.xml,drilldown/pl_id_7420/L-6,21-09-2013 17:12:08,436
Itm_M7420_C9969_I1_L-6.xml,drilldown/pl_id_7420/L-6,17-08-2013 17:12:02,26434
Itm_M7420_C9969_I2_L-6.xml,drilldown/pl_id_7420/L-6,17-08-2013 17:12:02,3891
Itm_M7420_C9969_I3_L-6.xml,drilldown/pl_id_7420/L-6,17-08-2013 17:12:02,20343
Itm_M7420_C9969_I4_L-6.xml,drilldown/pl_id_7420/L-6,21-09-2013 17:12:08,138
Itm_M7420_C9969_I7_L-6.xml,drilldown/pl_id_7420/L-6,17-08-2013 17:12:02,992
Itm_M7420_C9970_I0_L-6.xml,drilldown/pl_id_7420/L-6,17-08-2013 17:12:02,11450
Itm_M7420_C9970_I1_L-6.xml,drilldown/pl_id_7420/L-6,17-08-2013 17:12:02,36307
Itm_M7420_C9970_I2_L-6.xml,drilldown/pl_id_7420/L-6,17-08-2013 17:12:02,4894
Itm_M7420_C9970_I3_L-6.xml,drilldown/pl_id_7420/L-6,17-08-2013 17:12:02,40072
Itm_M7420_C9970_I4_L-6.xml,drilldown/pl_id_7420/L-6,21-09-2013 17:12:08,436
Itm_M7420_C9971_I1_L-6.xml,drilldown/pl_id_7420/L-6,17-08-2013 17:12:02,19365
Itm_M7420_C9971_I2_L-6.xml,drilldown/pl_id_7420/L-6,17-08-2013 17:12:02,2614
Itm_M7420_C9971_I3_L-6.xml,drilldown/pl_id_7420/L-6,17-08-2013 17:12:02,15341
Itm_M7420_C9971_I4_L-6.xml,drilldown/pl_id_7420/L-6,31-08-2013 17:11:56,138
tl_M7420_C10021_L-6.xml,drilldown/pl_id_7420/L-6,06-07-2013 17:11:56,1625
tl_M7420_C10053_L-6.xml,drilldown/pl_id_7420/L-6,13-07-2013 17:11:56,1034
tl_M7420_C10076_L-6.xml,drilldown/pl_id_7420/L-6,21-09-2013 17:12:08,1325
tl_M7420_C10081_L-6.xml,drilldown/pl_id_7420/L-6,27-07-2013 17:12:04,1841
tl_M7420_C10128_L-6.xml,drilldown/pl_id_7420/L-6,17-08-2013 17:12:02,976
tl_M7420_C10172_L-6.xml,drilldown/pl_id_7420/L-6,03-08-2013 17:12:02,1409
tl_M7420_C10173_L-6.xml,drilldown/pl_id_7420/L-6,03-08-2013 17:12:02,1445
tl_M7420_C10175_L-6.xml,drilldown/pl_id_7420/L-6,16-09-2013 09:58:34,2830
tl_M7420_C10185_L-6.xml,drilldown/pl_id_7420/L-6,27-07-2013 17:12:04,812
tl_M7420_C10193_L-6.xml,drilldown/pl_id_7420/L-6,10-08-2013 17:12:00,1631
tl_M7420_C10204_L-6.xml,drilldown/pl_id_7420/L-6,03-08-2013 17:12:02,1208
tl_M7420_C10215_L-6.xml,drilldown/pl_id_7420/L-6,06-07-2013 17:11:56,1238
tl_M7420_C10230_L-6.xml,drilldown/pl_id_7420/L-6,06-07-2013 17:11:56,290
tl_M7420_C10239_L-6.xml,drilldown/pl_id_7420/L-6,17-08-2013 17:12:02,1124
tl_M7420_C10256_L-6.xml,drilldown/pl_id_7420/L-6,10-08-2013 17:12:00,922
tl_M7420_C10266_L-6.xml,drilldown/pl_id_7420/L-6,03-08-2013 17:12:02,1535
tl_M7420_C10287_L-6.xml,drilldown/pl_id_7420/L-6,03-08-2013 17:12:02,968
tl_M7420_C10288_L-6.xml,drilldown/pl_id_7420/L-6,03-08-2013 17:12:02,864
tl_M7420_C10306_L-6.xml,drilldown/pl_id_7420/L-6,03-08-2013 17:12:02,604
tl_M7420_C10325_L-6.xml,drilldown/pl_id_7420/L-6,10-08-2013 17:12:00,1007
tl_M7420_C10329_L-6.xml,drilldown/pl_id_7420/L-6,10-08-2013 17:12:00,1625
tl_M7420_C10344_L-6.xml,drilldown/pl_id_7420/L-6,10-08-2013 17:12:00,1770
tl_M7420_C10351_L-6.xml,drilldown/pl_id_7420/L-6,03-08-2013 17:12:02,946
tl_M7420_C10362_L-6.xml,drilldown/pl_id_7420/L-6,06-07-2013 17:11:56,1008
tl_M7420_C10372_L-6.xml,drilldown/pl_id_7420/L-6,03-08-2013 17:12:02,795
tl_M7420_C10377_L-6.xml,drilldown/pl_id_7420/L-6,03-08-2013 17:12:02,1301
tl_M7420_C10384_L-6.xml,drilldown/pl_id_7420/L-6,03-08-2013 17:12:02,584
tl_M7420_C10388_L-6.xml,drilldown/pl_id_7420/L-6,03-08-2013 17:12:02,2561
tl_M7420_C10398_L-6.xml,drilldown/pl_id_7420/L-6,10-08-2013 17:12:00,302
tl_M7420_C10405_L-6.xml,drilldown/pl_id_7420/L-6,17-08-2013 17:12:02,917
tl_M7420_C10410_L-6.xml,drilldown/pl_id_7420/L-6,10-08-2013 17:12:00,664
tl_M7420_C10419_L-6.xml,drilldown/pl_id_7420/L-6,10-08-2013 17:12:00,1076
tl_M7420_C10424_L-6.xml,drilldown/pl_id_7420/L-6,16-09-2013 09:58:34,2113
tl_M7420_C10425_L-6.xml,drilldown/pl_id_7420/L-6,16-09-2013 09:58:34,2440
tl_M7420_C10427_L-6.xml,drilldown/pl_id_7420/L-6,10-08-2013 17:12:00,186
tl_M7420_C10428_L-6.xml,drilldown/pl_id_7420/L-6,10-08-2013 17:12:00,186
tl_M7420_C10429_L-6.xml,drilldown/pl_id_7420/L-6,06-07-2013 17:11:56,2231
tl_M7420_C10431_L-6.xml,drilldown/pl_id_7420/L-6,03-08-2013 17:12:02,4486
tl_M7420_C10436_L-6.xml,drilldown/pl_id_7420/L-6,17-08-2013 17:12:02,1169
tl_M7420_C10437_L-6.xml,drilldown/pl_id_7420/L-6,06-07-2013 17:11:56,2588
tl_M7420_C10449_L-6.xml,drilldown/pl_id_7420/L-6,06-07-2013 17:11:56,520
tl_M7420_C10456_L-6.xml,drilldown/pl_id_7420/L-6,10-08-2013 17:12:00,480
tl_M7420_C10457_L-6.xml,drilldown/pl_id_7420/L-6,10-08-2013 17:12:00,480
tl_M7420_C10468_L-6.xml,drilldown/pl_id_7420/L-6,10-08-2013 17:12:00,1148
tl_M7420_C10473_L-6.xml,drilldown/pl_id_7420/L-6,03-08-2013 17:12:02,1258
tl_M7420_C10479_L-6.xml,drilldown/pl_id_7420/L-6,10-08-2013 17:12:00,632
tl_M7420_C10480_L-6.xml,drilldown/pl_id_7420/L-6,13-04-2013 17:11:38,1532
tl_M7420_C10481_L-6.xml,drilldown/pl_id_7420/L-6,06-07-2013 17:11:56,1382
tl_M7420_C10484_L-6.xml,drilldown/pl_id_7420/L-6,08-04-2013 20:27:22,1865
tl_M7420_C10485_L-6.xml,drilldown/pl_id_7420/L-6,16-09-2013 09:58:34,454
tl_M7420_C10489_L-6.xml,drilldown/pl_id_7420/L-6,07-09-2013 17:12:08,1096
tl_M7420_C10504_L-6.xml,drilldown/pl_id_7420/L-6,17-08-2013 17:12:02,1610
tl_M7420_C10507_L-6.xml,drilldown/pl_id_7420/L-6,03-08-2013 17:12:02,750
tl_M7420_C10508_L-6.xml,drilldown/pl_id_7420/L-6,06-07-2013 17:11:56,1445
tl_M7420_C10509_L-6.xml,drilldown/pl_id_7420/L-6,06-07-2013 17:11:56,1778
tl_M7420_C10518_L-6.xml,drilldown/pl_id_7420/L-6,10-08-2013 17:12:00,1468
tl_M7420_C10519_L-6.xml,drilldown/pl_id_7420/L-6,10-08-2013 17:12:00,1690
tl_M7420_C10520_L-6.xml,drilldown/pl_id_7420/L-6,06-07-2013 17:11:56,1055
tl_M7420_C10522_L-6.xml,drilldown/pl_id_7420/L-6,03-08-2013 17:12:02,456
tl_M7420_C10526_L-6.xml,drilldown/pl_id_7420/L-6,10-08-2013 17:12:00,1235
tl_M7420_C10533_L-6.xml,drilldown/pl_id_7420/L-6,03-08-2013 17:12:02,465
tl_M7420_C10545_L-6.xml,drilldown/pl_id_7420/L-6,17-06-2013 07:54:18,1256
tl_M7420_C10551_L-6.xml,drilldown/pl_id_7420/L-6,16-09-2013 09:58:34,1406
tl_M7420_C10558_L-6.xml,drilldown/pl_id_7420/L-6,10-08-2013 17:12:00,1116
tl_M7420_C10565_L-6.xml,drilldown/pl_id_7420/L-6,17-08-2013 17:12:02,1403
tl_M7420_C10567_L-6.xml,drilldown/pl_id_7420/L-6,17-08-2013 17:12:02,1748
tl_M7420_C10570_L-6.xml,drilldown/pl_id_7420/L-6,03-08-2013 17:12:02,1066
tl_M7420_C10576_L-6.xml,drilldown/pl_id_7420/L-6,27-07-2013 17:12:04,998
tl_M7420_C10579_L-6.xml,drilldown/pl_id_7420/L-6,17-08-2013 17:12:02,1775
tl_M7420_C10584_L-6.xml,drilldown/pl_id_7420/L-6,10-08-2013 17:12:00,388
tl_M7420_C10586_L-6.xml,drilldown/pl_id_7420/L-6,03-08-2013 17:12:02,1643
tl_M7420_C10591_L-6.xml,drilldown/pl_id_7420/L-6,17-08-2013 17:12:02,1805
tl_M7420_C10593_L-6.xml,drilldown/pl_id_7420/L-6,10-08-2013 17:12:00,616
tl_M7420_C10616_L-6.xml,drilldown/pl_id_7420/L-6,03-08-2013 17:12:02,516
tl_M7420_C10640_L-6.xml,drilldown/pl_id_7420/L-6,16-09-2013 09:58:34,662
tl_M7420_C10648_L-6.xml,drilldown/pl_id_7420/L-6,20-04-2013 17:11:44,1096
tl_M7420_C11647_L-6.xml,drilldown/pl_id_7420/L-6,10-08-2013 17:12:00,1994
tl_M7420_C11650_L-6.xml,drilldown/pl_id_7420/L-6,20-05-2013 14:09:24,660
tl_M7420_C11652_L-6.xml,drilldown/pl_id_7420/L-6,17-08-2013 17:12:02,590
tl_M7420_C11659_L-6.xml,drilldown/pl_id_7420/L-6,10-08-2013 17:12:00,470
tl_M7420_C11667_L-6.xml,drilldown/pl_id_7420/L-6,06-07-2013 17:11:56,246
tl_M7420_C11671_L-6.xml,drilldown/pl_id_7420/L-6,03-08-2013 17:12:02,836
tl_M7420_C11672_L-6.xml,drilldown/pl_id_7420/L-6,06-07-2013 17:11:56,1838
tl_M7420_C11675_L-6.xml,drilldown/pl_id_7420/L-6,13-07-2013 17:11:56,1613
tl_M7420_C11677_L-6.xml,drilldown/pl_id_7420/L-6,03-08-2013 17:12:02,776
tl_M7420_C11687_L-6.xml,drilldown/pl_id_7420/L-6,10-08-2013 17:12:00,1555
tl_M7420_C11688_L-6.xml,drilldown/pl_id_7420/L-6,27-07-2013 17:12:04,614
tl_M7420_C11691_L-6.xml,drilldown/pl_id_7420/L-6,10-08-2013 17:12:00,650
tl_M7420_C11693_L-6.xml,drilldown/pl_id_7420/L-6,06-07-2013 17:11:56,570
tl_M7420_C12017_L-6.xml,drilldown/pl_id_7420/L-6,23-03-2013 17:11:32,414
tl_M7420_C12019_L-6.xml,drilldown/pl_id_7420/L-6,03-08-2013 17:12:02,904
tl_M7420_C12022_L-6.xml,drilldown/pl_id_7420/L-6,03-08-2013 17:12:02,366
tl_M7420_C12026_L-6.xml,drilldown/pl_id_7420/L-6,10-08-2013 17:12:00,956
tl_M7420_C12028_L-6.xml,drilldown/pl_id_7420/L-6,10-08-2013 17:12:00,934
tl_M7420_C12029_L-6.xml,drilldown/pl_id_7420/L-6,10-08-2013 17:12:00,533
tl_M7420_C12161_L-6.xml,drilldown/pl_id_7420/L-6,10-08-2013 17:12:00,666
tl_M7420_C12370_L-6.xml,drilldown/pl_id_7420/L-6,03-08-2013 17:12:02,433
tl_M7420_C12423_L-6.xml,drilldown/pl_id_7420/L-6,10-08-2013 17:12:00,1304
tl_M7420_C12500_L-6.xml,drilldown/pl_id_7420/L-6,03-08-2013 17:12:02,1640
tl_M7420_C12501_L-6.xml,drilldown/pl_id_7420/L-6,03-08-2013 17:12:02,444
tl_M7420_C12502_L-6.xml,drilldown/pl_id_7420/L-6,03-08-2013 17:12:02,340
tl_M7420_C12531_L-6.xml,drilldown/pl_id_7420/L-6,10-08-2013 17:12:00,2033
tl_M7420_C12533_L-6.xml,drilldown/pl_id_7420/L-6,10-08-2013 17:12:00,490
tl_M7420_C12540_L-6.xml,drilldown/pl_id_7420/L-6,10-08-2013 17:12:00,458
tl_M7420_C12541_L-6.xml,drilldown/pl_id_7420/L-6,10-08-2013 17:12:00,1691
tl_M7420_C12551_L-6.xml,drilldown/pl_id_7420/L-6,03-08-2013 17:12:02,733
tl_M7420_C12557_L-6.xml,drilldown/pl_id_7420/L-6,03-08-2013 17:12:02,1171
tl_M7420_C12572_L-6.xml,drilldown/pl_id_7420/L-6,03-08-2013 17:12:02,682
tl_M7420_C12590_L-6.xml,drilldown/pl_id_7420/L-6,10-08-2013 17:12:00,1070
tl_M7420_C12591_L-6.xml,drilldown/pl_id_7420/L-6,13-07-2013 17:11:56,1100
tl_M7420_C12592_L-6.xml,drilldown/pl_id_7420/L-6,10-08-2013 17:12:00,1205
tl_M7420_C12593_L-6.xml,drilldown/pl_id_7420/L-6,10-08-2013 17:12:00,1307
tl_M7420_C12595_L-6.xml,drilldown/pl_id_7420/L-6,10-08-2013 17:12:00,355
tl_M7420_C12596_L-6.xml,drilldown/pl_id_7420/L-6,10-08-2013 17:12:00,624
tl_M7420_C12599_L-6.xml,drilldown/pl_id_7420/L-6,03-08-2013 17:12:02,1088
tl_M7420_C12604_L-6.xml,drilldown/pl_id_7420/L-6,13-07-2013 17:11:56,682
tl_M7420_C12612_L-6.xml,drilldown/pl_id_7420/L-6,10-08-2013 17:12:00,913
tl_M7420_C12620_L-6.xml,drilldown/pl_id_7420/L-6,10-08-2013 17:12:00,1060
tl_M7420_C12621_L-6.xml,drilldown/pl_id_7420/L-6,03-08-2013 17:12:02,1592
tl_M7420_C12624_L-6.xml,drilldown/pl_id_7420/L-6,10-08-2013 17:12:00,785
tl_M7420_C12625_L-6.xml,drilldown/pl_id_7420/L-6,03-08-2013 17:12:02,1028
tl_M7420_C12626_L-6.xml,drilldown/pl_id_7420/L-6,03-08-2013 17:12:02,566
tl_M7420_C12627_L-6.xml,drilldown/pl_id_7420/L-6,03-08-2013 17:12:02,444
tl_M7420_C12628_L-6.xml,drilldown/pl_id_7420/L-6,16-09-2013 09:58:34,204
tl_M7420_C12630_L-6.xml,drilldown/pl_id_7420/L-6,03-08-2013 17:12:02,832
tl_M7420_C12631_L-6.xml,drilldown/pl_id_7420/L-6,03-08-2013 17:12:02,776
tl_M7420_C12632_L-6.xml,drilldown/pl_id_7420/L-6,10-08-2013 17:12:00,596
tl_M7420_C12633_L-6.xml,drilldown/pl_id_7420/L-6,03-08-2013 17:12:02,1382
tl_M7420_C12634_L-6.xml,drilldown/pl_id_7420/L-6,10-08-2013 17:12:00,1265
tl_M7420_C12635_L-6.xml,drilldown/pl_id_7420/L-6,03-08-2013 17:12:02,1241
tl_M7420_C12636_L-6.xml,drilldown/pl_id_7420/L-6,03-08-2013 17:12:02,500
tl_M7420_C12637_L-6.xml,drilldown/pl_id_7420/L-6,20-05-2013 14:09:24,750
tl_M7420_C12638_L-6.xml,drilldown/pl_id_7420/L-6,10-08-2013 17:12:00,484
tl_M7420_C12639_L-6.xml,drilldown/pl_id_7420/L-6,03-08-2013 17:12:02,408
tl_M7420_C12641_L-6.xml,drilldown/pl_id_7420/L-6,10-08-2013 17:12:00,1366
tl_M7420_C12642_L-6.xml,drilldown/pl_id_7420/L-6,03-08-2013 17:12:02,760
tl_M7420_C12643_L-6.xml,drilldown/pl_id_7420/L-6,03-08-2013 17:12:02,550
tl_M7420_C12644_L-6.xml,drilldown/pl_id_7420/L-6,03-08-2013 17:12:02,974
tl_M7420_C12645_L-6.xml,drilldown/pl_id_7420/L-6,03-08-2013 17:12:02,450
tl_M7420_C12648_L-6.xml,drilldown/pl_id_7420/L-6,03-08-2013 17:12:02,969
tl_M7420_C12649_L-6.xml,drilldown/pl_id_7420/L-6,10-08-2013 17:12:00,1400
tl_M7420_C12651_L-6.xml,drilldown/pl_id_7420/L-6,03-08-2013 17:12:02,676
tl_M7420_C12653_L-6.xml,drilldown/pl_id_7420/L-6,16-09-2013 09:58:34,2231
tl_M7420_C12655_L-6.xml,drilldown/pl_id_7420/L-6,03-08-2013 17:12:02,1258
tl_M7420_C12656_L-6.xml,drilldown/pl_id_7420/L-6,16-09-2013 09:58:34,298
tl_M7420_C12657_L-6.xml,drilldown/pl_id_7420/L-6,03-08-2013 17:12:02,1424
tl_M7420_C12661_L-6.xml,drilldown/pl_id_7420/L-6,03-08-2013 17:12:02,530
tl_M7420_C12663_L-6.xml,drilldown/pl_id_7420/L-6,03-08-2013 17:12:02,396
tl_M7420_C12664_L-6.xml,drilldown/pl_id_7420/L-6,03-08-2013 17:12:02,896
tl_M7420_C12666_L-6.xml,drilldown/pl_id_7420/L-6,24-08-2013 17:12:02,258
tl_M7420_C12667_L-6.xml,drilldown/pl_id_7420/L-6,03-08-2013 17:12:02,428
tl_M7420_C12668_L-6.xml,drilldown/pl_id_7420/L-6,10-08-2013 17:12:00,426
tl_M7420_C12790_L-6.xml,drilldown/pl_id_7420/L-6,10-08-2013 17:12:00,2210
tl_M7420_C12791_L-6.xml,drilldown/pl_id_7420/L-6,03-08-2013 17:12:02,923
tl_M7420_C12792_L-6.xml,drilldown/pl_id_7420/L-6,03-08-2013 17:12:02,908
tl_M7420_C12793_L-6.xml,drilldown/pl_id_7420/L-6,03-08-2013 17:12:02,1014
tl_M7420_C12794_L-6.xml,drilldown/pl_id_7420/L-6,03-08-2013 17:12:02,1179
tl_M7420_C12795_L-6.xml,drilldown/pl_id_7420/L-6,03-08-2013 17:12:02,1211
tl_M7420_C12800_L-6.xml,drilldown/pl_id_7420/L-6,03-08-2013 17:12:02,766
tl_M7420_C12801_L-6.xml,drilldown/pl_id_7420/L-6,03-08-2013 17:12:02,1571
tl_M7420_C12802_L-6.xml,drilldown/pl_id_7420/L-6,03-08-2013 17:12:02,750
tl_M7420_C13340_L-6.xml,drilldown/pl_id_7420/L-6,10-08-2013 17:12:00,3206
tl_M7420_C13341_L-6.xml,drilldown/pl_id_7420/L-6,17-08-2013 17:12:02,3827
tl_M7420_C13450_L-6.xml,drilldown/pl_id_7420/L-6,27-07-2013 17:12:04,830
tl_M7420_C13460_L-6.xml,drilldown/pl_id_7420/L-6,03-08-2013 17:12:02,576
tl_M7420_C13670_L-6.xml,drilldown/pl_id_7420/L-6,10-08-2013 17:12:00,2099
tl_M7420_C13671_L-6.xml,drilldown/pl_id_7420/L-6,03-08-2013 17:12:02,1775
tl_M7420_C13672_L-6.xml,drilldown/pl_id_7420/L-6,16-09-2013 09:58:34,670
tl_M7420_C13673_L-6.xml,drilldown/pl_id_7420/L-6,31-08-2013 17:11:56,328
tl_M7420_C13678_L-6.xml,drilldown/pl_id_7420/L-6,16-09-2013 09:58:34,936
tl_M7420_C13680_L-6.xml,drilldown/pl_id_7420/L-6,06-07-2013 17:11:56,1361
tl_M7420_C13682_L-6.xml,drilldown/pl_id_7420/L-6,27-07-2013 17:12:04,562
tl_M7420_C13810_L-6.xml,drilldown/pl_id_7420/L-6,13-07-2013 17:11:56,918
tl_M7420_C13830_L-6.xml,drilldown/pl_id_7420/L-6,03-08-2013 17:12:02,882
tl_M7420_C14870_L-6.xml,drilldown/pl_id_7420/L-6,06-07-2013 17:11:56,510
tl_M7420_C14900_L-6.xml,drilldown/pl_id_7420/L-6,03-08-2013 17:12:02,91
tl_M7420_C14901_L-6.xml,drilldown/pl_id_7420/L-6,03-08-2013 17:12:02,91
tl_M7420_C14902_L-6.xml,drilldown/pl_id_7420/L-6,03-08-2013 17:12:02,91
tl_M7420_C14903_L-6.xml,drilldown/pl_id_7420/L-6,03-08-2013 17:12:02,91
tl_M7420_C14904_L-6.xml,drilldown/pl_id_7420/L-6,03-08-2013 17:12:02,91
tl_M7420_C14905_L-6.xml,drilldown/pl_id_7420/L-6,16-09-2013 09:58:34,91
tl_M7420_C14906_L-6.xml,drilldown/pl_id_7420/L-6,03-08-2013 17:12:02,91
tl_M7420_C14907_L-6.xml,drilldown/pl_id_7420/L-6,03-08-2013 17:12:02,91
tl_M7420_C14908_L-6.xml,drilldown/pl_id_7420/L-6,03-08-2013 17:12:02,846
tl_M7420_C14909_L-6.xml,drilldown/pl_id_7420/L-6,03-08-2013 17:12:02,214
tl_M7420_C14910_L-6.xml,drilldown/pl_id_7420/L-6,03-08-2013 17:12:02,91
tl_M7420_C14911_L-6.xml,drilldown/pl_id_7420/L-6,03-08-2013 17:12:02,91
tl_M7420_C14912_L-6.xml,drilldown/pl_id_7420/L-6,03-08-2013 17:12:02,608
tl_M7420_C14913_L-6.xml,drilldown/pl_id_7420/L-6,03-08-2013 17:12:02,91
tl_M7420_C14914_L-6.xml,drilldown/pl_id_7420/L-6,03-08-2013 17:12:02,91
tl_M7420_C14915_L-6.xml,drilldown/pl_id_7420/L-6,03-08-2013 17:12:02,646
tl_M7420_C14916_L-6.xml,drilldown/pl_id_7420/L-6,03-08-2013 17:12:02,91
tl_M7420_C14917_L-6.xml,drilldown/pl_id_7420/L-6,03-08-2013 17:12:02,91
tl_M7420_C14918_L-6.xml,drilldown/pl_id_7420/L-6,03-08-2013 17:12:02,91
tl_M7420_C14919_L-6.xml,drilldown/pl_id_7420/L-6,03-08-2013 17:12:02,91
tl_M7420_C14920_L-6.xml,drilldown/pl_id_7420/L-6,03-08-2013 17:12:02,91
tl_M7420_C14921_L-6.xml,drilldown/pl_id_7420/L-6,03-08-2013 17:12:02,91
tl_M7420_C14922_L-6.xml,drilldown/pl_id_7420/L-6,03-08-2013 17:12:02,91
tl_M7420_C14923_L-6.xml,drilldown/pl_id_7420/L-6,03-08-2013 17:12:02,91
tl_M7420_C14924_L-6.xml,drilldown/pl_id_7420/L-6,03-08-2013 17:12:02,1745
tl_M7420_C14925_L-6.xml,drilldown/pl_id_7420/L-6,03-08-2013 17:12:02,91
tl_M7420_C14926_L-6.xml,drilldown/pl_id_7420/L-6,03-08-2013 17:12:02,258
tl_M7420_C14940_L-6.xml,drilldown/pl_id_7420/L-6,17-08-2013 17:12:02,91
tl_M7420_C14941_L-6.xml,drilldown/pl_id_7420/L-6,17-08-2013 17:12:02,91
tl_M7420_C14942_L-6.xml,drilldown/pl_id_7420/L-6,17-08-2013 17:12:02,91
tl_M7420_C14943_L-6.xml,drilldown/pl_id_7420/L-6,17-08-2013 17:12:02,91
tl_M7420_C14944_L-6.xml,drilldown/pl_id_7420/L-6,17-08-2013 17:12:02,578
tl_M7420_C14945_L-6.xml,drilldown/pl_id_7420/L-6,17-08-2013 17:12:02,91
tl_M7420_C8020_L-6.xml,drilldown/pl_id_7420/L-6,17-06-2013 07:54:18,532
tl_M7420_C8807_L-6.xml,drilldown/pl_id_7420/L-6,10-08-2013 17:12:00,1817
tl_M7420_C8945_L-6.xml,drilldown/pl_id_7420/L-6,13-07-2013 17:11:56,748
tl_M7420_C8953_L-6.xml,drilldown/pl_id_7420/L-6,10-08-2013 17:12:00,1132
tl_M7420_C8954_L-6.xml,drilldown/pl_id_7420/L-6,10-08-2013 17:12:00,1210
tl_M7420_C8963_L-6.xml,drilldown/pl_id_7420/L-6,10-08-2013 17:12:00,508
tl_M7420_C8993_L-6.xml,drilldown/pl_id_7420/L-6,10-08-2013 17:12:00,962
tl_M7420_C9022_L-6.xml,drilldown/pl_id_7420/L-6,10-08-2013 17:12:00,941
tl_M7420_C9023_L-6.xml,drilldown/pl_id_7420/L-6,10-08-2013 17:12:00,666
tl_M7420_C9154_L-6.xml,drilldown/pl_id_7420/L-6,17-08-2013 17:12:02,840
tl_M7420_C9387_L-6.xml,drilldown/pl_id_7420/L-6,03-08-2013 17:12:02,1223
tl_M7420_C9487_L-6.xml,drilldown/pl_id_7420/L-6,03-08-2013 17:12:02,284
tl_M7420_C9550_L-6.xml,drilldown/pl_id_7420/L-6,03-08-2013 17:12:02,578
tl_M7420_C9559_L-6.xml,drilldown/pl_id_7420/L-6,17-08-2013 17:12:02,1292
tl_M7420_C9589_L-6.xml,drilldown/pl_id_7420/L-6,20-05-2013 14:09:24,608
tl_M7420_C9675_L-6.xml,drilldown/pl_id_7420/L-6,03-08-2013 17:12:02,652
tl_M7420_C9693_L-6.xml,drilldown/pl_id_7420/L-6,03-08-2013 17:12:02,518
tl_M7420_C9772_L-6.xml,drilldown/pl_id_7420/L-6,10-08-2013 17:12:00,1324
tl_M7420_C9841_L-6.xml,drilldown/pl_id_7420/L-6,24-08-2013 17:12:02,1267
tl_M7420_C9886_L-6.xml,drilldown/pl_id_7420/L-6,03-08-2013 17:12:02,974
tl_M7420_C9932_L-6.xml,drilldown/pl_id_7420/L-6,17-08-2013 17:12:02,2240
tl_M7420_C9933_L-6.xml,drilldown/pl_id_7420/L-6,17-08-2013 17:12:02,2240
tl_M7420_C9968_L-6.xml,drilldown/pl_id_7420/L-6,17-08-2013 17:12:02,953
tl_M7420_C9969_L-6.xml,drilldown/pl_id_7420/L-6,17-08-2013 17:12:02,971
tl_M7420_C9970_L-6.xml,drilldown/pl_id_7420/L-6,17-08-2013 17:12:02,883
tl_M7420_C9971_L-6.xml,drilldown/pl_id_7420/L-6,17-08-2013 17:12:02,872
pl_id_12831_l_id_-6.xml,menus/L-6,16-09-2013 09:58:32,130386
pl_id_14261_l_id_-6.xml,menus/L-6,21-09-2013 17:12:08,83134
pl_id_1687_l_id_-6.xml,menus/L-6,07-09-2013 17:12:08,168445
pl_id_3482_l_id_-6.xml,menus/L-6,03-08-2013 17:12:02,34942
pl_id_7420_l_id_-6.xml,menus/L-6,17-08-2013 17:12:02,115591
pl_id_1002_attributes.xml,menus,10-06-2012 15:54:18,8695
pl_id_12831_attributes.xml,menus,16-09-2013 09:58:36,6423
pl_id_14261_attributes.xml,menus,21-09-2013 17:12:10,2294
pl_id_1687_attributes.xml,menus,24-08-2013 17:12:04,11825
pl_id_2202_attributes.xml,menus,22-04-2012 18:04:36,3839
pl_id_2207_attributes.xml,menus,22-04-2012 18:04:36,6980
pl_id_2211_attributes.xml,menus,10-06-2012 15:54:18,13540
pl_id_2216_attributes.xml,menus,13-05-2012 14:31:44,10475
pl_id_2220_attributes.xml,menus,13-05-2012 14:31:44,9384
pl_id_2231_attributes.xml,menus,22-04-2012 18:04:36,7179
pl_id_2243_attributes.xml,menus,05-02-2012 09:58:34,3556
pl_id_2263_attributes.xml,menus,05-02-2012 09:58:34,1276
pl_id_3173_attributes.xml,menus,13-05-2012 14:31:44,1844
pl_id_3178_attributes.xml,menus,13-05-2012 14:31:44,2234
pl_id_3183_attributes.xml,menus,13-05-2012 14:31:44,564
pl_id_3187_attributes.xml,menus,13-05-2012 14:31:44,1503
pl_id_3213_attributes.xml,menus,05-02-2012 09:58:34,1014
pl_id_3218_attributes.xml,menus,05-02-2012 09:58:34,1145
pl_id_3482_attributes.xml,menus,06-10-2012 17:08:00,117
pl_id_4441_attributes.xml,menus,29-04-2012 20:41:56,5400
pl_id_6817_attributes.xml,menus,05-02-2012 09:58:34,5952
pl_id_7420_attributes.xml,menus,17-08-2013 17:12:06,5042
