"Model","Category","Item","PartNumber","CatEntryId","ApplicationId","CataloguePath","TopDescription","DescriptionPath","FullDescriptionPath","RawPredicates","RawRules","TreeSource","ApplicationAttributeSource","TopAttributeSource","CategoryAttributeSource"
"M3187","C8450","I1","GJA9460BHSDC","85450","139752","XK8 Coupe/Convertible up to (V) 042775/INTERIOR TRIM AND LININGS/FLOOR COVERINGS/CARPETS","Carpet","main floor > RH > Coffee > LHD","XK8 Coupe Convertible up to (V) 042775 > INTERIOR TRIM AND LININGS > FLOOR COVERINGS > CARPETS > Carpet > main floor > RH > Coffee > LHD","[A37,615,0,0,1][A155,2932,0,0][A23,154,0,0][A155,2932,0,0][A23,157,0,0][A155,2924,0,0][A23,154,0,0][C,  018108,0,0][C,  024686,1,0][A155,2924,0,0][A23,154,0,0][A155,2924,0,0][A23,157,0,0][A23,154,0,0][A155,2901,0,0][C,  018108,0,0][C,  024686,1,0][A23,154,0,0][A155,2901,0,0][C,  028939,0,0][A23,154,0,0][A155,2901,0,0][A23,157,0,0][A155,2901,0,0][A23,154,0,0][A155,2908,0,0][C,  018108,0,0][C,  024686,1,0][A23,154,0,0][A155,2908,0,0][C,  024687,0,0][C,  028938,1,0][A23,154,0,0][A155,2908,0,0][A23,157,0,0][A155,2908,0,0][A155,2932,0,0][A23,154,0,0]","[CATEGORY] [A37,615,0,0,1] || [TOP] [A155,2932,0,0][A23,154,0,0] || [TOP] [A155,2932,0,0][A23,157,0,0] || [TOP] [A155,2924,0,0][A23,154,0,0][C,  018108,0,0][C,  024686,1,0] || [TOP] [A155,2924,0,0][A23,154,0,0] || [TOP] [A155,2924,0,0][A23,157,0,0] || [TOP] [A23,154,0,0][A155,2901,0,0][C,  018108,0,0][C,  024686,1,0] || [TOP] [A23,154,0,0][A155,2901,0,0][C,  028939,0,0] || [TOP] [A23,154,0,0][A155,2901,0,0] || [TOP] [A23,157,0,0][A155,2901,0,0] || [TOP] [A23,154,0,0][A155,2908,0,0][C,  018108,0,0][C,  024686,1,0] || [TOP] [A23,154,0,0][A155,2908,0,0][C,  024687,0,0][C,  028938,1,0] || [TOP] [A23,154,0,0][A155,2908,0,0] || [TOP] [A23,157,0,0][A155,2908,0,0] || [APPLICATION] [A155,2932,0,0][A23,154,0,0]","drilldown\pl_id_3187\L0\Itm_M3187_C8450_I1_L0.xml","drilldown\pl_id_3187\Itm_M3187_C8450_I1_attributes.xml","drilldown\pl_id_3187\tl_M3187_C8450_attributes.xml","menus\pl_id_3187_attributes.xml"
"M3187","C8450","I1","GJA9460BJSDC","86530","142208","XK8 Coupe/Convertible up to (V) 042775/INTERIOR TRIM AND LININGS/FLOOR COVERINGS/CARPETS","Carpet","main floor > RH > Coffee > LHD","XK8 Coupe Convertible up to (V) 042775 > INTERIOR TRIM AND LININGS > FLOOR COVERINGS > CARPETS > Carpet > main floor > RH > Coffee > LHD","[A37,615,0,0,1][A155,2932,0,0][A23,154,0,0][A155,2932,0,0][A23,157,0,0][A155,2924,0,0][A23,154,0,0][C,  018108,0,0][C,  024686,1,0][A155,2924,0,0][A23,154,0,0][A155,2924,0,0][A23,157,0,0][A23,154,0,0][A155,2901,0,0][C,  018108,0,0][C,  024686,1,0][A23,154,0,0][A155,2901,0,0][C,  028939,0,0][A23,154,0,0][A155,2901,0,0][A23,157,0,0][A155,2901,0,0][A23,154,0,0][A155,2908,0,0][C,  018108,0,0][C,  024686,1,0][A23,154,0,0][A155,2908,0,0][C,  024687,0,0][C,  028938,1,0][A23,154,0,0][A155,2908,0,0][A23,157,0,0][A155,2908,0,0][A155,2932,0,0][A23,154,0,0]","[CATEGORY] [A37,615,0,0,1] || [TOP] [A155,2932,0,0][A23,154,0,0] || [TOP] [A155,2932,0,0][A23,157,0,0] || [TOP] [A155,2924,0,0][A23,154,0,0][C,  018108,0,0][C,  024686,1,0] || [TOP] [A155,2924,0,0][A23,154,0,0] || [TOP] [A155,2924,0,0][A23,157,0,0] || [TOP] [A23,154,0,0][A155,2901,0,0][C,  018108,0,0][C,  024686,1,0] || [TOP] [A23,154,0,0][A155,2901,0,0][C,  028939,0,0] || [TOP] [A23,154,0,0][A155,2901,0,0] || [TOP] [A23,157,0,0][A155,2901,0,0] || [TOP] [A23,154,0,0][A155,2908,0,0][C,  018108,0,0][C,  024686,1,0] || [TOP] [A23,154,0,0][A155,2908,0,0][C,  024687,0,0][C,  028938,1,0] || [TOP] [A23,154,0,0][A155,2908,0,0] || [TOP] [A23,157,0,0][A155,2908,0,0] || [APPLICATION] [A155,2932,0,0][A23,154,0,0]","drilldown\pl_id_3187\L0\Itm_M3187_C8450_I1_L0.xml","drilldown\pl_id_3187\Itm_M3187_C8450_I1_attributes.xml","drilldown\pl_id_3187\tl_M3187_C8450_attributes.xml","menus\pl_id_3187_attributes.xml"
"M3187","C8450","I1","GJA9460AJSDC","86518","142155","XK8 Coupe/Convertible up to (V) 042775/INTERIOR TRIM AND LININGS/FLOOR COVERINGS/CARPETS","Carpet","main floor > RH > Coffee > RHD","XK8 Coupe Convertible up to (V) 042775 > INTERIOR TRIM AND LININGS > FLOOR COVERINGS > CARPETS > Carpet > main floor > RH > Coffee > RHD","[A37,615,0,0,1][A155,2932,0,0][A23,154,0,0][A155,2932,0,0][A23,157,0,0][A155,2924,0,0][A23,154,0,0][C,  018108,0,0][C,  024686,1,0][A155,2924,0,0][A23,154,0,0][A155,2924,0,0][A23,157,0,0][A23,154,0,0][A155,2901,0,0][C,  018108,0,0][C,  024686,1,0][A23,154,0,0][A155,2901,0,0][C,  028939,0,0][A23,154,0,0][A155,2901,0,0][A23,157,0,0][A155,2901,0,0][A23,154,0,0][A155,2908,0,0][C,  018108,0,0][C,  024686,1,0][A23,154,0,0][A155,2908,0,0][C,  024687,0,0][C,  028938,1,0][A23,154,0,0][A155,2908,0,0][A23,157,0,0][A155,2908,0,0][A155,2932,0,0][A23,157,0,0]","[CATEGORY] [A37,615,0,0,1] || [TOP] [A155,2932,0,0][A23,154,0,0] || [TOP] [A155,2932,0,0][A23,157,0,0] || [TOP] [A155,2924,0,0][A23,154,0,0][C,  018108,0,0][C,  024686,1,0] || [TOP] [A155,2924,0,0][A23,154,0,0] || [TOP] [A155,2924,0,0][A23,157,0,0] || [TOP] [A23,154,0,0][A155,2901,0,0][C,  018108,0,0][C,  024686,1,0] || [TOP] [A23,154,0,0][A155,2901,0,0][C,  028939,0,0] || [TOP] [A23,154,0,0][A155,2901,0,0] || [TOP] [A23,157,0,0][A155,2901,0,0] || [TOP] [A23,154,0,0][A155,2908,0,0][C,  018108,0,0][C,  024686,1,0] || [TOP] [A23,154,0,0][A155,2908,0,0][C,  024687,0,0][C,  028938,1,0] || [TOP] [A23,154,0,0][A155,2908,0,0] || [TOP] [A23,157,0,0][A155,2908,0,0] || [APPLICATION] [A155,2932,0,0][A23,157,0,0]","drilldown\pl_id_3187\L0\Itm_M3187_C8450_I1_L0.xml","drilldown\pl_id_3187\Itm_M3187_C8450_I1_attributes.xml","drilldown\pl_id_3187\tl_M3187_C8450_attributes.xml","menus\pl_id_3187_attributes.xml"
"M3187","C8450","I1","GJA9460BLLFN","89976","150129","XK8 Coupe/Convertible up to (V) 042775/INTERIOR TRIM AND LININGS/FLOOR COVERINGS/CARPETS","Carpet","main floor > RH > Flint grey > LHD > From VIN (018108) To VIN (024686)","XK8 Coupe Convertible up to (V) 042775 > INTERIOR TRIM AND LININGS > FLOOR COVERINGS > CARPETS > Carpet > main floor > RH > Flint grey > LHD > From VIN (018108) To VIN (024686)","[A37,615,0,0,1][A155,2932,0,0][A23,154,0,0][A155,2932,0,0][A23,157,0,0][A155,2924,0,0][A23,154,0,0][C,  018108,0,0][C,  024686,1,0][A155,2924,0,0][A23,154,0,0][A155,2924,0,0][A23,157,0,0][A23,154,0,0][A155,2901,0,0][C,  018108,0,0][C,  024686,1,0][A23,154,0,0][A155,2901,0,0][C,  028939,0,0][A23,154,0,0][A155,2901,0,0][A23,157,0,0][A155,2901,0,0][A23,154,0,0][A155,2908,0,0][C,  018108,0,0][C,  024686,1,0][A23,154,0,0][A155,2908,0,0][C,  024687,0,0][C,  028938,1,0][A23,154,0,0][A155,2908,0,0][A23,157,0,0][A155,2908,0,0][A155,2924,0,0][A23,154,0,0][C,  018108,0,0][C,  024686,1,0]","[CATEGORY] [A37,615,0,0,1] || [TOP] [A155,2932,0,0][A23,154,0,0] || [TOP] [A155,2932,0,0][A23,157,0,0] || [TOP] [A155,2924,0,0][A23,154,0,0][C,  018108,0,0][C,  024686,1,0] || [TOP] [A155,2924,0,0][A23,154,0,0] || [TOP] [A155,2924,0,0][A23,157,0,0] || [TOP] [A23,154,0,0][A155,2901,0,0][C,  018108,0,0][C,  024686,1,0] || [TOP] [A23,154,0,0][A155,2901,0,0][C,  028939,0,0] || [TOP] [A23,154,0,0][A155,2901,0,0] || [TOP] [A23,157,0,0][A155,2901,0,0] || [TOP] [A23,154,0,0][A155,2908,0,0][C,  018108,0,0][C,  024686,1,0] || [TOP] [A23,154,0,0][A155,2908,0,0][C,  024687,0,0][C,  028938,1,0] || [TOP] [A23,154,0,0][A155,2908,0,0] || [TOP] [A23,157,0,0][A155,2908,0,0] || [APPLICATION] [A155,2924,0,0][A23,154,0,0][C,  018108,0,0][C,  024686,1,0]","drilldown\pl_id_3187\L0\Itm_M3187_C8450_I1_L0.xml","drilldown\pl_id_3187\Itm_M3187_C8450_I1_attributes.xml","drilldown\pl_id_3187\tl_M3187_C8450_attributes.xml","menus\pl_id_3187_attributes.xml"
"M3187","C8450","I1","GJB9460BALFN","92085","156403","XK8 Coupe/Convertible up to (V) 042775/INTERIOR TRIM AND LININGS/FLOOR COVERINGS/CARPETS","Carpet","main floor > RH > Flint grey > LHD > Other Option","XK8 Coupe Convertible up to (V) 042775 > INTERIOR TRIM AND LININGS > FLOOR COVERINGS > CARPETS > Carpet > main floor > RH > Flint grey > LHD > Other Option","[A37,615,0,0,1][A155,2932,0,0][A23,154,0,0][A155,2932,0,0][A23,157,0,0][A155,2924,0,0][A23,154,0,0][C,  018108,0,0][C,  024686,1,0][A155,2924,0,0][A23,154,0,0][A155,2924,0,0][A23,157,0,0][A23,154,0,0][A155,2901,0,0][C,  018108,0,0][C,  024686,1,0][A23,154,0,0][A155,2901,0,0][C,  028939,0,0][A23,154,0,0][A155,2901,0,0][A23,157,0,0][A155,2901,0,0][A23,154,0,0][A155,2908,0,0][C,  018108,0,0][C,  024686,1,0][A23,154,0,0][A155,2908,0,0][C,  024687,0,0][C,  028938,1,0][A23,154,0,0][A155,2908,0,0][A23,157,0,0][A155,2908,0,0][A155,2924,0,0][A23,154,0,0]","[CATEGORY] [A37,615,0,0,1] || [TOP] [A155,2932,0,0][A23,154,0,0] || [TOP] [A155,2932,0,0][A23,157,0,0] || [TOP] [A155,2924,0,0][A23,154,0,0][C,  018108,0,0][C,  024686,1,0] || [TOP] [A155,2924,0,0][A23,154,0,0] || [TOP] [A155,2924,0,0][A23,157,0,0] || [TOP] [A23,154,0,0][A155,2901,0,0][C,  018108,0,0][C,  024686,1,0] || [TOP] [A23,154,0,0][A155,2901,0,0][C,  028939,0,0] || [TOP] [A23,154,0,0][A155,2901,0,0] || [TOP] [A23,157,0,0][A155,2901,0,0] || [TOP] [A23,154,0,0][A155,2908,0,0][C,  018108,0,0][C,  024686,1,0] || [TOP] [A23,154,0,0][A155,2908,0,0][C,  024687,0,0][C,  028938,1,0] || [TOP] [A23,154,0,0][A155,2908,0,0] || [TOP] [A23,157,0,0][A155,2908,0,0] || [APPLICATION] [A155,2924,0,0][A23,154,0,0]","drilldown\pl_id_3187\L0\Itm_M3187_C8450_I1_L0.xml","drilldown\pl_id_3187\Itm_M3187_C8450_I1_attributes.xml","drilldown\pl_id_3187\tl_M3187_C8450_attributes.xml","menus\pl_id_3187_attributes.xml"
"M3187","C8450","I1","GJA9460BJLFN","86529","142204","XK8 Coupe/Convertible up to (V) 042775/INTERIOR TRIM AND LININGS/FLOOR COVERINGS/CARPETS","Carpet","main floor > RH > Flint grey > LHD > Other Option","XK8 Coupe Convertible up to (V) 042775 > INTERIOR TRIM AND LININGS > FLOOR COVERINGS > CARPETS > Carpet > main floor > RH > Flint grey > LHD > Other Option","[A37,615,0,0,1][A155,2932,0,0][A23,154,0,0][A155,2932,0,0][A23,157,0,0][A155,2924,0,0][A23,154,0,0][C,  018108,0,0][C,  024686,1,0][A155,2924,0,0][A23,154,0,0][A155,2924,0,0][A23,157,0,0][A23,154,0,0][A155,2901,0,0][C,  018108,0,0][C,  024686,1,0][A23,154,0,0][A155,2901,0,0][C,  028939,0,0][A23,154,0,0][A155,2901,0,0][A23,157,0,0][A155,2901,0,0][A23,154,0,0][A155,2908,0,0][C,  018108,0,0][C,  024686,1,0][A23,154,0,0][A155,2908,0,0][C,  024687,0,0][C,  028938,1,0][A23,154,0,0][A155,2908,0,0][A23,157,0,0][A155,2908,0,0][A155,2924,0,0][A23,154,0,0]","[CATEGORY] [A37,615,0,0,1] || [TOP] [A155,2932,0,0][A23,154,0,0] || [TOP] [A155,2932,0,0][A23,157,0,0] || [TOP] [A155,2924,0,0][A23,154,0,0][C,  018108,0,0][C,  024686,1,0] || [TOP] [A155,2924,0,0][A23,154,0,0] || [TOP] [A155,2924,0,0][A23,157,0,0] || [TOP] [A23,154,0,0][A155,2901,0,0][C,  018108,0,0][C,  024686,1,0] || [TOP] [A23,154,0,0][A155,2901,0,0][C,  028939,0,0] || [TOP] [A23,154,0,0][A155,2901,0,0] || [TOP] [A23,157,0,0][A155,2901,0,0] || [TOP] [A23,154,0,0][A155,2908,0,0][C,  018108,0,0][C,  024686,1,0] || [TOP] [A23,154,0,0][A155,2908,0,0][C,  024687,0,0][C,  028938,1,0] || [TOP] [A23,154,0,0][A155,2908,0,0] || [TOP] [A23,157,0,0][A155,2908,0,0] || [APPLICATION] [A155,2924,0,0][A23,154,0,0]","drilldown\pl_id_3187\L0\Itm_M3187_C8450_I1_L0.xml","drilldown\pl_id_3187\Itm_M3187_C8450_I1_attributes.xml","drilldown\pl_id_3187\tl_M3187_C8450_attributes.xml","menus\pl_id_3187_attributes.xml"
"M3187","C8450","I1","GJA9460BHLFN","85449","139748","XK8 Coupe/Convertible up to (V) 042775/INTERIOR TRIM AND LININGS/FLOOR COVERINGS/CARPETS","Carpet","main floor > RH > Flint grey > LHD > Other Option","XK8 Coupe Convertible up to (V) 042775 > INTERIOR TRIM AND LININGS > FLOOR COVERINGS > CARPETS > Carpet > main floor > RH > Flint grey > LHD > Other Option","[A37,615,0,0,1][A155,2932,0,0][A23,154,0,0][A155,2932,0,0][A23,157,0,0][A155,2924,0,0][A23,154,0,0][C,  018108,0,0][C,  024686,1,0][A155,2924,0,0][A23,154,0,0][A155,2924,0,0][A23,157,0,0][A23,154,0,0][A155,2901,0,0][C,  018108,0,0][C,  024686,1,0][A23,154,0,0][A155,2901,0,0][C,  028939,0,0][A23,154,0,0][A155,2901,0,0][A23,157,0,0][A155,2901,0,0][A23,154,0,0][A155,2908,0,0][C,  018108,0,0][C,  024686,1,0][A23,154,0,0][A155,2908,0,0][C,  024687,0,0][C,  028938,1,0][A23,154,0,0][A155,2908,0,0][A23,157,0,0][A155,2908,0,0][A155,2924,0,0][A23,154,0,0]","[CATEGORY] [A37,615,0,0,1] || [TOP] [A155,2932,0,0][A23,154,0,0] || [TOP] [A155,2932,0,0][A23,157,0,0] || [TOP] [A155,2924,0,0][A23,154,0,0][C,  018108,0,0][C,  024686,1,0] || [TOP] [A155,2924,0,0][A23,154,0,0] || [TOP] [A155,2924,0,0][A23,157,0,0] || [TOP] [A23,154,0,0][A155,2901,0,0][C,  018108,0,0][C,  024686,1,0] || [TOP] [A23,154,0,0][A155,2901,0,0][C,  028939,0,0] || [TOP] [A23,154,0,0][A155,2901,0,0] || [TOP] [A23,157,0,0][A155,2901,0,0] || [TOP] [A23,154,0,0][A155,2908,0,0][C,  018108,0,0][C,  024686,1,0] || [TOP] [A23,154,0,0][A155,2908,0,0][C,  024687,0,0][C,  028938,1,0] || [TOP] [A23,154,0,0][A155,2908,0,0] || [TOP] [A23,157,0,0][A155,2908,0,0] || [APPLICATION] [A155,2924,0,0][A23,154,0,0]","drilldown\pl_id_3187\L0\Itm_M3187_C8450_I1_L0.xml","drilldown\pl_id_3187\Itm_M3187_C8450_I1_attributes.xml","drilldown\pl_id_3187\tl_M3187_C8450_attributes.xml","menus\pl_id_3187_attributes.xml"
"M3187","C8450","I1","GJB9460BBLFN","92543","158188","XK8 Coupe/Convertible up to (V) 042775/INTERIOR TRIM AND LININGS/FLOOR COVERINGS/CARPETS","Carpet","main floor > RH > Flint grey > LHD > Other Option","XK8 Coupe Convertible up to (V) 042775 > INTERIOR TRIM AND LININGS > FLOOR COVERINGS > CARPETS > Carpet > main floor > RH > Flint grey > LHD > Other Option","[A37,615,0,0,1][A155,2932,0,0][A23,154,0,0][A155,2932,0,0][A23,157,0,0][A155,2924,0,0][A23,154,0,0][C,  018108,0,0][C,  024686,1,0][A155,2924,0,0][A23,154,0,0][A155,2924,0,0][A23,157,0,0][A23,154,0,0][A155,2901,0,0][C,  018108,0,0][C,  024686,1,0][A23,154,0,0][A155,2901,0,0][C,  028939,0,0][A23,154,0,0][A155,2901,0,0][A23,157,0,0][A155,2901,0,0][A23,154,0,0][A155,2908,0,0][C,  018108,0,0][C,  024686,1,0][A23,154,0,0][A155,2908,0,0][C,  024687,0,0][C,  028938,1,0][A23,154,0,0][A155,2908,0,0][A23,157,0,0][A155,2908,0,0][A155,2924,0,0][A23,154,0,0]","[CATEGORY] [A37,615,0,0,1] || [TOP] [A155,2932,0,0][A23,154,0,0] || [TOP] [A155,2932,0,0][A23,157,0,0] || [TOP] [A155,2924,0,0][A23,154,0,0][C,  018108,0,0][C,  024686,1,0] || [TOP] [A155,2924,0,0][A23,154,0,0] || [TOP] [A155,2924,0,0][A23,157,0,0] || [TOP] [A23,154,0,0][A155,2901,0,0][C,  018108,0,0][C,  024686,1,0] || [TOP] [A23,154,0,0][A155,2901,0,0][C,  028939,0,0] || [TOP] [A23,154,0,0][A155,2901,0,0] || [TOP] [A23,157,0,0][A155,2901,0,0] || [TOP] [A23,154,0,0][A155,2908,0,0][C,  018108,0,0][C,  024686,1,0] || [TOP] [A23,154,0,0][A155,2908,0,0][C,  024687,0,0][C,  028938,1,0] || [TOP] [A23,154,0,0][A155,2908,0,0] || [TOP] [A23,157,0,0][A155,2908,0,0] || [APPLICATION] [A155,2924,0,0][A23,154,0,0]","drilldown\pl_id_3187\L0\Itm_M3187_C8450_I1_L0.xml","drilldown\pl_id_3187\Itm_M3187_C8450_I1_attributes.xml","drilldown\pl_id_3187\tl_M3187_C8450_attributes.xml","menus\pl_id_3187_attributes.xml"
"M3187","C8450","I1","GJB9460AALFN","92082","156395","XK8 Coupe/Convertible up to (V) 042775/INTERIOR TRIM AND LININGS/FLOOR COVERINGS/CARPETS","Carpet","main floor > RH > Flint grey > RHD","XK8 Coupe Convertible up to (V) 042775 > INTERIOR TRIM AND LININGS > FLOOR COVERINGS > CARPETS > Carpet > main floor > RH > Flint grey > RHD","[A37,615,0,0,1][A155,2932,0,0][A23,154,0,0][A155,2932,0,0][A23,157,0,0][A155,2924,0,0][A23,154,0,0][C,  018108,0,0][C,  024686,1,0][A155,2924,0,0][A23,154,0,0][A155,2924,0,0][A23,157,0,0][A23,154,0,0][A155,2901,0,0][C,  018108,0,0][C,  024686,1,0][A23,154,0,0][A155,2901,0,0][C,  028939,0,0][A23,154,0,0][A155,2901,0,0][A23,157,0,0][A155,2901,0,0][A23,154,0,0][A155,2908,0,0][C,  018108,0,0][C,  024686,1,0][A23,154,0,0][A155,2908,0,0][C,  024687,0,0][C,  028938,1,0][A23,154,0,0][A155,2908,0,0][A23,157,0,0][A155,2908,0,0][A155,2924,0,0][A23,157,0,0]","[CATEGORY] [A37,615,0,0,1] || [TOP] [A155,2932,0,0][A23,154,0,0] || [TOP] [A155,2932,0,0][A23,157,0,0] || [TOP] [A155,2924,0,0][A23,154,0,0][C,  018108,0,0][C,  024686,1,0] || [TOP] [A155,2924,0,0][A23,154,0,0] || [TOP] [A155,2924,0,0][A23,157,0,0] || [TOP] [A23,154,0,0][A155,2901,0,0][C,  018108,0,0][C,  024686,1,0] || [TOP] [A23,154,0,0][A155,2901,0,0][C,  028939,0,0] || [TOP] [A23,154,0,0][A155,2901,0,0] || [TOP] [A23,157,0,0][A155,2901,0,0] || [TOP] [A23,154,0,0][A155,2908,0,0][C,  018108,0,0][C,  024686,1,0] || [TOP] [A23,154,0,0][A155,2908,0,0][C,  024687,0,0][C,  028938,1,0] || [TOP] [A23,154,0,0][A155,2908,0,0] || [TOP] [A23,157,0,0][A155,2908,0,0] || [APPLICATION] [A155,2924,0,0][A23,157,0,0]","drilldown\pl_id_3187\L0\Itm_M3187_C8450_I1_L0.xml","drilldown\pl_id_3187\Itm_M3187_C8450_I1_attributes.xml","drilldown\pl_id_3187\tl_M3187_C8450_attributes.xml","menus\pl_id_3187_attributes.xml"
"M3187","C8450","I1","GJA9460ALLFN","89963","150090","XK8 Coupe/Convertible up to (V) 042775/INTERIOR TRIM AND LININGS/FLOOR COVERINGS/CARPETS","Carpet","main floor > RH > Flint grey > RHD","XK8 Coupe Convertible up to (V) 042775 > INTERIOR TRIM AND LININGS > FLOOR COVERINGS > CARPETS > Carpet > main floor > RH > Flint grey > RHD","[A37,615,0,0,1][A155,2932,0,0][A23,154,0,0][A155,2932,0,0][A23,157,0,0][A155,2924,0,0][A23,154,0,0][C,  018108,0,0][C,  024686,1,0][A155,2924,0,0][A23,154,0,0][A155,2924,0,0][A23,157,0,0][A23,154,0,0][A155,2901,0,0][C,  018108,0,0][C,  024686,1,0][A23,154,0,0][A155,2901,0,0][C,  028939,0,0][A23,154,0,0][A155,2901,0,0][A23,157,0,0][A155,2901,0,0][A23,154,0,0][A155,2908,0,0][C,  018108,0,0][C,  024686,1,0][A23,154,0,0][A155,2908,0,0][C,  024687,0,0][C,  028938,1,0][A23,154,0,0][A155,2908,0,0][A23,157,0,0][A155,2908,0,0][A155,2924,0,0][A23,157,0,0]","[CATEGORY] [A37,615,0,0,1] || [TOP] [A155,2932,0,0][A23,154,0,0] || [TOP] [A155,2932,0,0][A23,157,0,0] || [TOP] [A155,2924,0,0][A23,154,0,0][C,  018108,0,0][C,  024686,1,0] || [TOP] [A155,2924,0,0][A23,154,0,0] || [TOP] [A155,2924,0,0][A23,157,0,0] || [TOP] [A23,154,0,0][A155,2901,0,0][C,  018108,0,0][C,  024686,1,0] || [TOP] [A23,154,0,0][A155,2901,0,0][C,  028939,0,0] || [TOP] [A23,154,0,0][A155,2901,0,0] || [TOP] [A23,157,0,0][A155,2901,0,0] || [TOP] [A23,154,0,0][A155,2908,0,0][C,  018108,0,0][C,  024686,1,0] || [TOP] [A23,154,0,0][A155,2908,0,0][C,  024687,0,0][C,  028938,1,0] || [TOP] [A23,154,0,0][A155,2908,0,0] || [TOP] [A23,157,0,0][A155,2908,0,0] || [APPLICATION] [A155,2924,0,0][A23,157,0,0]","drilldown\pl_id_3187\L0\Itm_M3187_C8450_I1_L0.xml","drilldown\pl_id_3187\Itm_M3187_C8450_I1_attributes.xml","drilldown\pl_id_3187\tl_M3187_C8450_attributes.xml","menus\pl_id_3187_attributes.xml"
"M3187","C8450","I1","GJA9460AJLFN","86517","142153","XK8 Coupe/Convertible up to (V) 042775/INTERIOR TRIM AND LININGS/FLOOR COVERINGS/CARPETS","Carpet","main floor > RH > Flint grey > RHD","XK8 Coupe Convertible up to (V) 042775 > INTERIOR TRIM AND LININGS > FLOOR COVERINGS > CARPETS > Carpet > main floor > RH > Flint grey > RHD","[A37,615,0,0,1][A155,2932,0,0][A23,154,0,0][A155,2932,0,0][A23,157,0,0][A155,2924,0,0][A23,154,0,0][C,  018108,0,0][C,  024686,1,0][A155,2924,0,0][A23,154,0,0][A155,2924,0,0][A23,157,0,0][A23,154,0,0][A155,2901,0,0][C,  018108,0,0][C,  024686,1,0][A23,154,0,0][A155,2901,0,0][C,  028939,0,0][A23,154,0,0][A155,2901,0,0][A23,157,0,0][A155,2901,0,0][A23,154,0,0][A155,2908,0,0][C,  018108,0,0][C,  024686,1,0][A23,154,0,0][A155,2908,0,0][C,  024687,0,0][C,  028938,1,0][A23,154,0,0][A155,2908,0,0][A23,157,0,0][A155,2908,0,0][A155,2924,0,0][A23,157,0,0]","[CATEGORY] [A37,615,0,0,1] || [TOP] [A155,2932,0,0][A23,154,0,0] || [TOP] [A155,2932,0,0][A23,157,0,0] || [TOP] [A155,2924,0,0][A23,154,0,0][C,  018108,0,0][C,  024686,1,0] || [TOP] [A155,2924,0,0][A23,154,0,0] || [TOP] [A155,2924,0,0][A23,157,0,0] || [TOP] [A23,154,0,0][A155,2901,0,0][C,  018108,0,0][C,  024686,1,0] || [TOP] [A23,154,0,0][A155,2901,0,0][C,  028939,0,0] || [TOP] [A23,154,0,0][A155,2901,0,0] || [TOP] [A23,157,0,0][A155,2901,0,0] || [TOP] [A23,154,0,0][A155,2908,0,0][C,  018108,0,0][C,  024686,1,0] || [TOP] [A23,154,0,0][A155,2908,0,0][C,  024687,0,0][C,  028938,1,0] || [TOP] [A23,154,0,0][A155,2908,0,0] || [TOP] [A23,157,0,0][A155,2908,0,0] || [APPLICATION] [A155,2924,0,0][A23,157,0,0]","drilldown\pl_id_3187\L0\Itm_M3187_C8450_I1_L0.xml","drilldown\pl_id_3187\Itm_M3187_C8450_I1_attributes.xml","drilldown\pl_id_3187\tl_M3187_C8450_attributes.xml","menus\pl_id_3187_attributes.xml"
"M3187","C8450","I1","GJB9460ABLFN","92541","158178","XK8 Coupe/Convertible up to (V) 042775/INTERIOR TRIM AND LININGS/FLOOR COVERINGS/CARPETS","Carpet","main floor > RH > Flint grey > RHD","XK8 Coupe Convertible up to (V) 042775 > INTERIOR TRIM AND LININGS > FLOOR COVERINGS > CARPETS > Carpet > main floor > RH > Flint grey > RHD","[A37,615,0,0,1][A155,2932,0,0][A23,154,0,0][A155,2932,0,0][A23,157,0,0][A155,2924,0,0][A23,154,0,0][C,  018108,0,0][C,  024686,1,0][A155,2924,0,0][A23,154,0,0][A155,2924,0,0][A23,157,0,0][A23,154,0,0][A155,2901,0,0][C,  018108,0,0][C,  024686,1,0][A23,154,0,0][A155,2901,0,0][C,  028939,0,0][A23,154,0,0][A155,2901,0,0][A23,157,0,0][A155,2901,0,0][A23,154,0,0][A155,2908,0,0][C,  018108,0,0][C,  024686,1,0][A23,154,0,0][A155,2908,0,0][C,  024687,0,0][C,  028938,1,0][A23,154,0,0][A155,2908,0,0][A23,157,0,0][A155,2908,0,0][A155,2924,0,0][A23,157,0,0]","[CATEGORY] [A37,615,0,0,1] || [TOP] [A155,2932,0,0][A23,154,0,0] || [TOP] [A155,2932,0,0][A23,157,0,0] || [TOP] [A155,2924,0,0][A23,154,0,0][C,  018108,0,0][C,  024686,1,0] || [TOP] [A155,2924,0,0][A23,154,0,0] || [TOP] [A155,2924,0,0][A23,157,0,0] || [TOP] [A23,154,0,0][A155,2901,0,0][C,  018108,0,0][C,  024686,1,0] || [TOP] [A23,154,0,0][A155,2901,0,0][C,  028939,0,0] || [TOP] [A23,154,0,0][A155,2901,0,0] || [TOP] [A23,157,0,0][A155,2901,0,0] || [TOP] [A23,154,0,0][A155,2908,0,0][C,  018108,0,0][C,  024686,1,0] || [TOP] [A23,154,0,0][A155,2908,0,0][C,  024687,0,0][C,  028938,1,0] || [TOP] [A23,154,0,0][A155,2908,0,0] || [TOP] [A23,157,0,0][A155,2908,0,0] || [APPLICATION] [A155,2924,0,0][A23,157,0,0]","drilldown\pl_id_3187\L0\Itm_M3187_C8450_I1_L0.xml","drilldown\pl_id_3187\Itm_M3187_C8450_I1_attributes.xml","drilldown\pl_id_3187\tl_M3187_C8450_attributes.xml","menus\pl_id_3187_attributes.xml"
"M3187","C8450","I1","GJA9460BLAEK","89977","150133","XK8 Coupe/Convertible up to (V) 042775/INTERIOR TRIM AND LININGS/FLOOR COVERINGS/CARPETS","Carpet","main floor > RH > Sable > LHD > From VIN (018108) To VIN (024686)","XK8 Coupe Convertible up to (V) 042775 > INTERIOR TRIM AND LININGS > FLOOR COVERINGS > CARPETS > Carpet > main floor > RH > Sable > LHD > From VIN (018108) To VIN (024686)","[A37,615,0,0,1][A155,2932,0,0][A23,154,0,0][A155,2932,0,0][A23,157,0,0][A155,2924,0,0][A23,154,0,0][C,  018108,0,0][C,  024686,1,0][A155,2924,0,0][A23,154,0,0][A155,2924,0,0][A23,157,0,0][A23,154,0,0][A155,2901,0,0][C,  018108,0,0][C,  024686,1,0][A23,154,0,0][A155,2901,0,0][C,  028939,0,0][A23,154,0,0][A155,2901,0,0][A23,157,0,0][A155,2901,0,0][A23,154,0,0][A155,2908,0,0][C,  018108,0,0][C,  024686,1,0][A23,154,0,0][A155,2908,0,0][C,  024687,0,0][C,  028938,1,0][A23,154,0,0][A155,2908,0,0][A23,157,0,0][A155,2908,0,0][A23,154,0,0][A155,2901,0,0][C,  018108,0,0][C,  024686,1,0]","[CATEGORY] [A37,615,0,0,1] || [TOP] [A155,2932,0,0][A23,154,0,0] || [TOP] [A155,2932,0,0][A23,157,0,0] || [TOP] [A155,2924,0,0][A23,154,0,0][C,  018108,0,0][C,  024686,1,0] || [TOP] [A155,2924,0,0][A23,154,0,0] || [TOP] [A155,2924,0,0][A23,157,0,0] || [TOP] [A23,154,0,0][A155,2901,0,0][C,  018108,0,0][C,  024686,1,0] || [TOP] [A23,154,0,0][A155,2901,0,0][C,  028939,0,0] || [TOP] [A23,154,0,0][A155,2901,0,0] || [TOP] [A23,157,0,0][A155,2901,0,0] || [TOP] [A23,154,0,0][A155,2908,0,0][C,  018108,0,0][C,  024686,1,0] || [TOP] [A23,154,0,0][A155,2908,0,0][C,  024687,0,0][C,  028938,1,0] || [TOP] [A23,154,0,0][A155,2908,0,0] || [TOP] [A23,157,0,0][A155,2908,0,0] || [APPLICATION] [A23,154,0,0][A155,2901,0,0][C,  018108,0,0][C,  024686,1,0]","drilldown\pl_id_3187\L0\Itm_M3187_C8450_I1_L0.xml","drilldown\pl_id_3187\Itm_M3187_C8450_I1_attributes.xml","drilldown\pl_id_3187\tl_M3187_C8450_attributes.xml","menus\pl_id_3187_attributes.xml"
"M3187","C8450","I1","GJB9460BCAEK","98472","169473","XK8 Coupe/Convertible up to (V) 042775/INTERIOR TRIM AND LININGS/FLOOR COVERINGS/CARPETS","Carpet","main floor > RH > Sable > LHD > From VIN (028939)","XK8 Coupe Convertible up to (V) 042775 > INTERIOR TRIM AND LININGS > FLOOR COVERINGS > CARPETS > Carpet > main floor > RH > Sable > LHD > From VIN (028939)","[A37,615,0,0,1][A155,2932,0,0][A23,154,0,0][A155,2932,0,0][A23,157,0,0][A155,2924,0,0][A23,154,0,0][C,  018108,0,0][C,  024686,1,0][A155,2924,0,0][A23,154,0,0][A155,2924,0,0][A23,157,0,0][A23,154,0,0][A155,2901,0,0][C,  018108,0,0][C,  024686,1,0][A23,154,0,0][A155,2901,0,0][C,  028939,0,0][A23,154,0,0][A155,2901,0,0][A23,157,0,0][A155,2901,0,0][A23,154,0,0][A155,2908,0,0][C,  018108,0,0][C,  024686,1,0][A23,154,0,0][A155,2908,0,0][C,  024687,0,0][C,  028938,1,0][A23,154,0,0][A155,2908,0,0][A23,157,0,0][A155,2908,0,0][A23,154,0,0][A155,2901,0,0][C,  028939,0,0]","[CATEGORY] [A37,615,0,0,1] || [TOP] [A155,2932,0,0][A23,154,0,0] || [TOP] [A155,2932,0,0][A23,157,0,0] || [TOP] [A155,2924,0,0][A23,154,0,0][C,  018108,0,0][C,  024686,1,0] || [TOP] [A155,2924,0,0][A23,154,0,0] || [TOP] [A155,2924,0,0][A23,157,0,0] || [TOP] [A23,154,0,0][A155,2901,0,0][C,  018108,0,0][C,  024686,1,0] || [TOP] [A23,154,0,0][A155,2901,0,0][C,  028939,0,0] || [TOP] [A23,154,0,0][A155,2901,0,0] || [TOP] [A23,157,0,0][A155,2901,0,0] || [TOP] [A23,154,0,0][A155,2908,0,0][C,  018108,0,0][C,  024686,1,0] || [TOP] [A23,154,0,0][A155,2908,0,0][C,  024687,0,0][C,  028938,1,0] || [TOP] [A23,154,0,0][A155,2908,0,0] || [TOP] [A23,157,0,0][A155,2908,0,0] || [APPLICATION] [A23,154,0,0][A155,2901,0,0][C,  028939,0,0]","drilldown\pl_id_3187\L0\Itm_M3187_C8450_I1_L0.xml","drilldown\pl_id_3187\Itm_M3187_C8450_I1_attributes.xml","drilldown\pl_id_3187\tl_M3187_C8450_attributes.xml","menus\pl_id_3187_attributes.xml"
"M3187","C8450","I1","GJB9460BAAEK","92086","156407","XK8 Coupe/Convertible up to (V) 042775/INTERIOR TRIM AND LININGS/FLOOR COVERINGS/CARPETS","Carpet","main floor > RH > Sable > LHD > Other Option","XK8 Coupe Convertible up to (V) 042775 > INTERIOR TRIM AND LININGS > FLOOR COVERINGS > CARPETS > Carpet > main floor > RH > Sable > LHD > Other Option","[A37,615,0,0,1][A155,2932,0,0][A23,154,0,0][A155,2932,0,0][A23,157,0,0][A155,2924,0,0][A23,154,0,0][C,  018108,0,0][C,  024686,1,0][A155,2924,0,0][A23,154,0,0][A155,2924,0,0][A23,157,0,0][A23,154,0,0][A155,2901,0,0][C,  018108,0,0][C,  024686,1,0][A23,154,0,0][A155,2901,0,0][C,  028939,0,0][A23,154,0,0][A155,2901,0,0][A23,157,0,0][A155,2901,0,0][A23,154,0,0][A155,2908,0,0][C,  018108,0,0][C,  024686,1,0][A23,154,0,0][A155,2908,0,0][C,  024687,0,0][C,  028938,1,0][A23,154,0,0][A155,2908,0,0][A23,157,0,0][A155,2908,0,0][A23,154,0,0][A155,2901,0,0]","[CATEGORY] [A37,615,0,0,1] || [TOP] [A155,2932,0,0][A23,154,0,0] || [TOP] [A155,2932,0,0][A23,157,0,0] || [TOP] [A155,2924,0,0][A23,154,0,0][C,  018108,0,0][C,  024686,1,0] || [TOP] [A155,2924,0,0][A23,154,0,0] || [TOP] [A155,2924,0,0][A23,157,0,0] || [TOP] [A23,154,0,0][A155,2901,0,0][C,  018108,0,0][C,  024686,1,0] || [TOP] [A23,154,0,0][A155,2901,0,0][C,  028939,0,0] || [TOP] [A23,154,0,0][A155,2901,0,0] || [TOP] [A23,157,0,0][A155,2901,0,0] || [TOP] [A23,154,0,0][A155,2908,0,0][C,  018108,0,0][C,  024686,1,0] || [TOP] [A23,154,0,0][A155,2908,0,0][C,  024687,0,0][C,  028938,1,0] || [TOP] [A23,154,0,0][A155,2908,0,0] || [TOP] [A23,157,0,0][A155,2908,0,0] || [APPLICATION] [A23,154,0,0][A155,2901,0,0]","drilldown\pl_id_3187\L0\Itm_M3187_C8450_I1_L0.xml","drilldown\pl_id_3187\Itm_M3187_C8450_I1_attributes.xml","drilldown\pl_id_3187\tl_M3187_C8450_attributes.xml","menus\pl_id_3187_attributes.xml"
"M3187","C8450","I1","GJA9460BHAEK","85451","139756","XK8 Coupe/Convertible up to (V) 042775/INTERIOR TRIM AND LININGS/FLOOR COVERINGS/CARPETS","Carpet","main floor > RH > Sable > LHD > Other Option","XK8 Coupe Convertible up to (V) 042775 > INTERIOR TRIM AND LININGS > FLOOR COVERINGS > CARPETS > Carpet > main floor > RH > Sable > LHD > Other Option","[A37,615,0,0,1][A155,2932,0,0][A23,154,0,0][A155,2932,0,0][A23,157,0,0][A155,2924,0,0][A23,154,0,0][C,  018108,0,0][C,  024686,1,0][A155,2924,0,0][A23,154,0,0][A155,2924,0,0][A23,157,0,0][A23,154,0,0][A155,2901,0,0][C,  018108,0,0][C,  024686,1,0][A23,154,0,0][A155,2901,0,0][C,  028939,0,0][A23,154,0,0][A155,2901,0,0][A23,157,0,0][A155,2901,0,0][A23,154,0,0][A155,2908,0,0][C,  018108,0,0][C,  024686,1,0][A23,154,0,0][A155,2908,0,0][C,  024687,0,0][C,  028938,1,0][A23,154,0,0][A155,2908,0,0][A23,157,0,0][A155,2908,0,0][A23,154,0,0][A155,2901,0,0]","[CATEGORY] [A37,615,0,0,1] || [TOP] [A155,2932,0,0][A23,154,0,0] || [TOP] [A155,2932,0,0][A23,157,0,0] || [TOP] [A155,2924,0,0][A23,154,0,0][C,  018108,0,0][C,  024686,1,0] || [TOP] [A155,2924,0,0][A23,154,0,0] || [TOP] [A155,2924,0,0][A23,157,0,0] || [TOP] [A23,154,0,0][A155,2901,0,0][C,  018108,0,0][C,  024686,1,0] || [TOP] [A23,154,0,0][A155,2901,0,0][C,  028939,0,0] || [TOP] [A23,154,0,0][A155,2901,0,0] || [TOP] [A23,157,0,0][A155,2901,0,0] || [TOP] [A23,154,0,0][A155,2908,0,0][C,  018108,0,0][C,  024686,1,0] || [TOP] [A23,154,0,0][A155,2908,0,0][C,  024687,0,0][C,  028938,1,0] || [TOP] [A23,154,0,0][A155,2908,0,0] || [TOP] [A23,157,0,0][A155,2908,0,0] || [APPLICATION] [A23,154,0,0][A155,2901,0,0]","drilldown\pl_id_3187\L0\Itm_M3187_C8450_I1_L0.xml","drilldown\pl_id_3187\Itm_M3187_C8450_I1_attributes.xml","drilldown\pl_id_3187\tl_M3187_C8450_attributes.xml","menus\pl_id_3187_attributes.xml"
"M3187","C8450","I1","GJA9460BJAEK","86531","142212","XK8 Coupe/Convertible up to (V) 042775/INTERIOR TRIM AND LININGS/FLOOR COVERINGS/CARPETS","Carpet","main floor > RH > Sable > LHD > Other Option","XK8 Coupe Convertible up to (V) 042775 > INTERIOR TRIM AND LININGS > FLOOR COVERINGS > CARPETS > Carpet > main floor > RH > Sable > LHD > Other Option","[A37,615,0,0,1][A155,2932,0,0][A23,154,0,0][A155,2932,0,0][A23,157,0,0][A155,2924,0,0][A23,154,0,0][C,  018108,0,0][C,  024686,1,0][A155,2924,0,0][A23,154,0,0][A155,2924,0,0][A23,157,0,0][A23,154,0,0][A155,2901,0,0][C,  018108,0,0][C,  024686,1,0][A23,154,0,0][A155,2901,0,0][C,  028939,0,0][A23,154,0,0][A155,2901,0,0][A23,157,0,0][A155,2901,0,0][A23,154,0,0][A155,2908,0,0][C,  018108,0,0][C,  024686,1,0][A23,154,0,0][A155,2908,0,0][C,  024687,0,0][C,  028938,1,0][A23,154,0,0][A155,2908,0,0][A23,157,0,0][A155,2908,0,0][A23,154,0,0][A155,2901,0,0]","[CATEGORY] [A37,615,0,0,1] || [TOP] [A155,2932,0,0][A23,154,0,0] || [TOP] [A155,2932,0,0][A23,157,0,0] || [TOP] [A155,2924,0,0][A23,154,0,0][C,  018108,0,0][C,  024686,1,0] || [TOP] [A155,2924,0,0][A23,154,0,0] || [TOP] [A155,2924,0,0][A23,157,0,0] || [TOP] [A23,154,0,0][A155,2901,0,0][C,  018108,0,0][C,  024686,1,0] || [TOP] [A23,154,0,0][A155,2901,0,0][C,  028939,0,0] || [TOP] [A23,154,0,0][A155,2901,0,0] || [TOP] [A23,157,0,0][A155,2901,0,0] || [TOP] [A23,154,0,0][A155,2908,0,0][C,  018108,0,0][C,  024686,1,0] || [TOP] [A23,154,0,0][A155,2908,0,0][C,  024687,0,0][C,  028938,1,0] || [TOP] [A23,154,0,0][A155,2908,0,0] || [TOP] [A23,157,0,0][A155,2908,0,0] || [APPLICATION] [A23,154,0,0][A155,2901,0,0]","drilldown\pl_id_3187\L0\Itm_M3187_C8450_I1_L0.xml","drilldown\pl_id_3187\Itm_M3187_C8450_I1_attributes.xml","drilldown\pl_id_3187\tl_M3187_C8450_attributes.xml","menus\pl_id_3187_attributes.xml"
"M3187","C8450","I1","GJB9460AAAEK","92083","156397","XK8 Coupe/Convertible up to (V) 042775/INTERIOR TRIM AND LININGS/FLOOR COVERINGS/CARPETS","Carpet","main floor > RH > Sable > RHD","XK8 Coupe Convertible up to (V) 042775 > INTERIOR TRIM AND LININGS > FLOOR COVERINGS > CARPETS > Carpet > main floor > RH > Sable > RHD","[A37,615,0,0,1][A155,2932,0,0][A23,154,0,0][A155,2932,0,0][A23,157,0,0][A155,2924,0,0][A23,154,0,0][C,  018108,0,0][C,  024686,1,0][A155,2924,0,0][A23,154,0,0][A155,2924,0,0][A23,157,0,0][A23,154,0,0][A155,2901,0,0][C,  018108,0,0][C,  024686,1,0][A23,154,0,0][A155,2901,0,0][C,  028939,0,0][A23,154,0,0][A155,2901,0,0][A23,157,0,0][A155,2901,0,0][A23,154,0,0][A155,2908,0,0][C,  018108,0,0][C,  024686,1,0][A23,154,0,0][A155,2908,0,0][C,  024687,0,0][C,  028938,1,0][A23,154,0,0][A155,2908,0,0][A23,157,0,0][A155,2908,0,0][A23,157,0,0][A155,2901,0,0]","[CATEGORY] [A37,615,0,0,1] || [TOP] [A155,2932,0,0][A23,154,0,0] || [TOP] [A155,2932,0,0][A23,157,0,0] || [TOP] [A155,2924,0,0][A23,154,0,0][C,  018108,0,0][C,  024686,1,0] || [TOP] [A155,2924,0,0][A23,154,0,0] || [TOP] [A155,2924,0,0][A23,157,0,0] || [TOP] [A23,154,0,0][A155,2901,0,0][C,  018108,0,0][C,  024686,1,0] || [TOP] [A23,154,0,0][A155,2901,0,0][C,  028939,0,0] || [TOP] [A23,154,0,0][A155,2901,0,0] || [TOP] [A23,157,0,0][A155,2901,0,0] || [TOP] [A23,154,0,0][A155,2908,0,0][C,  018108,0,0][C,  024686,1,0] || [TOP] [A23,154,0,0][A155,2908,0,0][C,  024687,0,0][C,  028938,1,0] || [TOP] [A23,154,0,0][A155,2908,0,0] || [TOP] [A23,157,0,0][A155,2908,0,0] || [APPLICATION] [A23,157,0,0][A155,2901,0,0]","drilldown\pl_id_3187\L0\Itm_M3187_C8450_I1_L0.xml","drilldown\pl_id_3187\Itm_M3187_C8450_I1_attributes.xml","drilldown\pl_id_3187\tl_M3187_C8450_attributes.xml","menus\pl_id_3187_attributes.xml"
"M3187","C8450","I1","GJA9460ALAEK","89964","150092","XK8 Coupe/Convertible up to (V) 042775/INTERIOR TRIM AND LININGS/FLOOR COVERINGS/CARPETS","Carpet","main floor > RH > Sable > RHD","XK8 Coupe Convertible up to (V) 042775 > INTERIOR TRIM AND LININGS > FLOOR COVERINGS > CARPETS > Carpet > main floor > RH > Sable > RHD","[A37,615,0,0,1][A155,2932,0,0][A23,154,0,0][A155,2932,0,0][A23,157,0,0][A155,2924,0,0][A23,154,0,0][C,  018108,0,0][C,  024686,1,0][A155,2924,0,0][A23,154,0,0][A155,2924,0,0][A23,157,0,0][A23,154,0,0][A155,2901,0,0][C,  018108,0,0][C,  024686,1,0][A23,154,0,0][A155,2901,0,0][C,  028939,0,0][A23,154,0,0][A155,2901,0,0][A23,157,0,0][A155,2901,0,0][A23,154,0,0][A155,2908,0,0][C,  018108,0,0][C,  024686,1,0][A23,154,0,0][A155,2908,0,0][C,  024687,0,0][C,  028938,1,0][A23,154,0,0][A155,2908,0,0][A23,157,0,0][A155,2908,0,0][A23,157,0,0][A155,2901,0,0]","[CATEGORY] [A37,615,0,0,1] || [TOP] [A155,2932,0,0][A23,154,0,0] || [TOP] [A155,2932,0,0][A23,157,0,0] || [TOP] [A155,2924,0,0][A23,154,0,0][C,  018108,0,0][C,  024686,1,0] || [TOP] [A155,2924,0,0][A23,154,0,0] || [TOP] [A155,2924,0,0][A23,157,0,0] || [TOP] [A23,154,0,0][A155,2901,0,0][C,  018108,0,0][C,  024686,1,0] || [TOP] [A23,154,0,0][A155,2901,0,0][C,  028939,0,0] || [TOP] [A23,154,0,0][A155,2901,0,0] || [TOP] [A23,157,0,0][A155,2901,0,0] || [TOP] [A23,154,0,0][A155,2908,0,0][C,  018108,0,0][C,  024686,1,0] || [TOP] [A23,154,0,0][A155,2908,0,0][C,  024687,0,0][C,  028938,1,0] || [TOP] [A23,154,0,0][A155,2908,0,0] || [TOP] [A23,157,0,0][A155,2908,0,0] || [APPLICATION] [A23,157,0,0][A155,2901,0,0]","drilldown\pl_id_3187\L0\Itm_M3187_C8450_I1_L0.xml","drilldown\pl_id_3187\Itm_M3187_C8450_I1_attributes.xml","drilldown\pl_id_3187\tl_M3187_C8450_attributes.xml","menus\pl_id_3187_attributes.xml"
"M3187","C8450","I1","GJA9460AJAEK","86519","142157","XK8 Coupe/Convertible up to (V) 042775/INTERIOR TRIM AND LININGS/FLOOR COVERINGS/CARPETS","Carpet","main floor > RH > Sable > RHD","XK8 Coupe Convertible up to (V) 042775 > INTERIOR TRIM AND LININGS > FLOOR COVERINGS > CARPETS > Carpet > main floor > RH > Sable > RHD","[A37,615,0,0,1][A155,2932,0,0][A23,154,0,0][A155,2932,0,0][A23,157,0,0][A155,2924,0,0][A23,154,0,0][C,  018108,0,0][C,  024686,1,0][A155,2924,0,0][A23,154,0,0][A155,2924,0,0][A23,157,0,0][A23,154,0,0][A155,2901,0,0][C,  018108,0,0][C,  024686,1,0][A23,154,0,0][A155,2901,0,0][C,  028939,0,0][A23,154,0,0][A155,2901,0,0][A23,157,0,0][A155,2901,0,0][A23,154,0,0][A155,2908,0,0][C,  018108,0,0][C,  024686,1,0][A23,154,0,0][A155,2908,0,0][C,  024687,0,0][C,  028938,1,0][A23,154,0,0][A155,2908,0,0][A23,157,0,0][A155,2908,0,0][A23,157,0,0][A155,2901,0,0]","[CATEGORY] [A37,615,0,0,1] || [TOP] [A155,2932,0,0][A23,154,0,0] || [TOP] [A155,2932,0,0][A23,157,0,0] || [TOP] [A155,2924,0,0][A23,154,0,0][C,  018108,0,0][C,  024686,1,0] || [TOP] [A155,2924,0,0][A23,154,0,0] || [TOP] [A155,2924,0,0][A23,157,0,0] || [TOP] [A23,154,0,0][A155,2901,0,0][C,  018108,0,0][C,  024686,1,0] || [TOP] [A23,154,0,0][A155,2901,0,0][C,  028939,0,0] || [TOP] [A23,154,0,0][A155,2901,0,0] || [TOP] [A23,157,0,0][A155,2901,0,0] || [TOP] [A23,154,0,0][A155,2908,0,0][C,  018108,0,0][C,  024686,1,0] || [TOP] [A23,154,0,0][A155,2908,0,0][C,  024687,0,0][C,  028938,1,0] || [TOP] [A23,154,0,0][A155,2908,0,0] || [TOP] [A23,157,0,0][A155,2908,0,0] || [APPLICATION] [A23,157,0,0][A155,2901,0,0]","drilldown\pl_id_3187\L0\Itm_M3187_C8450_I1_L0.xml","drilldown\pl_id_3187\Itm_M3187_C8450_I1_attributes.xml","drilldown\pl_id_3187\tl_M3187_C8450_attributes.xml","menus\pl_id_3187_attributes.xml"
"M3187","C8450","I1","GJB9460ABAEK","92540","158174","XK8 Coupe/Convertible up to (V) 042775/INTERIOR TRIM AND LININGS/FLOOR COVERINGS/CARPETS","Carpet","main floor > RH > Sable > RHD","XK8 Coupe Convertible up to (V) 042775 > INTERIOR TRIM AND LININGS > FLOOR COVERINGS > CARPETS > Carpet > main floor > RH > Sable > RHD","[A37,615,0,0,1][A155,2932,0,0][A23,154,0,0][A155,2932,0,0][A23,157,0,0][A155,2924,0,0][A23,154,0,0][C,  018108,0,0][C,  024686,1,0][A155,2924,0,0][A23,154,0,0][A155,2924,0,0][A23,157,0,0][A23,154,0,0][A155,2901,0,0][C,  018108,0,0][C,  024686,1,0][A23,154,0,0][A155,2901,0,0][C,  028939,0,0][A23,154,0,0][A155,2901,0,0][A23,157,0,0][A155,2901,0,0][A23,154,0,0][A155,2908,0,0][C,  018108,0,0][C,  024686,1,0][A23,154,0,0][A155,2908,0,0][C,  024687,0,0][C,  028938,1,0][A23,154,0,0][A155,2908,0,0][A23,157,0,0][A155,2908,0,0][A23,157,0,0][A155,2901,0,0]","[CATEGORY] [A37,615,0,0,1] || [TOP] [A155,2932,0,0][A23,154,0,0] || [TOP] [A155,2932,0,0][A23,157,0,0] || [TOP] [A155,2924,0,0][A23,154,0,0][C,  018108,0,0][C,  024686,1,0] || [TOP] [A155,2924,0,0][A23,154,0,0] || [TOP] [A155,2924,0,0][A23,157,0,0] || [TOP] [A23,154,0,0][A155,2901,0,0][C,  018108,0,0][C,  024686,1,0] || [TOP] [A23,154,0,0][A155,2901,0,0][C,  028939,0,0] || [TOP] [A23,154,0,0][A155,2901,0,0] || [TOP] [A23,157,0,0][A155,2901,0,0] || [TOP] [A23,154,0,0][A155,2908,0,0][C,  018108,0,0][C,  024686,1,0] || [TOP] [A23,154,0,0][A155,2908,0,0][C,  024687,0,0][C,  028938,1,0] || [TOP] [A23,154,0,0][A155,2908,0,0] || [TOP] [A23,157,0,0][A155,2908,0,0] || [APPLICATION] [A23,157,0,0][A155,2901,0,0]","drilldown\pl_id_3187\L0\Itm_M3187_C8450_I1_L0.xml","drilldown\pl_id_3187\Itm_M3187_C8450_I1_attributes.xml","drilldown\pl_id_3187\tl_M3187_C8450_attributes.xml","menus\pl_id_3187_attributes.xml"
"M3187","C8450","I1","GJA9460BLHDX","89975","150125","XK8 Coupe/Convertible up to (V) 042775/INTERIOR TRIM AND LININGS/FLOOR COVERINGS/CARPETS","Carpet","main floor > RH > Teal > LHD > From VIN (018108) To VIN (024686)","XK8 Coupe Convertible up to (V) 042775 > INTERIOR TRIM AND LININGS > FLOOR COVERINGS > CARPETS > Carpet > main floor > RH > Teal > LHD > From VIN (018108) To VIN (024686)","[A37,615,0,0,1][A155,2932,0,0][A23,154,0,0][A155,2932,0,0][A23,157,0,0][A155,2924,0,0][A23,154,0,0][C,  018108,0,0][C,  024686,1,0][A155,2924,0,0][A23,154,0,0][A155,2924,0,0][A23,157,0,0][A23,154,0,0][A155,2901,0,0][C,  018108,0,0][C,  024686,1,0][A23,154,0,0][A155,2901,0,0][C,  028939,0,0][A23,154,0,0][A155,2901,0,0][A23,157,0,0][A155,2901,0,0][A23,154,0,0][A155,2908,0,0][C,  018108,0,0][C,  024686,1,0][A23,154,0,0][A155,2908,0,0][C,  024687,0,0][C,  028938,1,0][A23,154,0,0][A155,2908,0,0][A23,157,0,0][A155,2908,0,0][A23,154,0,0][A155,2908,0,0][C,  018108,0,0][C,  024686,1,0]","[CATEGORY] [A37,615,0,0,1] || [TOP] [A155,2932,0,0][A23,154,0,0] || [TOP] [A155,2932,0,0][A23,157,0,0] || [TOP] [A155,2924,0,0][A23,154,0,0][C,  018108,0,0][C,  024686,1,0] || [TOP] [A155,2924,0,0][A23,154,0,0] || [TOP] [A155,2924,0,0][A23,157,0,0] || [TOP] [A23,154,0,0][A155,2901,0,0][C,  018108,0,0][C,  024686,1,0] || [TOP] [A23,154,0,0][A155,2901,0,0][C,  028939,0,0] || [TOP] [A23,154,0,0][A155,2901,0,0] || [TOP] [A23,157,0,0][A155,2901,0,0] || [TOP] [A23,154,0,0][A155,2908,0,0][C,  018108,0,0][C,  024686,1,0] || [TOP] [A23,154,0,0][A155,2908,0,0][C,  024687,0,0][C,  028938,1,0] || [TOP] [A23,154,0,0][A155,2908,0,0] || [TOP] [A23,157,0,0][A155,2908,0,0] || [APPLICATION] [A23,154,0,0][A155,2908,0,0][C,  018108,0,0][C,  024686,1,0]","drilldown\pl_id_3187\L0\Itm_M3187_C8450_I1_L0.xml","drilldown\pl_id_3187\Itm_M3187_C8450_I1_attributes.xml","drilldown\pl_id_3187\tl_M3187_C8450_attributes.xml","menus\pl_id_3187_attributes.xml"
"M3187","C8450","I1","GJB9460BAHDX","92084","156399","XK8 Coupe/Convertible up to (V) 042775/INTERIOR TRIM AND LININGS/FLOOR COVERINGS/CARPETS","Carpet","main floor > RH > Teal > LHD > From VIN (024687) To VIN (028938)","XK8 Coupe Convertible up to (V) 042775 > INTERIOR TRIM AND LININGS > FLOOR COVERINGS > CARPETS > Carpet > main floor > RH > Teal > LHD > From VIN (024687) To VIN (028938)","[A37,615,0,0,1][A155,2932,0,0][A23,154,0,0][A155,2932,0,0][A23,157,0,0][A155,2924,0,0][A23,154,0,0][C,  018108,0,0][C,  024686,1,0][A155,2924,0,0][A23,154,0,0][A155,2924,0,0][A23,157,0,0][A23,154,0,0][A155,2901,0,0][C,  018108,0,0][C,  024686,1,0][A23,154,0,0][A155,2901,0,0][C,  028939,0,0][A23,154,0,0][A155,2901,0,0][A23,157,0,0][A155,2901,0,0][A23,154,0,0][A155,2908,0,0][C,  018108,0,0][C,  024686,1,0][A23,154,0,0][A155,2908,0,0][C,  024687,0,0][C,  028938,1,0][A23,154,0,0][A155,2908,0,0][A23,157,0,0][A155,2908,0,0][A23,154,0,0][A155,2908,0,0][C,  024687,0,0][C,  028938,1,0]","[CATEGORY] [A37,615,0,0,1] || [TOP] [A155,2932,0,0][A23,154,0,0] || [TOP] [A155,2932,0,0][A23,157,0,0] || [TOP] [A155,2924,0,0][A23,154,0,0][C,  018108,0,0][C,  024686,1,0] || [TOP] [A155,2924,0,0][A23,154,0,0] || [TOP] [A155,2924,0,0][A23,157,0,0] || [TOP] [A23,154,0,0][A155,2901,0,0][C,  018108,0,0][C,  024686,1,0] || [TOP] [A23,154,0,0][A155,2901,0,0][C,  028939,0,0] || [TOP] [A23,154,0,0][A155,2901,0,0] || [TOP] [A23,157,0,0][A155,2901,0,0] || [TOP] [A23,154,0,0][A155,2908,0,0][C,  018108,0,0][C,  024686,1,0] || [TOP] [A23,154,0,0][A155,2908,0,0][C,  024687,0,0][C,  028938,1,0] || [TOP] [A23,154,0,0][A155,2908,0,0] || [TOP] [A23,157,0,0][A155,2908,0,0] || [APPLICATION] [A23,154,0,0][A155,2908,0,0][C,  024687,0,0][C,  028938,1,0]","drilldown\pl_id_3187\L0\Itm_M3187_C8450_I1_L0.xml","drilldown\pl_id_3187\Itm_M3187_C8450_I1_attributes.xml","drilldown\pl_id_3187\tl_M3187_C8450_attributes.xml","menus\pl_id_3187_attributes.xml"
"M3187","C8450","I1","GJA9460BHHDX","85448","139744","XK8 Coupe/Convertible up to (V) 042775/INTERIOR TRIM AND LININGS/FLOOR COVERINGS/CARPETS","Carpet","main floor > RH > Teal > LHD > Other Option","XK8 Coupe Convertible up to (V) 042775 > INTERIOR TRIM AND LININGS > FLOOR COVERINGS > CARPETS > Carpet > main floor > RH > Teal > LHD > Other Option","[A37,615,0,0,1][A155,2932,0,0][A23,154,0,0][A155,2932,0,0][A23,157,0,0][A155,2924,0,0][A23,154,0,0][C,  018108,0,0][C,  024686,1,0][A155,2924,0,0][A23,154,0,0][A155,2924,0,0][A23,157,0,0][A23,154,0,0][A155,2901,0,0][C,  018108,0,0][C,  024686,1,0][A23,154,0,0][A155,2901,0,0][C,  028939,0,0][A23,154,0,0][A155,2901,0,0][A23,157,0,0][A155,2901,0,0][A23,154,0,0][A155,2908,0,0][C,  018108,0,0][C,  024686,1,0][A23,154,0,0][A155,2908,0,0][C,  024687,0,0][C,  028938,1,0][A23,154,0,0][A155,2908,0,0][A23,157,0,0][A155,2908,0,0][A23,154,0,0][A155,2908,0,0]","[CATEGORY] [A37,615,0,0,1] || [TOP] [A155,2932,0,0][A23,154,0,0] || [TOP] [A155,2932,0,0][A23,157,0,0] || [TOP] [A155,2924,0,0][A23,154,0,0][C,  018108,0,0][C,  024686,1,0] || [TOP] [A155,2924,0,0][A23,154,0,0] || [TOP] [A155,2924,0,0][A23,157,0,0] || [TOP] [A23,154,0,0][A155,2901,0,0][C,  018108,0,0][C,  024686,1,0] || [TOP] [A23,154,0,0][A155,2901,0,0][C,  028939,0,0] || [TOP] [A23,154,0,0][A155,2901,0,0] || [TOP] [A23,157,0,0][A155,2901,0,0] || [TOP] [A23,154,0,0][A155,2908,0,0][C,  018108,0,0][C,  024686,1,0] || [TOP] [A23,154,0,0][A155,2908,0,0][C,  024687,0,0][C,  028938,1,0] || [TOP] [A23,154,0,0][A155,2908,0,0] || [TOP] [A23,157,0,0][A155,2908,0,0] || [APPLICATION] [A23,154,0,0][A155,2908,0,0]","drilldown\pl_id_3187\L0\Itm_M3187_C8450_I1_L0.xml","drilldown\pl_id_3187\Itm_M3187_C8450_I1_attributes.xml","drilldown\pl_id_3187\tl_M3187_C8450_attributes.xml","menus\pl_id_3187_attributes.xml"
"M3187","C8450","I1","GJA9460BJHDX","86528","142200","XK8 Coupe/Convertible up to (V) 042775/INTERIOR TRIM AND LININGS/FLOOR COVERINGS/CARPETS","Carpet","main floor > RH > Teal > LHD > Other Option","XK8 Coupe Convertible up to (V) 042775 > INTERIOR TRIM AND LININGS > FLOOR COVERINGS > CARPETS > Carpet > main floor > RH > Teal > LHD > Other Option","[A37,615,0,0,1][A155,2932,0,0][A23,154,0,0][A155,2932,0,0][A23,157,0,0][A155,2924,0,0][A23,154,0,0][C,  018108,0,0][C,  024686,1,0][A155,2924,0,0][A23,154,0,0][A155,2924,0,0][A23,157,0,0][A23,154,0,0][A155,2901,0,0][C,  018108,0,0][C,  024686,1,0][A23,154,0,0][A155,2901,0,0][C,  028939,0,0][A23,154,0,0][A155,2901,0,0][A23,157,0,0][A155,2901,0,0][A23,154,0,0][A155,2908,0,0][C,  018108,0,0][C,  024686,1,0][A23,154,0,0][A155,2908,0,0][C,  024687,0,0][C,  028938,1,0][A23,154,0,0][A155,2908,0,0][A23,157,0,0][A155,2908,0,0][A23,154,0,0][A155,2908,0,0]","[CATEGORY] [A37,615,0,0,1] || [TOP] [A155,2932,0,0][A23,154,0,0] || [TOP] [A155,2932,0,0][A23,157,0,0] || [TOP] [A155,2924,0,0][A23,154,0,0][C,  018108,0,0][C,  024686,1,0] || [TOP] [A155,2924,0,0][A23,154,0,0] || [TOP] [A155,2924,0,0][A23,157,0,0] || [TOP] [A23,154,0,0][A155,2901,0,0][C,  018108,0,0][C,  024686,1,0] || [TOP] [A23,154,0,0][A155,2901,0,0][C,  028939,0,0] || [TOP] [A23,154,0,0][A155,2901,0,0] || [TOP] [A23,157,0,0][A155,2901,0,0] || [TOP] [A23,154,0,0][A155,2908,0,0][C,  018108,0,0][C,  024686,1,0] || [TOP] [A23,154,0,0][A155,2908,0,0][C,  024687,0,0][C,  028938,1,0] || [TOP] [A23,154,0,0][A155,2908,0,0] || [TOP] [A23,157,0,0][A155,2908,0,0] || [APPLICATION] [A23,154,0,0][A155,2908,0,0]","drilldown\pl_id_3187\L0\Itm_M3187_C8450_I1_L0.xml","drilldown\pl_id_3187\Itm_M3187_C8450_I1_attributes.xml","drilldown\pl_id_3187\tl_M3187_C8450_attributes.xml","menus\pl_id_3187_attributes.xml"
"M3187","C8450","I1","GJB9460BBHDX","92587","158290","XK8 Coupe/Convertible up to (V) 042775/INTERIOR TRIM AND LININGS/FLOOR COVERINGS/CARPETS","Carpet","main floor > RH > Teal > LHD > Other Option","XK8 Coupe Convertible up to (V) 042775 > INTERIOR TRIM AND LININGS > FLOOR COVERINGS > CARPETS > Carpet > main floor > RH > Teal > LHD > Other Option","[A37,615,0,0,1][A155,2932,0,0][A23,154,0,0][A155,2932,0,0][A23,157,0,0][A155,2924,0,0][A23,154,0,0][C,  018108,0,0][C,  024686,1,0][A155,2924,0,0][A23,154,0,0][A155,2924,0,0][A23,157,0,0][A23,154,0,0][A155,2901,0,0][C,  018108,0,0][C,  024686,1,0][A23,154,0,0][A155,2901,0,0][C,  028939,0,0][A23,154,0,0][A155,2901,0,0][A23,157,0,0][A155,2901,0,0][A23,154,0,0][A155,2908,0,0][C,  018108,0,0][C,  024686,1,0][A23,154,0,0][A155,2908,0,0][C,  024687,0,0][C,  028938,1,0][A23,154,0,0][A155,2908,0,0][A23,157,0,0][A155,2908,0,0][A23,154,0,0][A155,2908,0,0]","[CATEGORY] [A37,615,0,0,1] || [TOP] [A155,2932,0,0][A23,154,0,0] || [TOP] [A155,2932,0,0][A23,157,0,0] || [TOP] [A155,2924,0,0][A23,154,0,0][C,  018108,0,0][C,  024686,1,0] || [TOP] [A155,2924,0,0][A23,154,0,0] || [TOP] [A155,2924,0,0][A23,157,0,0] || [TOP] [A23,154,0,0][A155,2901,0,0][C,  018108,0,0][C,  024686,1,0] || [TOP] [A23,154,0,0][A155,2901,0,0][C,  028939,0,0] || [TOP] [A23,154,0,0][A155,2901,0,0] || [TOP] [A23,157,0,0][A155,2901,0,0] || [TOP] [A23,154,0,0][A155,2908,0,0][C,  018108,0,0][C,  024686,1,0] || [TOP] [A23,154,0,0][A155,2908,0,0][C,  024687,0,0][C,  028938,1,0] || [TOP] [A23,154,0,0][A155,2908,0,0] || [TOP] [A23,157,0,0][A155,2908,0,0] || [APPLICATION] [A23,154,0,0][A155,2908,0,0]","drilldown\pl_id_3187\L0\Itm_M3187_C8450_I1_L0.xml","drilldown\pl_id_3187\Itm_M3187_C8450_I1_attributes.xml","drilldown\pl_id_3187\tl_M3187_C8450_attributes.xml","menus\pl_id_3187_attributes.xml"
"M3187","C8450","I1","GJB9460AAHDX","92081","156393","XK8 Coupe/Convertible up to (V) 042775/INTERIOR TRIM AND LININGS/FLOOR COVERINGS/CARPETS","Carpet","main floor > RH > Teal > RHD","XK8 Coupe Convertible up to (V) 042775 > INTERIOR TRIM AND LININGS > FLOOR COVERINGS > CARPETS > Carpet > main floor > RH > Teal > RHD","[A37,615,0,0,1][A155,2932,0,0][A23,154,0,0][A155,2932,0,0][A23,157,0,0][A155,2924,0,0][A23,154,0,0][C,  018108,0,0][C,  024686,1,0][A155,2924,0,0][A23,154,0,0][A155,2924,0,0][A23,157,0,0][A23,154,0,0][A155,2901,0,0][C,  018108,0,0][C,  024686,1,0][A23,154,0,0][A155,2901,0,0][C,  028939,0,0][A23,154,0,0][A155,2901,0,0][A23,157,0,0][A155,2901,0,0][A23,154,0,0][A155,2908,0,0][C,  018108,0,0][C,  024686,1,0][A23,154,0,0][A155,2908,0,0][C,  024687,0,0][C,  028938,1,0][A23,154,0,0][A155,2908,0,0][A23,157,0,0][A155,2908,0,0][A23,157,0,0][A155,2908,0,0]","[CATEGORY] [A37,615,0,0,1] || [TOP] [A155,2932,0,0][A23,154,0,0] || [TOP] [A155,2932,0,0][A23,157,0,0] || [TOP] [A155,2924,0,0][A23,154,0,0][C,  018108,0,0][C,  024686,1,0] || [TOP] [A155,2924,0,0][A23,154,0,0] || [TOP] [A155,2924,0,0][A23,157,0,0] || [TOP] [A23,154,0,0][A155,2901,0,0][C,  018108,0,0][C,  024686,1,0] || [TOP] [A23,154,0,0][A155,2901,0,0][C,  028939,0,0] || [TOP] [A23,154,0,0][A155,2901,0,0] || [TOP] [A23,157,0,0][A155,2901,0,0] || [TOP] [A23,154,0,0][A155,2908,0,0][C,  018108,0,0][C,  024686,1,0] || [TOP] [A23,154,0,0][A155,2908,0,0][C,  024687,0,0][C,  028938,1,0] || [TOP] [A23,154,0,0][A155,2908,0,0] || [TOP] [A23,157,0,0][A155,2908,0,0] || [APPLICATION] [A23,157,0,0][A155,2908,0,0]","drilldown\pl_id_3187\L0\Itm_M3187_C8450_I1_L0.xml","drilldown\pl_id_3187\Itm_M3187_C8450_I1_attributes.xml","drilldown\pl_id_3187\tl_M3187_C8450_attributes.xml","menus\pl_id_3187_attributes.xml"
"M3187","C8450","I1","GJA9460ALHDX","89962","150088","XK8 Coupe/Convertible up to (V) 042775/INTERIOR TRIM AND LININGS/FLOOR COVERINGS/CARPETS","Carpet","main floor > RH > Teal > RHD","XK8 Coupe Convertible up to (V) 042775 > INTERIOR TRIM AND LININGS > FLOOR COVERINGS > CARPETS > Carpet > main floor > RH > Teal > RHD","[A37,615,0,0,1][A155,2932,0,0][A23,154,0,0][A155,2932,0,0][A23,157,0,0][A155,2924,0,0][A23,154,0,0][C,  018108,0,0][C,  024686,1,0][A155,2924,0,0][A23,154,0,0][A155,2924,0,0][A23,157,0,0][A23,154,0,0][A155,2901,0,0][C,  018108,0,0][C,  024686,1,0][A23,154,0,0][A155,2901,0,0][C,  028939,0,0][A23,154,0,0][A155,2901,0,0][A23,157,0,0][A155,2901,0,0][A23,154,0,0][A155,2908,0,0][C,  018108,0,0][C,  024686,1,0][A23,154,0,0][A155,2908,0,0][C,  024687,0,0][C,  028938,1,0][A23,154,0,0][A155,2908,0,0][A23,157,0,0][A155,2908,0,0][A23,157,0,0][A155,2908,0,0]","[CATEGORY] [A37,615,0,0,1] || [TOP] [A155,2932,0,0][A23,154,0,0] || [TOP] [A155,2932,0,0][A23,157,0,0] || [TOP] [A155,2924,0,0][A23,154,0,0][C,  018108,0,0][C,  024686,1,0] || [TOP] [A155,2924,0,0][A23,154,0,0] || [TOP] [A155,2924,0,0][A23,157,0,0] || [TOP] [A23,154,0,0][A155,2901,0,0][C,  018108,0,0][C,  024686,1,0] || [TOP] [A23,154,0,0][A155,2901,0,0][C,  028939,0,0] || [TOP] [A23,154,0,0][A155,2901,0,0] || [TOP] [A23,157,0,0][A155,2901,0,0] || [TOP] [A23,154,0,0][A155,2908,0,0][C,  018108,0,0][C,  024686,1,0] || [TOP] [A23,154,0,0][A155,2908,0,0][C,  024687,0,0][C,  028938,1,0] || [TOP] [A23,154,0,0][A155,2908,0,0] || [TOP] [A23,157,0,0][A155,2908,0,0] || [APPLICATION] [A23,157,0,0][A155,2908,0,0]","drilldown\pl_id_3187\L0\Itm_M3187_C8450_I1_L0.xml","drilldown\pl_id_3187\Itm_M3187_C8450_I1_attributes.xml","drilldown\pl_id_3187\tl_M3187_C8450_attributes.xml","menus\pl_id_3187_attributes.xml"
"M3187","C8450","I1","GJB9460ABHDX","92586","158288","XK8 Coupe/Convertible up to (V) 042775/INTERIOR TRIM AND LININGS/FLOOR COVERINGS/CARPETS","Carpet","main floor > RH > Teal > RHD","XK8 Coupe Convertible up to (V) 042775 > INTERIOR TRIM AND LININGS > FLOOR COVERINGS > CARPETS > Carpet > main floor > RH > Teal > RHD","[A37,615,0,0,1][A155,2932,0,0][A23,154,0,0][A155,2932,0,0][A23,157,0,0][A155,2924,0,0][A23,154,0,0][C,  018108,0,0][C,  024686,1,0][A155,2924,0,0][A23,154,0,0][A155,2924,0,0][A23,157,0,0][A23,154,0,0][A155,2901,0,0][C,  018108,0,0][C,  024686,1,0][A23,154,0,0][A155,2901,0,0][C,  028939,0,0][A23,154,0,0][A155,2901,0,0][A23,157,0,0][A155,2901,0,0][A23,154,0,0][A155,2908,0,0][C,  018108,0,0][C,  024686,1,0][A23,154,0,0][A155,2908,0,0][C,  024687,0,0][C,  028938,1,0][A23,154,0,0][A155,2908,0,0][A23,157,0,0][A155,2908,0,0][A23,157,0,0][A155,2908,0,0]","[CATEGORY] [A37,615,0,0,1] || [TOP] [A155,2932,0,0][A23,154,0,0] || [TOP] [A155,2932,0,0][A23,157,0,0] || [TOP] [A155,2924,0,0][A23,154,0,0][C,  018108,0,0][C,  024686,1,0] || [TOP] [A155,2924,0,0][A23,154,0,0] || [TOP] [A155,2924,0,0][A23,157,0,0] || [TOP] [A23,154,0,0][A155,2901,0,0][C,  018108,0,0][C,  024686,1,0] || [TOP] [A23,154,0,0][A155,2901,0,0][C,  028939,0,0] || [TOP] [A23,154,0,0][A155,2901,0,0] || [TOP] [A23,157,0,0][A155,2901,0,0] || [TOP] [A23,154,0,0][A155,2908,0,0][C,  018108,0,0][C,  024686,1,0] || [TOP] [A23,154,0,0][A155,2908,0,0][C,  024687,0,0][C,  028938,1,0] || [TOP] [A23,154,0,0][A155,2908,0,0] || [TOP] [A23,157,0,0][A155,2908,0,0] || [APPLICATION] [A23,157,0,0][A155,2908,0,0]","drilldown\pl_id_3187\L0\Itm_M3187_C8450_I1_L0.xml","drilldown\pl_id_3187\Itm_M3187_C8450_I1_attributes.xml","drilldown\pl_id_3187\tl_M3187_C8450_attributes.xml","menus\pl_id_3187_attributes.xml"
"M3187","C8450","I1","GJA9460AJHDX","86516","142151","XK8 Coupe/Convertible up to (V) 042775/INTERIOR TRIM AND LININGS/FLOOR COVERINGS/CARPETS","Carpet","main floor > RH > Teal > RHD","XK8 Coupe Convertible up to (V) 042775 > INTERIOR TRIM AND LININGS > FLOOR COVERINGS > CARPETS > Carpet > main floor > RH > Teal > RHD","[A37,615,0,0,1][A155,2932,0,0][A23,154,0,0][A155,2932,0,0][A23,157,0,0][A155,2924,0,0][A23,154,0,0][C,  018108,0,0][C,  024686,1,0][A155,2924,0,0][A23,154,0,0][A155,2924,0,0][A23,157,0,0][A23,154,0,0][A155,2901,0,0][C,  018108,0,0][C,  024686,1,0][A23,154,0,0][A155,2901,0,0][C,  028939,0,0][A23,154,0,0][A155,2901,0,0][A23,157,0,0][A155,2901,0,0][A23,154,0,0][A155,2908,0,0][C,  018108,0,0][C,  024686,1,0][A23,154,0,0][A155,2908,0,0][C,  024687,0,0][C,  028938,1,0][A23,154,0,0][A155,2908,0,0][A23,157,0,0][A155,2908,0,0][A23,157,0,0][A155,2908,0,0]","[CATEGORY] [A37,615,0,0,1] || [TOP] [A155,2932,0,0][A23,154,0,0] || [TOP] [A155,2932,0,0][A23,157,0,0] || [TOP] [A155,2924,0,0][A23,154,0,0][C,  018108,0,0][C,  024686,1,0] || [TOP] [A155,2924,0,0][A23,154,0,0] || [TOP] [A155,2924,0,0][A23,157,0,0] || [TOP] [A23,154,0,0][A155,2901,0,0][C,  018108,0,0][C,  024686,1,0] || [TOP] [A23,154,0,0][A155,2901,0,0][C,  028939,0,0] || [TOP] [A23,154,0,0][A155,2901,0,0] || [TOP] [A23,157,0,0][A155,2901,0,0] || [TOP] [A23,154,0,0][A155,2908,0,0][C,  018108,0,0][C,  024686,1,0] || [TOP] [A23,154,0,0][A155,2908,0,0][C,  024687,0,0][C,  028938,1,0] || [TOP] [A23,154,0,0][A155,2908,0,0] || [TOP] [A23,157,0,0][A155,2908,0,0] || [APPLICATION] [A23,157,0,0][A155,2908,0,0]","drilldown\pl_id_3187\L0\Itm_M3187_C8450_I1_L0.xml","drilldown\pl_id_3187\Itm_M3187_C8450_I1_attributes.xml","drilldown\pl_id_3187\tl_M3187_C8450_attributes.xml","menus\pl_id_3187_attributes.xml"
"M3187","C8450","I2","GJA9461BHSDC","85468","139782","XK8 Coupe/Convertible up to (V) 042775/INTERIOR TRIM AND LININGS/FLOOR COVERINGS/CARPETS","Carpet","main floor > LH > Coffee > LHD","XK8 Coupe Convertible up to (V) 042775 > INTERIOR TRIM AND LININGS > FLOOR COVERINGS > CARPETS > Carpet > main floor > LH > Coffee > LHD","[A37,615,0,0,1][A155,2932,0,0][A23,154,0,0][A155,2932,0,0][A23,157,0,0][C,  003249,1,0][A155,2932,0,0][A23,157,0,0][C,  003250,0,0][C,  018107,1,0][A155,2924,0,0][A23,154,0,0][C,  018108,0,0][C,  024686,1,0][A155,2924,0,0][A23,154,0,0][A155,2924,0,0][A23,157,0,0][C,  003249,1,0][A155,2924,0,0][A23,157,0,0][C,  003250,0,0][C,  018107,1,0][A155,2924,0,0][A23,157,0,0][C,  018108,0,0][C,  024686,1,0][A155,2924,0,0][A23,157,0,0][C,  024687,0,0][C,  028938,1,0][A155,2924,0,0][A23,157,0,0][C,  028939,0,0][A23,154,0,0][A155,2901,0,0][A23,157,0,0][A155,2901,0,0][C,  003249,1,0][A23,157,0,0][A155,2901,0,0][C,  003250,0,0][C,  018107,1,0][A23,157,0,0][A155,2901,0,0][C,  018108,0,0][C,  024686,1,0][A23,157,0,0][A155,2901,0,0][C,  024687,0,0][C,  028938,1,0][A23,157,0,0][A155,2901,0,0][C,  028939,0,0][A23,154,0,0][A155,2908,0,0][C,  018108,0,0][C,  024686,1,0][A23,154,0,0][A155,2908,0,0][A23,157,0,0][A155,2908,0,0][C,  003249,1,0][A23,157,0,0][A155,2908,0,0][C,  003250,0,0][C,  018107,1,0][A23,157,0,0][A155,2908,0,0][C,  018108,0,0][C,  024686,1,0][A23,157,0,0][A155,2908,0,0][C,  024687,0,0][C,  028938,1,0][A23,157,0,0][A155,2908,0,0][C,  028939,0,0][A155,2932,0,0][A23,154,0,0]","[CATEGORY] [A37,615,0,0,1] || [TOP] [A155,2932,0,0][A23,154,0,0] || [TOP] [A155,2932,0,0][A23,157,0,0][C,  003249,1,0] || [TOP] [A155,2932,0,0][A23,157,0,0][C,  003250,0,0][C,  018107,1,0] || [TOP] [A155,2924,0,0][A23,154,0,0][C,  018108,0,0][C,  024686,1,0] || [TOP] [A155,2924,0,0][A23,154,0,0] || [TOP] [A155,2924,0,0][A23,157,0,0][C,  003249,1,0] || [TOP] [A155,2924,0,0][A23,157,0,0][C,  003250,0,0][C,  018107,1,0] || [TOP] [A155,2924,0,0][A23,157,0,0][C,  018108,0,0][C,  024686,1,0] || [TOP] [A155,2924,0,0][A23,157,0,0][C,  024687,0,0][C,  028938,1,0] || [TOP] [A155,2924,0,0][A23,157,0,0][C,  028939,0,0] || [TOP] [A23,154,0,0][A155,2901,0,0] || [TOP] [A23,157,0,0][A155,2901,0,0][C,  003249,1,0] || [TOP] [A23,157,0,0][A155,2901,0,0][C,  003250,0,0][C,  018107,1,0] || [TOP] [A23,157,0,0][A155,2901,0,0][C,  018108,0,0][C,  024686,1,0] || [TOP] [A23,157,0,0][A155,2901,0,0][C,  024687,0,0][C,  028938,1,0] || [TOP] [A23,157,0,0][A155,2901,0,0][C,  028939,0,0] || [TOP] [A23,154,0,0][A155,2908,0,0][C,  018108,0,0][C,  024686,1,0] || [TOP] [A23,154,0,0][A155,2908,0,0] || [TOP] [A23,157,0,0][A155,2908,0,0][C,  003249,1,0] || [TOP] [A23,157,0,0][A155,2908,0,0][C,  003250,0,0][C,  018107,1,0] || [TOP] [A23,157,0,0][A155,2908,0,0][C,  018108,0,0][C,  024686,1,0] || [TOP] [A23,157,0,0][A155,2908,0,0][C,  024687,0,0][C,  028938,1,0] || [TOP] [A23,157,0,0][A155,2908,0,0][C,  028939,0,0] || [APPLICATION] [A155,2932,0,0][A23,154,0,0]","drilldown\pl_id_3187\L0\Itm_M3187_C8450_I2_L0.xml","drilldown\pl_id_3187\Itm_M3187_C8450_I2_attributes.xml","drilldown\pl_id_3187\tl_M3187_C8450_attributes.xml","menus\pl_id_3187_attributes.xml"
"M3187","C8450","I2","GJA9461BJSDC","86545","142253","XK8 Coupe/Convertible up to (V) 042775/INTERIOR TRIM AND LININGS/FLOOR COVERINGS/CARPETS","Carpet","main floor > LH > Coffee > LHD","XK8 Coupe Convertible up to (V) 042775 > INTERIOR TRIM AND LININGS > FLOOR COVERINGS > CARPETS > Carpet > main floor > LH > Coffee > LHD","[A37,615,0,0,1][A155,2932,0,0][A23,154,0,0][A155,2932,0,0][A23,157,0,0][C,  003249,1,0][A155,2932,0,0][A23,157,0,0][C,  003250,0,0][C,  018107,1,0][A155,2924,0,0][A23,154,0,0][C,  018108,0,0][C,  024686,1,0][A155,2924,0,0][A23,154,0,0][A155,2924,0,0][A23,157,0,0][C,  003249,1,0][A155,2924,0,0][A23,157,0,0][C,  003250,0,0][C,  018107,1,0][A155,2924,0,0][A23,157,0,0][C,  018108,0,0][C,  024686,1,0][A155,2924,0,0][A23,157,0,0][C,  024687,0,0][C,  028938,1,0][A155,2924,0,0][A23,157,0,0][C,  028939,0,0][A23,154,0,0][A155,2901,0,0][A23,157,0,0][A155,2901,0,0][C,  003249,1,0][A23,157,0,0][A155,2901,0,0][C,  003250,0,0][C,  018107,1,0][A23,157,0,0][A155,2901,0,0][C,  018108,0,0][C,  024686,1,0][A23,157,0,0][A155,2901,0,0][C,  024687,0,0][C,  028938,1,0][A23,157,0,0][A155,2901,0,0][C,  028939,0,0][A23,154,0,0][A155,2908,0,0][C,  018108,0,0][C,  024686,1,0][A23,154,0,0][A155,2908,0,0][A23,157,0,0][A155,2908,0,0][C,  003249,1,0][A23,157,0,0][A155,2908,0,0][C,  003250,0,0][C,  018107,1,0][A23,157,0,0][A155,2908,0,0][C,  018108,0,0][C,  024686,1,0][A23,157,0,0][A155,2908,0,0][C,  024687,0,0][C,  028938,1,0][A23,157,0,0][A155,2908,0,0][C,  028939,0,0][A155,2932,0,0][A23,154,0,0]","[CATEGORY] [A37,615,0,0,1] || [TOP] [A155,2932,0,0][A23,154,0,0] || [TOP] [A155,2932,0,0][A23,157,0,0][C,  003249,1,0] || [TOP] [A155,2932,0,0][A23,157,0,0][C,  003250,0,0][C,  018107,1,0] || [TOP] [A155,2924,0,0][A23,154,0,0][C,  018108,0,0][C,  024686,1,0] || [TOP] [A155,2924,0,0][A23,154,0,0] || [TOP] [A155,2924,0,0][A23,157,0,0][C,  003249,1,0] || [TOP] [A155,2924,0,0][A23,157,0,0][C,  003250,0,0][C,  018107,1,0] || [TOP] [A155,2924,0,0][A23,157,0,0][C,  018108,0,0][C,  024686,1,0] || [TOP] [A155,2924,0,0][A23,157,0,0][C,  024687,0,0][C,  028938,1,0] || [TOP] [A155,2924,0,0][A23,157,0,0][C,  028939,0,0] || [TOP] [A23,154,0,0][A155,2901,0,0] || [TOP] [A23,157,0,0][A155,2901,0,0][C,  003249,1,0] || [TOP] [A23,157,0,0][A155,2901,0,0][C,  003250,0,0][C,  018107,1,0] || [TOP] [A23,157,0,0][A155,2901,0,0][C,  018108,0,0][C,  024686,1,0] || [TOP] [A23,157,0,0][A155,2901,0,0][C,  024687,0,0][C,  028938,1,0] || [TOP] [A23,157,0,0][A155,2901,0,0][C,  028939,0,0] || [TOP] [A23,154,0,0][A155,2908,0,0][C,  018108,0,0][C,  024686,1,0] || [TOP] [A23,154,0,0][A155,2908,0,0] || [TOP] [A23,157,0,0][A155,2908,0,0][C,  003249,1,0] || [TOP] [A23,157,0,0][A155,2908,0,0][C,  003250,0,0][C,  018107,1,0] || [TOP] [A23,157,0,0][A155,2908,0,0][C,  018108,0,0][C,  024686,1,0] || [TOP] [A23,157,0,0][A155,2908,0,0][C,  024687,0,0][C,  028938,1,0] || [TOP] [A23,157,0,0][A155,2908,0,0][C,  028939,0,0] || [APPLICATION] [A155,2932,0,0][A23,154,0,0]","drilldown\pl_id_3187\L0\Itm_M3187_C8450_I2_L0.xml","drilldown\pl_id_3187\Itm_M3187_C8450_I2_attributes.xml","drilldown\pl_id_3187\tl_M3187_C8450_attributes.xml","menus\pl_id_3187_attributes.xml"
"M3187","C8450","I2","GJA9461AESDC","84454","137250","XK8 Coupe/Convertible up to (V) 042775/INTERIOR TRIM AND LININGS/FLOOR COVERINGS/CARPETS","Carpet","main floor > LH > Coffee > RHD > To VIN (003249)","XK8 Coupe Convertible up to (V) 042775 > INTERIOR TRIM AND LININGS > FLOOR COVERINGS > CARPETS > Carpet > main floor > LH > Coffee > RHD > To VIN (003249)","[A37,615,0,0,1][A155,2932,0,0][A23,154,0,0][A155,2932,0,0][A23,157,0,0][C,  003249,1,0][A155,2932,0,0][A23,157,0,0][C,  003250,0,0][C,  018107,1,0][A155,2924,0,0][A23,154,0,0][C,  018108,0,0][C,  024686,1,0][A155,2924,0,0][A23,154,0,0][A155,2924,0,0][A23,157,0,0][C,  003249,1,0][A155,2924,0,0][A23,157,0,0][C,  003250,0,0][C,  018107,1,0][A155,2924,0,0][A23,157,0,0][C,  018108,0,0][C,  024686,1,0][A155,2924,0,0][A23,157,0,0][C,  024687,0,0][C,  028938,1,0][A155,2924,0,0][A23,157,0,0][C,  028939,0,0][A23,154,0,0][A155,2901,0,0][A23,157,0,0][A155,2901,0,0][C,  003249,1,0][A23,157,0,0][A155,2901,0,0][C,  003250,0,0][C,  018107,1,0][A23,157,0,0][A155,2901,0,0][C,  018108,0,0][C,  024686,1,0][A23,157,0,0][A155,2901,0,0][C,  024687,0,0][C,  028938,1,0][A23,157,0,0][A155,2901,0,0][C,  028939,0,0][A23,154,0,0][A155,2908,0,0][C,  018108,0,0][C,  024686,1,0][A23,154,0,0][A155,2908,0,0][A23,157,0,0][A155,2908,0,0][C,  003249,1,0][A23,157,0,0][A155,2908,0,0][C,  003250,0,0][C,  018107,1,0][A23,157,0,0][A155,2908,0,0][C,  018108,0,0][C,  024686,1,0][A23,157,0,0][A155,2908,0,0][C,  024687,0,0][C,  028938,1,0][A23,157,0,0][A155,2908,0,0][C,  028939,0,0][A155,2932,0,0][A23,157,0,0][C,  003249,1,0]","[CATEGORY] [A37,615,0,0,1] || [TOP] [A155,2932,0,0][A23,154,0,0] || [TOP] [A155,2932,0,0][A23,157,0,0][C,  003249,1,0] || [TOP] [A155,2932,0,0][A23,157,0,0][C,  003250,0,0][C,  018107,1,0] || [TOP] [A155,2924,0,0][A23,154,0,0][C,  018108,0,0][C,  024686,1,0] || [TOP] [A155,2924,0,0][A23,154,0,0] || [TOP] [A155,2924,0,0][A23,157,0,0][C,  003249,1,0] || [TOP] [A155,2924,0,0][A23,157,0,0][C,  003250,0,0][C,  018107,1,0] || [TOP] [A155,2924,0,0][A23,157,0,0][C,  018108,0,0][C,  024686,1,0] || [TOP] [A155,2924,0,0][A23,157,0,0][C,  024687,0,0][C,  028938,1,0] || [TOP] [A155,2924,0,0][A23,157,0,0][C,  028939,0,0] || [TOP] [A23,154,0,0][A155,2901,0,0] || [TOP] [A23,157,0,0][A155,2901,0,0][C,  003249,1,0] || [TOP] [A23,157,0,0][A155,2901,0,0][C,  003250,0,0][C,  018107,1,0] || [TOP] [A23,157,0,0][A155,2901,0,0][C,  018108,0,0][C,  024686,1,0] || [TOP] [A23,157,0,0][A155,2901,0,0][C,  024687,0,0][C,  028938,1,0] || [TOP] [A23,157,0,0][A155,2901,0,0][C,  028939,0,0] || [TOP] [A23,154,0,0][A155,2908,0,0][C,  018108,0,0][C,  024686,1,0] || [TOP] [A23,154,0,0][A155,2908,0,0] || [TOP] [A23,157,0,0][A155,2908,0,0][C,  003249,1,0] || [TOP] [A23,157,0,0][A155,2908,0,0][C,  003250,0,0][C,  018107,1,0] || [TOP] [A23,157,0,0][A155,2908,0,0][C,  018108,0,0][C,  024686,1,0] || [TOP] [A23,157,0,0][A155,2908,0,0][C,  024687,0,0][C,  028938,1,0] || [TOP] [A23,157,0,0][A155,2908,0,0][C,  028939,0,0] || [APPLICATION] [A155,2932,0,0][A23,157,0,0][C,  003249,1,0]","drilldown\pl_id_3187\L0\Itm_M3187_C8450_I2_L0.xml","drilldown\pl_id_3187\Itm_M3187_C8450_I2_attributes.xml","drilldown\pl_id_3187\tl_M3187_C8450_attributes.xml","menus\pl_id_3187_attributes.xml"
"M3187","C8450","I2","GJA9461AJSDC","86541","142243","XK8 Coupe/Convertible up to (V) 042775/INTERIOR TRIM AND LININGS/FLOOR COVERINGS/CARPETS","Carpet","main floor > LH > Coffee > RHD > From VIN (003250) To VIN (018107)","XK8 Coupe Convertible up to (V) 042775 > INTERIOR TRIM AND LININGS > FLOOR COVERINGS > CARPETS > Carpet > main floor > LH > Coffee > RHD > From VIN (003250) To VIN (018107)","[A37,615,0,0,1][A155,2932,0,0][A23,154,0,0][A155,2932,0,0][A23,157,0,0][C,  003249,1,0][A155,2932,0,0][A23,157,0,0][C,  003250,0,0][C,  018107,1,0][A155,2924,0,0][A23,154,0,0][C,  018108,0,0][C,  024686,1,0][A155,2924,0,0][A23,154,0,0][A155,2924,0,0][A23,157,0,0][C,  003249,1,0][A155,2924,0,0][A23,157,0,0][C,  003250,0,0][C,  018107,1,0][A155,2924,0,0][A23,157,0,0][C,  018108,0,0][C,  024686,1,0][A155,2924,0,0][A23,157,0,0][C,  024687,0,0][C,  028938,1,0][A155,2924,0,0][A23,157,0,0][C,  028939,0,0][A23,154,0,0][A155,2901,0,0][A23,157,0,0][A155,2901,0,0][C,  003249,1,0][A23,157,0,0][A155,2901,0,0][C,  003250,0,0][C,  018107,1,0][A23,157,0,0][A155,2901,0,0][C,  018108,0,0][C,  024686,1,0][A23,157,0,0][A155,2901,0,0][C,  024687,0,0][C,  028938,1,0][A23,157,0,0][A155,2901,0,0][C,  028939,0,0][A23,154,0,0][A155,2908,0,0][C,  018108,0,0][C,  024686,1,0][A23,154,0,0][A155,2908,0,0][A23,157,0,0][A155,2908,0,0][C,  003249,1,0][A23,157,0,0][A155,2908,0,0][C,  003250,0,0][C,  018107,1,0][A23,157,0,0][A155,2908,0,0][C,  018108,0,0][C,  024686,1,0][A23,157,0,0][A155,2908,0,0][C,  024687,0,0][C,  028938,1,0][A23,157,0,0][A155,2908,0,0][C,  028939,0,0][A155,2932,0,0][A23,157,0,0][C,  003250,0,0][C,  018107,1,0]","[CATEGORY] [A37,615,0,0,1] || [TOP] [A155,2932,0,0][A23,154,0,0] || [TOP] [A155,2932,0,0][A23,157,0,0][C,  003249,1,0] || [TOP] [A155,2932,0,0][A23,157,0,0][C,  003250,0,0][C,  018107,1,0] || [TOP] [A155,2924,0,0][A23,154,0,0][C,  018108,0,0][C,  024686,1,0] || [TOP] [A155,2924,0,0][A23,154,0,0] || [TOP] [A155,2924,0,0][A23,157,0,0][C,  003249,1,0] || [TOP] [A155,2924,0,0][A23,157,0,0][C,  003250,0,0][C,  018107,1,0] || [TOP] [A155,2924,0,0][A23,157,0,0][C,  018108,0,0][C,  024686,1,0] || [TOP] [A155,2924,0,0][A23,157,0,0][C,  024687,0,0][C,  028938,1,0] || [TOP] [A155,2924,0,0][A23,157,0,0][C,  028939,0,0] || [TOP] [A23,154,0,0][A155,2901,0,0] || [TOP] [A23,157,0,0][A155,2901,0,0][C,  003249,1,0] || [TOP] [A23,157,0,0][A155,2901,0,0][C,  003250,0,0][C,  018107,1,0] || [TOP] [A23,157,0,0][A155,2901,0,0][C,  018108,0,0][C,  024686,1,0] || [TOP] [A23,157,0,0][A155,2901,0,0][C,  024687,0,0][C,  028938,1,0] || [TOP] [A23,157,0,0][A155,2901,0,0][C,  028939,0,0] || [TOP] [A23,154,0,0][A155,2908,0,0][C,  018108,0,0][C,  024686,1,0] || [TOP] [A23,154,0,0][A155,2908,0,0] || [TOP] [A23,157,0,0][A155,2908,0,0][C,  003249,1,0] || [TOP] [A23,157,0,0][A155,2908,0,0][C,  003250,0,0][C,  018107,1,0] || [TOP] [A23,157,0,0][A155,2908,0,0][C,  018108,0,0][C,  024686,1,0] || [TOP] [A23,157,0,0][A155,2908,0,0][C,  024687,0,0][C,  028938,1,0] || [TOP] [A23,157,0,0][A155,2908,0,0][C,  028939,0,0] || [APPLICATION] [A155,2932,0,0][A23,157,0,0][C,  003250,0,0][C,  018107,1,0]","drilldown\pl_id_3187\L0\Itm_M3187_C8450_I2_L0.xml","drilldown\pl_id_3187\Itm_M3187_C8450_I2_attributes.xml","drilldown\pl_id_3187\tl_M3187_C8450_attributes.xml","menus\pl_id_3187_attributes.xml"
"M3187","C8450","I2","GJA9461BLLFN","89979","150141","XK8 Coupe/Convertible up to (V) 042775/INTERIOR TRIM AND LININGS/FLOOR COVERINGS/CARPETS","Carpet","main floor > LH > Flint grey > LHD > From VIN (018108) To VIN (024686)","XK8 Coupe Convertible up to (V) 042775 > INTERIOR TRIM AND LININGS > FLOOR COVERINGS > CARPETS > Carpet > main floor > LH > Flint grey > LHD > From VIN (018108) To VIN (024686)","[A37,615,0,0,1][A155,2932,0,0][A23,154,0,0][A155,2932,0,0][A23,157,0,0][C,  003249,1,0][A155,2932,0,0][A23,157,0,0][C,  003250,0,0][C,  018107,1,0][A155,2924,0,0][A23,154,0,0][C,  018108,0,0][C,  024686,1,0][A155,2924,0,0][A23,154,0,0][A155,2924,0,0][A23,157,0,0][C,  003249,1,0][A155,2924,0,0][A23,157,0,0][C,  003250,0,0][C,  018107,1,0][A155,2924,0,0][A23,157,0,0][C,  018108,0,0][C,  024686,1,0][A155,2924,0,0][A23,157,0,0][C,  024687,0,0][C,  028938,1,0][A155,2924,0,0][A23,157,0,0][C,  028939,0,0][A23,154,0,0][A155,2901,0,0][A23,157,0,0][A155,2901,0,0][C,  003249,1,0][A23,157,0,0][A155,2901,0,0][C,  003250,0,0][C,  018107,1,0][A23,157,0,0][A155,2901,0,0][C,  018108,0,0][C,  024686,1,0][A23,157,0,0][A155,2901,0,0][C,  024687,0,0][C,  028938,1,0][A23,157,0,0][A155,2901,0,0][C,  028939,0,0][A23,154,0,0][A155,2908,0,0][C,  018108,0,0][C,  024686,1,0][A23,154,0,0][A155,2908,0,0][A23,157,0,0][A155,2908,0,0][C,  003249,1,0][A23,157,0,0][A155,2908,0,0][C,  003250,0,0][C,  018107,1,0][A23,157,0,0][A155,2908,0,0][C,  018108,0,0][C,  024686,1,0][A23,157,0,0][A155,2908,0,0][C,  024687,0,0][C,  028938,1,0][A23,157,0,0][A155,2908,0,0][C,  028939,0,0][A155,2924,0,0][A23,154,0,0][C,  018108,0,0][C,  024686,1,0]","[CATEGORY] [A37,615,0,0,1] || [TOP] [A155,2932,0,0][A23,154,0,0] || [TOP] [A155,2932,0,0][A23,157,0,0][C,  003249,1,0] || [TOP] [A155,2932,0,0][A23,157,0,0][C,  003250,0,0][C,  018107,1,0] || [TOP] [A155,2924,0,0][A23,154,0,0][C,  018108,0,0][C,  024686,1,0] || [TOP] [A155,2924,0,0][A23,154,0,0] || [TOP] [A155,2924,0,0][A23,157,0,0][C,  003249,1,0] || [TOP] [A155,2924,0,0][A23,157,0,0][C,  003250,0,0][C,  018107,1,0] || [TOP] [A155,2924,0,0][A23,157,0,0][C,  018108,0,0][C,  024686,1,0] || [TOP] [A155,2924,0,0][A23,157,0,0][C,  024687,0,0][C,  028938,1,0] || [TOP] [A155,2924,0,0][A23,157,0,0][C,  028939,0,0] || [TOP] [A23,154,0,0][A155,2901,0,0] || [TOP] [A23,157,0,0][A155,2901,0,0][C,  003249,1,0] || [TOP] [A23,157,0,0][A155,2901,0,0][C,  003250,0,0][C,  018107,1,0] || [TOP] [A23,157,0,0][A155,2901,0,0][C,  018108,0,0][C,  024686,1,0] || [TOP] [A23,157,0,0][A155,2901,0,0][C,  024687,0,0][C,  028938,1,0] || [TOP] [A23,157,0,0][A155,2901,0,0][C,  028939,0,0] || [TOP] [A23,154,0,0][A155,2908,0,0][C,  018108,0,0][C,  024686,1,0] || [TOP] [A23,154,0,0][A155,2908,0,0] || [TOP] [A23,157,0,0][A155,2908,0,0][C,  003249,1,0] || [TOP] [A23,157,0,0][A155,2908,0,0][C,  003250,0,0][C,  018107,1,0] || [TOP] [A23,157,0,0][A155,2908,0,0][C,  018108,0,0][C,  024686,1,0] || [TOP] [A23,157,0,0][A155,2908,0,0][C,  024687,0,0][C,  028938,1,0] || [TOP] [A23,157,0,0][A155,2908,0,0][C,  028939,0,0] || [APPLICATION] [A155,2924,0,0][A23,154,0,0][C,  018108,0,0][C,  024686,1,0]","drilldown\pl_id_3187\L0\Itm_M3187_C8450_I2_L0.xml","drilldown\pl_id_3187\Itm_M3187_C8450_I2_attributes.xml","drilldown\pl_id_3187\tl_M3187_C8450_attributes.xml","menus\pl_id_3187_attributes.xml"
"M3187","C8450","I2","GJB9461BBLFN","92547","158212","XK8 Coupe/Convertible up to (V) 042775/INTERIOR TRIM AND LININGS/FLOOR COVERINGS/CARPETS","Carpet","main floor > LH > Flint grey > LHD > Other Option","XK8 Coupe Convertible up to (V) 042775 > INTERIOR TRIM AND LININGS > FLOOR COVERINGS > CARPETS > Carpet > main floor > LH > Flint grey > LHD > Other Option","[A37,615,0,0,1][A155,2932,0,0][A23,154,0,0][A155,2932,0,0][A23,157,0,0][C,  003249,1,0][A155,2932,0,0][A23,157,0,0][C,  003250,0,0][C,  018107,1,0][A155,2924,0,0][A23,154,0,0][C,  018108,0,0][C,  024686,1,0][A155,2924,0,0][A23,154,0,0][A155,2924,0,0][A23,157,0,0][C,  003249,1,0][A155,2924,0,0][A23,157,0,0][C,  003250,0,0][C,  018107,1,0][A155,2924,0,0][A23,157,0,0][C,  018108,0,0][C,  024686,1,0][A155,2924,0,0][A23,157,0,0][C,  024687,0,0][C,  028938,1,0][A155,2924,0,0][A23,157,0,0][C,  028939,0,0][A23,154,0,0][A155,2901,0,0][A23,157,0,0][A155,2901,0,0][C,  003249,1,0][A23,157,0,0][A155,2901,0,0][C,  003250,0,0][C,  018107,1,0][A23,157,0,0][A155,2901,0,0][C,  018108,0,0][C,  024686,1,0][A23,157,0,0][A155,2901,0,0][C,  024687,0,0][C,  028938,1,0][A23,157,0,0][A155,2901,0,0][C,  028939,0,0][A23,154,0,0][A155,2908,0,0][C,  018108,0,0][C,  024686,1,0][A23,154,0,0][A155,2908,0,0][A23,157,0,0][A155,2908,0,0][C,  003249,1,0][A23,157,0,0][A155,2908,0,0][C,  003250,0,0][C,  018107,1,0][A23,157,0,0][A155,2908,0,0][C,  018108,0,0][C,  024686,1,0][A23,157,0,0][A155,2908,0,0][C,  024687,0,0][C,  028938,1,0][A23,157,0,0][A155,2908,0,0][C,  028939,0,0][A155,2924,0,0][A23,154,0,0]","[CATEGORY] [A37,615,0,0,1] || [TOP] [A155,2932,0,0][A23,154,0,0] || [TOP] [A155,2932,0,0][A23,157,0,0][C,  003249,1,0] || [TOP] [A155,2932,0,0][A23,157,0,0][C,  003250,0,0][C,  018107,1,0] || [TOP] [A155,2924,0,0][A23,154,0,0][C,  018108,0,0][C,  024686,1,0] || [TOP] [A155,2924,0,0][A23,154,0,0] || [TOP] [A155,2924,0,0][A23,157,0,0][C,  003249,1,0] || [TOP] [A155,2924,0,0][A23,157,0,0][C,  003250,0,0][C,  018107,1,0] || [TOP] [A155,2924,0,0][A23,157,0,0][C,  018108,0,0][C,  024686,1,0] || [TOP] [A155,2924,0,0][A23,157,0,0][C,  024687,0,0][C,  028938,1,0] || [TOP] [A155,2924,0,0][A23,157,0,0][C,  028939,0,0] || [TOP] [A23,154,0,0][A155,2901,0,0] || [TOP] [A23,157,0,0][A155,2901,0,0][C,  003249,1,0] || [TOP] [A23,157,0,0][A155,2901,0,0][C,  003250,0,0][C,  018107,1,0] || [TOP] [A23,157,0,0][A155,2901,0,0][C,  018108,0,0][C,  024686,1,0] || [TOP] [A23,157,0,0][A155,2901,0,0][C,  024687,0,0][C,  028938,1,0] || [TOP] [A23,157,0,0][A155,2901,0,0][C,  028939,0,0] || [TOP] [A23,154,0,0][A155,2908,0,0][C,  018108,0,0][C,  024686,1,0] || [TOP] [A23,154,0,0][A155,2908,0,0] || [TOP] [A23,157,0,0][A155,2908,0,0][C,  003249,1,0] || [TOP] [A23,157,0,0][A155,2908,0,0][C,  003250,0,0][C,  018107,1,0] || [TOP] [A23,157,0,0][A155,2908,0,0][C,  018108,0,0][C,  024686,1,0] || [TOP] [A23,157,0,0][A155,2908,0,0][C,  024687,0,0][C,  028938,1,0] || [TOP] [A23,157,0,0][A155,2908,0,0][C,  028939,0,0] || [APPLICATION] [A155,2924,0,0][A23,154,0,0]","drilldown\pl_id_3187\L0\Itm_M3187_C8450_I2_L0.xml","drilldown\pl_id_3187\Itm_M3187_C8450_I2_attributes.xml","drilldown\pl_id_3187\tl_M3187_C8450_attributes.xml","menus\pl_id_3187_attributes.xml"
"M3187","C8450","I2","GJA9461BJLFN","86544","142250","XK8 Coupe/Convertible up to (V) 042775/INTERIOR TRIM AND LININGS/FLOOR COVERINGS/CARPETS","Carpet","main floor > LH > Flint grey > LHD > Other Option","XK8 Coupe Convertible up to (V) 042775 > INTERIOR TRIM AND LININGS > FLOOR COVERINGS > CARPETS > Carpet > main floor > LH > Flint grey > LHD > Other Option","[A37,615,0,0,1][A155,2932,0,0][A23,154,0,0][A155,2932,0,0][A23,157,0,0][C,  003249,1,0][A155,2932,0,0][A23,157,0,0][C,  003250,0,0][C,  018107,1,0][A155,2924,0,0][A23,154,0,0][C,  018108,0,0][C,  024686,1,0][A155,2924,0,0][A23,154,0,0][A155,2924,0,0][A23,157,0,0][C,  003249,1,0][A155,2924,0,0][A23,157,0,0][C,  003250,0,0][C,  018107,1,0][A155,2924,0,0][A23,157,0,0][C,  018108,0,0][C,  024686,1,0][A155,2924,0,0][A23,157,0,0][C,  024687,0,0][C,  028938,1,0][A155,2924,0,0][A23,157,0,0][C,  028939,0,0][A23,154,0,0][A155,2901,0,0][A23,157,0,0][A155,2901,0,0][C,  003249,1,0][A23,157,0,0][A155,2901,0,0][C,  003250,0,0][C,  018107,1,0][A23,157,0,0][A155,2901,0,0][C,  018108,0,0][C,  024686,1,0][A23,157,0,0][A155,2901,0,0][C,  024687,0,0][C,  028938,1,0][A23,157,0,0][A155,2901,0,0][C,  028939,0,0][A23,154,0,0][A155,2908,0,0][C,  018108,0,0][C,  024686,1,0][A23,154,0,0][A155,2908,0,0][A23,157,0,0][A155,2908,0,0][C,  003249,1,0][A23,157,0,0][A155,2908,0,0][C,  003250,0,0][C,  018107,1,0][A23,157,0,0][A155,2908,0,0][C,  018108,0,0][C,  024686,1,0][A23,157,0,0][A155,2908,0,0][C,  024687,0,0][C,  028938,1,0][A23,157,0,0][A155,2908,0,0][C,  028939,0,0][A155,2924,0,0][A23,154,0,0]","[CATEGORY] [A37,615,0,0,1] || [TOP] [A155,2932,0,0][A23,154,0,0] || [TOP] [A155,2932,0,0][A23,157,0,0][C,  003249,1,0] || [TOP] [A155,2932,0,0][A23,157,0,0][C,  003250,0,0][C,  018107,1,0] || [TOP] [A155,2924,0,0][A23,154,0,0][C,  018108,0,0][C,  024686,1,0] || [TOP] [A155,2924,0,0][A23,154,0,0] || [TOP] [A155,2924,0,0][A23,157,0,0][C,  003249,1,0] || [TOP] [A155,2924,0,0][A23,157,0,0][C,  003250,0,0][C,  018107,1,0] || [TOP] [A155,2924,0,0][A23,157,0,0][C,  018108,0,0][C,  024686,1,0] || [TOP] [A155,2924,0,0][A23,157,0,0][C,  024687,0,0][C,  028938,1,0] || [TOP] [A155,2924,0,0][A23,157,0,0][C,  028939,0,0] || [TOP] [A23,154,0,0][A155,2901,0,0] || [TOP] [A23,157,0,0][A155,2901,0,0][C,  003249,1,0] || [TOP] [A23,157,0,0][A155,2901,0,0][C,  003250,0,0][C,  018107,1,0] || [TOP] [A23,157,0,0][A155,2901,0,0][C,  018108,0,0][C,  024686,1,0] || [TOP] [A23,157,0,0][A155,2901,0,0][C,  024687,0,0][C,  028938,1,0] || [TOP] [A23,157,0,0][A155,2901,0,0][C,  028939,0,0] || [TOP] [A23,154,0,0][A155,2908,0,0][C,  018108,0,0][C,  024686,1,0] || [TOP] [A23,154,0,0][A155,2908,0,0] || [TOP] [A23,157,0,0][A155,2908,0,0][C,  003249,1,0] || [TOP] [A23,157,0,0][A155,2908,0,0][C,  003250,0,0][C,  018107,1,0] || [TOP] [A23,157,0,0][A155,2908,0,0][C,  018108,0,0][C,  024686,1,0] || [TOP] [A23,157,0,0][A155,2908,0,0][C,  024687,0,0][C,  028938,1,0] || [TOP] [A23,157,0,0][A155,2908,0,0][C,  028939,0,0] || [APPLICATION] [A155,2924,0,0][A23,154,0,0]","drilldown\pl_id_3187\L0\Itm_M3187_C8450_I2_L0.xml","drilldown\pl_id_3187\Itm_M3187_C8450_I2_attributes.xml","drilldown\pl_id_3187\tl_M3187_C8450_attributes.xml","menus\pl_id_3187_attributes.xml"
"M3187","C8450","I2","GJA9461BHLFN","85467","139778","XK8 Coupe/Convertible up to (V) 042775/INTERIOR TRIM AND LININGS/FLOOR COVERINGS/CARPETS","Carpet","main floor > LH > Flint grey > LHD > Other Option","XK8 Coupe Convertible up to (V) 042775 > INTERIOR TRIM AND LININGS > FLOOR COVERINGS > CARPETS > Carpet > main floor > LH > Flint grey > LHD > Other Option","[A37,615,0,0,1][A155,2932,0,0][A23,154,0,0][A155,2932,0,0][A23,157,0,0][C,  003249,1,0][A155,2932,0,0][A23,157,0,0][C,  003250,0,0][C,  018107,1,0][A155,2924,0,0][A23,154,0,0][C,  018108,0,0][C,  024686,1,0][A155,2924,0,0][A23,154,0,0][A155,2924,0,0][A23,157,0,0][C,  003249,1,0][A155,2924,0,0][A23,157,0,0][C,  003250,0,0][C,  018107,1,0][A155,2924,0,0][A23,157,0,0][C,  018108,0,0][C,  024686,1,0][A155,2924,0,0][A23,157,0,0][C,  024687,0,0][C,  028938,1,0][A155,2924,0,0][A23,157,0,0][C,  028939,0,0][A23,154,0,0][A155,2901,0,0][A23,157,0,0][A155,2901,0,0][C,  003249,1,0][A23,157,0,0][A155,2901,0,0][C,  003250,0,0][C,  018107,1,0][A23,157,0,0][A155,2901,0,0][C,  018108,0,0][C,  024686,1,0][A23,157,0,0][A155,2901,0,0][C,  024687,0,0][C,  028938,1,0][A23,157,0,0][A155,2901,0,0][C,  028939,0,0][A23,154,0,0][A155,2908,0,0][C,  018108,0,0][C,  024686,1,0][A23,154,0,0][A155,2908,0,0][A23,157,0,0][A155,2908,0,0][C,  003249,1,0][A23,157,0,0][A155,2908,0,0][C,  003250,0,0][C,  018107,1,0][A23,157,0,0][A155,2908,0,0][C,  018108,0,0][C,  024686,1,0][A23,157,0,0][A155,2908,0,0][C,  024687,0,0][C,  028938,1,0][A23,157,0,0][A155,2908,0,0][C,  028939,0,0][A155,2924,0,0][A23,154,0,0]","[CATEGORY] [A37,615,0,0,1] || [TOP] [A155,2932,0,0][A23,154,0,0] || [TOP] [A155,2932,0,0][A23,157,0,0][C,  003249,1,0] || [TOP] [A155,2932,0,0][A23,157,0,0][C,  003250,0,0][C,  018107,1,0] || [TOP] [A155,2924,0,0][A23,154,0,0][C,  018108,0,0][C,  024686,1,0] || [TOP] [A155,2924,0,0][A23,154,0,0] || [TOP] [A155,2924,0,0][A23,157,0,0][C,  003249,1,0] || [TOP] [A155,2924,0,0][A23,157,0,0][C,  003250,0,0][C,  018107,1,0] || [TOP] [A155,2924,0,0][A23,157,0,0][C,  018108,0,0][C,  024686,1,0] || [TOP] [A155,2924,0,0][A23,157,0,0][C,  024687,0,0][C,  028938,1,0] || [TOP] [A155,2924,0,0][A23,157,0,0][C,  028939,0,0] || [TOP] [A23,154,0,0][A155,2901,0,0] || [TOP] [A23,157,0,0][A155,2901,0,0][C,  003249,1,0] || [TOP] [A23,157,0,0][A155,2901,0,0][C,  003250,0,0][C,  018107,1,0] || [TOP] [A23,157,0,0][A155,2901,0,0][C,  018108,0,0][C,  024686,1,0] || [TOP] [A23,157,0,0][A155,2901,0,0][C,  024687,0,0][C,  028938,1,0] || [TOP] [A23,157,0,0][A155,2901,0,0][C,  028939,0,0] || [TOP] [A23,154,0,0][A155,2908,0,0][C,  018108,0,0][C,  024686,1,0] || [TOP] [A23,154,0,0][A155,2908,0,0] || [TOP] [A23,157,0,0][A155,2908,0,0][C,  003249,1,0] || [TOP] [A23,157,0,0][A155,2908,0,0][C,  003250,0,0][C,  018107,1,0] || [TOP] [A23,157,0,0][A155,2908,0,0][C,  018108,0,0][C,  024686,1,0] || [TOP] [A23,157,0,0][A155,2908,0,0][C,  024687,0,0][C,  028938,1,0] || [TOP] [A23,157,0,0][A155,2908,0,0][C,  028939,0,0] || [APPLICATION] [A155,2924,0,0][A23,154,0,0]","drilldown\pl_id_3187\L0\Itm_M3187_C8450_I2_L0.xml","drilldown\pl_id_3187\Itm_M3187_C8450_I2_attributes.xml","drilldown\pl_id_3187\tl_M3187_C8450_attributes.xml","menus\pl_id_3187_attributes.xml"
"M3187","C8450","I2","GJB9461BALFN","92091","156421","XK8 Coupe/Convertible up to (V) 042775/INTERIOR TRIM AND LININGS/FLOOR COVERINGS/CARPETS","Carpet","main floor > LH > Flint grey > LHD > Other Option","XK8 Coupe Convertible up to (V) 042775 > INTERIOR TRIM AND LININGS > FLOOR COVERINGS > CARPETS > Carpet > main floor > LH > Flint grey > LHD > Other Option","[A37,615,0,0,1][A155,2932,0,0][A23,154,0,0][A155,2932,0,0][A23,157,0,0][C,  003249,1,0][A155,2932,0,0][A23,157,0,0][C,  003250,0,0][C,  018107,1,0][A155,2924,0,0][A23,154,0,0][C,  018108,0,0][C,  024686,1,0][A155,2924,0,0][A23,154,0,0][A155,2924,0,0][A23,157,0,0][C,  003249,1,0][A155,2924,0,0][A23,157,0,0][C,  003250,0,0][C,  018107,1,0][A155,2924,0,0][A23,157,0,0][C,  018108,0,0][C,  024686,1,0][A155,2924,0,0][A23,157,0,0][C,  024687,0,0][C,  028938,1,0][A155,2924,0,0][A23,157,0,0][C,  028939,0,0][A23,154,0,0][A155,2901,0,0][A23,157,0,0][A155,2901,0,0][C,  003249,1,0][A23,157,0,0][A155,2901,0,0][C,  003250,0,0][C,  018107,1,0][A23,157,0,0][A155,2901,0,0][C,  018108,0,0][C,  024686,1,0][A23,157,0,0][A155,2901,0,0][C,  024687,0,0][C,  028938,1,0][A23,157,0,0][A155,2901,0,0][C,  028939,0,0][A23,154,0,0][A155,2908,0,0][C,  018108,0,0][C,  024686,1,0][A23,154,0,0][A155,2908,0,0][A23,157,0,0][A155,2908,0,0][C,  003249,1,0][A23,157,0,0][A155,2908,0,0][C,  003250,0,0][C,  018107,1,0][A23,157,0,0][A155,2908,0,0][C,  018108,0,0][C,  024686,1,0][A23,157,0,0][A155,2908,0,0][C,  024687,0,0][C,  028938,1,0][A23,157,0,0][A155,2908,0,0][C,  028939,0,0][A155,2924,0,0][A23,154,0,0]","[CATEGORY] [A37,615,0,0,1] || [TOP] [A155,2932,0,0][A23,154,0,0] || [TOP] [A155,2932,0,0][A23,157,0,0][C,  003249,1,0] || [TOP] [A155,2932,0,0][A23,157,0,0][C,  003250,0,0][C,  018107,1,0] || [TOP] [A155,2924,0,0][A23,154,0,0][C,  018108,0,0][C,  024686,1,0] || [TOP] [A155,2924,0,0][A23,154,0,0] || [TOP] [A155,2924,0,0][A23,157,0,0][C,  003249,1,0] || [TOP] [A155,2924,0,0][A23,157,0,0][C,  003250,0,0][C,  018107,1,0] || [TOP] [A155,2924,0,0][A23,157,0,0][C,  018108,0,0][C,  024686,1,0] || [TOP] [A155,2924,0,0][A23,157,0,0][C,  024687,0,0][C,  028938,1,0] || [TOP] [A155,2924,0,0][A23,157,0,0][C,  028939,0,0] || [TOP] [A23,154,0,0][A155,2901,0,0] || [TOP] [A23,157,0,0][A155,2901,0,0][C,  003249,1,0] || [TOP] [A23,157,0,0][A155,2901,0,0][C,  003250,0,0][C,  018107,1,0] || [TOP] [A23,157,0,0][A155,2901,0,0][C,  018108,0,0][C,  024686,1,0] || [TOP] [A23,157,0,0][A155,2901,0,0][C,  024687,0,0][C,  028938,1,0] || [TOP] [A23,157,0,0][A155,2901,0,0][C,  028939,0,0] || [TOP] [A23,154,0,0][A155,2908,0,0][C,  018108,0,0][C,  024686,1,0] || [TOP] [A23,154,0,0][A155,2908,0,0] || [TOP] [A23,157,0,0][A155,2908,0,0][C,  003249,1,0] || [TOP] [A23,157,0,0][A155,2908,0,0][C,  003250,0,0][C,  018107,1,0] || [TOP] [A23,157,0,0][A155,2908,0,0][C,  018108,0,0][C,  024686,1,0] || [TOP] [A23,157,0,0][A155,2908,0,0][C,  024687,0,0][C,  028938,1,0] || [TOP] [A23,157,0,0][A155,2908,0,0][C,  028939,0,0] || [APPLICATION] [A155,2924,0,0][A23,154,0,0]","drilldown\pl_id_3187\L0\Itm_M3187_C8450_I2_L0.xml","drilldown\pl_id_3187\Itm_M3187_C8450_I2_attributes.xml","drilldown\pl_id_3187\tl_M3187_C8450_attributes.xml","menus\pl_id_3187_attributes.xml"
"M3187","C8450","I2","GJA9461AELFN","84453","137248","XK8 Coupe/Convertible up to (V) 042775/INTERIOR TRIM AND LININGS/FLOOR COVERINGS/CARPETS","Carpet","main floor > LH > Flint grey > RHD > To VIN (003249)","XK8 Coupe Convertible up to (V) 042775 > INTERIOR TRIM AND LININGS > FLOOR COVERINGS > CARPETS > Carpet > main floor > LH > Flint grey > RHD > To VIN (003249)","[A37,615,0,0,1][A155,2932,0,0][A23,154,0,0][A155,2932,0,0][A23,157,0,0][C,  003249,1,0][A155,2932,0,0][A23,157,0,0][C,  003250,0,0][C,  018107,1,0][A155,2924,0,0][A23,154,0,0][C,  018108,0,0][C,  024686,1,0][A155,2924,0,0][A23,154,0,0][A155,2924,0,0][A23,157,0,0][C,  003249,1,0][A155,2924,0,0][A23,157,0,0][C,  003250,0,0][C,  018107,1,0][A155,2924,0,0][A23,157,0,0][C,  018108,0,0][C,  024686,1,0][A155,2924,0,0][A23,157,0,0][C,  024687,0,0][C,  028938,1,0][A155,2924,0,0][A23,157,0,0][C,  028939,0,0][A23,154,0,0][A155,2901,0,0][A23,157,0,0][A155,2901,0,0][C,  003249,1,0][A23,157,0,0][A155,2901,0,0][C,  003250,0,0][C,  018107,1,0][A23,157,0,0][A155,2901,0,0][C,  018108,0,0][C,  024686,1,0][A23,157,0,0][A155,2901,0,0][C,  024687,0,0][C,  028938,1,0][A23,157,0,0][A155,2901,0,0][C,  028939,0,0][A23,154,0,0][A155,2908,0,0][C,  018108,0,0][C,  024686,1,0][A23,154,0,0][A155,2908,0,0][A23,157,0,0][A155,2908,0,0][C,  003249,1,0][A23,157,0,0][A155,2908,0,0][C,  003250,0,0][C,  018107,1,0][A23,157,0,0][A155,2908,0,0][C,  018108,0,0][C,  024686,1,0][A23,157,0,0][A155,2908,0,0][C,  024687,0,0][C,  028938,1,0][A23,157,0,0][A155,2908,0,0][C,  028939,0,0][A155,2924,0,0][A23,157,0,0][C,  003249,1,0]","[CATEGORY] [A37,615,0,0,1] || [TOP] [A155,2932,0,0][A23,154,0,0] || [TOP] [A155,2932,0,0][A23,157,0,0][C,  003249,1,0] || [TOP] [A155,2932,0,0][A23,157,0,0][C,  003250,0,0][C,  018107,1,0] || [TOP] [A155,2924,0,0][A23,154,0,0][C,  018108,0,0][C,  024686,1,0] || [TOP] [A155,2924,0,0][A23,154,0,0] || [TOP] [A155,2924,0,0][A23,157,0,0][C,  003249,1,0] || [TOP] [A155,2924,0,0][A23,157,0,0][C,  003250,0,0][C,  018107,1,0] || [TOP] [A155,2924,0,0][A23,157,0,0][C,  018108,0,0][C,  024686,1,0] || [TOP] [A155,2924,0,0][A23,157,0,0][C,  024687,0,0][C,  028938,1,0] || [TOP] [A155,2924,0,0][A23,157,0,0][C,  028939,0,0] || [TOP] [A23,154,0,0][A155,2901,0,0] || [TOP] [A23,157,0,0][A155,2901,0,0][C,  003249,1,0] || [TOP] [A23,157,0,0][A155,2901,0,0][C,  003250,0,0][C,  018107,1,0] || [TOP] [A23,157,0,0][A155,2901,0,0][C,  018108,0,0][C,  024686,1,0] || [TOP] [A23,157,0,0][A155,2901,0,0][C,  024687,0,0][C,  028938,1,0] || [TOP] [A23,157,0,0][A155,2901,0,0][C,  028939,0,0] || [TOP] [A23,154,0,0][A155,2908,0,0][C,  018108,0,0][C,  024686,1,0] || [TOP] [A23,154,0,0][A155,2908,0,0] || [TOP] [A23,157,0,0][A155,2908,0,0][C,  003249,1,0] || [TOP] [A23,157,0,0][A155,2908,0,0][C,  003250,0,0][C,  018107,1,0] || [TOP] [A23,157,0,0][A155,2908,0,0][C,  018108,0,0][C,  024686,1,0] || [TOP] [A23,157,0,0][A155,2908,0,0][C,  024687,0,0][C,  028938,1,0] || [TOP] [A23,157,0,0][A155,2908,0,0][C,  028939,0,0] || [APPLICATION] [A155,2924,0,0][A23,157,0,0][C,  003249,1,0]","drilldown\pl_id_3187\L0\Itm_M3187_C8450_I2_L0.xml","drilldown\pl_id_3187\Itm_M3187_C8450_I2_attributes.xml","drilldown\pl_id_3187\tl_M3187_C8450_attributes.xml","menus\pl_id_3187_attributes.xml"
"M3187","C8450","I2","GJA9461AJLFN","86540","142241","XK8 Coupe/Convertible up to (V) 042775/INTERIOR TRIM AND LININGS/FLOOR COVERINGS/CARPETS","Carpet","main floor > LH > Flint grey > RHD > From VIN (003250) To VIN (018107)","XK8 Coupe Convertible up to (V) 042775 > INTERIOR TRIM AND LININGS > FLOOR COVERINGS > CARPETS > Carpet > main floor > LH > Flint grey > RHD > From VIN (003250) To VIN (018107)","[A37,615,0,0,1][A155,2932,0,0][A23,154,0,0][A155,2932,0,0][A23,157,0,0][C,  003249,1,0][A155,2932,0,0][A23,157,0,0][C,  003250,0,0][C,  018107,1,0][A155,2924,0,0][A23,154,0,0][C,  018108,0,0][C,  024686,1,0][A155,2924,0,0][A23,154,0,0][A155,2924,0,0][A23,157,0,0][C,  003249,1,0][A155,2924,0,0][A23,157,0,0][C,  003250,0,0][C,  018107,1,0][A155,2924,0,0][A23,157,0,0][C,  018108,0,0][C,  024686,1,0][A155,2924,0,0][A23,157,0,0][C,  024687,0,0][C,  028938,1,0][A155,2924,0,0][A23,157,0,0][C,  028939,0,0][A23,154,0,0][A155,2901,0,0][A23,157,0,0][A155,2901,0,0][C,  003249,1,0][A23,157,0,0][A155,2901,0,0][C,  003250,0,0][C,  018107,1,0][A23,157,0,0][A155,2901,0,0][C,  018108,0,0][C,  024686,1,0][A23,157,0,0][A155,2901,0,0][C,  024687,0,0][C,  028938,1,0][A23,157,0,0][A155,2901,0,0][C,  028939,0,0][A23,154,0,0][A155,2908,0,0][C,  018108,0,0][C,  024686,1,0][A23,154,0,0][A155,2908,0,0][A23,157,0,0][A155,2908,0,0][C,  003249,1,0][A23,157,0,0][A155,2908,0,0][C,  003250,0,0][C,  018107,1,0][A23,157,0,0][A155,2908,0,0][C,  018108,0,0][C,  024686,1,0][A23,157,0,0][A155,2908,0,0][C,  024687,0,0][C,  028938,1,0][A23,157,0,0][A155,2908,0,0][C,  028939,0,0][A155,2924,0,0][A23,157,0,0][C,  003250,0,0][C,  018107,1,0]","[CATEGORY] [A37,615,0,0,1] || [TOP] [A155,2932,0,0][A23,154,0,0] || [TOP] [A155,2932,0,0][A23,157,0,0][C,  003249,1,0] || [TOP] [A155,2932,0,0][A23,157,0,0][C,  003250,0,0][C,  018107,1,0] || [TOP] [A155,2924,0,0][A23,154,0,0][C,  018108,0,0][C,  024686,1,0] || [TOP] [A155,2924,0,0][A23,154,0,0] || [TOP] [A155,2924,0,0][A23,157,0,0][C,  003249,1,0] || [TOP] [A155,2924,0,0][A23,157,0,0][C,  003250,0,0][C,  018107,1,0] || [TOP] [A155,2924,0,0][A23,157,0,0][C,  018108,0,0][C,  024686,1,0] || [TOP] [A155,2924,0,0][A23,157,0,0][C,  024687,0,0][C,  028938,1,0] || [TOP] [A155,2924,0,0][A23,157,0,0][C,  028939,0,0] || [TOP] [A23,154,0,0][A155,2901,0,0] || [TOP] [A23,157,0,0][A155,2901,0,0][C,  003249,1,0] || [TOP] [A23,157,0,0][A155,2901,0,0][C,  003250,0,0][C,  018107,1,0] || [TOP] [A23,157,0,0][A155,2901,0,0][C,  018108,0,0][C,  024686,1,0] || [TOP] [A23,157,0,0][A155,2901,0,0][C,  024687,0,0][C,  028938,1,0] || [TOP] [A23,157,0,0][A155,2901,0,0][C,  028939,0,0] || [TOP] [A23,154,0,0][A155,2908,0,0][C,  018108,0,0][C,  024686,1,0] || [TOP] [A23,154,0,0][A155,2908,0,0] || [TOP] [A23,157,0,0][A155,2908,0,0][C,  003249,1,0] || [TOP] [A23,157,0,0][A155,2908,0,0][C,  003250,0,0][C,  018107,1,0] || [TOP] [A23,157,0,0][A155,2908,0,0][C,  018108,0,0][C,  024686,1,0] || [TOP] [A23,157,0,0][A155,2908,0,0][C,  024687,0,0][C,  028938,1,0] || [TOP] [A23,157,0,0][A155,2908,0,0][C,  028939,0,0] || [APPLICATION] [A155,2924,0,0][A23,157,0,0][C,  003250,0,0][C,  018107,1,0]","drilldown\pl_id_3187\L0\Itm_M3187_C8450_I2_L0.xml","drilldown\pl_id_3187\Itm_M3187_C8450_I2_attributes.xml","drilldown\pl_id_3187\tl_M3187_C8450_attributes.xml","menus\pl_id_3187_attributes.xml"
"M3187","C8450","I2","GJA9461ALLFN","89968","150100","XK8 Coupe/Convertible up to (V) 042775/INTERIOR TRIM AND LININGS/FLOOR COVERINGS/CARPETS","Carpet","main floor > LH > Flint grey > RHD > From VIN (018108) To VIN (024686)","XK8 Coupe Convertible up to (V) 042775 > INTERIOR TRIM AND LININGS > FLOOR COVERINGS > CARPETS > Carpet > main floor > LH > Flint grey > RHD > From VIN (018108) To VIN (024686)","[A37,615,0,0,1][A155,2932,0,0][A23,154,0,0][A155,2932,0,0][A23,157,0,0][C,  003249,1,0][A155,2932,0,0][A23,157,0,0][C,  003250,0,0][C,  018107,1,0][A155,2924,0,0][A23,154,0,0][C,  018108,0,0][C,  024686,1,0][A155,2924,0,0][A23,154,0,0][A155,2924,0,0][A23,157,0,0][C,  003249,1,0][A155,2924,0,0][A23,157,0,0][C,  003250,0,0][C,  018107,1,0][A155,2924,0,0][A23,157,0,0][C,  018108,0,0][C,  024686,1,0][A155,2924,0,0][A23,157,0,0][C,  024687,0,0][C,  028938,1,0][A155,2924,0,0][A23,157,0,0][C,  028939,0,0][A23,154,0,0][A155,2901,0,0][A23,157,0,0][A155,2901,0,0][C,  003249,1,0][A23,157,0,0][A155,2901,0,0][C,  003250,0,0][C,  018107,1,0][A23,157,0,0][A155,2901,0,0][C,  018108,0,0][C,  024686,1,0][A23,157,0,0][A155,2901,0,0][C,  024687,0,0][C,  028938,1,0][A23,157,0,0][A155,2901,0,0][C,  028939,0,0][A23,154,0,0][A155,2908,0,0][C,  018108,0,0][C,  024686,1,0][A23,154,0,0][A155,2908,0,0][A23,157,0,0][A155,2908,0,0][C,  003249,1,0][A23,157,0,0][A155,2908,0,0][C,  003250,0,0][C,  018107,1,0][A23,157,0,0][A155,2908,0,0][C,  018108,0,0][C,  024686,1,0][A23,157,0,0][A155,2908,0,0][C,  024687,0,0][C,  028938,1,0][A23,157,0,0][A155,2908,0,0][C,  028939,0,0][A155,2924,0,0][A23,157,0,0][C,  018108,0,0][C,  024686,1,0]","[CATEGORY] [A37,615,0,0,1] || [TOP] [A155,2932,0,0][A23,154,0,0] || [TOP] [A155,2932,0,0][A23,157,0,0][C,  003249,1,0] || [TOP] [A155,2932,0,0][A23,157,0,0][C,  003250,0,0][C,  018107,1,0] || [TOP] [A155,2924,0,0][A23,154,0,0][C,  018108,0,0][C,  024686,1,0] || [TOP] [A155,2924,0,0][A23,154,0,0] || [TOP] [A155,2924,0,0][A23,157,0,0][C,  003249,1,0] || [TOP] [A155,2924,0,0][A23,157,0,0][C,  003250,0,0][C,  018107,1,0] || [TOP] [A155,2924,0,0][A23,157,0,0][C,  018108,0,0][C,  024686,1,0] || [TOP] [A155,2924,0,0][A23,157,0,0][C,  024687,0,0][C,  028938,1,0] || [TOP] [A155,2924,0,0][A23,157,0,0][C,  028939,0,0] || [TOP] [A23,154,0,0][A155,2901,0,0] || [TOP] [A23,157,0,0][A155,2901,0,0][C,  003249,1,0] || [TOP] [A23,157,0,0][A155,2901,0,0][C,  003250,0,0][C,  018107,1,0] || [TOP] [A23,157,0,0][A155,2901,0,0][C,  018108,0,0][C,  024686,1,0] || [TOP] [A23,157,0,0][A155,2901,0,0][C,  024687,0,0][C,  028938,1,0] || [TOP] [A23,157,0,0][A155,2901,0,0][C,  028939,0,0] || [TOP] [A23,154,0,0][A155,2908,0,0][C,  018108,0,0][C,  024686,1,0] || [TOP] [A23,154,0,0][A155,2908,0,0] || [TOP] [A23,157,0,0][A155,2908,0,0][C,  003249,1,0] || [TOP] [A23,157,0,0][A155,2908,0,0][C,  003250,0,0][C,  018107,1,0] || [TOP] [A23,157,0,0][A155,2908,0,0][C,  018108,0,0][C,  024686,1,0] || [TOP] [A23,157,0,0][A155,2908,0,0][C,  024687,0,0][C,  028938,1,0] || [TOP] [A23,157,0,0][A155,2908,0,0][C,  028939,0,0] || [APPLICATION] [A155,2924,0,0][A23,157,0,0][C,  018108,0,0][C,  024686,1,0]","drilldown\pl_id_3187\L0\Itm_M3187_C8450_I2_L0.xml","drilldown\pl_id_3187\Itm_M3187_C8450_I2_attributes.xml","drilldown\pl_id_3187\tl_M3187_C8450_attributes.xml","menus\pl_id_3187_attributes.xml"
"M3187","C8450","I2","GJB9461AALFN","92088","156413","XK8 Coupe/Convertible up to (V) 042775/INTERIOR TRIM AND LININGS/FLOOR COVERINGS/CARPETS","Carpet","main floor > LH > Flint grey > RHD > From VIN (024687) To VIN (028938)","XK8 Coupe Convertible up to (V) 042775 > INTERIOR TRIM AND LININGS > FLOOR COVERINGS > CARPETS > Carpet > main floor > LH > Flint grey > RHD > From VIN (024687) To VIN (028938)","[A37,615,0,0,1][A155,2932,0,0][A23,154,0,0][A155,2932,0,0][A23,157,0,0][C,  003249,1,0][A155,2932,0,0][A23,157,0,0][C,  003250,0,0][C,  018107,1,0][A155,2924,0,0][A23,154,0,0][C,  018108,0,0][C,  024686,1,0][A155,2924,0,0][A23,154,0,0][A155,2924,0,0][A23,157,0,0][C,  003249,1,0][A155,2924,0,0][A23,157,0,0][C,  003250,0,0][C,  018107,1,0][A155,2924,0,0][A23,157,0,0][C,  018108,0,0][C,  024686,1,0][A155,2924,0,0][A23,157,0,0][C,  024687,0,0][C,  028938,1,0][A155,2924,0,0][A23,157,0,0][C,  028939,0,0][A23,154,0,0][A155,2901,0,0][A23,157,0,0][A155,2901,0,0][C,  003249,1,0][A23,157,0,0][A155,2901,0,0][C,  003250,0,0][C,  018107,1,0][A23,157,0,0][A155,2901,0,0][C,  018108,0,0][C,  024686,1,0][A23,157,0,0][A155,2901,0,0][C,  024687,0,0][C,  028938,1,0][A23,157,0,0][A155,2901,0,0][C,  028939,0,0][A23,154,0,0][A155,2908,0,0][C,  018108,0,0][C,  024686,1,0][A23,154,0,0][A155,2908,0,0][A23,157,0,0][A155,2908,0,0][C,  003249,1,0][A23,157,0,0][A155,2908,0,0][C,  003250,0,0][C,  018107,1,0][A23,157,0,0][A155,2908,0,0][C,  018108,0,0][C,  024686,1,0][A23,157,0,0][A155,2908,0,0][C,  024687,0,0][C,  028938,1,0][A23,157,0,0][A155,2908,0,0][C,  028939,0,0][A155,2924,0,0][A23,157,0,0][C,  024687,0,0][C,  028938,1,0]","[CATEGORY] [A37,615,0,0,1] || [TOP] [A155,2932,0,0][A23,154,0,0] || [TOP] [A155,2932,0,0][A23,157,0,0][C,  003249,1,0] || [TOP] [A155,2932,0,0][A23,157,0,0][C,  003250,0,0][C,  018107,1,0] || [TOP] [A155,2924,0,0][A23,154,0,0][C,  018108,0,0][C,  024686,1,0] || [TOP] [A155,2924,0,0][A23,154,0,0] || [TOP] [A155,2924,0,0][A23,157,0,0][C,  003249,1,0] || [TOP] [A155,2924,0,0][A23,157,0,0][C,  003250,0,0][C,  018107,1,0] || [TOP] [A155,2924,0,0][A23,157,0,0][C,  018108,0,0][C,  024686,1,0] || [TOP] [A155,2924,0,0][A23,157,0,0][C,  024687,0,0][C,  028938,1,0] || [TOP] [A155,2924,0,0][A23,157,0,0][C,  028939,0,0] || [TOP] [A23,154,0,0][A155,2901,0,0] || [TOP] [A23,157,0,0][A155,2901,0,0][C,  003249,1,0] || [TOP] [A23,157,0,0][A155,2901,0,0][C,  003250,0,0][C,  018107,1,0] || [TOP] [A23,157,0,0][A155,2901,0,0][C,  018108,0,0][C,  024686,1,0] || [TOP] [A23,157,0,0][A155,2901,0,0][C,  024687,0,0][C,  028938,1,0] || [TOP] [A23,157,0,0][A155,2901,0,0][C,  028939,0,0] || [TOP] [A23,154,0,0][A155,2908,0,0][C,  018108,0,0][C,  024686,1,0] || [TOP] [A23,154,0,0][A155,2908,0,0] || [TOP] [A23,157,0,0][A155,2908,0,0][C,  003249,1,0] || [TOP] [A23,157,0,0][A155,2908,0,0][C,  003250,0,0][C,  018107,1,0] || [TOP] [A23,157,0,0][A155,2908,0,0][C,  018108,0,0][C,  024686,1,0] || [TOP] [A23,157,0,0][A155,2908,0,0][C,  024687,0,0][C,  028938,1,0] || [TOP] [A23,157,0,0][A155,2908,0,0][C,  028939,0,0] || [APPLICATION] [A155,2924,0,0][A23,157,0,0][C,  024687,0,0][C,  028938,1,0]","drilldown\pl_id_3187\L0\Itm_M3187_C8450_I2_L0.xml","drilldown\pl_id_3187\Itm_M3187_C8450_I2_attributes.xml","drilldown\pl_id_3187\tl_M3187_C8450_attributes.xml","menus\pl_id_3187_attributes.xml"
"M3187","C8450","I2","GJB9461ABLFN","92545","158200","XK8 Coupe/Convertible up to (V) 042775/INTERIOR TRIM AND LININGS/FLOOR COVERINGS/CARPETS","Carpet","main floor > LH > Flint grey > RHD > From VIN (028939)","XK8 Coupe Convertible up to (V) 042775 > INTERIOR TRIM AND LININGS > FLOOR COVERINGS > CARPETS > Carpet > main floor > LH > Flint grey > RHD > From VIN (028939)","[A37,615,0,0,1][A155,2932,0,0][A23,154,0,0][A155,2932,0,0][A23,157,0,0][C,  003249,1,0][A155,2932,0,0][A23,157,0,0][C,  003250,0,0][C,  018107,1,0][A155,2924,0,0][A23,154,0,0][C,  018108,0,0][C,  024686,1,0][A155,2924,0,0][A23,154,0,0][A155,2924,0,0][A23,157,0,0][C,  003249,1,0][A155,2924,0,0][A23,157,0,0][C,  003250,0,0][C,  018107,1,0][A155,2924,0,0][A23,157,0,0][C,  018108,0,0][C,  024686,1,0][A155,2924,0,0][A23,157,0,0][C,  024687,0,0][C,  028938,1,0][A155,2924,0,0][A23,157,0,0][C,  028939,0,0][A23,154,0,0][A155,2901,0,0][A23,157,0,0][A155,2901,0,0][C,  003249,1,0][A23,157,0,0][A155,2901,0,0][C,  003250,0,0][C,  018107,1,0][A23,157,0,0][A155,2901,0,0][C,  018108,0,0][C,  024686,1,0][A23,157,0,0][A155,2901,0,0][C,  024687,0,0][C,  028938,1,0][A23,157,0,0][A155,2901,0,0][C,  028939,0,0][A23,154,0,0][A155,2908,0,0][C,  018108,0,0][C,  024686,1,0][A23,154,0,0][A155,2908,0,0][A23,157,0,0][A155,2908,0,0][C,  003249,1,0][A23,157,0,0][A155,2908,0,0][C,  003250,0,0][C,  018107,1,0][A23,157,0,0][A155,2908,0,0][C,  018108,0,0][C,  024686,1,0][A23,157,0,0][A155,2908,0,0][C,  024687,0,0][C,  028938,1,0][A23,157,0,0][A155,2908,0,0][C,  028939,0,0][A155,2924,0,0][A23,157,0,0][C,  028939,0,0]","[CATEGORY] [A37,615,0,0,1] || [TOP] [A155,2932,0,0][A23,154,0,0] || [TOP] [A155,2932,0,0][A23,157,0,0][C,  003249,1,0] || [TOP] [A155,2932,0,0][A23,157,0,0][C,  003250,0,0][C,  018107,1,0] || [TOP] [A155,2924,0,0][A23,154,0,0][C,  018108,0,0][C,  024686,1,0] || [TOP] [A155,2924,0,0][A23,154,0,0] || [TOP] [A155,2924,0,0][A23,157,0,0][C,  003249,1,0] || [TOP] [A155,2924,0,0][A23,157,0,0][C,  003250,0,0][C,  018107,1,0] || [TOP] [A155,2924,0,0][A23,157,0,0][C,  018108,0,0][C,  024686,1,0] || [TOP] [A155,2924,0,0][A23,157,0,0][C,  024687,0,0][C,  028938,1,0] || [TOP] [A155,2924,0,0][A23,157,0,0][C,  028939,0,0] || [TOP] [A23,154,0,0][A155,2901,0,0] || [TOP] [A23,157,0,0][A155,2901,0,0][C,  003249,1,0] || [TOP] [A23,157,0,0][A155,2901,0,0][C,  003250,0,0][C,  018107,1,0] || [TOP] [A23,157,0,0][A155,2901,0,0][C,  018108,0,0][C,  024686,1,0] || [TOP] [A23,157,0,0][A155,2901,0,0][C,  024687,0,0][C,  028938,1,0] || [TOP] [A23,157,0,0][A155,2901,0,0][C,  028939,0,0] || [TOP] [A23,154,0,0][A155,2908,0,0][C,  018108,0,0][C,  024686,1,0] || [TOP] [A23,154,0,0][A155,2908,0,0] || [TOP] [A23,157,0,0][A155,2908,0,0][C,  003249,1,0] || [TOP] [A23,157,0,0][A155,2908,0,0][C,  003250,0,0][C,  018107,1,0] || [TOP] [A23,157,0,0][A155,2908,0,0][C,  018108,0,0][C,  024686,1,0] || [TOP] [A23,157,0,0][A155,2908,0,0][C,  024687,0,0][C,  028938,1,0] || [TOP] [A23,157,0,0][A155,2908,0,0][C,  028939,0,0] || [APPLICATION] [A155,2924,0,0][A23,157,0,0][C,  028939,0,0]","drilldown\pl_id_3187\L0\Itm_M3187_C8450_I2_L0.xml","drilldown\pl_id_3187\Itm_M3187_C8450_I2_attributes.xml","drilldown\pl_id_3187\tl_M3187_C8450_attributes.xml","menus\pl_id_3187_attributes.xml"
"M3187","C8450","I2","GJB9461BAAEK","92092","156426","XK8 Coupe/Convertible up to (V) 042775/INTERIOR TRIM AND LININGS/FLOOR COVERINGS/CARPETS","Carpet","main floor > LH > Sable > LHD","XK8 Coupe Convertible up to (V) 042775 > INTERIOR TRIM AND LININGS > FLOOR COVERINGS > CARPETS > Carpet > main floor > LH > Sable > LHD","[A37,615,0,0,1][A155,2932,0,0][A23,154,0,0][A155,2932,0,0][A23,157,0,0][C,  003249,1,0][A155,2932,0,0][A23,157,0,0][C,  003250,0,0][C,  018107,1,0][A155,2924,0,0][A23,154,0,0][C,  018108,0,0][C,  024686,1,0][A155,2924,0,0][A23,154,0,0][A155,2924,0,0][A23,157,0,0][C,  003249,1,0][A155,2924,0,0][A23,157,0,0][C,  003250,0,0][C,  018107,1,0][A155,2924,0,0][A23,157,0,0][C,  018108,0,0][C,  024686,1,0][A155,2924,0,0][A23,157,0,0][C,  024687,0,0][C,  028938,1,0][A155,2924,0,0][A23,157,0,0][C,  028939,0,0][A23,154,0,0][A155,2901,0,0][A23,157,0,0][A155,2901,0,0][C,  003249,1,0][A23,157,0,0][A155,2901,0,0][C,  003250,0,0][C,  018107,1,0][A23,157,0,0][A155,2901,0,0][C,  018108,0,0][C,  024686,1,0][A23,157,0,0][A155,2901,0,0][C,  024687,0,0][C,  028938,1,0][A23,157,0,0][A155,2901,0,0][C,  028939,0,0][A23,154,0,0][A155,2908,0,0][C,  018108,0,0][C,  024686,1,0][A23,154,0,0][A155,2908,0,0][A23,157,0,0][A155,2908,0,0][C,  003249,1,0][A23,157,0,0][A155,2908,0,0][C,  003250,0,0][C,  018107,1,0][A23,157,0,0][A155,2908,0,0][C,  018108,0,0][C,  024686,1,0][A23,157,0,0][A155,2908,0,0][C,  024687,0,0][C,  028938,1,0][A23,157,0,0][A155,2908,0,0][C,  028939,0,0][A23,154,0,0][A155,2901,0,0]","[CATEGORY] [A37,615,0,0,1] || [TOP] [A155,2932,0,0][A23,154,0,0] || [TOP] [A155,2932,0,0][A23,157,0,0][C,  003249,1,0] || [TOP] [A155,2932,0,0][A23,157,0,0][C,  003250,0,0][C,  018107,1,0] || [TOP] [A155,2924,0,0][A23,154,0,0][C,  018108,0,0][C,  024686,1,0] || [TOP] [A155,2924,0,0][A23,154,0,0] || [TOP] [A155,2924,0,0][A23,157,0,0][C,  003249,1,0] || [TOP] [A155,2924,0,0][A23,157,0,0][C,  003250,0,0][C,  018107,1,0] || [TOP] [A155,2924,0,0][A23,157,0,0][C,  018108,0,0][C,  024686,1,0] || [TOP] [A155,2924,0,0][A23,157,0,0][C,  024687,0,0][C,  028938,1,0] || [TOP] [A155,2924,0,0][A23,157,0,0][C,  028939,0,0] || [TOP] [A23,154,0,0][A155,2901,0,0] || [TOP] [A23,157,0,0][A155,2901,0,0][C,  003249,1,0] || [TOP] [A23,157,0,0][A155,2901,0,0][C,  003250,0,0][C,  018107,1,0] || [TOP] [A23,157,0,0][A155,2901,0,0][C,  018108,0,0][C,  024686,1,0] || [TOP] [A23,157,0,0][A155,2901,0,0][C,  024687,0,0][C,  028938,1,0] || [TOP] [A23,157,0,0][A155,2901,0,0][C,  028939,0,0] || [TOP] [A23,154,0,0][A155,2908,0,0][C,  018108,0,0][C,  024686,1,0] || [TOP] [A23,154,0,0][A155,2908,0,0] || [TOP] [A23,157,0,0][A155,2908,0,0][C,  003249,1,0] || [TOP] [A23,157,0,0][A155,2908,0,0][C,  003250,0,0][C,  018107,1,0] || [TOP] [A23,157,0,0][A155,2908,0,0][C,  018108,0,0][C,  024686,1,0] || [TOP] [A23,157,0,0][A155,2908,0,0][C,  024687,0,0][C,  028938,1,0] || [TOP] [A23,157,0,0][A155,2908,0,0][C,  028939,0,0] || [APPLICATION] [A23,154,0,0][A155,2901,0,0]","drilldown\pl_id_3187\L0\Itm_M3187_C8450_I2_L0.xml","drilldown\pl_id_3187\Itm_M3187_C8450_I2_attributes.xml","drilldown\pl_id_3187\tl_M3187_C8450_attributes.xml","menus\pl_id_3187_attributes.xml"
"M3187","C8450","I2","GJA9461BLAEK","89980","150144","XK8 Coupe/Convertible up to (V) 042775/INTERIOR TRIM AND LININGS/FLOOR COVERINGS/CARPETS","Carpet","main floor > LH > Sable > LHD","XK8 Coupe Convertible up to (V) 042775 > INTERIOR TRIM AND LININGS > FLOOR COVERINGS > CARPETS > Carpet > main floor > LH > Sable > LHD","[A37,615,0,0,1][A155,2932,0,0][A23,154,0,0][A155,2932,0,0][A23,157,0,0][C,  003249,1,0][A155,2932,0,0][A23,157,0,0][C,  003250,0,0][C,  018107,1,0][A155,2924,0,0][A23,154,0,0][C,  018108,0,0][C,  024686,1,0][A155,2924,0,0][A23,154,0,0][A155,2924,0,0][A23,157,0,0][C,  003249,1,0][A155,2924,0,0][A23,157,0,0][C,  003250,0,0][C,  018107,1,0][A155,2924,0,0][A23,157,0,0][C,  018108,0,0][C,  024686,1,0][A155,2924,0,0][A23,157,0,0][C,  024687,0,0][C,  028938,1,0][A155,2924,0,0][A23,157,0,0][C,  028939,0,0][A23,154,0,0][A155,2901,0,0][A23,157,0,0][A155,2901,0,0][C,  003249,1,0][A23,157,0,0][A155,2901,0,0][C,  003250,0,0][C,  018107,1,0][A23,157,0,0][A155,2901,0,0][C,  018108,0,0][C,  024686,1,0][A23,157,0,0][A155,2901,0,0][C,  024687,0,0][C,  028938,1,0][A23,157,0,0][A155,2901,0,0][C,  028939,0,0][A23,154,0,0][A155,2908,0,0][C,  018108,0,0][C,  024686,1,0][A23,154,0,0][A155,2908,0,0][A23,157,0,0][A155,2908,0,0][C,  003249,1,0][A23,157,0,0][A155,2908,0,0][C,  003250,0,0][C,  018107,1,0][A23,157,0,0][A155,2908,0,0][C,  018108,0,0][C,  024686,1,0][A23,157,0,0][A155,2908,0,0][C,  024687,0,0][C,  028938,1,0][A23,157,0,0][A155,2908,0,0][C,  028939,0,0][A23,154,0,0][A155,2901,0,0]","[CATEGORY] [A37,615,0,0,1] || [TOP] [A155,2932,0,0][A23,154,0,0] || [TOP] [A155,2932,0,0][A23,157,0,0][C,  003249,1,0] || [TOP] [A155,2932,0,0][A23,157,0,0][C,  003250,0,0][C,  018107,1,0] || [TOP] [A155,2924,0,0][A23,154,0,0][C,  018108,0,0][C,  024686,1,0] || [TOP] [A155,2924,0,0][A23,154,0,0] || [TOP] [A155,2924,0,0][A23,157,0,0][C,  003249,1,0] || [TOP] [A155,2924,0,0][A23,157,0,0][C,  003250,0,0][C,  018107,1,0] || [TOP] [A155,2924,0,0][A23,157,0,0][C,  018108,0,0][C,  024686,1,0] || [TOP] [A155,2924,0,0][A23,157,0,0][C,  024687,0,0][C,  028938,1,0] || [TOP] [A155,2924,0,0][A23,157,0,0][C,  028939,0,0] || [TOP] [A23,154,0,0][A155,2901,0,0] || [TOP] [A23,157,0,0][A155,2901,0,0][C,  003249,1,0] || [TOP] [A23,157,0,0][A155,2901,0,0][C,  003250,0,0][C,  018107,1,0] || [TOP] [A23,157,0,0][A155,2901,0,0][C,  018108,0,0][C,  024686,1,0] || [TOP] [A23,157,0,0][A155,2901,0,0][C,  024687,0,0][C,  028938,1,0] || [TOP] [A23,157,0,0][A155,2901,0,0][C,  028939,0,0] || [TOP] [A23,154,0,0][A155,2908,0,0][C,  018108,0,0][C,  024686,1,0] || [TOP] [A23,154,0,0][A155,2908,0,0] || [TOP] [A23,157,0,0][A155,2908,0,0][C,  003249,1,0] || [TOP] [A23,157,0,0][A155,2908,0,0][C,  003250,0,0][C,  018107,1,0] || [TOP] [A23,157,0,0][A155,2908,0,0][C,  018108,0,0][C,  024686,1,0] || [TOP] [A23,157,0,0][A155,2908,0,0][C,  024687,0,0][C,  028938,1,0] || [TOP] [A23,157,0,0][A155,2908,0,0][C,  028939,0,0] || [APPLICATION] [A23,154,0,0][A155,2901,0,0]","drilldown\pl_id_3187\L0\Itm_M3187_C8450_I2_L0.xml","drilldown\pl_id_3187\Itm_M3187_C8450_I2_attributes.xml","drilldown\pl_id_3187\tl_M3187_C8450_attributes.xml","menus\pl_id_3187_attributes.xml"
"M3187","C8450","I2","GJB9461BBAEK","92546","158204","XK8 Coupe/Convertible up to (V) 042775/INTERIOR TRIM AND LININGS/FLOOR COVERINGS/CARPETS","Carpet","main floor > LH > Sable > LHD","XK8 Coupe Convertible up to (V) 042775 > INTERIOR TRIM AND LININGS > FLOOR COVERINGS > CARPETS > Carpet > main floor > LH > Sable > LHD","[A37,615,0,0,1][A155,2932,0,0][A23,154,0,0][A155,2932,0,0][A23,157,0,0][C,  003249,1,0][A155,2932,0,0][A23,157,0,0][C,  003250,0,0][C,  018107,1,0][A155,2924,0,0][A23,154,0,0][C,  018108,0,0][C,  024686,1,0][A155,2924,0,0][A23,154,0,0][A155,2924,0,0][A23,157,0,0][C,  003249,1,0][A155,2924,0,0][A23,157,0,0][C,  003250,0,0][C,  018107,1,0][A155,2924,0,0][A23,157,0,0][C,  018108,0,0][C,  024686,1,0][A155,2924,0,0][A23,157,0,0][C,  024687,0,0][C,  028938,1,0][A155,2924,0,0][A23,157,0,0][C,  028939,0,0][A23,154,0,0][A155,2901,0,0][A23,157,0,0][A155,2901,0,0][C,  003249,1,0][A23,157,0,0][A155,2901,0,0][C,  003250,0,0][C,  018107,1,0][A23,157,0,0][A155,2901,0,0][C,  018108,0,0][C,  024686,1,0][A23,157,0,0][A155,2901,0,0][C,  024687,0,0][C,  028938,1,0][A23,157,0,0][A155,2901,0,0][C,  028939,0,0][A23,154,0,0][A155,2908,0,0][C,  018108,0,0][C,  024686,1,0][A23,154,0,0][A155,2908,0,0][A23,157,0,0][A155,2908,0,0][C,  003249,1,0][A23,157,0,0][A155,2908,0,0][C,  003250,0,0][C,  018107,1,0][A23,157,0,0][A155,2908,0,0][C,  018108,0,0][C,  024686,1,0][A23,157,0,0][A155,2908,0,0][C,  024687,0,0][C,  028938,1,0][A23,157,0,0][A155,2908,0,0][C,  028939,0,0][A23,154,0,0][A155,2901,0,0]","[CATEGORY] [A37,615,0,0,1] || [TOP] [A155,2932,0,0][A23,154,0,0] || [TOP] [A155,2932,0,0][A23,157,0,0][C,  003249,1,0] || [TOP] [A155,2932,0,0][A23,157,0,0][C,  003250,0,0][C,  018107,1,0] || [TOP] [A155,2924,0,0][A23,154,0,0][C,  018108,0,0][C,  024686,1,0] || [TOP] [A155,2924,0,0][A23,154,0,0] || [TOP] [A155,2924,0,0][A23,157,0,0][C,  003249,1,0] || [TOP] [A155,2924,0,0][A23,157,0,0][C,  003250,0,0][C,  018107,1,0] || [TOP] [A155,2924,0,0][A23,157,0,0][C,  018108,0,0][C,  024686,1,0] || [TOP] [A155,2924,0,0][A23,157,0,0][C,  024687,0,0][C,  028938,1,0] || [TOP] [A155,2924,0,0][A23,157,0,0][C,  028939,0,0] || [TOP] [A23,154,0,0][A155,2901,0,0] || [TOP] [A23,157,0,0][A155,2901,0,0][C,  003249,1,0] || [TOP] [A23,157,0,0][A155,2901,0,0][C,  003250,0,0][C,  018107,1,0] || [TOP] [A23,157,0,0][A155,2901,0,0][C,  018108,0,0][C,  024686,1,0] || [TOP] [A23,157,0,0][A155,2901,0,0][C,  024687,0,0][C,  028938,1,0] || [TOP] [A23,157,0,0][A155,2901,0,0][C,  028939,0,0] || [TOP] [A23,154,0,0][A155,2908,0,0][C,  018108,0,0][C,  024686,1,0] || [TOP] [A23,154,0,0][A155,2908,0,0] || [TOP] [A23,157,0,0][A155,2908,0,0][C,  003249,1,0] || [TOP] [A23,157,0,0][A155,2908,0,0][C,  003250,0,0][C,  018107,1,0] || [TOP] [A23,157,0,0][A155,2908,0,0][C,  018108,0,0][C,  024686,1,0] || [TOP] [A23,157,0,0][A155,2908,0,0][C,  024687,0,0][C,  028938,1,0] || [TOP] [A23,157,0,0][A155,2908,0,0][C,  028939,0,0] || [APPLICATION] [A23,154,0,0][A155,2901,0,0]","drilldown\pl_id_3187\L0\Itm_M3187_C8450_I2_L0.xml","drilldown\pl_id_3187\Itm_M3187_C8450_I2_attributes.xml","drilldown\pl_id_3187\tl_M3187_C8450_attributes.xml","menus\pl_id_3187_attributes.xml"
"M3187","C8450","I2","GJA9461BHAEK","85469","139786","XK8 Coupe/Convertible up to (V) 042775/INTERIOR TRIM AND LININGS/FLOOR COVERINGS/CARPETS","Carpet","main floor > LH > Sable > LHD","XK8 Coupe Convertible up to (V) 042775 > INTERIOR TRIM AND LININGS > FLOOR COVERINGS > CARPETS > Carpet > main floor > LH > Sable > LHD","[A37,615,0,0,1][A155,2932,0,0][A23,154,0,0][A155,2932,0,0][A23,157,0,0][C,  003249,1,0][A155,2932,0,0][A23,157,0,0][C,  003250,0,0][C,  018107,1,0][A155,2924,0,0][A23,154,0,0][C,  018108,0,0][C,  024686,1,0][A155,2924,0,0][A23,154,0,0][A155,2924,0,0][A23,157,0,0][C,  003249,1,0][A155,2924,0,0][A23,157,0,0][C,  003250,0,0][C,  018107,1,0][A155,2924,0,0][A23,157,0,0][C,  018108,0,0][C,  024686,1,0][A155,2924,0,0][A23,157,0,0][C,  024687,0,0][C,  028938,1,0][A155,2924,0,0][A23,157,0,0][C,  028939,0,0][A23,154,0,0][A155,2901,0,0][A23,157,0,0][A155,2901,0,0][C,  003249,1,0][A23,157,0,0][A155,2901,0,0][C,  003250,0,0][C,  018107,1,0][A23,157,0,0][A155,2901,0,0][C,  018108,0,0][C,  024686,1,0][A23,157,0,0][A155,2901,0,0][C,  024687,0,0][C,  028938,1,0][A23,157,0,0][A155,2901,0,0][C,  028939,0,0][A23,154,0,0][A155,2908,0,0][C,  018108,0,0][C,  024686,1,0][A23,154,0,0][A155,2908,0,0][A23,157,0,0][A155,2908,0,0][C,  003249,1,0][A23,157,0,0][A155,2908,0,0][C,  003250,0,0][C,  018107,1,0][A23,157,0,0][A155,2908,0,0][C,  018108,0,0][C,  024686,1,0][A23,157,0,0][A155,2908,0,0][C,  024687,0,0][C,  028938,1,0][A23,157,0,0][A155,2908,0,0][C,  028939,0,0][A23,154,0,0][A155,2901,0,0]","[CATEGORY] [A37,615,0,0,1] || [TOP] [A155,2932,0,0][A23,154,0,0] || [TOP] [A155,2932,0,0][A23,157,0,0][C,  003249,1,0] || [TOP] [A155,2932,0,0][A23,157,0,0][C,  003250,0,0][C,  018107,1,0] || [TOP] [A155,2924,0,0][A23,154,0,0][C,  018108,0,0][C,  024686,1,0] || [TOP] [A155,2924,0,0][A23,154,0,0] || [TOP] [A155,2924,0,0][A23,157,0,0][C,  003249,1,0] || [TOP] [A155,2924,0,0][A23,157,0,0][C,  003250,0,0][C,  018107,1,0] || [TOP] [A155,2924,0,0][A23,157,0,0][C,  018108,0,0][C,  024686,1,0] || [TOP] [A155,2924,0,0][A23,157,0,0][C,  024687,0,0][C,  028938,1,0] || [TOP] [A155,2924,0,0][A23,157,0,0][C,  028939,0,0] || [TOP] [A23,154,0,0][A155,2901,0,0] || [TOP] [A23,157,0,0][A155,2901,0,0][C,  003249,1,0] || [TOP] [A23,157,0,0][A155,2901,0,0][C,  003250,0,0][C,  018107,1,0] || [TOP] [A23,157,0,0][A155,2901,0,0][C,  018108,0,0][C,  024686,1,0] || [TOP] [A23,157,0,0][A155,2901,0,0][C,  024687,0,0][C,  028938,1,0] || [TOP] [A23,157,0,0][A155,2901,0,0][C,  028939,0,0] || [TOP] [A23,154,0,0][A155,2908,0,0][C,  018108,0,0][C,  024686,1,0] || [TOP] [A23,154,0,0][A155,2908,0,0] || [TOP] [A23,157,0,0][A155,2908,0,0][C,  003249,1,0] || [TOP] [A23,157,0,0][A155,2908,0,0][C,  003250,0,0][C,  018107,1,0] || [TOP] [A23,157,0,0][A155,2908,0,0][C,  018108,0,0][C,  024686,1,0] || [TOP] [A23,157,0,0][A155,2908,0,0][C,  024687,0,0][C,  028938,1,0] || [TOP] [A23,157,0,0][A155,2908,0,0][C,  028939,0,0] || [APPLICATION] [A23,154,0,0][A155,2901,0,0]","drilldown\pl_id_3187\L0\Itm_M3187_C8450_I2_L0.xml","drilldown\pl_id_3187\Itm_M3187_C8450_I2_attributes.xml","drilldown\pl_id_3187\tl_M3187_C8450_attributes.xml","menus\pl_id_3187_attributes.xml"
"M3187","C8450","I2","GJA9461BJAEK","86546","142256","XK8 Coupe/Convertible up to (V) 042775/INTERIOR TRIM AND LININGS/FLOOR COVERINGS/CARPETS","Carpet","main floor > LH > Sable > LHD","XK8 Coupe Convertible up to (V) 042775 > INTERIOR TRIM AND LININGS > FLOOR COVERINGS > CARPETS > Carpet > main floor > LH > Sable > LHD","[A37,615,0,0,1][A155,2932,0,0][A23,154,0,0][A155,2932,0,0][A23,157,0,0][C,  003249,1,0][A155,2932,0,0][A23,157,0,0][C,  003250,0,0][C,  018107,1,0][A155,2924,0,0][A23,154,0,0][C,  018108,0,0][C,  024686,1,0][A155,2924,0,0][A23,154,0,0][A155,2924,0,0][A23,157,0,0][C,  003249,1,0][A155,2924,0,0][A23,157,0,0][C,  003250,0,0][C,  018107,1,0][A155,2924,0,0][A23,157,0,0][C,  018108,0,0][C,  024686,1,0][A155,2924,0,0][A23,157,0,0][C,  024687,0,0][C,  028938,1,0][A155,2924,0,0][A23,157,0,0][C,  028939,0,0][A23,154,0,0][A155,2901,0,0][A23,157,0,0][A155,2901,0,0][C,  003249,1,0][A23,157,0,0][A155,2901,0,0][C,  003250,0,0][C,  018107,1,0][A23,157,0,0][A155,2901,0,0][C,  018108,0,0][C,  024686,1,0][A23,157,0,0][A155,2901,0,0][C,  024687,0,0][C,  028938,1,0][A23,157,0,0][A155,2901,0,0][C,  028939,0,0][A23,154,0,0][A155,2908,0,0][C,  018108,0,0][C,  024686,1,0][A23,154,0,0][A155,2908,0,0][A23,157,0,0][A155,2908,0,0][C,  003249,1,0][A23,157,0,0][A155,2908,0,0][C,  003250,0,0][C,  018107,1,0][A23,157,0,0][A155,2908,0,0][C,  018108,0,0][C,  024686,1,0][A23,157,0,0][A155,2908,0,0][C,  024687,0,0][C,  028938,1,0][A23,157,0,0][A155,2908,0,0][C,  028939,0,0][A23,154,0,0][A155,2901,0,0]","[CATEGORY] [A37,615,0,0,1] || [TOP] [A155,2932,0,0][A23,154,0,0] || [TOP] [A155,2932,0,0][A23,157,0,0][C,  003249,1,0] || [TOP] [A155,2932,0,0][A23,157,0,0][C,  003250,0,0][C,  018107,1,0] || [TOP] [A155,2924,0,0][A23,154,0,0][C,  018108,0,0][C,  024686,1,0] || [TOP] [A155,2924,0,0][A23,154,0,0] || [TOP] [A155,2924,0,0][A23,157,0,0][C,  003249,1,0] || [TOP] [A155,2924,0,0][A23,157,0,0][C,  003250,0,0][C,  018107,1,0] || [TOP] [A155,2924,0,0][A23,157,0,0][C,  018108,0,0][C,  024686,1,0] || [TOP] [A155,2924,0,0][A23,157,0,0][C,  024687,0,0][C,  028938,1,0] || [TOP] [A155,2924,0,0][A23,157,0,0][C,  028939,0,0] || [TOP] [A23,154,0,0][A155,2901,0,0] || [TOP] [A23,157,0,0][A155,2901,0,0][C,  003249,1,0] || [TOP] [A23,157,0,0][A155,2901,0,0][C,  003250,0,0][C,  018107,1,0] || [TOP] [A23,157,0,0][A155,2901,0,0][C,  018108,0,0][C,  024686,1,0] || [TOP] [A23,157,0,0][A155,2901,0,0][C,  024687,0,0][C,  028938,1,0] || [TOP] [A23,157,0,0][A155,2901,0,0][C,  028939,0,0] || [TOP] [A23,154,0,0][A155,2908,0,0][C,  018108,0,0][C,  024686,1,0] || [TOP] [A23,154,0,0][A155,2908,0,0] || [TOP] [A23,157,0,0][A155,2908,0,0][C,  003249,1,0] || [TOP] [A23,157,0,0][A155,2908,0,0][C,  003250,0,0][C,  018107,1,0] || [TOP] [A23,157,0,0][A155,2908,0,0][C,  018108,0,0][C,  024686,1,0] || [TOP] [A23,157,0,0][A155,2908,0,0][C,  024687,0,0][C,  028938,1,0] || [TOP] [A23,157,0,0][A155,2908,0,0][C,  028939,0,0] || [APPLICATION] [A23,154,0,0][A155,2901,0,0]","drilldown\pl_id_3187\L0\Itm_M3187_C8450_I2_L0.xml","drilldown\pl_id_3187\Itm_M3187_C8450_I2_attributes.xml","drilldown\pl_id_3187\tl_M3187_C8450_attributes.xml","menus\pl_id_3187_attributes.xml"
"M3187","C8450","I2","GJA9461AEAEK","84455","137252","XK8 Coupe/Convertible up to (V) 042775/INTERIOR TRIM AND LININGS/FLOOR COVERINGS/CARPETS","Carpet","main floor > LH > Sable > RHD > To VIN (003249)","XK8 Coupe Convertible up to (V) 042775 > INTERIOR TRIM AND LININGS > FLOOR COVERINGS > CARPETS > Carpet > main floor > LH > Sable > RHD > To VIN (003249)","[A37,615,0,0,1][A155,2932,0,0][A23,154,0,0][A155,2932,0,0][A23,157,0,0][C,  003249,1,0][A155,2932,0,0][A23,157,0,0][C,  003250,0,0][C,  018107,1,0][A155,2924,0,0][A23,154,0,0][C,  018108,0,0][C,  024686,1,0][A155,2924,0,0][A23,154,0,0][A155,2924,0,0][A23,157,0,0][C,  003249,1,0][A155,2924,0,0][A23,157,0,0][C,  003250,0,0][C,  018107,1,0][A155,2924,0,0][A23,157,0,0][C,  018108,0,0][C,  024686,1,0][A155,2924,0,0][A23,157,0,0][C,  024687,0,0][C,  028938,1,0][A155,2924,0,0][A23,157,0,0][C,  028939,0,0][A23,154,0,0][A155,2901,0,0][A23,157,0,0][A155,2901,0,0][C,  003249,1,0][A23,157,0,0][A155,2901,0,0][C,  003250,0,0][C,  018107,1,0][A23,157,0,0][A155,2901,0,0][C,  018108,0,0][C,  024686,1,0][A23,157,0,0][A155,2901,0,0][C,  024687,0,0][C,  028938,1,0][A23,157,0,0][A155,2901,0,0][C,  028939,0,0][A23,154,0,0][A155,2908,0,0][C,  018108,0,0][C,  024686,1,0][A23,154,0,0][A155,2908,0,0][A23,157,0,0][A155,2908,0,0][C,  003249,1,0][A23,157,0,0][A155,2908,0,0][C,  003250,0,0][C,  018107,1,0][A23,157,0,0][A155,2908,0,0][C,  018108,0,0][C,  024686,1,0][A23,157,0,0][A155,2908,0,0][C,  024687,0,0][C,  028938,1,0][A23,157,0,0][A155,2908,0,0][C,  028939,0,0][A23,157,0,0][A155,2901,0,0][C,  003249,1,0]","[CATEGORY] [A37,615,0,0,1] || [TOP] [A155,2932,0,0][A23,154,0,0] || [TOP] [A155,2932,0,0][A23,157,0,0][C,  003249,1,0] || [TOP] [A155,2932,0,0][A23,157,0,0][C,  003250,0,0][C,  018107,1,0] || [TOP] [A155,2924,0,0][A23,154,0,0][C,  018108,0,0][C,  024686,1,0] || [TOP] [A155,2924,0,0][A23,154,0,0] || [TOP] [A155,2924,0,0][A23,157,0,0][C,  003249,1,0] || [TOP] [A155,2924,0,0][A23,157,0,0][C,  003250,0,0][C,  018107,1,0] || [TOP] [A155,2924,0,0][A23,157,0,0][C,  018108,0,0][C,  024686,1,0] || [TOP] [A155,2924,0,0][A23,157,0,0][C,  024687,0,0][C,  028938,1,0] || [TOP] [A155,2924,0,0][A23,157,0,0][C,  028939,0,0] || [TOP] [A23,154,0,0][A155,2901,0,0] || [TOP] [A23,157,0,0][A155,2901,0,0][C,  003249,1,0] || [TOP] [A23,157,0,0][A155,2901,0,0][C,  003250,0,0][C,  018107,1,0] || [TOP] [A23,157,0,0][A155,2901,0,0][C,  018108,0,0][C,  024686,1,0] || [TOP] [A23,157,0,0][A155,2901,0,0][C,  024687,0,0][C,  028938,1,0] || [TOP] [A23,157,0,0][A155,2901,0,0][C,  028939,0,0] || [TOP] [A23,154,0,0][A155,2908,0,0][C,  018108,0,0][C,  024686,1,0] || [TOP] [A23,154,0,0][A155,2908,0,0] || [TOP] [A23,157,0,0][A155,2908,0,0][C,  003249,1,0] || [TOP] [A23,157,0,0][A155,2908,0,0][C,  003250,0,0][C,  018107,1,0] || [TOP] [A23,157,0,0][A155,2908,0,0][C,  018108,0,0][C,  024686,1,0] || [TOP] [A23,157,0,0][A155,2908,0,0][C,  024687,0,0][C,  028938,1,0] || [TOP] [A23,157,0,0][A155,2908,0,0][C,  028939,0,0] || [APPLICATION] [A23,157,0,0][A155,2901,0,0][C,  003249,1,0]","drilldown\pl_id_3187\L0\Itm_M3187_C8450_I2_L0.xml","drilldown\pl_id_3187\Itm_M3187_C8450_I2_attributes.xml","drilldown\pl_id_3187\tl_M3187_C8450_attributes.xml","menus\pl_id_3187_attributes.xml"
"M3187","C8450","I2","GJA9461AJAEK","86542","142245","XK8 Coupe/Convertible up to (V) 042775/INTERIOR TRIM AND LININGS/FLOOR COVERINGS/CARPETS","Carpet","main floor > LH > Sable > RHD > From VIN (003250) To VIN (018107)","XK8 Coupe Convertible up to (V) 042775 > INTERIOR TRIM AND LININGS > FLOOR COVERINGS > CARPETS > Carpet > main floor > LH > Sable > RHD > From VIN (003250) To VIN (018107)","[A37,615,0,0,1][A155,2932,0,0][A23,154,0,0][A155,2932,0,0][A23,157,0,0][C,  003249,1,0][A155,2932,0,0][A23,157,0,0][C,  003250,0,0][C,  018107,1,0][A155,2924,0,0][A23,154,0,0][C,  018108,0,0][C,  024686,1,0][A155,2924,0,0][A23,154,0,0][A155,2924,0,0][A23,157,0,0][C,  003249,1,0][A155,2924,0,0][A23,157,0,0][C,  003250,0,0][C,  018107,1,0][A155,2924,0,0][A23,157,0,0][C,  018108,0,0][C,  024686,1,0][A155,2924,0,0][A23,157,0,0][C,  024687,0,0][C,  028938,1,0][A155,2924,0,0][A23,157,0,0][C,  028939,0,0][A23,154,0,0][A155,2901,0,0][A23,157,0,0][A155,2901,0,0][C,  003249,1,0][A23,157,0,0][A155,2901,0,0][C,  003250,0,0][C,  018107,1,0][A23,157,0,0][A155,2901,0,0][C,  018108,0,0][C,  024686,1,0][A23,157,0,0][A155,2901,0,0][C,  024687,0,0][C,  028938,1,0][A23,157,0,0][A155,2901,0,0][C,  028939,0,0][A23,154,0,0][A155,2908,0,0][C,  018108,0,0][C,  024686,1,0][A23,154,0,0][A155,2908,0,0][A23,157,0,0][A155,2908,0,0][C,  003249,1,0][A23,157,0,0][A155,2908,0,0][C,  003250,0,0][C,  018107,1,0][A23,157,0,0][A155,2908,0,0][C,  018108,0,0][C,  024686,1,0][A23,157,0,0][A155,2908,0,0][C,  024687,0,0][C,  028938,1,0][A23,157,0,0][A155,2908,0,0][C,  028939,0,0][A23,157,0,0][A155,2901,0,0][C,  003250,0,0][C,  018107,1,0]","[CATEGORY] [A37,615,0,0,1] || [TOP] [A155,2932,0,0][A23,154,0,0] || [TOP] [A155,2932,0,0][A23,157,0,0][C,  003249,1,0] || [TOP] [A155,2932,0,0][A23,157,0,0][C,  003250,0,0][C,  018107,1,0] || [TOP] [A155,2924,0,0][A23,154,0,0][C,  018108,0,0][C,  024686,1,0] || [TOP] [A155,2924,0,0][A23,154,0,0] || [TOP] [A155,2924,0,0][A23,157,0,0][C,  003249,1,0] || [TOP] [A155,2924,0,0][A23,157,0,0][C,  003250,0,0][C,  018107,1,0] || [TOP] [A155,2924,0,0][A23,157,0,0][C,  018108,0,0][C,  024686,1,0] || [TOP] [A155,2924,0,0][A23,157,0,0][C,  024687,0,0][C,  028938,1,0] || [TOP] [A155,2924,0,0][A23,157,0,0][C,  028939,0,0] || [TOP] [A23,154,0,0][A155,2901,0,0] || [TOP] [A23,157,0,0][A155,2901,0,0][C,  003249,1,0] || [TOP] [A23,157,0,0][A155,2901,0,0][C,  003250,0,0][C,  018107,1,0] || [TOP] [A23,157,0,0][A155,2901,0,0][C,  018108,0,0][C,  024686,1,0] || [TOP] [A23,157,0,0][A155,2901,0,0][C,  024687,0,0][C,  028938,1,0] || [TOP] [A23,157,0,0][A155,2901,0,0][C,  028939,0,0] || [TOP] [A23,154,0,0][A155,2908,0,0][C,  018108,0,0][C,  024686,1,0] || [TOP] [A23,154,0,0][A155,2908,0,0] || [TOP] [A23,157,0,0][A155,2908,0,0][C,  003249,1,0] || [TOP] [A23,157,0,0][A155,2908,0,0][C,  003250,0,0][C,  018107,1,0] || [TOP] [A23,157,0,0][A155,2908,0,0][C,  018108,0,0][C,  024686,1,0] || [TOP] [A23,157,0,0][A155,2908,0,0][C,  024687,0,0][C,  028938,1,0] || [TOP] [A23,157,0,0][A155,2908,0,0][C,  028939,0,0] || [APPLICATION] [A23,157,0,0][A155,2901,0,0][C,  003250,0,0][C,  018107,1,0]","drilldown\pl_id_3187\L0\Itm_M3187_C8450_I2_L0.xml","drilldown\pl_id_3187\Itm_M3187_C8450_I2_attributes.xml","drilldown\pl_id_3187\tl_M3187_C8450_attributes.xml","menus\pl_id_3187_attributes.xml"
"M3187","C8450","I2","GJA9461ALAEK","89969","150102","XK8 Coupe/Convertible up to (V) 042775/INTERIOR TRIM AND LININGS/FLOOR COVERINGS/CARPETS","Carpet","main floor > LH > Sable > RHD > From VIN (018108) To VIN (024686)","XK8 Coupe Convertible up to (V) 042775 > INTERIOR TRIM AND LININGS > FLOOR COVERINGS > CARPETS > Carpet > main floor > LH > Sable > RHD > From VIN (018108) To VIN (024686)","[A37,615,0,0,1][A155,2932,0,0][A23,154,0,0][A155,2932,0,0][A23,157,0,0][C,  003249,1,0][A155,2932,0,0][A23,157,0,0][C,  003250,0,0][C,  018107,1,0][A155,2924,0,0][A23,154,0,0][C,  018108,0,0][C,  024686,1,0][A155,2924,0,0][A23,154,0,0][A155,2924,0,0][A23,157,0,0][C,  003249,1,0][A155,2924,0,0][A23,157,0,0][C,  003250,0,0][C,  018107,1,0][A155,2924,0,0][A23,157,0,0][C,  018108,0,0][C,  024686,1,0][A155,2924,0,0][A23,157,0,0][C,  024687,0,0][C,  028938,1,0][A155,2924,0,0][A23,157,0,0][C,  028939,0,0][A23,154,0,0][A155,2901,0,0][A23,157,0,0][A155,2901,0,0][C,  003249,1,0][A23,157,0,0][A155,2901,0,0][C,  003250,0,0][C,  018107,1,0][A23,157,0,0][A155,2901,0,0][C,  018108,0,0][C,  024686,1,0][A23,157,0,0][A155,2901,0,0][C,  024687,0,0][C,  028938,1,0][A23,157,0,0][A155,2901,0,0][C,  028939,0,0][A23,154,0,0][A155,2908,0,0][C,  018108,0,0][C,  024686,1,0][A23,154,0,0][A155,2908,0,0][A23,157,0,0][A155,2908,0,0][C,  003249,1,0][A23,157,0,0][A155,2908,0,0][C,  003250,0,0][C,  018107,1,0][A23,157,0,0][A155,2908,0,0][C,  018108,0,0][C,  024686,1,0][A23,157,0,0][A155,2908,0,0][C,  024687,0,0][C,  028938,1,0][A23,157,0,0][A155,2908,0,0][C,  028939,0,0][A23,157,0,0][A155,2901,0,0][C,  018108,0,0][C,  024686,1,0]","[CATEGORY] [A37,615,0,0,1] || [TOP] [A155,2932,0,0][A23,154,0,0] || [TOP] [A155,2932,0,0][A23,157,0,0][C,  003249,1,0] || [TOP] [A155,2932,0,0][A23,157,0,0][C,  003250,0,0][C,  018107,1,0] || [TOP] [A155,2924,0,0][A23,154,0,0][C,  018108,0,0][C,  024686,1,0] || [TOP] [A155,2924,0,0][A23,154,0,0] || [TOP] [A155,2924,0,0][A23,157,0,0][C,  003249,1,0] || [TOP] [A155,2924,0,0][A23,157,0,0][C,  003250,0,0][C,  018107,1,0] || [TOP] [A155,2924,0,0][A23,157,0,0][C,  018108,0,0][C,  024686,1,0] || [TOP] [A155,2924,0,0][A23,157,0,0][C,  024687,0,0][C,  028938,1,0] || [TOP] [A155,2924,0,0][A23,157,0,0][C,  028939,0,0] || [TOP] [A23,154,0,0][A155,2901,0,0] || [TOP] [A23,157,0,0][A155,2901,0,0][C,  003249,1,0] || [TOP] [A23,157,0,0][A155,2901,0,0][C,  003250,0,0][C,  018107,1,0] || [TOP] [A23,157,0,0][A155,2901,0,0][C,  018108,0,0][C,  024686,1,0] || [TOP] [A23,157,0,0][A155,2901,0,0][C,  024687,0,0][C,  028938,1,0] || [TOP] [A23,157,0,0][A155,2901,0,0][C,  028939,0,0] || [TOP] [A23,154,0,0][A155,2908,0,0][C,  018108,0,0][C,  024686,1,0] || [TOP] [A23,154,0,0][A155,2908,0,0] || [TOP] [A23,157,0,0][A155,2908,0,0][C,  003249,1,0] || [TOP] [A23,157,0,0][A155,2908,0,0][C,  003250,0,0][C,  018107,1,0] || [TOP] [A23,157,0,0][A155,2908,0,0][C,  018108,0,0][C,  024686,1,0] || [TOP] [A23,157,0,0][A155,2908,0,0][C,  024687,0,0][C,  028938,1,0] || [TOP] [A23,157,0,0][A155,2908,0,0][C,  028939,0,0] || [APPLICATION] [A23,157,0,0][A155,2901,0,0][C,  018108,0,0][C,  024686,1,0]","drilldown\pl_id_3187\L0\Itm_M3187_C8450_I2_L0.xml","drilldown\pl_id_3187\Itm_M3187_C8450_I2_attributes.xml","drilldown\pl_id_3187\tl_M3187_C8450_attributes.xml","menus\pl_id_3187_attributes.xml"
"M3187","C8450","I2","GJB9461AAAEK","92089","156415","XK8 Coupe/Convertible up to (V) 042775/INTERIOR TRIM AND LININGS/FLOOR COVERINGS/CARPETS","Carpet","main floor > LH > Sable > RHD > From VIN (024687) To VIN (028938)","XK8 Coupe Convertible up to (V) 042775 > INTERIOR TRIM AND LININGS > FLOOR COVERINGS > CARPETS > Carpet > main floor > LH > Sable > RHD > From VIN (024687) To VIN (028938)","[A37,615,0,0,1][A155,2932,0,0][A23,154,0,0][A155,2932,0,0][A23,157,0,0][C,  003249,1,0][A155,2932,0,0][A23,157,0,0][C,  003250,0,0][C,  018107,1,0][A155,2924,0,0][A23,154,0,0][C,  018108,0,0][C,  024686,1,0][A155,2924,0,0][A23,154,0,0][A155,2924,0,0][A23,157,0,0][C,  003249,1,0][A155,2924,0,0][A23,157,0,0][C,  003250,0,0][C,  018107,1,0][A155,2924,0,0][A23,157,0,0][C,  018108,0,0][C,  024686,1,0][A155,2924,0,0][A23,157,0,0][C,  024687,0,0][C,  028938,1,0][A155,2924,0,0][A23,157,0,0][C,  028939,0,0][A23,154,0,0][A155,2901,0,0][A23,157,0,0][A155,2901,0,0][C,  003249,1,0][A23,157,0,0][A155,2901,0,0][C,  003250,0,0][C,  018107,1,0][A23,157,0,0][A155,2901,0,0][C,  018108,0,0][C,  024686,1,0][A23,157,0,0][A155,2901,0,0][C,  024687,0,0][C,  028938,1,0][A23,157,0,0][A155,2901,0,0][C,  028939,0,0][A23,154,0,0][A155,2908,0,0][C,  018108,0,0][C,  024686,1,0][A23,154,0,0][A155,2908,0,0][A23,157,0,0][A155,2908,0,0][C,  003249,1,0][A23,157,0,0][A155,2908,0,0][C,  003250,0,0][C,  018107,1,0][A23,157,0,0][A155,2908,0,0][C,  018108,0,0][C,  024686,1,0][A23,157,0,0][A155,2908,0,0][C,  024687,0,0][C,  028938,1,0][A23,157,0,0][A155,2908,0,0][C,  028939,0,0][A23,157,0,0][A155,2901,0,0][C,  024687,0,0][C,  028938,1,0]","[CATEGORY] [A37,615,0,0,1] || [TOP] [A155,2932,0,0][A23,154,0,0] || [TOP] [A155,2932,0,0][A23,157,0,0][C,  003249,1,0] || [TOP] [A155,2932,0,0][A23,157,0,0][C,  003250,0,0][C,  018107,1,0] || [TOP] [A155,2924,0,0][A23,154,0,0][C,  018108,0,0][C,  024686,1,0] || [TOP] [A155,2924,0,0][A23,154,0,0] || [TOP] [A155,2924,0,0][A23,157,0,0][C,  003249,1,0] || [TOP] [A155,2924,0,0][A23,157,0,0][C,  003250,0,0][C,  018107,1,0] || [TOP] [A155,2924,0,0][A23,157,0,0][C,  018108,0,0][C,  024686,1,0] || [TOP] [A155,2924,0,0][A23,157,0,0][C,  024687,0,0][C,  028938,1,0] || [TOP] [A155,2924,0,0][A23,157,0,0][C,  028939,0,0] || [TOP] [A23,154,0,0][A155,2901,0,0] || [TOP] [A23,157,0,0][A155,2901,0,0][C,  003249,1,0] || [TOP] [A23,157,0,0][A155,2901,0,0][C,  003250,0,0][C,  018107,1,0] || [TOP] [A23,157,0,0][A155,2901,0,0][C,  018108,0,0][C,  024686,1,0] || [TOP] [A23,157,0,0][A155,2901,0,0][C,  024687,0,0][C,  028938,1,0] || [TOP] [A23,157,0,0][A155,2901,0,0][C,  028939,0,0] || [TOP] [A23,154,0,0][A155,2908,0,0][C,  018108,0,0][C,  024686,1,0] || [TOP] [A23,154,0,0][A155,2908,0,0] || [TOP] [A23,157,0,0][A155,2908,0,0][C,  003249,1,0] || [TOP] [A23,157,0,0][A155,2908,0,0][C,  003250,0,0][C,  018107,1,0] || [TOP] [A23,157,0,0][A155,2908,0,0][C,  018108,0,0][C,  024686,1,0] || [TOP] [A23,157,0,0][A155,2908,0,0][C,  024687,0,0][C,  028938,1,0] || [TOP] [A23,157,0,0][A155,2908,0,0][C,  028939,0,0] || [APPLICATION] [A23,157,0,0][A155,2901,0,0][C,  024687,0,0][C,  028938,1,0]","drilldown\pl_id_3187\L0\Itm_M3187_C8450_I2_L0.xml","drilldown\pl_id_3187\Itm_M3187_C8450_I2_attributes.xml","drilldown\pl_id_3187\tl_M3187_C8450_attributes.xml","menus\pl_id_3187_attributes.xml"
"M3187","C8450","I2","GJB9461ABAEK","92544","158196","XK8 Coupe/Convertible up to (V) 042775/INTERIOR TRIM AND LININGS/FLOOR COVERINGS/CARPETS","Carpet","main floor > LH > Sable > RHD > From VIN (028939)","XK8 Coupe Convertible up to (V) 042775 > INTERIOR TRIM AND LININGS > FLOOR COVERINGS > CARPETS > Carpet > main floor > LH > Sable > RHD > From VIN (028939)","[A37,615,0,0,1][A155,2932,0,0][A23,154,0,0][A155,2932,0,0][A23,157,0,0][C,  003249,1,0][A155,2932,0,0][A23,157,0,0][C,  003250,0,0][C,  018107,1,0][A155,2924,0,0][A23,154,0,0][C,  018108,0,0][C,  024686,1,0][A155,2924,0,0][A23,154,0,0][A155,2924,0,0][A23,157,0,0][C,  003249,1,0][A155,2924,0,0][A23,157,0,0][C,  003250,0,0][C,  018107,1,0][A155,2924,0,0][A23,157,0,0][C,  018108,0,0][C,  024686,1,0][A155,2924,0,0][A23,157,0,0][C,  024687,0,0][C,  028938,1,0][A155,2924,0,0][A23,157,0,0][C,  028939,0,0][A23,154,0,0][A155,2901,0,0][A23,157,0,0][A155,2901,0,0][C,  003249,1,0][A23,157,0,0][A155,2901,0,0][C,  003250,0,0][C,  018107,1,0][A23,157,0,0][A155,2901,0,0][C,  018108,0,0][C,  024686,1,0][A23,157,0,0][A155,2901,0,0][C,  024687,0,0][C,  028938,1,0][A23,157,0,0][A155,2901,0,0][C,  028939,0,0][A23,154,0,0][A155,2908,0,0][C,  018108,0,0][C,  024686,1,0][A23,154,0,0][A155,2908,0,0][A23,157,0,0][A155,2908,0,0][C,  003249,1,0][A23,157,0,0][A155,2908,0,0][C,  003250,0,0][C,  018107,1,0][A23,157,0,0][A155,2908,0,0][C,  018108,0,0][C,  024686,1,0][A23,157,0,0][A155,2908,0,0][C,  024687,0,0][C,  028938,1,0][A23,157,0,0][A155,2908,0,0][C,  028939,0,0][A23,157,0,0][A155,2901,0,0][C,  028939,0,0]","[CATEGORY] [A37,615,0,0,1] || [TOP] [A155,2932,0,0][A23,154,0,0] || [TOP] [A155,2932,0,0][A23,157,0,0][C,  003249,1,0] || [TOP] [A155,2932,0,0][A23,157,0,0][C,  003250,0,0][C,  018107,1,0] || [TOP] [A155,2924,0,0][A23,154,0,0][C,  018108,0,0][C,  024686,1,0] || [TOP] [A155,2924,0,0][A23,154,0,0] || [TOP] [A155,2924,0,0][A23,157,0,0][C,  003249,1,0] || [TOP] [A155,2924,0,0][A23,157,0,0][C,  003250,0,0][C,  018107,1,0] || [TOP] [A155,2924,0,0][A23,157,0,0][C,  018108,0,0][C,  024686,1,0] || [TOP] [A155,2924,0,0][A23,157,0,0][C,  024687,0,0][C,  028938,1,0] || [TOP] [A155,2924,0,0][A23,157,0,0][C,  028939,0,0] || [TOP] [A23,154,0,0][A155,2901,0,0] || [TOP] [A23,157,0,0][A155,2901,0,0][C,  003249,1,0] || [TOP] [A23,157,0,0][A155,2901,0,0][C,  003250,0,0][C,  018107,1,0] || [TOP] [A23,157,0,0][A155,2901,0,0][C,  018108,0,0][C,  024686,1,0] || [TOP] [A23,157,0,0][A155,2901,0,0][C,  024687,0,0][C,  028938,1,0] || [TOP] [A23,157,0,0][A155,2901,0,0][C,  028939,0,0] || [TOP] [A23,154,0,0][A155,2908,0,0][C,  018108,0,0][C,  024686,1,0] || [TOP] [A23,154,0,0][A155,2908,0,0] || [TOP] [A23,157,0,0][A155,2908,0,0][C,  003249,1,0] || [TOP] [A23,157,0,0][A155,2908,0,0][C,  003250,0,0][C,  018107,1,0] || [TOP] [A23,157,0,0][A155,2908,0,0][C,  018108,0,0][C,  024686,1,0] || [TOP] [A23,157,0,0][A155,2908,0,0][C,  024687,0,0][C,  028938,1,0] || [TOP] [A23,157,0,0][A155,2908,0,0][C,  028939,0,0] || [APPLICATION] [A23,157,0,0][A155,2901,0,0][C,  028939,0,0]","drilldown\pl_id_3187\L0\Itm_M3187_C8450_I2_L0.xml","drilldown\pl_id_3187\Itm_M3187_C8450_I2_attributes.xml","drilldown\pl_id_3187\tl_M3187_C8450_attributes.xml","menus\pl_id_3187_attributes.xml"
"M3187","C8450","I2","GJA9461BLHDX","89978","150137","XK8 Coupe/Convertible up to (V) 042775/INTERIOR TRIM AND LININGS/FLOOR COVERINGS/CARPETS","Carpet","main floor > LH > Teal > LHD > From VIN (018108) To VIN (024686)","XK8 Coupe Convertible up to (V) 042775 > INTERIOR TRIM AND LININGS > FLOOR COVERINGS > CARPETS > Carpet > main floor > LH > Teal > LHD > From VIN (018108) To VIN (024686)","[A37,615,0,0,1][A155,2932,0,0][A23,154,0,0][A155,2932,0,0][A23,157,0,0][C,  003249,1,0][A155,2932,0,0][A23,157,0,0][C,  003250,0,0][C,  018107,1,0][A155,2924,0,0][A23,154,0,0][C,  018108,0,0][C,  024686,1,0][A155,2924,0,0][A23,154,0,0][A155,2924,0,0][A23,157,0,0][C,  003249,1,0][A155,2924,0,0][A23,157,0,0][C,  003250,0,0][C,  018107,1,0][A155,2924,0,0][A23,157,0,0][C,  018108,0,0][C,  024686,1,0][A155,2924,0,0][A23,157,0,0][C,  024687,0,0][C,  028938,1,0][A155,2924,0,0][A23,157,0,0][C,  028939,0,0][A23,154,0,0][A155,2901,0,0][A23,157,0,0][A155,2901,0,0][C,  003249,1,0][A23,157,0,0][A155,2901,0,0][C,  003250,0,0][C,  018107,1,0][A23,157,0,0][A155,2901,0,0][C,  018108,0,0][C,  024686,1,0][A23,157,0,0][A155,2901,0,0][C,  024687,0,0][C,  028938,1,0][A23,157,0,0][A155,2901,0,0][C,  028939,0,0][A23,154,0,0][A155,2908,0,0][C,  018108,0,0][C,  024686,1,0][A23,154,0,0][A155,2908,0,0][A23,157,0,0][A155,2908,0,0][C,  003249,1,0][A23,157,0,0][A155,2908,0,0][C,  003250,0,0][C,  018107,1,0][A23,157,0,0][A155,2908,0,0][C,  018108,0,0][C,  024686,1,0][A23,157,0,0][A155,2908,0,0][C,  024687,0,0][C,  028938,1,0][A23,157,0,0][A155,2908,0,0][C,  028939,0,0][A23,154,0,0][A155,2908,0,0][C,  018108,0,0][C,  024686,1,0]","[CATEGORY] [A37,615,0,0,1] || [TOP] [A155,2932,0,0][A23,154,0,0] || [TOP] [A155,2932,0,0][A23,157,0,0][C,  003249,1,0] || [TOP] [A155,2932,0,0][A23,157,0,0][C,  003250,0,0][C,  018107,1,0] || [TOP] [A155,2924,0,0][A23,154,0,0][C,  018108,0,0][C,  024686,1,0] || [TOP] [A155,2924,0,0][A23,154,0,0] || [TOP] [A155,2924,0,0][A23,157,0,0][C,  003249,1,0] || [TOP] [A155,2924,0,0][A23,157,0,0][C,  003250,0,0][C,  018107,1,0] || [TOP] [A155,2924,0,0][A23,157,0,0][C,  018108,0,0][C,  024686,1,0] || [TOP] [A155,2924,0,0][A23,157,0,0][C,  024687,0,0][C,  028938,1,0] || [TOP] [A155,2924,0,0][A23,157,0,0][C,  028939,0,0] || [TOP] [A23,154,0,0][A155,2901,0,0] || [TOP] [A23,157,0,0][A155,2901,0,0][C,  003249,1,0] || [TOP] [A23,157,0,0][A155,2901,0,0][C,  003250,0,0][C,  018107,1,0] || [TOP] [A23,157,0,0][A155,2901,0,0][C,  018108,0,0][C,  024686,1,0] || [TOP] [A23,157,0,0][A155,2901,0,0][C,  024687,0,0][C,  028938,1,0] || [TOP] [A23,157,0,0][A155,2901,0,0][C,  028939,0,0] || [TOP] [A23,154,0,0][A155,2908,0,0][C,  018108,0,0][C,  024686,1,0] || [TOP] [A23,154,0,0][A155,2908,0,0] || [TOP] [A23,157,0,0][A155,2908,0,0][C,  003249,1,0] || [TOP] [A23,157,0,0][A155,2908,0,0][C,  003250,0,0][C,  018107,1,0] || [TOP] [A23,157,0,0][A155,2908,0,0][C,  018108,0,0][C,  024686,1,0] || [TOP] [A23,157,0,0][A155,2908,0,0][C,  024687,0,0][C,  028938,1,0] || [TOP] [A23,157,0,0][A155,2908,0,0][C,  028939,0,0] || [APPLICATION] [A23,154,0,0][A155,2908,0,0][C,  018108,0,0][C,  024686,1,0]","drilldown\pl_id_3187\L0\Itm_M3187_C8450_I2_L0.xml","drilldown\pl_id_3187\Itm_M3187_C8450_I2_attributes.xml","drilldown\pl_id_3187\tl_M3187_C8450_attributes.xml","menus\pl_id_3187_attributes.xml"
"M3187","C8450","I2","GJA9461BHHDX","85466","139774","XK8 Coupe/Convertible up to (V) 042775/INTERIOR TRIM AND LININGS/FLOOR COVERINGS/CARPETS","Carpet","main floor > LH > Teal > LHD > Other Option","XK8 Coupe Convertible up to (V) 042775 > INTERIOR TRIM AND LININGS > FLOOR COVERINGS > CARPETS > Carpet > main floor > LH > Teal > LHD > Other Option","[A37,615,0,0,1][A155,2932,0,0][A23,154,0,0][A155,2932,0,0][A23,157,0,0][C,  003249,1,0][A155,2932,0,0][A23,157,0,0][C,  003250,0,0][C,  018107,1,0][A155,2924,0,0][A23,154,0,0][C,  018108,0,0][C,  024686,1,0][A155,2924,0,0][A23,154,0,0][A155,2924,0,0][A23,157,0,0][C,  003249,1,0][A155,2924,0,0][A23,157,0,0][C,  003250,0,0][C,  018107,1,0][A155,2924,0,0][A23,157,0,0][C,  018108,0,0][C,  024686,1,0][A155,2924,0,0][A23,157,0,0][C,  024687,0,0][C,  028938,1,0][A155,2924,0,0][A23,157,0,0][C,  028939,0,0][A23,154,0,0][A155,2901,0,0][A23,157,0,0][A155,2901,0,0][C,  003249,1,0][A23,157,0,0][A155,2901,0,0][C,  003250,0,0][C,  018107,1,0][A23,157,0,0][A155,2901,0,0][C,  018108,0,0][C,  024686,1,0][A23,157,0,0][A155,2901,0,0][C,  024687,0,0][C,  028938,1,0][A23,157,0,0][A155,2901,0,0][C,  028939,0,0][A23,154,0,0][A155,2908,0,0][C,  018108,0,0][C,  024686,1,0][A23,154,0,0][A155,2908,0,0][A23,157,0,0][A155,2908,0,0][C,  003249,1,0][A23,157,0,0][A155,2908,0,0][C,  003250,0,0][C,  018107,1,0][A23,157,0,0][A155,2908,0,0][C,  018108,0,0][C,  024686,1,0][A23,157,0,0][A155,2908,0,0][C,  024687,0,0][C,  028938,1,0][A23,157,0,0][A155,2908,0,0][C,  028939,0,0][A23,154,0,0][A155,2908,0,0]","[CATEGORY] [A37,615,0,0,1] || [TOP] [A155,2932,0,0][A23,154,0,0] || [TOP] [A155,2932,0,0][A23,157,0,0][C,  003249,1,0] || [TOP] [A155,2932,0,0][A23,157,0,0][C,  003250,0,0][C,  018107,1,0] || [TOP] [A155,2924,0,0][A23,154,0,0][C,  018108,0,0][C,  024686,1,0] || [TOP] [A155,2924,0,0][A23,154,0,0] || [TOP] [A155,2924,0,0][A23,157,0,0][C,  003249,1,0] || [TOP] [A155,2924,0,0][A23,157,0,0][C,  003250,0,0][C,  018107,1,0] || [TOP] [A155,2924,0,0][A23,157,0,0][C,  018108,0,0][C,  024686,1,0] || [TOP] [A155,2924,0,0][A23,157,0,0][C,  024687,0,0][C,  028938,1,0] || [TOP] [A155,2924,0,0][A23,157,0,0][C,  028939,0,0] || [TOP] [A23,154,0,0][A155,2901,0,0] || [TOP] [A23,157,0,0][A155,2901,0,0][C,  003249,1,0] || [TOP] [A23,157,0,0][A155,2901,0,0][C,  003250,0,0][C,  018107,1,0] || [TOP] [A23,157,0,0][A155,2901,0,0][C,  018108,0,0][C,  024686,1,0] || [TOP] [A23,157,0,0][A155,2901,0,0][C,  024687,0,0][C,  028938,1,0] || [TOP] [A23,157,0,0][A155,2901,0,0][C,  028939,0,0] || [TOP] [A23,154,0,0][A155,2908,0,0][C,  018108,0,0][C,  024686,1,0] || [TOP] [A23,154,0,0][A155,2908,0,0] || [TOP] [A23,157,0,0][A155,2908,0,0][C,  003249,1,0] || [TOP] [A23,157,0,0][A155,2908,0,0][C,  003250,0,0][C,  018107,1,0] || [TOP] [A23,157,0,0][A155,2908,0,0][C,  018108,0,0][C,  024686,1,0] || [TOP] [A23,157,0,0][A155,2908,0,0][C,  024687,0,0][C,  028938,1,0] || [TOP] [A23,157,0,0][A155,2908,0,0][C,  028939,0,0] || [APPLICATION] [A23,154,0,0][A155,2908,0,0]","drilldown\pl_id_3187\L0\Itm_M3187_C8450_I2_L0.xml","drilldown\pl_id_3187\Itm_M3187_C8450_I2_attributes.xml","drilldown\pl_id_3187\tl_M3187_C8450_attributes.xml","menus\pl_id_3187_attributes.xml"
"M3187","C8450","I2","GJB9461BBHDX","92589","158296","XK8 Coupe/Convertible up to (V) 042775/INTERIOR TRIM AND LININGS/FLOOR COVERINGS/CARPETS","Carpet","main floor > LH > Teal > LHD > Other Option","XK8 Coupe Convertible up to (V) 042775 > INTERIOR TRIM AND LININGS > FLOOR COVERINGS > CARPETS > Carpet > main floor > LH > Teal > LHD > Other Option","[A37,615,0,0,1][A155,2932,0,0][A23,154,0,0][A155,2932,0,0][A23,157,0,0][C,  003249,1,0][A155,2932,0,0][A23,157,0,0][C,  003250,0,0][C,  018107,1,0][A155,2924,0,0][A23,154,0,0][C,  018108,0,0][C,  024686,1,0][A155,2924,0,0][A23,154,0,0][A155,2924,0,0][A23,157,0,0][C,  003249,1,0][A155,2924,0,0][A23,157,0,0][C,  003250,0,0][C,  018107,1,0][A155,2924,0,0][A23,157,0,0][C,  018108,0,0][C,  024686,1,0][A155,2924,0,0][A23,157,0,0][C,  024687,0,0][C,  028938,1,0][A155,2924,0,0][A23,157,0,0][C,  028939,0,0][A23,154,0,0][A155,2901,0,0][A23,157,0,0][A155,2901,0,0][C,  003249,1,0][A23,157,0,0][A155,2901,0,0][C,  003250,0,0][C,  018107,1,0][A23,157,0,0][A155,2901,0,0][C,  018108,0,0][C,  024686,1,0][A23,157,0,0][A155,2901,0,0][C,  024687,0,0][C,  028938,1,0][A23,157,0,0][A155,2901,0,0][C,  028939,0,0][A23,154,0,0][A155,2908,0,0][C,  018108,0,0][C,  024686,1,0][A23,154,0,0][A155,2908,0,0][A23,157,0,0][A155,2908,0,0][C,  003249,1,0][A23,157,0,0][A155,2908,0,0][C,  003250,0,0][C,  018107,1,0][A23,157,0,0][A155,2908,0,0][C,  018108,0,0][C,  024686,1,0][A23,157,0,0][A155,2908,0,0][C,  024687,0,0][C,  028938,1,0][A23,157,0,0][A155,2908,0,0][C,  028939,0,0][A23,154,0,0][A155,2908,0,0]","[CATEGORY] [A37,615,0,0,1] || [TOP] [A155,2932,0,0][A23,154,0,0] || [TOP] [A155,2932,0,0][A23,157,0,0][C,  003249,1,0] || [TOP] [A155,2932,0,0][A23,157,0,0][C,  003250,0,0][C,  018107,1,0] || [TOP] [A155,2924,0,0][A23,154,0,0][C,  018108,0,0][C,  024686,1,0] || [TOP] [A155,2924,0,0][A23,154,0,0] || [TOP] [A155,2924,0,0][A23,157,0,0][C,  003249,1,0] || [TOP] [A155,2924,0,0][A23,157,0,0][C,  003250,0,0][C,  018107,1,0] || [TOP] [A155,2924,0,0][A23,157,0,0][C,  018108,0,0][C,  024686,1,0] || [TOP] [A155,2924,0,0][A23,157,0,0][C,  024687,0,0][C,  028938,1,0] || [TOP] [A155,2924,0,0][A23,157,0,0][C,  028939,0,0] || [TOP] [A23,154,0,0][A155,2901,0,0] || [TOP] [A23,157,0,0][A155,2901,0,0][C,  003249,1,0] || [TOP] [A23,157,0,0][A155,2901,0,0][C,  003250,0,0][C,  018107,1,0] || [TOP] [A23,157,0,0][A155,2901,0,0][C,  018108,0,0][C,  024686,1,0] || [TOP] [A23,157,0,0][A155,2901,0,0][C,  024687,0,0][C,  028938,1,0] || [TOP] [A23,157,0,0][A155,2901,0,0][C,  028939,0,0] || [TOP] [A23,154,0,0][A155,2908,0,0][C,  018108,0,0][C,  024686,1,0] || [TOP] [A23,154,0,0][A155,2908,0,0] || [TOP] [A23,157,0,0][A155,2908,0,0][C,  003249,1,0] || [TOP] [A23,157,0,0][A155,2908,0,0][C,  003250,0,0][C,  018107,1,0] || [TOP] [A23,157,0,0][A155,2908,0,0][C,  018108,0,0][C,  024686,1,0] || [TOP] [A23,157,0,0][A155,2908,0,0][C,  024687,0,0][C,  028938,1,0] || [TOP] [A23,157,0,0][A155,2908,0,0][C,  028939,0,0] || [APPLICATION] [A23,154,0,0][A155,2908,0,0]","drilldown\pl_id_3187\L0\Itm_M3187_C8450_I2_L0.xml","drilldown\pl_id_3187\Itm_M3187_C8450_I2_attributes.xml","drilldown\pl_id_3187\tl_M3187_C8450_attributes.xml","menus\pl_id_3187_attributes.xml"
"M3187","C8450","I2","GJB9461BAHDX","92090","156417","XK8 Coupe/Convertible up to (V) 042775/INTERIOR TRIM AND LININGS/FLOOR COVERINGS/CARPETS","Carpet","main floor > LH > Teal > LHD > Other Option","XK8 Coupe Convertible up to (V) 042775 > INTERIOR TRIM AND LININGS > FLOOR COVERINGS > CARPETS > Carpet > main floor > LH > Teal > LHD > Other Option","[A37,615,0,0,1][A155,2932,0,0][A23,154,0,0][A155,2932,0,0][A23,157,0,0][C,  003249,1,0][A155,2932,0,0][A23,157,0,0][C,  003250,0,0][C,  018107,1,0][A155,2924,0,0][A23,154,0,0][C,  018108,0,0][C,  024686,1,0][A155,2924,0,0][A23,154,0,0][A155,2924,0,0][A23,157,0,0][C,  003249,1,0][A155,2924,0,0][A23,157,0,0][C,  003250,0,0][C,  018107,1,0][A155,2924,0,0][A23,157,0,0][C,  018108,0,0][C,  024686,1,0][A155,2924,0,0][A23,157,0,0][C,  024687,0,0][C,  028938,1,0][A155,2924,0,0][A23,157,0,0][C,  028939,0,0][A23,154,0,0][A155,2901,0,0][A23,157,0,0][A155,2901,0,0][C,  003249,1,0][A23,157,0,0][A155,2901,0,0][C,  003250,0,0][C,  018107,1,0][A23,157,0,0][A155,2901,0,0][C,  018108,0,0][C,  024686,1,0][A23,157,0,0][A155,2901,0,0][C,  024687,0,0][C,  028938,1,0][A23,157,0,0][A155,2901,0,0][C,  028939,0,0][A23,154,0,0][A155,2908,0,0][C,  018108,0,0][C,  024686,1,0][A23,154,0,0][A155,2908,0,0][A23,157,0,0][A155,2908,0,0][C,  003249,1,0][A23,157,0,0][A155,2908,0,0][C,  003250,0,0][C,  018107,1,0][A23,157,0,0][A155,2908,0,0][C,  018108,0,0][C,  024686,1,0][A23,157,0,0][A155,2908,0,0][C,  024687,0,0][C,  028938,1,0][A23,157,0,0][A155,2908,0,0][C,  028939,0,0][A23,154,0,0][A155,2908,0,0]","[CATEGORY] [A37,615,0,0,1] || [TOP] [A155,2932,0,0][A23,154,0,0] || [TOP] [A155,2932,0,0][A23,157,0,0][C,  003249,1,0] || [TOP] [A155,2932,0,0][A23,157,0,0][C,  003250,0,0][C,  018107,1,0] || [TOP] [A155,2924,0,0][A23,154,0,0][C,  018108,0,0][C,  024686,1,0] || [TOP] [A155,2924,0,0][A23,154,0,0] || [TOP] [A155,2924,0,0][A23,157,0,0][C,  003249,1,0] || [TOP] [A155,2924,0,0][A23,157,0,0][C,  003250,0,0][C,  018107,1,0] || [TOP] [A155,2924,0,0][A23,157,0,0][C,  018108,0,0][C,  024686,1,0] || [TOP] [A155,2924,0,0][A23,157,0,0][C,  024687,0,0][C,  028938,1,0] || [TOP] [A155,2924,0,0][A23,157,0,0][C,  028939,0,0] || [TOP] [A23,154,0,0][A155,2901,0,0] || [TOP] [A23,157,0,0][A155,2901,0,0][C,  003249,1,0] || [TOP] [A23,157,0,0][A155,2901,0,0][C,  003250,0,0][C,  018107,1,0] || [TOP] [A23,157,0,0][A155,2901,0,0][C,  018108,0,0][C,  024686,1,0] || [TOP] [A23,157,0,0][A155,2901,0,0][C,  024687,0,0][C,  028938,1,0] || [TOP] [A23,157,0,0][A155,2901,0,0][C,  028939,0,0] || [TOP] [A23,154,0,0][A155,2908,0,0][C,  018108,0,0][C,  024686,1,0] || [TOP] [A23,154,0,0][A155,2908,0,0] || [TOP] [A23,157,0,0][A155,2908,0,0][C,  003249,1,0] || [TOP] [A23,157,0,0][A155,2908,0,0][C,  003250,0,0][C,  018107,1,0] || [TOP] [A23,157,0,0][A155,2908,0,0][C,  018108,0,0][C,  024686,1,0] || [TOP] [A23,157,0,0][A155,2908,0,0][C,  024687,0,0][C,  028938,1,0] || [TOP] [A23,157,0,0][A155,2908,0,0][C,  028939,0,0] || [APPLICATION] [A23,154,0,0][A155,2908,0,0]","drilldown\pl_id_3187\L0\Itm_M3187_C8450_I2_L0.xml","drilldown\pl_id_3187\Itm_M3187_C8450_I2_attributes.xml","drilldown\pl_id_3187\tl_M3187_C8450_attributes.xml","menus\pl_id_3187_attributes.xml"
"M3187","C8450","I2","GJA9461BJHDX","86543","142247","XK8 Coupe/Convertible up to (V) 042775/INTERIOR TRIM AND LININGS/FLOOR COVERINGS/CARPETS","Carpet","main floor > LH > Teal > LHD > Other Option","XK8 Coupe Convertible up to (V) 042775 > INTERIOR TRIM AND LININGS > FLOOR COVERINGS > CARPETS > Carpet > main floor > LH > Teal > LHD > Other Option","[A37,615,0,0,1][A155,2932,0,0][A23,154,0,0][A155,2932,0,0][A23,157,0,0][C,  003249,1,0][A155,2932,0,0][A23,157,0,0][C,  003250,0,0][C,  018107,1,0][A155,2924,0,0][A23,154,0,0][C,  018108,0,0][C,  024686,1,0][A155,2924,0,0][A23,154,0,0][A155,2924,0,0][A23,157,0,0][C,  003249,1,0][A155,2924,0,0][A23,157,0,0][C,  003250,0,0][C,  018107,1,0][A155,2924,0,0][A23,157,0,0][C,  018108,0,0][C,  024686,1,0][A155,2924,0,0][A23,157,0,0][C,  024687,0,0][C,  028938,1,0][A155,2924,0,0][A23,157,0,0][C,  028939,0,0][A23,154,0,0][A155,2901,0,0][A23,157,0,0][A155,2901,0,0][C,  003249,1,0][A23,157,0,0][A155,2901,0,0][C,  003250,0,0][C,  018107,1,0][A23,157,0,0][A155,2901,0,0][C,  018108,0,0][C,  024686,1,0][A23,157,0,0][A155,2901,0,0][C,  024687,0,0][C,  028938,1,0][A23,157,0,0][A155,2901,0,0][C,  028939,0,0][A23,154,0,0][A155,2908,0,0][C,  018108,0,0][C,  024686,1,0][A23,154,0,0][A155,2908,0,0][A23,157,0,0][A155,2908,0,0][C,  003249,1,0][A23,157,0,0][A155,2908,0,0][C,  003250,0,0][C,  018107,1,0][A23,157,0,0][A155,2908,0,0][C,  018108,0,0][C,  024686,1,0][A23,157,0,0][A155,2908,0,0][C,  024687,0,0][C,  028938,1,0][A23,157,0,0][A155,2908,0,0][C,  028939,0,0][A23,154,0,0][A155,2908,0,0]","[CATEGORY] [A37,615,0,0,1] || [TOP] [A155,2932,0,0][A23,154,0,0] || [TOP] [A155,2932,0,0][A23,157,0,0][C,  003249,1,0] || [TOP] [A155,2932,0,0][A23,157,0,0][C,  003250,0,0][C,  018107,1,0] || [TOP] [A155,2924,0,0][A23,154,0,0][C,  018108,0,0][C,  024686,1,0] || [TOP] [A155,2924,0,0][A23,154,0,0] || [TOP] [A155,2924,0,0][A23,157,0,0][C,  003249,1,0] || [TOP] [A155,2924,0,0][A23,157,0,0][C,  003250,0,0][C,  018107,1,0] || [TOP] [A155,2924,0,0][A23,157,0,0][C,  018108,0,0][C,  024686,1,0] || [TOP] [A155,2924,0,0][A23,157,0,0][C,  024687,0,0][C,  028938,1,0] || [TOP] [A155,2924,0,0][A23,157,0,0][C,  028939,0,0] || [TOP] [A23,154,0,0][A155,2901,0,0] || [TOP] [A23,157,0,0][A155,2901,0,0][C,  003249,1,0] || [TOP] [A23,157,0,0][A155,2901,0,0][C,  003250,0,0][C,  018107,1,0] || [TOP] [A23,157,0,0][A155,2901,0,0][C,  018108,0,0][C,  024686,1,0] || [TOP] [A23,157,0,0][A155,2901,0,0][C,  024687,0,0][C,  028938,1,0] || [TOP] [A23,157,0,0][A155,2901,0,0][C,  028939,0,0] || [TOP] [A23,154,0,0][A155,2908,0,0][C,  018108,0,0][C,  024686,1,0] || [TOP] [A23,154,0,0][A155,2908,0,0] || [TOP] [A23,157,0,0][A155,2908,0,0][C,  003249,1,0] || [TOP] [A23,157,0,0][A155,2908,0,0][C,  003250,0,0][C,  018107,1,0] || [TOP] [A23,157,0,0][A155,2908,0,0][C,  018108,0,0][C,  024686,1,0] || [TOP] [A23,157,0,0][A155,2908,0,0][C,  024687,0,0][C,  028938,1,0] || [TOP] [A23,157,0,0][A155,2908,0,0][C,  028939,0,0] || [APPLICATION] [A23,154,0,0][A155,2908,0,0]","drilldown\pl_id_3187\L0\Itm_M3187_C8450_I2_L0.xml","drilldown\pl_id_3187\Itm_M3187_C8450_I2_attributes.xml","drilldown\pl_id_3187\tl_M3187_C8450_attributes.xml","menus\pl_id_3187_attributes.xml"
"M3187","C8450","I2","GJA9461AEHDX","84452","137246","XK8 Coupe/Convertible up to (V) 042775/INTERIOR TRIM AND LININGS/FLOOR COVERINGS/CARPETS","Carpet","main floor > LH > Teal > RHD > To VIN (003249)","XK8 Coupe Convertible up to (V) 042775 > INTERIOR TRIM AND LININGS > FLOOR COVERINGS > CARPETS > Carpet > main floor > LH > Teal > RHD > To VIN (003249)","[A37,615,0,0,1][A155,2932,0,0][A23,154,0,0][A155,2932,0,0][A23,157,0,0][C,  003249,1,0][A155,2932,0,0][A23,157,0,0][C,  003250,0,0][C,  018107,1,0][A155,2924,0,0][A23,154,0,0][C,  018108,0,0][C,  024686,1,0][A155,2924,0,0][A23,154,0,0][A155,2924,0,0][A23,157,0,0][C,  003249,1,0][A155,2924,0,0][A23,157,0,0][C,  003250,0,0][C,  018107,1,0][A155,2924,0,0][A23,157,0,0][C,  018108,0,0][C,  024686,1,0][A155,2924,0,0][A23,157,0,0][C,  024687,0,0][C,  028938,1,0][A155,2924,0,0][A23,157,0,0][C,  028939,0,0][A23,154,0,0][A155,2901,0,0][A23,157,0,0][A155,2901,0,0][C,  003249,1,0][A23,157,0,0][A155,2901,0,0][C,  003250,0,0][C,  018107,1,0][A23,157,0,0][A155,2901,0,0][C,  018108,0,0][C,  024686,1,0][A23,157,0,0][A155,2901,0,0][C,  024687,0,0][C,  028938,1,0][A23,157,0,0][A155,2901,0,0][C,  028939,0,0][A23,154,0,0][A155,2908,0,0][C,  018108,0,0][C,  024686,1,0][A23,154,0,0][A155,2908,0,0][A23,157,0,0][A155,2908,0,0][C,  003249,1,0][A23,157,0,0][A155,2908,0,0][C,  003250,0,0][C,  018107,1,0][A23,157,0,0][A155,2908,0,0][C,  018108,0,0][C,  024686,1,0][A23,157,0,0][A155,2908,0,0][C,  024687,0,0][C,  028938,1,0][A23,157,0,0][A155,2908,0,0][C,  028939,0,0][A23,157,0,0][A155,2908,0,0][C,  003249,1,0]","[CATEGORY] [A37,615,0,0,1] || [TOP] [A155,2932,0,0][A23,154,0,0] || [TOP] [A155,2932,0,0][A23,157,0,0][C,  003249,1,0] || [TOP] [A155,2932,0,0][A23,157,0,0][C,  003250,0,0][C,  018107,1,0] || [TOP] [A155,2924,0,0][A23,154,0,0][C,  018108,0,0][C,  024686,1,0] || [TOP] [A155,2924,0,0][A23,154,0,0] || [TOP] [A155,2924,0,0][A23,157,0,0][C,  003249,1,0] || [TOP] [A155,2924,0,0][A23,157,0,0][C,  003250,0,0][C,  018107,1,0] || [TOP] [A155,2924,0,0][A23,157,0,0][C,  018108,0,0][C,  024686,1,0] || [TOP] [A155,2924,0,0][A23,157,0,0][C,  024687,0,0][C,  028938,1,0] || [TOP] [A155,2924,0,0][A23,157,0,0][C,  028939,0,0] || [TOP] [A23,154,0,0][A155,2901,0,0] || [TOP] [A23,157,0,0][A155,2901,0,0][C,  003249,1,0] || [TOP] [A23,157,0,0][A155,2901,0,0][C,  003250,0,0][C,  018107,1,0] || [TOP] [A23,157,0,0][A155,2901,0,0][C,  018108,0,0][C,  024686,1,0] || [TOP] [A23,157,0,0][A155,2901,0,0][C,  024687,0,0][C,  028938,1,0] || [TOP] [A23,157,0,0][A155,2901,0,0][C,  028939,0,0] || [TOP] [A23,154,0,0][A155,2908,0,0][C,  018108,0,0][C,  024686,1,0] || [TOP] [A23,154,0,0][A155,2908,0,0] || [TOP] [A23,157,0,0][A155,2908,0,0][C,  003249,1,0] || [TOP] [A23,157,0,0][A155,2908,0,0][C,  003250,0,0][C,  018107,1,0] || [TOP] [A23,157,0,0][A155,2908,0,0][C,  018108,0,0][C,  024686,1,0] || [TOP] [A23,157,0,0][A155,2908,0,0][C,  024687,0,0][C,  028938,1,0] || [TOP] [A23,157,0,0][A155,2908,0,0][C,  028939,0,0] || [APPLICATION] [A23,157,0,0][A155,2908,0,0][C,  003249,1,0]","drilldown\pl_id_3187\L0\Itm_M3187_C8450_I2_L0.xml","drilldown\pl_id_3187\Itm_M3187_C8450_I2_attributes.xml","drilldown\pl_id_3187\tl_M3187_C8450_attributes.xml","menus\pl_id_3187_attributes.xml"
"M3187","C8450","I2","GJA9461AJHDX","86539","142239","XK8 Coupe/Convertible up to (V) 042775/INTERIOR TRIM AND LININGS/FLOOR COVERINGS/CARPETS","Carpet","main floor > LH > Teal > RHD > From VIN (003250) To VIN (018107)","XK8 Coupe Convertible up to (V) 042775 > INTERIOR TRIM AND LININGS > FLOOR COVERINGS > CARPETS > Carpet > main floor > LH > Teal > RHD > From VIN (003250) To VIN (018107)","[A37,615,0,0,1][A155,2932,0,0][A23,154,0,0][A155,2932,0,0][A23,157,0,0][C,  003249,1,0][A155,2932,0,0][A23,157,0,0][C,  003250,0,0][C,  018107,1,0][A155,2924,0,0][A23,154,0,0][C,  018108,0,0][C,  024686,1,0][A155,2924,0,0][A23,154,0,0][A155,2924,0,0][A23,157,0,0][C,  003249,1,0][A155,2924,0,0][A23,157,0,0][C,  003250,0,0][C,  018107,1,0][A155,2924,0,0][A23,157,0,0][C,  018108,0,0][C,  024686,1,0][A155,2924,0,0][A23,157,0,0][C,  024687,0,0][C,  028938,1,0][A155,2924,0,0][A23,157,0,0][C,  028939,0,0][A23,154,0,0][A155,2901,0,0][A23,157,0,0][A155,2901,0,0][C,  003249,1,0][A23,157,0,0][A155,2901,0,0][C,  003250,0,0][C,  018107,1,0][A23,157,0,0][A155,2901,0,0][C,  018108,0,0][C,  024686,1,0][A23,157,0,0][A155,2901,0,0][C,  024687,0,0][C,  028938,1,0][A23,157,0,0][A155,2901,0,0][C,  028939,0,0][A23,154,0,0][A155,2908,0,0][C,  018108,0,0][C,  024686,1,0][A23,154,0,0][A155,2908,0,0][A23,157,0,0][A155,2908,0,0][C,  003249,1,0][A23,157,0,0][A155,2908,0,0][C,  003250,0,0][C,  018107,1,0][A23,157,0,0][A155,2908,0,0][C,  018108,0,0][C,  024686,1,0][A23,157,0,0][A155,2908,0,0][C,  024687,0,0][C,  028938,1,0][A23,157,0,0][A155,2908,0,0][C,  028939,0,0][A23,157,0,0][A155,2908,0,0][C,  003250,0,0][C,  018107,1,0]","[CATEGORY] [A37,615,0,0,1] || [TOP] [A155,2932,0,0][A23,154,0,0] || [TOP] [A155,2932,0,0][A23,157,0,0][C,  003249,1,0] || [TOP] [A155,2932,0,0][A23,157,0,0][C,  003250,0,0][C,  018107,1,0] || [TOP] [A155,2924,0,0][A23,154,0,0][C,  018108,0,0][C,  024686,1,0] || [TOP] [A155,2924,0,0][A23,154,0,0] || [TOP] [A155,2924,0,0][A23,157,0,0][C,  003249,1,0] || [TOP] [A155,2924,0,0][A23,157,0,0][C,  003250,0,0][C,  018107,1,0] || [TOP] [A155,2924,0,0][A23,157,0,0][C,  018108,0,0][C,  024686,1,0] || [TOP] [A155,2924,0,0][A23,157,0,0][C,  024687,0,0][C,  028938,1,0] || [TOP] [A155,2924,0,0][A23,157,0,0][C,  028939,0,0] || [TOP] [A23,154,0,0][A155,2901,0,0] || [TOP] [A23,157,0,0][A155,2901,0,0][C,  003249,1,0] || [TOP] [A23,157,0,0][A155,2901,0,0][C,  003250,0,0][C,  018107,1,0] || [TOP] [A23,157,0,0][A155,2901,0,0][C,  018108,0,0][C,  024686,1,0] || [TOP] [A23,157,0,0][A155,2901,0,0][C,  024687,0,0][C,  028938,1,0] || [TOP] [A23,157,0,0][A155,2901,0,0][C,  028939,0,0] || [TOP] [A23,154,0,0][A155,2908,0,0][C,  018108,0,0][C,  024686,1,0] || [TOP] [A23,154,0,0][A155,2908,0,0] || [TOP] [A23,157,0,0][A155,2908,0,0][C,  003249,1,0] || [TOP] [A23,157,0,0][A155,2908,0,0][C,  003250,0,0][C,  018107,1,0] || [TOP] [A23,157,0,0][A155,2908,0,0][C,  018108,0,0][C,  024686,1,0] || [TOP] [A23,157,0,0][A155,2908,0,0][C,  024687,0,0][C,  028938,1,0] || [TOP] [A23,157,0,0][A155,2908,0,0][C,  028939,0,0] || [APPLICATION] [A23,157,0,0][A155,2908,0,0][C,  003250,0,0][C,  018107,1,0]","drilldown\pl_id_3187\L0\Itm_M3187_C8450_I2_L0.xml","drilldown\pl_id_3187\Itm_M3187_C8450_I2_attributes.xml","drilldown\pl_id_3187\tl_M3187_C8450_attributes.xml","menus\pl_id_3187_attributes.xml"
"M3187","C8450","I2","GJA9461ALHDX","89967","150098","XK8 Coupe/Convertible up to (V) 042775/INTERIOR TRIM AND LININGS/FLOOR COVERINGS/CARPETS","Carpet","main floor > LH > Teal > RHD > From VIN (018108) To VIN (024686)","XK8 Coupe Convertible up to (V) 042775 > INTERIOR TRIM AND LININGS > FLOOR COVERINGS > CARPETS > Carpet > main floor > LH > Teal > RHD > From VIN (018108) To VIN (024686)","[A37,615,0,0,1][A155,2932,0,0][A23,154,0,0][A155,2932,0,0][A23,157,0,0][C,  003249,1,0][A155,2932,0,0][A23,157,0,0][C,  003250,0,0][C,  018107,1,0][A155,2924,0,0][A23,154,0,0][C,  018108,0,0][C,  024686,1,0][A155,2924,0,0][A23,154,0,0][A155,2924,0,0][A23,157,0,0][C,  003249,1,0][A155,2924,0,0][A23,157,0,0][C,  003250,0,0][C,  018107,1,0][A155,2924,0,0][A23,157,0,0][C,  018108,0,0][C,  024686,1,0][A155,2924,0,0][A23,157,0,0][C,  024687,0,0][C,  028938,1,0][A155,2924,0,0][A23,157,0,0][C,  028939,0,0][A23,154,0,0][A155,2901,0,0][A23,157,0,0][A155,2901,0,0][C,  003249,1,0][A23,157,0,0][A155,2901,0,0][C,  003250,0,0][C,  018107,1,0][A23,157,0,0][A155,2901,0,0][C,  018108,0,0][C,  024686,1,0][A23,157,0,0][A155,2901,0,0][C,  024687,0,0][C,  028938,1,0][A23,157,0,0][A155,2901,0,0][C,  028939,0,0][A23,154,0,0][A155,2908,0,0][C,  018108,0,0][C,  024686,1,0][A23,154,0,0][A155,2908,0,0][A23,157,0,0][A155,2908,0,0][C,  003249,1,0][A23,157,0,0][A155,2908,0,0][C,  003250,0,0][C,  018107,1,0][A23,157,0,0][A155,2908,0,0][C,  018108,0,0][C,  024686,1,0][A23,157,0,0][A155,2908,0,0][C,  024687,0,0][C,  028938,1,0][A23,157,0,0][A155,2908,0,0][C,  028939,0,0][A23,157,0,0][A155,2908,0,0][C,  018108,0,0][C,  024686,1,0]","[CATEGORY] [A37,615,0,0,1] || [TOP] [A155,2932,0,0][A23,154,0,0] || [TOP] [A155,2932,0,0][A23,157,0,0][C,  003249,1,0] || [TOP] [A155,2932,0,0][A23,157,0,0][C,  003250,0,0][C,  018107,1,0] || [TOP] [A155,2924,0,0][A23,154,0,0][C,  018108,0,0][C,  024686,1,0] || [TOP] [A155,2924,0,0][A23,154,0,0] || [TOP] [A155,2924,0,0][A23,157,0,0][C,  003249,1,0] || [TOP] [A155,2924,0,0][A23,157,0,0][C,  003250,0,0][C,  018107,1,0] || [TOP] [A155,2924,0,0][A23,157,0,0][C,  018108,0,0][C,  024686,1,0] || [TOP] [A155,2924,0,0][A23,157,0,0][C,  024687,0,0][C,  028938,1,0] || [TOP] [A155,2924,0,0][A23,157,0,0][C,  028939,0,0] || [TOP] [A23,154,0,0][A155,2901,0,0] || [TOP] [A23,157,0,0][A155,2901,0,0][C,  003249,1,0] || [TOP] [A23,157,0,0][A155,2901,0,0][C,  003250,0,0][C,  018107,1,0] || [TOP] [A23,157,0,0][A155,2901,0,0][C,  018108,0,0][C,  024686,1,0] || [TOP] [A23,157,0,0][A155,2901,0,0][C,  024687,0,0][C,  028938,1,0] || [TOP] [A23,157,0,0][A155,2901,0,0][C,  028939,0,0] || [TOP] [A23,154,0,0][A155,2908,0,0][C,  018108,0,0][C,  024686,1,0] || [TOP] [A23,154,0,0][A155,2908,0,0] || [TOP] [A23,157,0,0][A155,2908,0,0][C,  003249,1,0] || [TOP] [A23,157,0,0][A155,2908,0,0][C,  003250,0,0][C,  018107,1,0] || [TOP] [A23,157,0,0][A155,2908,0,0][C,  018108,0,0][C,  024686,1,0] || [TOP] [A23,157,0,0][A155,2908,0,0][C,  024687,0,0][C,  028938,1,0] || [TOP] [A23,157,0,0][A155,2908,0,0][C,  028939,0,0] || [APPLICATION] [A23,157,0,0][A155,2908,0,0][C,  018108,0,0][C,  024686,1,0]","drilldown\pl_id_3187\L0\Itm_M3187_C8450_I2_L0.xml","drilldown\pl_id_3187\Itm_M3187_C8450_I2_attributes.xml","drilldown\pl_id_3187\tl_M3187_C8450_attributes.xml","menus\pl_id_3187_attributes.xml"
"M3187","C8450","I2","GJB9461AAHDX","92087","156411","XK8 Coupe/Convertible up to (V) 042775/INTERIOR TRIM AND LININGS/FLOOR COVERINGS/CARPETS","Carpet","main floor > LH > Teal > RHD > From VIN (024687) To VIN (028938)","XK8 Coupe Convertible up to (V) 042775 > INTERIOR TRIM AND LININGS > FLOOR COVERINGS > CARPETS > Carpet > main floor > LH > Teal > RHD > From VIN (024687) To VIN (028938)","[A37,615,0,0,1][A155,2932,0,0][A23,154,0,0][A155,2932,0,0][A23,157,0,0][C,  003249,1,0][A155,2932,0,0][A23,157,0,0][C,  003250,0,0][C,  018107,1,0][A155,2924,0,0][A23,154,0,0][C,  018108,0,0][C,  024686,1,0][A155,2924,0,0][A23,154,0,0][A155,2924,0,0][A23,157,0,0][C,  003249,1,0][A155,2924,0,0][A23,157,0,0][C,  003250,0,0][C,  018107,1,0][A155,2924,0,0][A23,157,0,0][C,  018108,0,0][C,  024686,1,0][A155,2924,0,0][A23,157,0,0][C,  024687,0,0][C,  028938,1,0][A155,2924,0,0][A23,157,0,0][C,  028939,0,0][A23,154,0,0][A155,2901,0,0][A23,157,0,0][A155,2901,0,0][C,  003249,1,0][A23,157,0,0][A155,2901,0,0][C,  003250,0,0][C,  018107,1,0][A23,157,0,0][A155,2901,0,0][C,  018108,0,0][C,  024686,1,0][A23,157,0,0][A155,2901,0,0][C,  024687,0,0][C,  028938,1,0][A23,157,0,0][A155,2901,0,0][C,  028939,0,0][A23,154,0,0][A155,2908,0,0][C,  018108,0,0][C,  024686,1,0][A23,154,0,0][A155,2908,0,0][A23,157,0,0][A155,2908,0,0][C,  003249,1,0][A23,157,0,0][A155,2908,0,0][C,  003250,0,0][C,  018107,1,0][A23,157,0,0][A155,2908,0,0][C,  018108,0,0][C,  024686,1,0][A23,157,0,0][A155,2908,0,0][C,  024687,0,0][C,  028938,1,0][A23,157,0,0][A155,2908,0,0][C,  028939,0,0][A23,157,0,0][A155,2908,0,0][C,  024687,0,0][C,  028938,1,0]","[CATEGORY] [A37,615,0,0,1] || [TOP] [A155,2932,0,0][A23,154,0,0] || [TOP] [A155,2932,0,0][A23,157,0,0][C,  003249,1,0] || [TOP] [A155,2932,0,0][A23,157,0,0][C,  003250,0,0][C,  018107,1,0] || [TOP] [A155,2924,0,0][A23,154,0,0][C,  018108,0,0][C,  024686,1,0] || [TOP] [A155,2924,0,0][A23,154,0,0] || [TOP] [A155,2924,0,0][A23,157,0,0][C,  003249,1,0] || [TOP] [A155,2924,0,0][A23,157,0,0][C,  003250,0,0][C,  018107,1,0] || [TOP] [A155,2924,0,0][A23,157,0,0][C,  018108,0,0][C,  024686,1,0] || [TOP] [A155,2924,0,0][A23,157,0,0][C,  024687,0,0][C,  028938,1,0] || [TOP] [A155,2924,0,0][A23,157,0,0][C,  028939,0,0] || [TOP] [A23,154,0,0][A155,2901,0,0] || [TOP] [A23,157,0,0][A155,2901,0,0][C,  003249,1,0] || [TOP] [A23,157,0,0][A155,2901,0,0][C,  003250,0,0][C,  018107,1,0] || [TOP] [A23,157,0,0][A155,2901,0,0][C,  018108,0,0][C,  024686,1,0] || [TOP] [A23,157,0,0][A155,2901,0,0][C,  024687,0,0][C,  028938,1,0] || [TOP] [A23,157,0,0][A155,2901,0,0][C,  028939,0,0] || [TOP] [A23,154,0,0][A155,2908,0,0][C,  018108,0,0][C,  024686,1,0] || [TOP] [A23,154,0,0][A155,2908,0,0] || [TOP] [A23,157,0,0][A155,2908,0,0][C,  003249,1,0] || [TOP] [A23,157,0,0][A155,2908,0,0][C,  003250,0,0][C,  018107,1,0] || [TOP] [A23,157,0,0][A155,2908,0,0][C,  018108,0,0][C,  024686,1,0] || [TOP] [A23,157,0,0][A155,2908,0,0][C,  024687,0,0][C,  028938,1,0] || [TOP] [A23,157,0,0][A155,2908,0,0][C,  028939,0,0] || [APPLICATION] [A23,157,0,0][A155,2908,0,0][C,  024687,0,0][C,  028938,1,0]","drilldown\pl_id_3187\L0\Itm_M3187_C8450_I2_L0.xml","drilldown\pl_id_3187\Itm_M3187_C8450_I2_attributes.xml","drilldown\pl_id_3187\tl_M3187_C8450_attributes.xml","menus\pl_id_3187_attributes.xml"
"M3187","C8450","I2","GJB9461ABHDX","92588","158294","XK8 Coupe/Convertible up to (V) 042775/INTERIOR TRIM AND LININGS/FLOOR COVERINGS/CARPETS","Carpet","main floor > LH > Teal > RHD > From VIN (028939)","XK8 Coupe Convertible up to (V) 042775 > INTERIOR TRIM AND LININGS > FLOOR COVERINGS > CARPETS > Carpet > main floor > LH > Teal > RHD > From VIN (028939)","[A37,615,0,0,1][A155,2932,0,0][A23,154,0,0][A155,2932,0,0][A23,157,0,0][C,  003249,1,0][A155,2932,0,0][A23,157,0,0][C,  003250,0,0][C,  018107,1,0][A155,2924,0,0][A23,154,0,0][C,  018108,0,0][C,  024686,1,0][A155,2924,0,0][A23,154,0,0][A155,2924,0,0][A23,157,0,0][C,  003249,1,0][A155,2924,0,0][A23,157,0,0][C,  003250,0,0][C,  018107,1,0][A155,2924,0,0][A23,157,0,0][C,  018108,0,0][C,  024686,1,0][A155,2924,0,0][A23,157,0,0][C,  024687,0,0][C,  028938,1,0][A155,2924,0,0][A23,157,0,0][C,  028939,0,0][A23,154,0,0][A155,2901,0,0][A23,157,0,0][A155,2901,0,0][C,  003249,1,0][A23,157,0,0][A155,2901,0,0][C,  003250,0,0][C,  018107,1,0][A23,157,0,0][A155,2901,0,0][C,  018108,0,0][C,  024686,1,0][A23,157,0,0][A155,2901,0,0][C,  024687,0,0][C,  028938,1,0][A23,157,0,0][A155,2901,0,0][C,  028939,0,0][A23,154,0,0][A155,2908,0,0][C,  018108,0,0][C,  024686,1,0][A23,154,0,0][A155,2908,0,0][A23,157,0,0][A155,2908,0,0][C,  003249,1,0][A23,157,0,0][A155,2908,0,0][C,  003250,0,0][C,  018107,1,0][A23,157,0,0][A155,2908,0,0][C,  018108,0,0][C,  024686,1,0][A23,157,0,0][A155,2908,0,0][C,  024687,0,0][C,  028938,1,0][A23,157,0,0][A155,2908,0,0][C,  028939,0,0][A23,157,0,0][A155,2908,0,0][C,  028939,0,0]","[CATEGORY] [A37,615,0,0,1] || [TOP] [A155,2932,0,0][A23,154,0,0] || [TOP] [A155,2932,0,0][A23,157,0,0][C,  003249,1,0] || [TOP] [A155,2932,0,0][A23,157,0,0][C,  003250,0,0][C,  018107,1,0] || [TOP] [A155,2924,0,0][A23,154,0,0][C,  018108,0,0][C,  024686,1,0] || [TOP] [A155,2924,0,0][A23,154,0,0] || [TOP] [A155,2924,0,0][A23,157,0,0][C,  003249,1,0] || [TOP] [A155,2924,0,0][A23,157,0,0][C,  003250,0,0][C,  018107,1,0] || [TOP] [A155,2924,0,0][A23,157,0,0][C,  018108,0,0][C,  024686,1,0] || [TOP] [A155,2924,0,0][A23,157,0,0][C,  024687,0,0][C,  028938,1,0] || [TOP] [A155,2924,0,0][A23,157,0,0][C,  028939,0,0] || [TOP] [A23,154,0,0][A155,2901,0,0] || [TOP] [A23,157,0,0][A155,2901,0,0][C,  003249,1,0] || [TOP] [A23,157,0,0][A155,2901,0,0][C,  003250,0,0][C,  018107,1,0] || [TOP] [A23,157,0,0][A155,2901,0,0][C,  018108,0,0][C,  024686,1,0] || [TOP] [A23,157,0,0][A155,2901,0,0][C,  024687,0,0][C,  028938,1,0] || [TOP] [A23,157,0,0][A155,2901,0,0][C,  028939,0,0] || [TOP] [A23,154,0,0][A155,2908,0,0][C,  018108,0,0][C,  024686,1,0] || [TOP] [A23,154,0,0][A155,2908,0,0] || [TOP] [A23,157,0,0][A155,2908,0,0][C,  003249,1,0] || [TOP] [A23,157,0,0][A155,2908,0,0][C,  003250,0,0][C,  018107,1,0] || [TOP] [A23,157,0,0][A155,2908,0,0][C,  018108,0,0][C,  024686,1,0] || [TOP] [A23,157,0,0][A155,2908,0,0][C,  024687,0,0][C,  028938,1,0] || [TOP] [A23,157,0,0][A155,2908,0,0][C,  028939,0,0] || [APPLICATION] [A23,157,0,0][A155,2908,0,0][C,  028939,0,0]","drilldown\pl_id_3187\L0\Itm_M3187_C8450_I2_L0.xml","drilldown\pl_id_3187\Itm_M3187_C8450_I2_attributes.xml","drilldown\pl_id_3187\tl_M3187_C8450_attributes.xml","menus\pl_id_3187_attributes.xml"
"M3187","C8450","I3","KRF100001","59853","94626","XK8 Coupe/Convertible up to (V) 042775/INTERIOR TRIM AND LININGS/FLOOR COVERINGS/CARPETS","Cam plate","","XK8 Coupe Convertible up to (V) 042775 > INTERIOR TRIM AND LININGS > FLOOR COVERINGS > CARPETS > Cam plate","[A37,615,0,0,1]","[CATEGORY] [A37,615,0,0,1]","drilldown\pl_id_3187\L0\Itm_M3187_C8450_I3_L0.xml","","drilldown\pl_id_3187\tl_M3187_C8450_attributes.xml","menus\pl_id_3187_attributes.xml"
"M3187","C8450","I4","AGU2229SDC","85606","140014","XK8 Coupe/Convertible up to (V) 042775/INTERIOR TRIM AND LININGS/FLOOR COVERINGS/CARPETS","Turn stud","Coffee > Coffee","XK8 Coupe Convertible up to (V) 042775 > INTERIOR TRIM AND LININGS > FLOOR COVERINGS > CARPETS > Turn stud > Coffee > Coffee","[A37,615,0,0,1][A155,2923,0,0][A156,2816,0,0][A155,2932,0,0][A155,2924,0,0][A155,2909,0,0][A155,2901,0,0][A155,2908,0,0][A155,2932,0,0][A156,2816,0,0]","[CATEGORY] [A37,615,0,0,1] || [TOP] [A155,2923,0,0] || [TOP] [A156,2816,0,0][A155,2932,0,0] || [TOP] [A155,2924,0,0] || [TOP] [A155,2909,0,0] || [TOP] [A155,2901,0,0] || [TOP] [A155,2908,0,0] || [APPLICATION] [A155,2932,0,0][A156,2816,0,0]","drilldown\pl_id_3187\L0\Itm_M3187_C8450_I4_L0.xml","drilldown\pl_id_3187\Itm_M3187_C8450_I4_attributes.xml","drilldown\pl_id_3187\tl_M3187_C8450_attributes.xml","menus\pl_id_3187_attributes.xml"
"M3187","C8450","I4","AGU2229LFN","85608","140023","XK8 Coupe/Convertible up to (V) 042775/INTERIOR TRIM AND LININGS/FLOOR COVERINGS/CARPETS","Turn stud","Flint grey","XK8 Coupe Convertible up to (V) 042775 > INTERIOR TRIM AND LININGS > FLOOR COVERINGS > CARPETS > Turn stud > Flint grey","[A37,615,0,0,1][A155,2923,0,0][A156,2816,0,0][A155,2932,0,0][A155,2924,0,0][A155,2909,0,0][A155,2901,0,0][A155,2908,0,0][A155,2924,0,0]","[CATEGORY] [A37,615,0,0,1] || [TOP] [A155,2923,0,0] || [TOP] [A156,2816,0,0][A155,2932,0,0] || [TOP] [A155,2924,0,0] || [TOP] [A155,2909,0,0] || [TOP] [A155,2901,0,0] || [TOP] [A155,2908,0,0] || [APPLICATION] [A155,2924,0,0]","drilldown\pl_id_3187\L0\Itm_M3187_C8450_I4_L0.xml","drilldown\pl_id_3187\Itm_M3187_C8450_I4_attributes.xml","drilldown\pl_id_3187\tl_M3187_C8450_attributes.xml","menus\pl_id_3187_attributes.xml"
"M3187","C8450","I4","AGU2229HFZ","92530","158136","XK8 Coupe/Convertible up to (V) 042775/INTERIOR TRIM AND LININGS/FLOOR COVERINGS/CARPETS","Turn stud","Green","XK8 Coupe Convertible up to (V) 042775 > INTERIOR TRIM AND LININGS > FLOOR COVERINGS > CARPETS > Turn stud > Green","[A37,615,0,0,1][A155,2923,0,0][A156,2816,0,0][A155,2932,0,0][A155,2924,0,0][A155,2909,0,0][A155,2901,0,0][A155,2908,0,0][A155,2909,0,0]","[CATEGORY] [A37,615,0,0,1] || [TOP] [A155,2923,0,0] || [TOP] [A156,2816,0,0][A155,2932,0,0] || [TOP] [A155,2924,0,0] || [TOP] [A155,2909,0,0] || [TOP] [A155,2901,0,0] || [TOP] [A155,2908,0,0] || [APPLICATION] [A155,2909,0,0]","drilldown\pl_id_3187\L0\Itm_M3187_C8450_I4_L0.xml","drilldown\pl_id_3187\Itm_M3187_C8450_I4_attributes.xml","drilldown\pl_id_3187\tl_M3187_C8450_attributes.xml","menus\pl_id_3187_attributes.xml"
"M3187","C8450","I4","AGU2229AEK","85604","139993","XK8 Coupe/Convertible up to (V) 042775/INTERIOR TRIM AND LININGS/FLOOR COVERINGS/CARPETS","Turn stud","Sable","XK8 Coupe Convertible up to (V) 042775 > INTERIOR TRIM AND LININGS > FLOOR COVERINGS > CARPETS > Turn stud > Sable","[A37,615,0,0,1][A155,2923,0,0][A156,2816,0,0][A155,2932,0,0][A155,2924,0,0][A155,2909,0,0][A155,2901,0,0][A155,2908,0,0][A155,2901,0,0]","[CATEGORY] [A37,615,0,0,1] || [TOP] [A155,2923,0,0] || [TOP] [A156,2816,0,0][A155,2932,0,0] || [TOP] [A155,2924,0,0] || [TOP] [A155,2909,0,0] || [TOP] [A155,2901,0,0] || [TOP] [A155,2908,0,0] || [APPLICATION] [A155,2901,0,0]","drilldown\pl_id_3187\L0\Itm_M3187_C8450_I4_L0.xml","drilldown\pl_id_3187\Itm_M3187_C8450_I4_attributes.xml","drilldown\pl_id_3187\tl_M3187_C8450_attributes.xml","menus\pl_id_3187_attributes.xml"
"M3187","C8450","I4","AGU2229LFM","92529","158126","XK8 Coupe/Convertible up to (V) 042775/INTERIOR TRIM AND LININGS/FLOOR COVERINGS/CARPETS","Turn stud","Shadow grey","XK8 Coupe Convertible up to (V) 042775 > INTERIOR TRIM AND LININGS > FLOOR COVERINGS > CARPETS > Turn stud > Shadow grey","[A37,615,0,0,1][A155,2923,0,0][A156,2816,0,0][A155,2932,0,0][A155,2924,0,0][A155,2909,0,0][A155,2901,0,0][A155,2908,0,0][A155,2923,0,0]","[CATEGORY] [A37,615,0,0,1] || [TOP] [A155,2923,0,0] || [TOP] [A156,2816,0,0][A155,2932,0,0] || [TOP] [A155,2924,0,0] || [TOP] [A155,2909,0,0] || [TOP] [A155,2901,0,0] || [TOP] [A155,2908,0,0] || [APPLICATION] [A155,2923,0,0]","drilldown\pl_id_3187\L0\Itm_M3187_C8450_I4_L0.xml","drilldown\pl_id_3187\Itm_M3187_C8450_I4_attributes.xml","drilldown\pl_id_3187\tl_M3187_C8450_attributes.xml","menus\pl_id_3187_attributes.xml"
"M3187","C8450","I4","AGU2229HDX","85605","140005","XK8 Coupe/Convertible up to (V) 042775/INTERIOR TRIM AND LININGS/FLOOR COVERINGS/CARPETS","Turn stud","Teal","XK8 Coupe Convertible up to (V) 042775 > INTERIOR TRIM AND LININGS > FLOOR COVERINGS > CARPETS > Turn stud > Teal","[A37,615,0,0,1][A155,2923,0,0][A156,2816,0,0][A155,2932,0,0][A155,2924,0,0][A155,2909,0,0][A155,2901,0,0][A155,2908,0,0][A155,2908,0,0]","[CATEGORY] [A37,615,0,0,1] || [TOP] [A155,2923,0,0] || [TOP] [A156,2816,0,0][A155,2932,0,0] || [TOP] [A155,2924,0,0] || [TOP] [A155,2909,0,0] || [TOP] [A155,2901,0,0] || [TOP] [A155,2908,0,0] || [APPLICATION] [A155,2908,0,0]","drilldown\pl_id_3187\L0\Itm_M3187_C8450_I4_L0.xml","drilldown\pl_id_3187\Itm_M3187_C8450_I4_attributes.xml","drilldown\pl_id_3187\tl_M3187_C8450_attributes.xml","menus\pl_id_3187_attributes.xml"
"M3187","C8450","I5","AGU2711","67796","108945","XK8 Coupe/Convertible up to (V) 042775/INTERIOR TRIM AND LININGS/FLOOR COVERINGS/CARPETS","Stud","","XK8 Coupe Convertible up to (V) 042775 > INTERIOR TRIM AND LININGS > FLOOR COVERINGS > CARPETS > Stud","[A37,615,0,0,1]","[CATEGORY] [A37,615,0,0,1]","drilldown\pl_id_3187\L0\Itm_M3187_C8450_I5_L0.xml","","drilldown\pl_id_3187\tl_M3187_C8450_attributes.xml","menus\pl_id_3187_attributes.xml"
"M3187","C8450","I6","GJA9476AB","72231","117450","XK8 Coupe/Convertible up to (V) 042775/INTERIOR TRIM AND LININGS/FLOOR COVERINGS/CARPETS","Carpet support bracket","","XK8 Coupe Convertible up to (V) 042775 > INTERIOR TRIM AND LININGS > FLOOR COVERINGS > CARPETS > Carpet support bracket","[A37,615,0,0,1]","[CATEGORY] [A37,615,0,0,1]","drilldown\pl_id_3187\L0\Itm_M3187_C8450_I6_L0.xml","","drilldown\pl_id_3187\tl_M3187_C8450_attributes.xml","menus\pl_id_3187_attributes.xml"
"M3187","C8450","I7","GJB9463BASDC","87749","145062","XK8 Coupe/Convertible up to (V) 042775/INTERIOR TRIM AND LININGS/FLOOR COVERINGS/CARPETS","Drop in carpet","Coffee > To VIN (018107) > LHD > LH front floor","XK8 Coupe Convertible up to (V) 042775 > INTERIOR TRIM AND LININGS > FLOOR COVERINGS > CARPETS > Drop in carpet > Coffee > To VIN (018107) > LHD > LH front floor","[A37,615,0,0,1][A155,2932,0,0][A23,154,0,0][C,  018107,1,0][A155,2932,0,0][A23,157,0,0][C,  018107,1,0][A155,2924,0,0][A23,154,0,0][A155,2924,0,0][A23,154,0,0][C,  024686,1,0][A155,2924,0,0][A23,154,0,0][C,  024687,0,0][A155,2924,0,0][A23,157,0,0][C,  024686,1,0][A155,2924,0,0][A23,157,0,0][C,  024687,0,0][A155,2924,0,0][A23,157,0,0][A23,154,0,0][A155,2901,0,0][A23,154,0,0][A155,2901,0,0][C,  024686,1,0][A23,154,0,0][A155,2901,0,0][C,  024687,0,0][A23,157,0,0][A155,2901,0,0][C,  024686,1,0][A23,157,0,0][A155,2901,0,0][C,  024687,0,0][A23,157,0,0][A155,2901,0,0][A23,154,0,0][A155,2908,0,0][A23,154,0,0][A155,2908,0,0][C,  024686,1,0][A23,154,0,0][A155,2908,0,0][C,  024687,0,0][A23,157,0,0][A155,2908,0,0][C,  024686,1,0][A23,157,0,0][A155,2908,0,0][C,  024687,0,0][A23,157,0,0][A155,2908,0,0][A155,2932,0,0][A23,154,0,0][C,  018107,1,0]","[CATEGORY] [A37,615,0,0,1] || [TOP] [A155,2932,0,0][A23,154,0,0][C,  018107,1,0] || [TOP] [A155,2932,0,0][A23,157,0,0][C,  018107,1,0] || [TOP] [A155,2924,0,0][A23,154,0,0] || [TOP] [A155,2924,0,0][A23,154,0,0][C,  024686,1,0] || [TOP] [A155,2924,0,0][A23,154,0,0][C,  024687,0,0] || [TOP] [A155,2924,0,0][A23,157,0,0][C,  024686,1,0] || [TOP] [A155,2924,0,0][A23,157,0,0][C,  024687,0,0] || [TOP] [A155,2924,0,0][A23,157,0,0] || [TOP] [A23,154,0,0][A155,2901,0,0] || [TOP] [A23,154,0,0][A155,2901,0,0][C,  024686,1,0] || [TOP] [A23,154,0,0][A155,2901,0,0][C,  024687,0,0] || [TOP] [A23,157,0,0][A155,2901,0,0][C,  024686,1,0] || [TOP] [A23,157,0,0][A155,2901,0,0][C,  024687,0,0] || [TOP] [A23,157,0,0][A155,2901,0,0] || [TOP] [A23,154,0,0][A155,2908,0,0] || [TOP] [A23,154,0,0][A155,2908,0,0][C,  024686,1,0] || [TOP] [A23,154,0,0][A155,2908,0,0][C,  024687,0,0] || [TOP] [A23,157,0,0][A155,2908,0,0][C,  024686,1,0] || [TOP] [A23,157,0,0][A155,2908,0,0][C,  024687,0,0] || [TOP] [A23,157,0,0][A155,2908,0,0] || [APPLICATION] [A155,2932,0,0][A23,154,0,0][C,  018107,1,0]","drilldown\pl_id_3187\L0\Itm_M3187_C8450_I7_L0.xml","drilldown\pl_id_3187\Itm_M3187_C8450_I7_attributes.xml","drilldown\pl_id_3187\tl_M3187_C8450_attributes.xml","menus\pl_id_3187_attributes.xml"
"M3187","C8450","I7","GJB9462BASDC","87753","145078","XK8 Coupe/Convertible up to (V) 042775/INTERIOR TRIM AND LININGS/FLOOR COVERINGS/CARPETS","Drop in carpet","Coffee > To VIN (018107) > LHD > RH front floor","XK8 Coupe Convertible up to (V) 042775 > INTERIOR TRIM AND LININGS > FLOOR COVERINGS > CARPETS > Drop in carpet > Coffee > To VIN (018107) > LHD > RH front floor","[A37,615,0,0,1][A155,2932,0,0][A23,154,0,0][C,  018107,1,0][A155,2932,0,0][A23,157,0,0][C,  018107,1,0][A155,2924,0,0][A23,154,0,0][A155,2924,0,0][A23,154,0,0][C,  024686,1,0][A155,2924,0,0][A23,154,0,0][C,  024687,0,0][A155,2924,0,0][A23,157,0,0][C,  024686,1,0][A155,2924,0,0][A23,157,0,0][C,  024687,0,0][A155,2924,0,0][A23,157,0,0][A23,154,0,0][A155,2901,0,0][A23,154,0,0][A155,2901,0,0][C,  024686,1,0][A23,154,0,0][A155,2901,0,0][C,  024687,0,0][A23,157,0,0][A155,2901,0,0][C,  024686,1,0][A23,157,0,0][A155,2901,0,0][C,  024687,0,0][A23,157,0,0][A155,2901,0,0][A23,154,0,0][A155,2908,0,0][A23,154,0,0][A155,2908,0,0][C,  024686,1,0][A23,154,0,0][A155,2908,0,0][C,  024687,0,0][A23,157,0,0][A155,2908,0,0][C,  024686,1,0][A23,157,0,0][A155,2908,0,0][C,  024687,0,0][A23,157,0,0][A155,2908,0,0][A155,2932,0,0][A23,154,0,0][C,  018107,1,0]","[CATEGORY] [A37,615,0,0,1] || [TOP] [A155,2932,0,0][A23,154,0,0][C,  018107,1,0] || [TOP] [A155,2932,0,0][A23,157,0,0][C,  018107,1,0] || [TOP] [A155,2924,0,0][A23,154,0,0] || [TOP] [A155,2924,0,0][A23,154,0,0][C,  024686,1,0] || [TOP] [A155,2924,0,0][A23,154,0,0][C,  024687,0,0] || [TOP] [A155,2924,0,0][A23,157,0,0][C,  024686,1,0] || [TOP] [A155,2924,0,0][A23,157,0,0][C,  024687,0,0] || [TOP] [A155,2924,0,0][A23,157,0,0] || [TOP] [A23,154,0,0][A155,2901,0,0] || [TOP] [A23,154,0,0][A155,2901,0,0][C,  024686,1,0] || [TOP] [A23,154,0,0][A155,2901,0,0][C,  024687,0,0] || [TOP] [A23,157,0,0][A155,2901,0,0][C,  024686,1,0] || [TOP] [A23,157,0,0][A155,2901,0,0][C,  024687,0,0] || [TOP] [A23,157,0,0][A155,2901,0,0] || [TOP] [A23,154,0,0][A155,2908,0,0] || [TOP] [A23,154,0,0][A155,2908,0,0][C,  024686,1,0] || [TOP] [A23,154,0,0][A155,2908,0,0][C,  024687,0,0] || [TOP] [A23,157,0,0][A155,2908,0,0][C,  024686,1,0] || [TOP] [A23,157,0,0][A155,2908,0,0][C,  024687,0,0] || [TOP] [A23,157,0,0][A155,2908,0,0] || [APPLICATION] [A155,2932,0,0][A23,154,0,0][C,  018107,1,0]","drilldown\pl_id_3187\L0\Itm_M3187_C8450_I7_L0.xml","drilldown\pl_id_3187\Itm_M3187_C8450_I7_attributes.xml","drilldown\pl_id_3187\tl_M3187_C8450_attributes.xml","menus\pl_id_3187_attributes.xml"
"M3187","C8450","I7","GJB9463AASDC","87743","145044","XK8 Coupe/Convertible up to (V) 042775/INTERIOR TRIM AND LININGS/FLOOR COVERINGS/CARPETS","Drop in carpet","Coffee > To VIN (018107) > RHD > LH front floor","XK8 Coupe Convertible up to (V) 042775 > INTERIOR TRIM AND LININGS > FLOOR COVERINGS > CARPETS > Drop in carpet > Coffee > To VIN (018107) > RHD > LH front floor","[A37,615,0,0,1][A155,2932,0,0][A23,154,0,0][C,  018107,1,0][A155,2932,0,0][A23,157,0,0][C,  018107,1,0][A155,2924,0,0][A23,154,0,0][A155,2924,0,0][A23,154,0,0][C,  024686,1,0][A155,2924,0,0][A23,154,0,0][C,  024687,0,0][A155,2924,0,0][A23,157,0,0][C,  024686,1,0][A155,2924,0,0][A23,157,0,0][C,  024687,0,0][A155,2924,0,0][A23,157,0,0][A23,154,0,0][A155,2901,0,0][A23,154,0,0][A155,2901,0,0][C,  024686,1,0][A23,154,0,0][A155,2901,0,0][C,  024687,0,0][A23,157,0,0][A155,2901,0,0][C,  024686,1,0][A23,157,0,0][A155,2901,0,0][C,  024687,0,0][A23,157,0,0][A155,2901,0,0][A23,154,0,0][A155,2908,0,0][A23,154,0,0][A155,2908,0,0][C,  024686,1,0][A23,154,0,0][A155,2908,0,0][C,  024687,0,0][A23,157,0,0][A155,2908,0,0][C,  024686,1,0][A23,157,0,0][A155,2908,0,0][C,  024687,0,0][A23,157,0,0][A155,2908,0,0][A155,2932,0,0][A23,157,0,0][C,  018107,1,0]","[CATEGORY] [A37,615,0,0,1] || [TOP] [A155,2932,0,0][A23,154,0,0][C,  018107,1,0] || [TOP] [A155,2932,0,0][A23,157,0,0][C,  018107,1,0] || [TOP] [A155,2924,0,0][A23,154,0,0] || [TOP] [A155,2924,0,0][A23,154,0,0][C,  024686,1,0] || [TOP] [A155,2924,0,0][A23,154,0,0][C,  024687,0,0] || [TOP] [A155,2924,0,0][A23,157,0,0][C,  024686,1,0] || [TOP] [A155,2924,0,0][A23,157,0,0][C,  024687,0,0] || [TOP] [A155,2924,0,0][A23,157,0,0] || [TOP] [A23,154,0,0][A155,2901,0,0] || [TOP] [A23,154,0,0][A155,2901,0,0][C,  024686,1,0] || [TOP] [A23,154,0,0][A155,2901,0,0][C,  024687,0,0] || [TOP] [A23,157,0,0][A155,2901,0,0][C,  024686,1,0] || [TOP] [A23,157,0,0][A155,2901,0,0][C,  024687,0,0] || [TOP] [A23,157,0,0][A155,2901,0,0] || [TOP] [A23,154,0,0][A155,2908,0,0] || [TOP] [A23,154,0,0][A155,2908,0,0][C,  024686,1,0] || [TOP] [A23,154,0,0][A155,2908,0,0][C,  024687,0,0] || [TOP] [A23,157,0,0][A155,2908,0,0][C,  024686,1,0] || [TOP] [A23,157,0,0][A155,2908,0,0][C,  024687,0,0] || [TOP] [A23,157,0,0][A155,2908,0,0] || [APPLICATION] [A155,2932,0,0][A23,157,0,0][C,  018107,1,0]","drilldown\pl_id_3187\L0\Itm_M3187_C8450_I7_L0.xml","drilldown\pl_id_3187\Itm_M3187_C8450_I7_attributes.xml","drilldown\pl_id_3187\tl_M3187_C8450_attributes.xml","menus\pl_id_3187_attributes.xml"
"M3187","C8450","I7","GJB9462AASDC","87739","145034","XK8 Coupe/Convertible up to (V) 042775/INTERIOR TRIM AND LININGS/FLOOR COVERINGS/CARPETS","Drop in carpet","Coffee > To VIN (018107) > RHD > RH front floor","XK8 Coupe Convertible up to (V) 042775 > INTERIOR TRIM AND LININGS > FLOOR COVERINGS > CARPETS > Drop in carpet > Coffee > To VIN (018107) > RHD > RH front floor","[A37,615,0,0,1][A155,2932,0,0][A23,154,0,0][C,  018107,1,0][A155,2932,0,0][A23,157,0,0][C,  018107,1,0][A155,2924,0,0][A23,154,0,0][A155,2924,0,0][A23,154,0,0][C,  024686,1,0][A155,2924,0,0][A23,154,0,0][C,  024687,0,0][A155,2924,0,0][A23,157,0,0][C,  024686,1,0][A155,2924,0,0][A23,157,0,0][C,  024687,0,0][A155,2924,0,0][A23,157,0,0][A23,154,0,0][A155,2901,0,0][A23,154,0,0][A155,2901,0,0][C,  024686,1,0][A23,154,0,0][A155,2901,0,0][C,  024687,0,0][A23,157,0,0][A155,2901,0,0][C,  024686,1,0][A23,157,0,0][A155,2901,0,0][C,  024687,0,0][A23,157,0,0][A155,2901,0,0][A23,154,0,0][A155,2908,0,0][A23,154,0,0][A155,2908,0,0][C,  024686,1,0][A23,154,0,0][A155,2908,0,0][C,  024687,0,0][A23,157,0,0][A155,2908,0,0][C,  024686,1,0][A23,157,0,0][A155,2908,0,0][C,  024687,0,0][A23,157,0,0][A155,2908,0,0][A155,2932,0,0][A23,157,0,0][C,  018107,1,0]","[CATEGORY] [A37,615,0,0,1] || [TOP] [A155,2932,0,0][A23,154,0,0][C,  018107,1,0] || [TOP] [A155,2932,0,0][A23,157,0,0][C,  018107,1,0] || [TOP] [A155,2924,0,0][A23,154,0,0] || [TOP] [A155,2924,0,0][A23,154,0,0][C,  024686,1,0] || [TOP] [A155,2924,0,0][A23,154,0,0][C,  024687,0,0] || [TOP] [A155,2924,0,0][A23,157,0,0][C,  024686,1,0] || [TOP] [A155,2924,0,0][A23,157,0,0][C,  024687,0,0] || [TOP] [A155,2924,0,0][A23,157,0,0] || [TOP] [A23,154,0,0][A155,2901,0,0] || [TOP] [A23,154,0,0][A155,2901,0,0][C,  024686,1,0] || [TOP] [A23,154,0,0][A155,2901,0,0][C,  024687,0,0] || [TOP] [A23,157,0,0][A155,2901,0,0][C,  024686,1,0] || [TOP] [A23,157,0,0][A155,2901,0,0][C,  024687,0,0] || [TOP] [A23,157,0,0][A155,2901,0,0] || [TOP] [A23,154,0,0][A155,2908,0,0] || [TOP] [A23,154,0,0][A155,2908,0,0][C,  024686,1,0] || [TOP] [A23,154,0,0][A155,2908,0,0][C,  024687,0,0] || [TOP] [A23,157,0,0][A155,2908,0,0][C,  024686,1,0] || [TOP] [A23,157,0,0][A155,2908,0,0][C,  024687,0,0] || [TOP] [A23,157,0,0][A155,2908,0,0] || [APPLICATION] [A155,2932,0,0][A23,157,0,0][C,  018107,1,0]","drilldown\pl_id_3187\L0\Itm_M3187_C8450_I7_L0.xml","drilldown\pl_id_3187\Itm_M3187_C8450_I7_attributes.xml","drilldown\pl_id_3187\tl_M3187_C8450_attributes.xml","menus\pl_id_3187_attributes.xml"
"M3187","C8450","I7","GJB9463BALFN","87748","145060","XK8 Coupe/Convertible up to (V) 042775/INTERIOR TRIM AND LININGS/FLOOR COVERINGS/CARPETS","Drop in carpet","Flint grey > LHD > LH front floor > To VIN (024686)","XK8 Coupe Convertible up to (V) 042775 > INTERIOR TRIM AND LININGS > FLOOR COVERINGS > CARPETS > Drop in carpet > Flint grey > LHD > LH front floor > To VIN (024686)","[A37,615,0,0,1][A155,2932,0,0][A23,154,0,0][C,  018107,1,0][A155,2932,0,0][A23,157,0,0][C,  018107,1,0][A155,2924,0,0][A23,154,0,0][A155,2924,0,0][A23,154,0,0][C,  024686,1,0][A155,2924,0,0][A23,154,0,0][C,  024687,0,0][A155,2924,0,0][A23,157,0,0][C,  024686,1,0][A155,2924,0,0][A23,157,0,0][C,  024687,0,0][A155,2924,0,0][A23,157,0,0][A23,154,0,0][A155,2901,0,0][A23,154,0,0][A155,2901,0,0][C,  024686,1,0][A23,154,0,0][A155,2901,0,0][C,  024687,0,0][A23,157,0,0][A155,2901,0,0][C,  024686,1,0][A23,157,0,0][A155,2901,0,0][C,  024687,0,0][A23,157,0,0][A155,2901,0,0][A23,154,0,0][A155,2908,0,0][A23,154,0,0][A155,2908,0,0][C,  024686,1,0][A23,154,0,0][A155,2908,0,0][C,  024687,0,0][A23,157,0,0][A155,2908,0,0][C,  024686,1,0][A23,157,0,0][A155,2908,0,0][C,  024687,0,0][A23,157,0,0][A155,2908,0,0][A155,2924,0,0][A23,154,0,0][C,  024686,1,0]","[CATEGORY] [A37,615,0,0,1] || [TOP] [A155,2932,0,0][A23,154,0,0][C,  018107,1,0] || [TOP] [A155,2932,0,0][A23,157,0,0][C,  018107,1,0] || [TOP] [A155,2924,0,0][A23,154,0,0] || [TOP] [A155,2924,0,0][A23,154,0,0][C,  024686,1,0] || [TOP] [A155,2924,0,0][A23,154,0,0][C,  024687,0,0] || [TOP] [A155,2924,0,0][A23,157,0,0][C,  024686,1,0] || [TOP] [A155,2924,0,0][A23,157,0,0][C,  024687,0,0] || [TOP] [A155,2924,0,0][A23,157,0,0] || [TOP] [A23,154,0,0][A155,2901,0,0] || [TOP] [A23,154,0,0][A155,2901,0,0][C,  024686,1,0] || [TOP] [A23,154,0,0][A155,2901,0,0][C,  024687,0,0] || [TOP] [A23,157,0,0][A155,2901,0,0][C,  024686,1,0] || [TOP] [A23,157,0,0][A155,2901,0,0][C,  024687,0,0] || [TOP] [A23,157,0,0][A155,2901,0,0] || [TOP] [A23,154,0,0][A155,2908,0,0] || [TOP] [A23,154,0,0][A155,2908,0,0][C,  024686,1,0] || [TOP] [A23,154,0,0][A155,2908,0,0][C,  024687,0,0] || [TOP] [A23,157,0,0][A155,2908,0,0][C,  024686,1,0] || [TOP] [A23,157,0,0][A155,2908,0,0][C,  024687,0,0] || [TOP] [A23,157,0,0][A155,2908,0,0] || [APPLICATION] [A155,2924,0,0][A23,154,0,0][C,  024686,1,0]","drilldown\pl_id_3187\L0\Itm_M3187_C8450_I7_L0.xml","drilldown\pl_id_3187\Itm_M3187_C8450_I7_attributes.xml","drilldown\pl_id_3187\tl_M3187_C8450_attributes.xml","menus\pl_id_3187_attributes.xml"
"M3187","C8450","I7","GJC9463BALFN","92665","158492","XK8 Coupe/Convertible up to (V) 042775/INTERIOR TRIM AND LININGS/FLOOR COVERINGS/CARPETS","Drop in carpet","Flint grey > LHD > LH front floor > From VIN (024687)","XK8 Coupe Convertible up to (V) 042775 > INTERIOR TRIM AND LININGS > FLOOR COVERINGS > CARPETS > Drop in carpet > Flint grey > LHD > LH front floor > From VIN (024687)","[A37,615,0,0,1][A155,2932,0,0][A23,154,0,0][C,  018107,1,0][A155,2932,0,0][A23,157,0,0][C,  018107,1,0][A155,2924,0,0][A23,154,0,0][A155,2924,0,0][A23,154,0,0][C,  024686,1,0][A155,2924,0,0][A23,154,0,0][C,  024687,0,0][A155,2924,0,0][A23,157,0,0][C,  024686,1,0][A155,2924,0,0][A23,157,0,0][C,  024687,0,0][A155,2924,0,0][A23,157,0,0][A23,154,0,0][A155,2901,0,0][A23,154,0,0][A155,2901,0,0][C,  024686,1,0][A23,154,0,0][A155,2901,0,0][C,  024687,0,0][A23,157,0,0][A155,2901,0,0][C,  024686,1,0][A23,157,0,0][A155,2901,0,0][C,  024687,0,0][A23,157,0,0][A155,2901,0,0][A23,154,0,0][A155,2908,0,0][A23,154,0,0][A155,2908,0,0][C,  024686,1,0][A23,154,0,0][A155,2908,0,0][C,  024687,0,0][A23,157,0,0][A155,2908,0,0][C,  024686,1,0][A23,157,0,0][A155,2908,0,0][C,  024687,0,0][A23,157,0,0][A155,2908,0,0][A155,2924,0,0][A23,154,0,0][C,  024687,0,0]","[CATEGORY] [A37,615,0,0,1] || [TOP] [A155,2932,0,0][A23,154,0,0][C,  018107,1,0] || [TOP] [A155,2932,0,0][A23,157,0,0][C,  018107,1,0] || [TOP] [A155,2924,0,0][A23,154,0,0] || [TOP] [A155,2924,0,0][A23,154,0,0][C,  024686,1,0] || [TOP] [A155,2924,0,0][A23,154,0,0][C,  024687,0,0] || [TOP] [A155,2924,0,0][A23,157,0,0][C,  024686,1,0] || [TOP] [A155,2924,0,0][A23,157,0,0][C,  024687,0,0] || [TOP] [A155,2924,0,0][A23,157,0,0] || [TOP] [A23,154,0,0][A155,2901,0,0] || [TOP] [A23,154,0,0][A155,2901,0,0][C,  024686,1,0] || [TOP] [A23,154,0,0][A155,2901,0,0][C,  024687,0,0] || [TOP] [A23,157,0,0][A155,2901,0,0][C,  024686,1,0] || [TOP] [A23,157,0,0][A155,2901,0,0][C,  024687,0,0] || [TOP] [A23,157,0,0][A155,2901,0,0] || [TOP] [A23,154,0,0][A155,2908,0,0] || [TOP] [A23,154,0,0][A155,2908,0,0][C,  024686,1,0] || [TOP] [A23,154,0,0][A155,2908,0,0][C,  024687,0,0] || [TOP] [A23,157,0,0][A155,2908,0,0][C,  024686,1,0] || [TOP] [A23,157,0,0][A155,2908,0,0][C,  024687,0,0] || [TOP] [A23,157,0,0][A155,2908,0,0] || [APPLICATION] [A155,2924,0,0][A23,154,0,0][C,  024687,0,0]","drilldown\pl_id_3187\L0\Itm_M3187_C8450_I7_L0.xml","drilldown\pl_id_3187\Itm_M3187_C8450_I7_attributes.xml","drilldown\pl_id_3187\tl_M3187_C8450_attributes.xml","menus\pl_id_3187_attributes.xml"
"M3187","C8450","I7","GJB9462BALFN","87752","145070","XK8 Coupe/Convertible up to (V) 042775/INTERIOR TRIM AND LININGS/FLOOR COVERINGS/CARPETS","Drop in carpet","Flint grey > LHD > RH front floor","XK8 Coupe Convertible up to (V) 042775 > INTERIOR TRIM AND LININGS > FLOOR COVERINGS > CARPETS > Drop in carpet > Flint grey > LHD > RH front floor","[A37,615,0,0,1][A155,2932,0,0][A23,154,0,0][C,  018107,1,0][A155,2932,0,0][A23,157,0,0][C,  018107,1,0][A155,2924,0,0][A23,154,0,0][A155,2924,0,0][A23,154,0,0][C,  024686,1,0][A155,2924,0,0][A23,154,0,0][C,  024687,0,0][A155,2924,0,0][A23,157,0,0][C,  024686,1,0][A155,2924,0,0][A23,157,0,0][C,  024687,0,0][A155,2924,0,0][A23,157,0,0][A23,154,0,0][A155,2901,0,0][A23,154,0,0][A155,2901,0,0][C,  024686,1,0][A23,154,0,0][A155,2901,0,0][C,  024687,0,0][A23,157,0,0][A155,2901,0,0][C,  024686,1,0][A23,157,0,0][A155,2901,0,0][C,  024687,0,0][A23,157,0,0][A155,2901,0,0][A23,154,0,0][A155,2908,0,0][A23,154,0,0][A155,2908,0,0][C,  024686,1,0][A23,154,0,0][A155,2908,0,0][C,  024687,0,0][A23,157,0,0][A155,2908,0,0][C,  024686,1,0][A23,157,0,0][A155,2908,0,0][C,  024687,0,0][A23,157,0,0][A155,2908,0,0][A155,2924,0,0][A23,154,0,0]","[CATEGORY] [A37,615,0,0,1] || [TOP] [A155,2932,0,0][A23,154,0,0][C,  018107,1,0] || [TOP] [A155,2932,0,0][A23,157,0,0][C,  018107,1,0] || [TOP] [A155,2924,0,0][A23,154,0,0] || [TOP] [A155,2924,0,0][A23,154,0,0][C,  024686,1,0] || [TOP] [A155,2924,0,0][A23,154,0,0][C,  024687,0,0] || [TOP] [A155,2924,0,0][A23,157,0,0][C,  024686,1,0] || [TOP] [A155,2924,0,0][A23,157,0,0][C,  024687,0,0] || [TOP] [A155,2924,0,0][A23,157,0,0] || [TOP] [A23,154,0,0][A155,2901,0,0] || [TOP] [A23,154,0,0][A155,2901,0,0][C,  024686,1,0] || [TOP] [A23,154,0,0][A155,2901,0,0][C,  024687,0,0] || [TOP] [A23,157,0,0][A155,2901,0,0][C,  024686,1,0] || [TOP] [A23,157,0,0][A155,2901,0,0][C,  024687,0,0] || [TOP] [A23,157,0,0][A155,2901,0,0] || [TOP] [A23,154,0,0][A155,2908,0,0] || [TOP] [A23,154,0,0][A155,2908,0,0][C,  024686,1,0] || [TOP] [A23,154,0,0][A155,2908,0,0][C,  024687,0,0] || [TOP] [A23,157,0,0][A155,2908,0,0][C,  024686,1,0] || [TOP] [A23,157,0,0][A155,2908,0,0][C,  024687,0,0] || [TOP] [A23,157,0,0][A155,2908,0,0] || [APPLICATION] [A155,2924,0,0][A23,154,0,0]","drilldown\pl_id_3187\L0\Itm_M3187_C8450_I7_L0.xml","drilldown\pl_id_3187\Itm_M3187_C8450_I7_attributes.xml","drilldown\pl_id_3187\tl_M3187_C8450_attributes.xml","menus\pl_id_3187_attributes.xml"
"M3187","C8450","I7","GJB9463AALFN","87742","145040","XK8 Coupe/Convertible up to (V) 042775/INTERIOR TRIM AND LININGS/FLOOR COVERINGS/CARPETS","Drop in carpet","Flint grey > RHD > LH front floor","XK8 Coupe Convertible up to (V) 042775 > INTERIOR TRIM AND LININGS > FLOOR COVERINGS > CARPETS > Drop in carpet > Flint grey > RHD > LH front floor","[A37,615,0,0,1][A155,2932,0,0][A23,154,0,0][C,  018107,1,0][A155,2932,0,0][A23,157,0,0][C,  018107,1,0][A155,2924,0,0][A23,154,0,0][A155,2924,0,0][A23,154,0,0][C,  024686,1,0][A155,2924,0,0][A23,154,0,0][C,  024687,0,0][A155,2924,0,0][A23,157,0,0][C,  024686,1,0][A155,2924,0,0][A23,157,0,0][C,  024687,0,0][A155,2924,0,0][A23,157,0,0][A23,154,0,0][A155,2901,0,0][A23,154,0,0][A155,2901,0,0][C,  024686,1,0][A23,154,0,0][A155,2901,0,0][C,  024687,0,0][A23,157,0,0][A155,2901,0,0][C,  024686,1,0][A23,157,0,0][A155,2901,0,0][C,  024687,0,0][A23,157,0,0][A155,2901,0,0][A23,154,0,0][A155,2908,0,0][A23,154,0,0][A155,2908,0,0][C,  024686,1,0][A23,154,0,0][A155,2908,0,0][C,  024687,0,0][A23,157,0,0][A155,2908,0,0][C,  024686,1,0][A23,157,0,0][A155,2908,0,0][C,  024687,0,0][A23,157,0,0][A155,2908,0,0][A155,2924,0,0][A23,157,0,0]","[CATEGORY] [A37,615,0,0,1] || [TOP] [A155,2932,0,0][A23,154,0,0][C,  018107,1,0] || [TOP] [A155,2932,0,0][A23,157,0,0][C,  018107,1,0] || [TOP] [A155,2924,0,0][A23,154,0,0] || [TOP] [A155,2924,0,0][A23,154,0,0][C,  024686,1,0] || [TOP] [A155,2924,0,0][A23,154,0,0][C,  024687,0,0] || [TOP] [A155,2924,0,0][A23,157,0,0][C,  024686,1,0] || [TOP] [A155,2924,0,0][A23,157,0,0][C,  024687,0,0] || [TOP] [A155,2924,0,0][A23,157,0,0] || [TOP] [A23,154,0,0][A155,2901,0,0] || [TOP] [A23,154,0,0][A155,2901,0,0][C,  024686,1,0] || [TOP] [A23,154,0,0][A155,2901,0,0][C,  024687,0,0] || [TOP] [A23,157,0,0][A155,2901,0,0][C,  024686,1,0] || [TOP] [A23,157,0,0][A155,2901,0,0][C,  024687,0,0] || [TOP] [A23,157,0,0][A155,2901,0,0] || [TOP] [A23,154,0,0][A155,2908,0,0] || [TOP] [A23,154,0,0][A155,2908,0,0][C,  024686,1,0] || [TOP] [A23,154,0,0][A155,2908,0,0][C,  024687,0,0] || [TOP] [A23,157,0,0][A155,2908,0,0][C,  024686,1,0] || [TOP] [A23,157,0,0][A155,2908,0,0][C,  024687,0,0] || [TOP] [A23,157,0,0][A155,2908,0,0] || [APPLICATION] [A155,2924,0,0][A23,157,0,0]","drilldown\pl_id_3187\L0\Itm_M3187_C8450_I7_L0.xml","drilldown\pl_id_3187\Itm_M3187_C8450_I7_attributes.xml","drilldown\pl_id_3187\tl_M3187_C8450_attributes.xml","menus\pl_id_3187_attributes.xml"
"M3187","C8450","I7","GJB9462AALFN","87738","145032","XK8 Coupe/Convertible up to (V) 042775/INTERIOR TRIM AND LININGS/FLOOR COVERINGS/CARPETS","Drop in carpet","Flint grey > RHD > RH front floor > To VIN (024686)","XK8 Coupe Convertible up to (V) 042775 > INTERIOR TRIM AND LININGS > FLOOR COVERINGS > CARPETS > Drop in carpet > Flint grey > RHD > RH front floor > To VIN (024686)","[A37,615,0,0,1][A155,2932,0,0][A23,154,0,0][C,  018107,1,0][A155,2932,0,0][A23,157,0,0][C,  018107,1,0][A155,2924,0,0][A23,154,0,0][A155,2924,0,0][A23,154,0,0][C,  024686,1,0][A155,2924,0,0][A23,154,0,0][C,  024687,0,0][A155,2924,0,0][A23,157,0,0][C,  024686,1,0][A155,2924,0,0][A23,157,0,0][C,  024687,0,0][A155,2924,0,0][A23,157,0,0][A23,154,0,0][A155,2901,0,0][A23,154,0,0][A155,2901,0,0][C,  024686,1,0][A23,154,0,0][A155,2901,0,0][C,  024687,0,0][A23,157,0,0][A155,2901,0,0][C,  024686,1,0][A23,157,0,0][A155,2901,0,0][C,  024687,0,0][A23,157,0,0][A155,2901,0,0][A23,154,0,0][A155,2908,0,0][A23,154,0,0][A155,2908,0,0][C,  024686,1,0][A23,154,0,0][A155,2908,0,0][C,  024687,0,0][A23,157,0,0][A155,2908,0,0][C,  024686,1,0][A23,157,0,0][A155,2908,0,0][C,  024687,0,0][A23,157,0,0][A155,2908,0,0][A155,2924,0,0][A23,157,0,0][C,  024686,1,0]","[CATEGORY] [A37,615,0,0,1] || [TOP] [A155,2932,0,0][A23,154,0,0][C,  018107,1,0] || [TOP] [A155,2932,0,0][A23,157,0,0][C,  018107,1,0] || [TOP] [A155,2924,0,0][A23,154,0,0] || [TOP] [A155,2924,0,0][A23,154,0,0][C,  024686,1,0] || [TOP] [A155,2924,0,0][A23,154,0,0][C,  024687,0,0] || [TOP] [A155,2924,0,0][A23,157,0,0][C,  024686,1,0] || [TOP] [A155,2924,0,0][A23,157,0,0][C,  024687,0,0] || [TOP] [A155,2924,0,0][A23,157,0,0] || [TOP] [A23,154,0,0][A155,2901,0,0] || [TOP] [A23,154,0,0][A155,2901,0,0][C,  024686,1,0] || [TOP] [A23,154,0,0][A155,2901,0,0][C,  024687,0,0] || [TOP] [A23,157,0,0][A155,2901,0,0][C,  024686,1,0] || [TOP] [A23,157,0,0][A155,2901,0,0][C,  024687,0,0] || [TOP] [A23,157,0,0][A155,2901,0,0] || [TOP] [A23,154,0,0][A155,2908,0,0] || [TOP] [A23,154,0,0][A155,2908,0,0][C,  024686,1,0] || [TOP] [A23,154,0,0][A155,2908,0,0][C,  024687,0,0] || [TOP] [A23,157,0,0][A155,2908,0,0][C,  024686,1,0] || [TOP] [A23,157,0,0][A155,2908,0,0][C,  024687,0,0] || [TOP] [A23,157,0,0][A155,2908,0,0] || [APPLICATION] [A155,2924,0,0][A23,157,0,0][C,  024686,1,0]","drilldown\pl_id_3187\L0\Itm_M3187_C8450_I7_L0.xml","drilldown\pl_id_3187\Itm_M3187_C8450_I7_attributes.xml","drilldown\pl_id_3187\tl_M3187_C8450_attributes.xml","menus\pl_id_3187_attributes.xml"
"M3187","C8450","I7","GJC9462AALFN","92663","158483","XK8 Coupe/Convertible up to (V) 042775/INTERIOR TRIM AND LININGS/FLOOR COVERINGS/CARPETS","Drop in carpet","Flint grey > RHD > RH front floor > From VIN (024687)","XK8 Coupe Convertible up to (V) 042775 > INTERIOR TRIM AND LININGS > FLOOR COVERINGS > CARPETS > Drop in carpet > Flint grey > RHD > RH front floor > From VIN (024687)","[A37,615,0,0,1][A155,2932,0,0][A23,154,0,0][C,  018107,1,0][A155,2932,0,0][A23,157,0,0][C,  018107,1,0][A155,2924,0,0][A23,154,0,0][A155,2924,0,0][A23,154,0,0][C,  024686,1,0][A155,2924,0,0][A23,154,0,0][C,  024687,0,0][A155,2924,0,0][A23,157,0,0][C,  024686,1,0][A155,2924,0,0][A23,157,0,0][C,  024687,0,0][A155,2924,0,0][A23,157,0,0][A23,154,0,0][A155,2901,0,0][A23,154,0,0][A155,2901,0,0][C,  024686,1,0][A23,154,0,0][A155,2901,0,0][C,  024687,0,0][A23,157,0,0][A155,2901,0,0][C,  024686,1,0][A23,157,0,0][A155,2901,0,0][C,  024687,0,0][A23,157,0,0][A155,2901,0,0][A23,154,0,0][A155,2908,0,0][A23,154,0,0][A155,2908,0,0][C,  024686,1,0][A23,154,0,0][A155,2908,0,0][C,  024687,0,0][A23,157,0,0][A155,2908,0,0][C,  024686,1,0][A23,157,0,0][A155,2908,0,0][C,  024687,0,0][A23,157,0,0][A155,2908,0,0][A155,2924,0,0][A23,157,0,0][C,  024687,0,0]","[CATEGORY] [A37,615,0,0,1] || [TOP] [A155,2932,0,0][A23,154,0,0][C,  018107,1,0] || [TOP] [A155,2932,0,0][A23,157,0,0][C,  018107,1,0] || [TOP] [A155,2924,0,0][A23,154,0,0] || [TOP] [A155,2924,0,0][A23,154,0,0][C,  024686,1,0] || [TOP] [A155,2924,0,0][A23,154,0,0][C,  024687,0,0] || [TOP] [A155,2924,0,0][A23,157,0,0][C,  024686,1,0] || [TOP] [A155,2924,0,0][A23,157,0,0][C,  024687,0,0] || [TOP] [A155,2924,0,0][A23,157,0,0] || [TOP] [A23,154,0,0][A155,2901,0,0] || [TOP] [A23,154,0,0][A155,2901,0,0][C,  024686,1,0] || [TOP] [A23,154,0,0][A155,2901,0,0][C,  024687,0,0] || [TOP] [A23,157,0,0][A155,2901,0,0][C,  024686,1,0] || [TOP] [A23,157,0,0][A155,2901,0,0][C,  024687,0,0] || [TOP] [A23,157,0,0][A155,2901,0,0] || [TOP] [A23,154,0,0][A155,2908,0,0] || [TOP] [A23,154,0,0][A155,2908,0,0][C,  024686,1,0] || [TOP] [A23,154,0,0][A155,2908,0,0][C,  024687,0,0] || [TOP] [A23,157,0,0][A155,2908,0,0][C,  024686,1,0] || [TOP] [A23,157,0,0][A155,2908,0,0][C,  024687,0,0] || [TOP] [A23,157,0,0][A155,2908,0,0] || [APPLICATION] [A155,2924,0,0][A23,157,0,0][C,  024687,0,0]","drilldown\pl_id_3187\L0\Itm_M3187_C8450_I7_L0.xml","drilldown\pl_id_3187\Itm_M3187_C8450_I7_attributes.xml","drilldown\pl_id_3187\tl_M3187_C8450_attributes.xml","menus\pl_id_3187_attributes.xml"
"M3187","C8450","I7","GJB9463BAAEK","87750","145064","XK8 Coupe/Convertible up to (V) 042775/INTERIOR TRIM AND LININGS/FLOOR COVERINGS/CARPETS","Drop in carpet","Sable > LHD > LH front floor > To VIN (024686)","XK8 Coupe Convertible up to (V) 042775 > INTERIOR TRIM AND LININGS > FLOOR COVERINGS > CARPETS > Drop in carpet > Sable > LHD > LH front floor > To VIN (024686)","[A37,615,0,0,1][A155,2932,0,0][A23,154,0,0][C,  018107,1,0][A155,2932,0,0][A23,157,0,0][C,  018107,1,0][A155,2924,0,0][A23,154,0,0][A155,2924,0,0][A23,154,0,0][C,  024686,1,0][A155,2924,0,0][A23,154,0,0][C,  024687,0,0][A155,2924,0,0][A23,157,0,0][C,  024686,1,0][A155,2924,0,0][A23,157,0,0][C,  024687,0,0][A155,2924,0,0][A23,157,0,0][A23,154,0,0][A155,2901,0,0][A23,154,0,0][A155,2901,0,0][C,  024686,1,0][A23,154,0,0][A155,2901,0,0][C,  024687,0,0][A23,157,0,0][A155,2901,0,0][C,  024686,1,0][A23,157,0,0][A155,2901,0,0][C,  024687,0,0][A23,157,0,0][A155,2901,0,0][A23,154,0,0][A155,2908,0,0][A23,154,0,0][A155,2908,0,0][C,  024686,1,0][A23,154,0,0][A155,2908,0,0][C,  024687,0,0][A23,157,0,0][A155,2908,0,0][C,  024686,1,0][A23,157,0,0][A155,2908,0,0][C,  024687,0,0][A23,157,0,0][A155,2908,0,0][A23,154,0,0][A155,2901,0,0][C,  024686,1,0]","[CATEGORY] [A37,615,0,0,1] || [TOP] [A155,2932,0,0][A23,154,0,0][C,  018107,1,0] || [TOP] [A155,2932,0,0][A23,157,0,0][C,  018107,1,0] || [TOP] [A155,2924,0,0][A23,154,0,0] || [TOP] [A155,2924,0,0][A23,154,0,0][C,  024686,1,0] || [TOP] [A155,2924,0,0][A23,154,0,0][C,  024687,0,0] || [TOP] [A155,2924,0,0][A23,157,0,0][C,  024686,1,0] || [TOP] [A155,2924,0,0][A23,157,0,0][C,  024687,0,0] || [TOP] [A155,2924,0,0][A23,157,0,0] || [TOP] [A23,154,0,0][A155,2901,0,0] || [TOP] [A23,154,0,0][A155,2901,0,0][C,  024686,1,0] || [TOP] [A23,154,0,0][A155,2901,0,0][C,  024687,0,0] || [TOP] [A23,157,0,0][A155,2901,0,0][C,  024686,1,0] || [TOP] [A23,157,0,0][A155,2901,0,0][C,  024687,0,0] || [TOP] [A23,157,0,0][A155,2901,0,0] || [TOP] [A23,154,0,0][A155,2908,0,0] || [TOP] [A23,154,0,0][A155,2908,0,0][C,  024686,1,0] || [TOP] [A23,154,0,0][A155,2908,0,0][C,  024687,0,0] || [TOP] [A23,157,0,0][A155,2908,0,0][C,  024686,1,0] || [TOP] [A23,157,0,0][A155,2908,0,0][C,  024687,0,0] || [TOP] [A23,157,0,0][A155,2908,0,0] || [APPLICATION] [A23,154,0,0][A155,2901,0,0][C,  024686,1,0]","drilldown\pl_id_3187\L0\Itm_M3187_C8450_I7_L0.xml","drilldown\pl_id_3187\Itm_M3187_C8450_I7_attributes.xml","drilldown\pl_id_3187\tl_M3187_C8450_attributes.xml","menus\pl_id_3187_attributes.xml"
"M3187","C8450","I7","GJC9463BAAEK","92664","158487","XK8 Coupe/Convertible up to (V) 042775/INTERIOR TRIM AND LININGS/FLOOR COVERINGS/CARPETS","Drop in carpet","Sable > LHD > LH front floor > From VIN (024687)","XK8 Coupe Convertible up to (V) 042775 > INTERIOR TRIM AND LININGS > FLOOR COVERINGS > CARPETS > Drop in carpet > Sable > LHD > LH front floor > From VIN (024687)","[A37,615,0,0,1][A155,2932,0,0][A23,154,0,0][C,  018107,1,0][A155,2932,0,0][A23,157,0,0][C,  018107,1,0][A155,2924,0,0][A23,154,0,0][A155,2924,0,0][A23,154,0,0][C,  024686,1,0][A155,2924,0,0][A23,154,0,0][C,  024687,0,0][A155,2924,0,0][A23,157,0,0][C,  024686,1,0][A155,2924,0,0][A23,157,0,0][C,  024687,0,0][A155,2924,0,0][A23,157,0,0][A23,154,0,0][A155,2901,0,0][A23,154,0,0][A155,2901,0,0][C,  024686,1,0][A23,154,0,0][A155,2901,0,0][C,  024687,0,0][A23,157,0,0][A155,2901,0,0][C,  024686,1,0][A23,157,0,0][A155,2901,0,0][C,  024687,0,0][A23,157,0,0][A155,2901,0,0][A23,154,0,0][A155,2908,0,0][A23,154,0,0][A155,2908,0,0][C,  024686,1,0][A23,154,0,0][A155,2908,0,0][C,  024687,0,0][A23,157,0,0][A155,2908,0,0][C,  024686,1,0][A23,157,0,0][A155,2908,0,0][C,  024687,0,0][A23,157,0,0][A155,2908,0,0][A23,154,0,0][A155,2901,0,0][C,  024687,0,0]","[CATEGORY] [A37,615,0,0,1] || [TOP] [A155,2932,0,0][A23,154,0,0][C,  018107,1,0] || [TOP] [A155,2932,0,0][A23,157,0,0][C,  018107,1,0] || [TOP] [A155,2924,0,0][A23,154,0,0] || [TOP] [A155,2924,0,0][A23,154,0,0][C,  024686,1,0] || [TOP] [A155,2924,0,0][A23,154,0,0][C,  024687,0,0] || [TOP] [A155,2924,0,0][A23,157,0,0][C,  024686,1,0] || [TOP] [A155,2924,0,0][A23,157,0,0][C,  024687,0,0] || [TOP] [A155,2924,0,0][A23,157,0,0] || [TOP] [A23,154,0,0][A155,2901,0,0] || [TOP] [A23,154,0,0][A155,2901,0,0][C,  024686,1,0] || [TOP] [A23,154,0,0][A155,2901,0,0][C,  024687,0,0] || [TOP] [A23,157,0,0][A155,2901,0,0][C,  024686,1,0] || [TOP] [A23,157,0,0][A155,2901,0,0][C,  024687,0,0] || [TOP] [A23,157,0,0][A155,2901,0,0] || [TOP] [A23,154,0,0][A155,2908,0,0] || [TOP] [A23,154,0,0][A155,2908,0,0][C,  024686,1,0] || [TOP] [A23,154,0,0][A155,2908,0,0][C,  024687,0,0] || [TOP] [A23,157,0,0][A155,2908,0,0][C,  024686,1,0] || [TOP] [A23,157,0,0][A155,2908,0,0][C,  024687,0,0] || [TOP] [A23,157,0,0][A155,2908,0,0] || [APPLICATION] [A23,154,0,0][A155,2901,0,0][C,  024687,0,0]","drilldown\pl_id_3187\L0\Itm_M3187_C8450_I7_L0.xml","drilldown\pl_id_3187\Itm_M3187_C8450_I7_attributes.xml","drilldown\pl_id_3187\tl_M3187_C8450_attributes.xml","menus\pl_id_3187_attributes.xml"
"M3187","C8450","I7","GJB9462BAAEK","87754","145082","XK8 Coupe/Convertible up to (V) 042775/INTERIOR TRIM AND LININGS/FLOOR COVERINGS/CARPETS","Drop in carpet","Sable > LHD > RH front floor","XK8 Coupe Convertible up to (V) 042775 > INTERIOR TRIM AND LININGS > FLOOR COVERINGS > CARPETS > Drop in carpet > Sable > LHD > RH front floor","[A37,615,0,0,1][A155,2932,0,0][A23,154,0,0][C,  018107,1,0][A155,2932,0,0][A23,157,0,0][C,  018107,1,0][A155,2924,0,0][A23,154,0,0][A155,2924,0,0][A23,154,0,0][C,  024686,1,0][A155,2924,0,0][A23,154,0,0][C,  024687,0,0][A155,2924,0,0][A23,157,0,0][C,  024686,1,0][A155,2924,0,0][A23,157,0,0][C,  024687,0,0][A155,2924,0,0][A23,157,0,0][A23,154,0,0][A155,2901,0,0][A23,154,0,0][A155,2901,0,0][C,  024686,1,0][A23,154,0,0][A155,2901,0,0][C,  024687,0,0][A23,157,0,0][A155,2901,0,0][C,  024686,1,0][A23,157,0,0][A155,2901,0,0][C,  024687,0,0][A23,157,0,0][A155,2901,0,0][A23,154,0,0][A155,2908,0,0][A23,154,0,0][A155,2908,0,0][C,  024686,1,0][A23,154,0,0][A155,2908,0,0][C,  024687,0,0][A23,157,0,0][A155,2908,0,0][C,  024686,1,0][A23,157,0,0][A155,2908,0,0][C,  024687,0,0][A23,157,0,0][A155,2908,0,0][A23,154,0,0][A155,2901,0,0]","[CATEGORY] [A37,615,0,0,1] || [TOP] [A155,2932,0,0][A23,154,0,0][C,  018107,1,0] || [TOP] [A155,2932,0,0][A23,157,0,0][C,  018107,1,0] || [TOP] [A155,2924,0,0][A23,154,0,0] || [TOP] [A155,2924,0,0][A23,154,0,0][C,  024686,1,0] || [TOP] [A155,2924,0,0][A23,154,0,0][C,  024687,0,0] || [TOP] [A155,2924,0,0][A23,157,0,0][C,  024686,1,0] || [TOP] [A155,2924,0,0][A23,157,0,0][C,  024687,0,0] || [TOP] [A155,2924,0,0][A23,157,0,0] || [TOP] [A23,154,0,0][A155,2901,0,0] || [TOP] [A23,154,0,0][A155,2901,0,0][C,  024686,1,0] || [TOP] [A23,154,0,0][A155,2901,0,0][C,  024687,0,0] || [TOP] [A23,157,0,0][A155,2901,0,0][C,  024686,1,0] || [TOP] [A23,157,0,0][A155,2901,0,0][C,  024687,0,0] || [TOP] [A23,157,0,0][A155,2901,0,0] || [TOP] [A23,154,0,0][A155,2908,0,0] || [TOP] [A23,154,0,0][A155,2908,0,0][C,  024686,1,0] || [TOP] [A23,154,0,0][A155,2908,0,0][C,  024687,0,0] || [TOP] [A23,157,0,0][A155,2908,0,0][C,  024686,1,0] || [TOP] [A23,157,0,0][A155,2908,0,0][C,  024687,0,0] || [TOP] [A23,157,0,0][A155,2908,0,0] || [APPLICATION] [A23,154,0,0][A155,2901,0,0]","drilldown\pl_id_3187\L0\Itm_M3187_C8450_I7_L0.xml","drilldown\pl_id_3187\Itm_M3187_C8450_I7_attributes.xml","drilldown\pl_id_3187\tl_M3187_C8450_attributes.xml","menus\pl_id_3187_attributes.xml"
"M3187","C8450","I7","GJB9463AAAEK","87744","145046","XK8 Coupe/Convertible up to (V) 042775/INTERIOR TRIM AND LININGS/FLOOR COVERINGS/CARPETS","Drop in carpet","Sable > RHD > LH front floor","XK8 Coupe Convertible up to (V) 042775 > INTERIOR TRIM AND LININGS > FLOOR COVERINGS > CARPETS > Drop in carpet > Sable > RHD > LH front floor","[A37,615,0,0,1][A155,2932,0,0][A23,154,0,0][C,  018107,1,0][A155,2932,0,0][A23,157,0,0][C,  018107,1,0][A155,2924,0,0][A23,154,0,0][A155,2924,0,0][A23,154,0,0][C,  024686,1,0][A155,2924,0,0][A23,154,0,0][C,  024687,0,0][A155,2924,0,0][A23,157,0,0][C,  024686,1,0][A155,2924,0,0][A23,157,0,0][C,  024687,0,0][A155,2924,0,0][A23,157,0,0][A23,154,0,0][A155,2901,0,0][A23,154,0,0][A155,2901,0,0][C,  024686,1,0][A23,154,0,0][A155,2901,0,0][C,  024687,0,0][A23,157,0,0][A155,2901,0,0][C,  024686,1,0][A23,157,0,0][A155,2901,0,0][C,  024687,0,0][A23,157,0,0][A155,2901,0,0][A23,154,0,0][A155,2908,0,0][A23,154,0,0][A155,2908,0,0][C,  024686,1,0][A23,154,0,0][A155,2908,0,0][C,  024687,0,0][A23,157,0,0][A155,2908,0,0][C,  024686,1,0][A23,157,0,0][A155,2908,0,0][C,  024687,0,0][A23,157,0,0][A155,2908,0,0][A23,157,0,0][A155,2901,0,0]","[CATEGORY] [A37,615,0,0,1] || [TOP] [A155,2932,0,0][A23,154,0,0][C,  018107,1,0] || [TOP] [A155,2932,0,0][A23,157,0,0][C,  018107,1,0] || [TOP] [A155,2924,0,0][A23,154,0,0] || [TOP] [A155,2924,0,0][A23,154,0,0][C,  024686,1,0] || [TOP] [A155,2924,0,0][A23,154,0,0][C,  024687,0,0] || [TOP] [A155,2924,0,0][A23,157,0,0][C,  024686,1,0] || [TOP] [A155,2924,0,0][A23,157,0,0][C,  024687,0,0] || [TOP] [A155,2924,0,0][A23,157,0,0] || [TOP] [A23,154,0,0][A155,2901,0,0] || [TOP] [A23,154,0,0][A155,2901,0,0][C,  024686,1,0] || [TOP] [A23,154,0,0][A155,2901,0,0][C,  024687,0,0] || [TOP] [A23,157,0,0][A155,2901,0,0][C,  024686,1,0] || [TOP] [A23,157,0,0][A155,2901,0,0][C,  024687,0,0] || [TOP] [A23,157,0,0][A155,2901,0,0] || [TOP] [A23,154,0,0][A155,2908,0,0] || [TOP] [A23,154,0,0][A155,2908,0,0][C,  024686,1,0] || [TOP] [A23,154,0,0][A155,2908,0,0][C,  024687,0,0] || [TOP] [A23,157,0,0][A155,2908,0,0][C,  024686,1,0] || [TOP] [A23,157,0,0][A155,2908,0,0][C,  024687,0,0] || [TOP] [A23,157,0,0][A155,2908,0,0] || [APPLICATION] [A23,157,0,0][A155,2901,0,0]","drilldown\pl_id_3187\L0\Itm_M3187_C8450_I7_L0.xml","drilldown\pl_id_3187\Itm_M3187_C8450_I7_attributes.xml","drilldown\pl_id_3187\tl_M3187_C8450_attributes.xml","menus\pl_id_3187_attributes.xml"
"M3187","C8450","I7","GJB9462AAAEK","87740","145036","XK8 Coupe/Convertible up to (V) 042775/INTERIOR TRIM AND LININGS/FLOOR COVERINGS/CARPETS","Drop in carpet","Sable > RHD > RH front floor > To VIN (024686)","XK8 Coupe Convertible up to (V) 042775 > INTERIOR TRIM AND LININGS > FLOOR COVERINGS > CARPETS > Drop in carpet > Sable > RHD > RH front floor > To VIN (024686)","[A37,615,0,0,1][A155,2932,0,0][A23,154,0,0][C,  018107,1,0][A155,2932,0,0][A23,157,0,0][C,  018107,1,0][A155,2924,0,0][A23,154,0,0][A155,2924,0,0][A23,154,0,0][C,  024686,1,0][A155,2924,0,0][A23,154,0,0][C,  024687,0,0][A155,2924,0,0][A23,157,0,0][C,  024686,1,0][A155,2924,0,0][A23,157,0,0][C,  024687,0,0][A155,2924,0,0][A23,157,0,0][A23,154,0,0][A155,2901,0,0][A23,154,0,0][A155,2901,0,0][C,  024686,1,0][A23,154,0,0][A155,2901,0,0][C,  024687,0,0][A23,157,0,0][A155,2901,0,0][C,  024686,1,0][A23,157,0,0][A155,2901,0,0][C,  024687,0,0][A23,157,0,0][A155,2901,0,0][A23,154,0,0][A155,2908,0,0][A23,154,0,0][A155,2908,0,0][C,  024686,1,0][A23,154,0,0][A155,2908,0,0][C,  024687,0,0][A23,157,0,0][A155,2908,0,0][C,  024686,1,0][A23,157,0,0][A155,2908,0,0][C,  024687,0,0][A23,157,0,0][A155,2908,0,0][A23,157,0,0][A155,2901,0,0][C,  024686,1,0]","[CATEGORY] [A37,615,0,0,1] || [TOP] [A155,2932,0,0][A23,154,0,0][C,  018107,1,0] || [TOP] [A155,2932,0,0][A23,157,0,0][C,  018107,1,0] || [TOP] [A155,2924,0,0][A23,154,0,0] || [TOP] [A155,2924,0,0][A23,154,0,0][C,  024686,1,0] || [TOP] [A155,2924,0,0][A23,154,0,0][C,  024687,0,0] || [TOP] [A155,2924,0,0][A23,157,0,0][C,  024686,1,0] || [TOP] [A155,2924,0,0][A23,157,0,0][C,  024687,0,0] || [TOP] [A155,2924,0,0][A23,157,0,0] || [TOP] [A23,154,0,0][A155,2901,0,0] || [TOP] [A23,154,0,0][A155,2901,0,0][C,  024686,1,0] || [TOP] [A23,154,0,0][A155,2901,0,0][C,  024687,0,0] || [TOP] [A23,157,0,0][A155,2901,0,0][C,  024686,1,0] || [TOP] [A23,157,0,0][A155,2901,0,0][C,  024687,0,0] || [TOP] [A23,157,0,0][A155,2901,0,0] || [TOP] [A23,154,0,0][A155,2908,0,0] || [TOP] [A23,154,0,0][A155,2908,0,0][C,  024686,1,0] || [TOP] [A23,154,0,0][A155,2908,0,0][C,  024687,0,0] || [TOP] [A23,157,0,0][A155,2908,0,0][C,  024686,1,0] || [TOP] [A23,157,0,0][A155,2908,0,0][C,  024687,0,0] || [TOP] [A23,157,0,0][A155,2908,0,0] || [APPLICATION] [A23,157,0,0][A155,2901,0,0][C,  024686,1,0]","drilldown\pl_id_3187\L0\Itm_M3187_C8450_I7_L0.xml","drilldown\pl_id_3187\Itm_M3187_C8450_I7_attributes.xml","drilldown\pl_id_3187\tl_M3187_C8450_attributes.xml","menus\pl_id_3187_attributes.xml"
"M3187","C8450","I7","GJC9462AAAEK","92662","158479","XK8 Coupe/Convertible up to (V) 042775/INTERIOR TRIM AND LININGS/FLOOR COVERINGS/CARPETS","Drop in carpet","Sable > RHD > RH front floor > From VIN (024687)","XK8 Coupe Convertible up to (V) 042775 > INTERIOR TRIM AND LININGS > FLOOR COVERINGS > CARPETS > Drop in carpet > Sable > RHD > RH front floor > From VIN (024687)","[A37,615,0,0,1][A155,2932,0,0][A23,154,0,0][C,  018107,1,0][A155,2932,0,0][A23,157,0,0][C,  018107,1,0][A155,2924,0,0][A23,154,0,0][A155,2924,0,0][A23,154,0,0][C,  024686,1,0][A155,2924,0,0][A23,154,0,0][C,  024687,0,0][A155,2924,0,0][A23,157,0,0][C,  024686,1,0][A155,2924,0,0][A23,157,0,0][C,  024687,0,0][A155,2924,0,0][A23,157,0,0][A23,154,0,0][A155,2901,0,0][A23,154,0,0][A155,2901,0,0][C,  024686,1,0][A23,154,0,0][A155,2901,0,0][C,  024687,0,0][A23,157,0,0][A155,2901,0,0][C,  024686,1,0][A23,157,0,0][A155,2901,0,0][C,  024687,0,0][A23,157,0,0][A155,2901,0,0][A23,154,0,0][A155,2908,0,0][A23,154,0,0][A155,2908,0,0][C,  024686,1,0][A23,154,0,0][A155,2908,0,0][C,  024687,0,0][A23,157,0,0][A155,2908,0,0][C,  024686,1,0][A23,157,0,0][A155,2908,0,0][C,  024687,0,0][A23,157,0,0][A155,2908,0,0][A23,157,0,0][A155,2901,0,0][C,  024687,0,0]","[CATEGORY] [A37,615,0,0,1] || [TOP] [A155,2932,0,0][A23,154,0,0][C,  018107,1,0] || [TOP] [A155,2932,0,0][A23,157,0,0][C,  018107,1,0] || [TOP] [A155,2924,0,0][A23,154,0,0] || [TOP] [A155,2924,0,0][A23,154,0,0][C,  024686,1,0] || [TOP] [A155,2924,0,0][A23,154,0,0][C,  024687,0,0] || [TOP] [A155,2924,0,0][A23,157,0,0][C,  024686,1,0] || [TOP] [A155,2924,0,0][A23,157,0,0][C,  024687,0,0] || [TOP] [A155,2924,0,0][A23,157,0,0] || [TOP] [A23,154,0,0][A155,2901,0,0] || [TOP] [A23,154,0,0][A155,2901,0,0][C,  024686,1,0] || [TOP] [A23,154,0,0][A155,2901,0,0][C,  024687,0,0] || [TOP] [A23,157,0,0][A155,2901,0,0][C,  024686,1,0] || [TOP] [A23,157,0,0][A155,2901,0,0][C,  024687,0,0] || [TOP] [A23,157,0,0][A155,2901,0,0] || [TOP] [A23,154,0,0][A155,2908,0,0] || [TOP] [A23,154,0,0][A155,2908,0,0][C,  024686,1,0] || [TOP] [A23,154,0,0][A155,2908,0,0][C,  024687,0,0] || [TOP] [A23,157,0,0][A155,2908,0,0][C,  024686,1,0] || [TOP] [A23,157,0,0][A155,2908,0,0][C,  024687,0,0] || [TOP] [A23,157,0,0][A155,2908,0,0] || [APPLICATION] [A23,157,0,0][A155,2901,0,0][C,  024687,0,0]","drilldown\pl_id_3187\L0\Itm_M3187_C8450_I7_L0.xml","drilldown\pl_id_3187\Itm_M3187_C8450_I7_attributes.xml","drilldown\pl_id_3187\tl_M3187_C8450_attributes.xml","menus\pl_id_3187_attributes.xml"
"M3187","C8450","I7","GJB9463BAHDX","87747","145058","XK8 Coupe/Convertible up to (V) 042775/INTERIOR TRIM AND LININGS/FLOOR COVERINGS/CARPETS","Drop in carpet","Teal > LHD > LH front floor > To VIN (024686)","XK8 Coupe Convertible up to (V) 042775 > INTERIOR TRIM AND LININGS > FLOOR COVERINGS > CARPETS > Drop in carpet > Teal > LHD > LH front floor > To VIN (024686)","[A37,615,0,0,1][A155,2932,0,0][A23,154,0,0][C,  018107,1,0][A155,2932,0,0][A23,157,0,0][C,  018107,1,0][A155,2924,0,0][A23,154,0,0][A155,2924,0,0][A23,154,0,0][C,  024686,1,0][A155,2924,0,0][A23,154,0,0][C,  024687,0,0][A155,2924,0,0][A23,157,0,0][C,  024686,1,0][A155,2924,0,0][A23,157,0,0][C,  024687,0,0][A155,2924,0,0][A23,157,0,0][A23,154,0,0][A155,2901,0,0][A23,154,0,0][A155,2901,0,0][C,  024686,1,0][A23,154,0,0][A155,2901,0,0][C,  024687,0,0][A23,157,0,0][A155,2901,0,0][C,  024686,1,0][A23,157,0,0][A155,2901,0,0][C,  024687,0,0][A23,157,0,0][A155,2901,0,0][A23,154,0,0][A155,2908,0,0][A23,154,0,0][A155,2908,0,0][C,  024686,1,0][A23,154,0,0][A155,2908,0,0][C,  024687,0,0][A23,157,0,0][A155,2908,0,0][C,  024686,1,0][A23,157,0,0][A155,2908,0,0][C,  024687,0,0][A23,157,0,0][A155,2908,0,0][A23,154,0,0][A155,2908,0,0][C,  024686,1,0]","[CATEGORY] [A37,615,0,0,1] || [TOP] [A155,2932,0,0][A23,154,0,0][C,  018107,1,0] || [TOP] [A155,2932,0,0][A23,157,0,0][C,  018107,1,0] || [TOP] [A155,2924,0,0][A23,154,0,0] || [TOP] [A155,2924,0,0][A23,154,0,0][C,  024686,1,0] || [TOP] [A155,2924,0,0][A23,154,0,0][C,  024687,0,0] || [TOP] [A155,2924,0,0][A23,157,0,0][C,  024686,1,0] || [TOP] [A155,2924,0,0][A23,157,0,0][C,  024687,0,0] || [TOP] [A155,2924,0,0][A23,157,0,0] || [TOP] [A23,154,0,0][A155,2901,0,0] || [TOP] [A23,154,0,0][A155,2901,0,0][C,  024686,1,0] || [TOP] [A23,154,0,0][A155,2901,0,0][C,  024687,0,0] || [TOP] [A23,157,0,0][A155,2901,0,0][C,  024686,1,0] || [TOP] [A23,157,0,0][A155,2901,0,0][C,  024687,0,0] || [TOP] [A23,157,0,0][A155,2901,0,0] || [TOP] [A23,154,0,0][A155,2908,0,0] || [TOP] [A23,154,0,0][A155,2908,0,0][C,  024686,1,0] || [TOP] [A23,154,0,0][A155,2908,0,0][C,  024687,0,0] || [TOP] [A23,157,0,0][A155,2908,0,0][C,  024686,1,0] || [TOP] [A23,157,0,0][A155,2908,0,0][C,  024687,0,0] || [TOP] [A23,157,0,0][A155,2908,0,0] || [APPLICATION] [A23,154,0,0][A155,2908,0,0][C,  024686,1,0]","drilldown\pl_id_3187\L0\Itm_M3187_C8450_I7_L0.xml","drilldown\pl_id_3187\Itm_M3187_C8450_I7_attributes.xml","drilldown\pl_id_3187\tl_M3187_C8450_attributes.xml","menus\pl_id_3187_attributes.xml"
"M3187","C8450","I7","GJC9463BAHDX","92769","158773","XK8 Coupe/Convertible up to (V) 042775/INTERIOR TRIM AND LININGS/FLOOR COVERINGS/CARPETS","Drop in carpet","Teal > LHD > LH front floor > From VIN (024687)","XK8 Coupe Convertible up to (V) 042775 > INTERIOR TRIM AND LININGS > FLOOR COVERINGS > CARPETS > Drop in carpet > Teal > LHD > LH front floor > From VIN (024687)","[A37,615,0,0,1][A155,2932,0,0][A23,154,0,0][C,  018107,1,0][A155,2932,0,0][A23,157,0,0][C,  018107,1,0][A155,2924,0,0][A23,154,0,0][A155,2924,0,0][A23,154,0,0][C,  024686,1,0][A155,2924,0,0][A23,154,0,0][C,  024687,0,0][A155,2924,0,0][A23,157,0,0][C,  024686,1,0][A155,2924,0,0][A23,157,0,0][C,  024687,0,0][A155,2924,0,0][A23,157,0,0][A23,154,0,0][A155,2901,0,0][A23,154,0,0][A155,2901,0,0][C,  024686,1,0][A23,154,0,0][A155,2901,0,0][C,  024687,0,0][A23,157,0,0][A155,2901,0,0][C,  024686,1,0][A23,157,0,0][A155,2901,0,0][C,  024687,0,0][A23,157,0,0][A155,2901,0,0][A23,154,0,0][A155,2908,0,0][A23,154,0,0][A155,2908,0,0][C,  024686,1,0][A23,154,0,0][A155,2908,0,0][C,  024687,0,0][A23,157,0,0][A155,2908,0,0][C,  024686,1,0][A23,157,0,0][A155,2908,0,0][C,  024687,0,0][A23,157,0,0][A155,2908,0,0][A23,154,0,0][A155,2908,0,0][C,  024687,0,0]","[CATEGORY] [A37,615,0,0,1] || [TOP] [A155,2932,0,0][A23,154,0,0][C,  018107,1,0] || [TOP] [A155,2932,0,0][A23,157,0,0][C,  018107,1,0] || [TOP] [A155,2924,0,0][A23,154,0,0] || [TOP] [A155,2924,0,0][A23,154,0,0][C,  024686,1,0] || [TOP] [A155,2924,0,0][A23,154,0,0][C,  024687,0,0] || [TOP] [A155,2924,0,0][A23,157,0,0][C,  024686,1,0] || [TOP] [A155,2924,0,0][A23,157,0,0][C,  024687,0,0] || [TOP] [A155,2924,0,0][A23,157,0,0] || [TOP] [A23,154,0,0][A155,2901,0,0] || [TOP] [A23,154,0,0][A155,2901,0,0][C,  024686,1,0] || [TOP] [A23,154,0,0][A155,2901,0,0][C,  024687,0,0] || [TOP] [A23,157,0,0][A155,2901,0,0][C,  024686,1,0] || [TOP] [A23,157,0,0][A155,2901,0,0][C,  024687,0,0] || [TOP] [A23,157,0,0][A155,2901,0,0] || [TOP] [A23,154,0,0][A155,2908,0,0] || [TOP] [A23,154,0,0][A155,2908,0,0][C,  024686,1,0] || [TOP] [A23,154,0,0][A155,2908,0,0][C,  024687,0,0] || [TOP] [A23,157,0,0][A155,2908,0,0][C,  024686,1,0] || [TOP] [A23,157,0,0][A155,2908,0,0][C,  024687,0,0] || [TOP] [A23,157,0,0][A155,2908,0,0] || [APPLICATION] [A23,154,0,0][A155,2908,0,0][C,  024687,0,0]","drilldown\pl_id_3187\L0\Itm_M3187_C8450_I7_L0.xml","drilldown\pl_id_3187\Itm_M3187_C8450_I7_attributes.xml","drilldown\pl_id_3187\tl_M3187_C8450_attributes.xml","menus\pl_id_3187_attributes.xml"
"M3187","C8450","I7","GJB9462BAHDX","87751","145066","XK8 Coupe/Convertible up to (V) 042775/INTERIOR TRIM AND LININGS/FLOOR COVERINGS/CARPETS","Drop in carpet","Teal > LHD > RH front floor","XK8 Coupe Convertible up to (V) 042775 > INTERIOR TRIM AND LININGS > FLOOR COVERINGS > CARPETS > Drop in carpet > Teal > LHD > RH front floor","[A37,615,0,0,1][A155,2932,0,0][A23,154,0,0][C,  018107,1,0][A155,2932,0,0][A23,157,0,0][C,  018107,1,0][A155,2924,0,0][A23,154,0,0][A155,2924,0,0][A23,154,0,0][C,  024686,1,0][A155,2924,0,0][A23,154,0,0][C,  024687,0,0][A155,2924,0,0][A23,157,0,0][C,  024686,1,0][A155,2924,0,0][A23,157,0,0][C,  024687,0,0][A155,2924,0,0][A23,157,0,0][A23,154,0,0][A155,2901,0,0][A23,154,0,0][A155,2901,0,0][C,  024686,1,0][A23,154,0,0][A155,2901,0,0][C,  024687,0,0][A23,157,0,0][A155,2901,0,0][C,  024686,1,0][A23,157,0,0][A155,2901,0,0][C,  024687,0,0][A23,157,0,0][A155,2901,0,0][A23,154,0,0][A155,2908,0,0][A23,154,0,0][A155,2908,0,0][C,  024686,1,0][A23,154,0,0][A155,2908,0,0][C,  024687,0,0][A23,157,0,0][A155,2908,0,0][C,  024686,1,0][A23,157,0,0][A155,2908,0,0][C,  024687,0,0][A23,157,0,0][A155,2908,0,0][A23,154,0,0][A155,2908,0,0]","[CATEGORY] [A37,615,0,0,1] || [TOP] [A155,2932,0,0][A23,154,0,0][C,  018107,1,0] || [TOP] [A155,2932,0,0][A23,157,0,0][C,  018107,1,0] || [TOP] [A155,2924,0,0][A23,154,0,0] || [TOP] [A155,2924,0,0][A23,154,0,0][C,  024686,1,0] || [TOP] [A155,2924,0,0][A23,154,0,0][C,  024687,0,0] || [TOP] [A155,2924,0,0][A23,157,0,0][C,  024686,1,0] || [TOP] [A155,2924,0,0][A23,157,0,0][C,  024687,0,0] || [TOP] [A155,2924,0,0][A23,157,0,0] || [TOP] [A23,154,0,0][A155,2901,0,0] || [TOP] [A23,154,0,0][A155,2901,0,0][C,  024686,1,0] || [TOP] [A23,154,0,0][A155,2901,0,0][C,  024687,0,0] || [TOP] [A23,157,0,0][A155,2901,0,0][C,  024686,1,0] || [TOP] [A23,157,0,0][A155,2901,0,0][C,  024687,0,0] || [TOP] [A23,157,0,0][A155,2901,0,0] || [TOP] [A23,154,0,0][A155,2908,0,0] || [TOP] [A23,154,0,0][A155,2908,0,0][C,  024686,1,0] || [TOP] [A23,154,0,0][A155,2908,0,0][C,  024687,0,0] || [TOP] [A23,157,0,0][A155,2908,0,0][C,  024686,1,0] || [TOP] [A23,157,0,0][A155,2908,0,0][C,  024687,0,0] || [TOP] [A23,157,0,0][A155,2908,0,0] || [APPLICATION] [A23,154,0,0][A155,2908,0,0]","drilldown\pl_id_3187\L0\Itm_M3187_C8450_I7_L0.xml","drilldown\pl_id_3187\Itm_M3187_C8450_I7_attributes.xml","drilldown\pl_id_3187\tl_M3187_C8450_attributes.xml","menus\pl_id_3187_attributes.xml"
"M3187","C8450","I7","GJB9463AAHDX","87741","145038","XK8 Coupe/Convertible up to (V) 042775/INTERIOR TRIM AND LININGS/FLOOR COVERINGS/CARPETS","Drop in carpet","Teal > RHD > LH front floor","XK8 Coupe Convertible up to (V) 042775 > INTERIOR TRIM AND LININGS > FLOOR COVERINGS > CARPETS > Drop in carpet > Teal > RHD > LH front floor","[A37,615,0,0,1][A155,2932,0,0][A23,154,0,0][C,  018107,1,0][A155,2932,0,0][A23,157,0,0][C,  018107,1,0][A155,2924,0,0][A23,154,0,0][A155,2924,0,0][A23,154,0,0][C,  024686,1,0][A155,2924,0,0][A23,154,0,0][C,  024687,0,0][A155,2924,0,0][A23,157,0,0][C,  024686,1,0][A155,2924,0,0][A23,157,0,0][C,  024687,0,0][A155,2924,0,0][A23,157,0,0][A23,154,0,0][A155,2901,0,0][A23,154,0,0][A155,2901,0,0][C,  024686,1,0][A23,154,0,0][A155,2901,0,0][C,  024687,0,0][A23,157,0,0][A155,2901,0,0][C,  024686,1,0][A23,157,0,0][A155,2901,0,0][C,  024687,0,0][A23,157,0,0][A155,2901,0,0][A23,154,0,0][A155,2908,0,0][A23,154,0,0][A155,2908,0,0][C,  024686,1,0][A23,154,0,0][A155,2908,0,0][C,  024687,0,0][A23,157,0,0][A155,2908,0,0][C,  024686,1,0][A23,157,0,0][A155,2908,0,0][C,  024687,0,0][A23,157,0,0][A155,2908,0,0][A23,157,0,0][A155,2908,0,0]","[CATEGORY] [A37,615,0,0,1] || [TOP] [A155,2932,0,0][A23,154,0,0][C,  018107,1,0] || [TOP] [A155,2932,0,0][A23,157,0,0][C,  018107,1,0] || [TOP] [A155,2924,0,0][A23,154,0,0] || [TOP] [A155,2924,0,0][A23,154,0,0][C,  024686,1,0] || [TOP] [A155,2924,0,0][A23,154,0,0][C,  024687,0,0] || [TOP] [A155,2924,0,0][A23,157,0,0][C,  024686,1,0] || [TOP] [A155,2924,0,0][A23,157,0,0][C,  024687,0,0] || [TOP] [A155,2924,0,0][A23,157,0,0] || [TOP] [A23,154,0,0][A155,2901,0,0] || [TOP] [A23,154,0,0][A155,2901,0,0][C,  024686,1,0] || [TOP] [A23,154,0,0][A155,2901,0,0][C,  024687,0,0] || [TOP] [A23,157,0,0][A155,2901,0,0][C,  024686,1,0] || [TOP] [A23,157,0,0][A155,2901,0,0][C,  024687,0,0] || [TOP] [A23,157,0,0][A155,2901,0,0] || [TOP] [A23,154,0,0][A155,2908,0,0] || [TOP] [A23,154,0,0][A155,2908,0,0][C,  024686,1,0] || [TOP] [A23,154,0,0][A155,2908,0,0][C,  024687,0,0] || [TOP] [A23,157,0,0][A155,2908,0,0][C,  024686,1,0] || [TOP] [A23,157,0,0][A155,2908,0,0][C,  024687,0,0] || [TOP] [A23,157,0,0][A155,2908,0,0] || [APPLICATION] [A23,157,0,0][A155,2908,0,0]","drilldown\pl_id_3187\L0\Itm_M3187_C8450_I7_L0.xml","drilldown\pl_id_3187\Itm_M3187_C8450_I7_attributes.xml","drilldown\pl_id_3187\tl_M3187_C8450_attributes.xml","menus\pl_id_3187_attributes.xml"
"M3187","C8450","I7","GJB9462AAHDX","87737","145030","XK8 Coupe/Convertible up to (V) 042775/INTERIOR TRIM AND LININGS/FLOOR COVERINGS/CARPETS","Drop in carpet","Teal > RHD > RH front floor > To VIN (024686)","XK8 Coupe Convertible up to (V) 042775 > INTERIOR TRIM AND LININGS > FLOOR COVERINGS > CARPETS > Drop in carpet > Teal > RHD > RH front floor > To VIN (024686)","[A37,615,0,0,1][A155,2932,0,0][A23,154,0,0][C,  018107,1,0][A155,2932,0,0][A23,157,0,0][C,  018107,1,0][A155,2924,0,0][A23,154,0,0][A155,2924,0,0][A23,154,0,0][C,  024686,1,0][A155,2924,0,0][A23,154,0,0][C,  024687,0,0][A155,2924,0,0][A23,157,0,0][C,  024686,1,0][A155,2924,0,0][A23,157,0,0][C,  024687,0,0][A155,2924,0,0][A23,157,0,0][A23,154,0,0][A155,2901,0,0][A23,154,0,0][A155,2901,0,0][C,  024686,1,0][A23,154,0,0][A155,2901,0,0][C,  024687,0,0][A23,157,0,0][A155,2901,0,0][C,  024686,1,0][A23,157,0,0][A155,2901,0,0][C,  024687,0,0][A23,157,0,0][A155,2901,0,0][A23,154,0,0][A155,2908,0,0][A23,154,0,0][A155,2908,0,0][C,  024686,1,0][A23,154,0,0][A155,2908,0,0][C,  024687,0,0][A23,157,0,0][A155,2908,0,0][C,  024686,1,0][A23,157,0,0][A155,2908,0,0][C,  024687,0,0][A23,157,0,0][A155,2908,0,0][A23,157,0,0][A155,2908,0,0][C,  024686,1,0]","[CATEGORY] [A37,615,0,0,1] || [TOP] [A155,2932,0,0][A23,154,0,0][C,  018107,1,0] || [TOP] [A155,2932,0,0][A23,157,0,0][C,  018107,1,0] || [TOP] [A155,2924,0,0][A23,154,0,0] || [TOP] [A155,2924,0,0][A23,154,0,0][C,  024686,1,0] || [TOP] [A155,2924,0,0][A23,154,0,0][C,  024687,0,0] || [TOP] [A155,2924,0,0][A23,157,0,0][C,  024686,1,0] || [TOP] [A155,2924,0,0][A23,157,0,0][C,  024687,0,0] || [TOP] [A155,2924,0,0][A23,157,0,0] || [TOP] [A23,154,0,0][A155,2901,0,0] || [TOP] [A23,154,0,0][A155,2901,0,0][C,  024686,1,0] || [TOP] [A23,154,0,0][A155,2901,0,0][C,  024687,0,0] || [TOP] [A23,157,0,0][A155,2901,0,0][C,  024686,1,0] || [TOP] [A23,157,0,0][A155,2901,0,0][C,  024687,0,0] || [TOP] [A23,157,0,0][A155,2901,0,0] || [TOP] [A23,154,0,0][A155,2908,0,0] || [TOP] [A23,154,0,0][A155,2908,0,0][C,  024686,1,0] || [TOP] [A23,154,0,0][A155,2908,0,0][C,  024687,0,0] || [TOP] [A23,157,0,0][A155,2908,0,0][C,  024686,1,0] || [TOP] [A23,157,0,0][A155,2908,0,0][C,  024687,0,0] || [TOP] [A23,157,0,0][A155,2908,0,0] || [APPLICATION] [A23,157,0,0][A155,2908,0,0][C,  024686,1,0]","drilldown\pl_id_3187\L0\Itm_M3187_C8450_I7_L0.xml","drilldown\pl_id_3187\Itm_M3187_C8450_I7_attributes.xml","drilldown\pl_id_3187\tl_M3187_C8450_attributes.xml","menus\pl_id_3187_attributes.xml"
"M3187","C8450","I7","GJC9462AAHDX","92768","158771","XK8 Coupe/Convertible up to (V) 042775/INTERIOR TRIM AND LININGS/FLOOR COVERINGS/CARPETS","Drop in carpet","Teal > RHD > RH front floor > From VIN (024687)","XK8 Coupe Convertible up to (V) 042775 > INTERIOR TRIM AND LININGS > FLOOR COVERINGS > CARPETS > Drop in carpet > Teal > RHD > RH front floor > From VIN (024687)","[A37,615,0,0,1][A155,2932,0,0][A23,154,0,0][C,  018107,1,0][A155,2932,0,0][A23,157,0,0][C,  018107,1,0][A155,2924,0,0][A23,154,0,0][A155,2924,0,0][A23,154,0,0][C,  024686,1,0][A155,2924,0,0][A23,154,0,0][C,  024687,0,0][A155,2924,0,0][A23,157,0,0][C,  024686,1,0][A155,2924,0,0][A23,157,0,0][C,  024687,0,0][A155,2924,0,0][A23,157,0,0][A23,154,0,0][A155,2901,0,0][A23,154,0,0][A155,2901,0,0][C,  024686,1,0][A23,154,0,0][A155,2901,0,0][C,  024687,0,0][A23,157,0,0][A155,2901,0,0][C,  024686,1,0][A23,157,0,0][A155,2901,0,0][C,  024687,0,0][A23,157,0,0][A155,2901,0,0][A23,154,0,0][A155,2908,0,0][A23,154,0,0][A155,2908,0,0][C,  024686,1,0][A23,154,0,0][A155,2908,0,0][C,  024687,0,0][A23,157,0,0][A155,2908,0,0][C,  024686,1,0][A23,157,0,0][A155,2908,0,0][C,  024687,0,0][A23,157,0,0][A155,2908,0,0][A23,157,0,0][A155,2908,0,0][C,  024687,0,0]","[CATEGORY] [A37,615,0,0,1] || [TOP] [A155,2932,0,0][A23,154,0,0][C,  018107,1,0] || [TOP] [A155,2932,0,0][A23,157,0,0][C,  018107,1,0] || [TOP] [A155,2924,0,0][A23,154,0,0] || [TOP] [A155,2924,0,0][A23,154,0,0][C,  024686,1,0] || [TOP] [A155,2924,0,0][A23,154,0,0][C,  024687,0,0] || [TOP] [A155,2924,0,0][A23,157,0,0][C,  024686,1,0] || [TOP] [A155,2924,0,0][A23,157,0,0][C,  024687,0,0] || [TOP] [A155,2924,0,0][A23,157,0,0] || [TOP] [A23,154,0,0][A155,2901,0,0] || [TOP] [A23,154,0,0][A155,2901,0,0][C,  024686,1,0] || [TOP] [A23,154,0,0][A155,2901,0,0][C,  024687,0,0] || [TOP] [A23,157,0,0][A155,2901,0,0][C,  024686,1,0] || [TOP] [A23,157,0,0][A155,2901,0,0][C,  024687,0,0] || [TOP] [A23,157,0,0][A155,2901,0,0] || [TOP] [A23,154,0,0][A155,2908,0,0] || [TOP] [A23,154,0,0][A155,2908,0,0][C,  024686,1,0] || [TOP] [A23,154,0,0][A155,2908,0,0][C,  024687,0,0] || [TOP] [A23,157,0,0][A155,2908,0,0][C,  024686,1,0] || [TOP] [A23,157,0,0][A155,2908,0,0][C,  024687,0,0] || [TOP] [A23,157,0,0][A155,2908,0,0] || [APPLICATION] [A23,157,0,0][A155,2908,0,0][C,  024687,0,0]","drilldown\pl_id_3187\L0\Itm_M3187_C8450_I7_L0.xml","drilldown\pl_id_3187\Itm_M3187_C8450_I7_attributes.xml","drilldown\pl_id_3187\tl_M3187_C8450_attributes.xml","menus\pl_id_3187_attributes.xml"
"M3187","C8450","I8","GHF9539AGSDC","85245","139388","XK8 Coupe/Convertible up to (V) 042775/INTERIOR TRIM AND LININGS/FLOOR COVERINGS/CARPETS","Handbrake cover","LHD > Coffee > LH > To VIN (018107)","XK8 Coupe Convertible up to (V) 042775 > INTERIOR TRIM AND LININGS > FLOOR COVERINGS > CARPETS > Handbrake cover > LHD > Coffee > LH > To VIN (018107)","[A37,615,0,0,1][A155,2899,0,0][A23,154,0,0][A155,2932,0,0][A23,154,0,0][C,  018107,1,0][A155,2787,0,0][A23,154,0,0][C,  018107,1,0][A23,154,0,0][A155,2908,0,0][A156,2819,0,0][A23,154,0,0][C,  018108,0,0][A156,2813,0,0][A23,154,0,0][C,  018108,0,0][A23,154,0,0][A156,2808,0,0][A155,2899,0,0][A23,157,0,0][A155,2932,0,0][A23,157,0,0][C,  018107,1,0][A155,2787,0,0][A23,157,0,0][C,  018107,1,0][A23,157,0,0][A155,2908,0,0][A156,2819,0,0][A23,157,0,0][C,  018108,0,0][A156,2813,0,0][A23,157,0,0][C,  018108,0,0][A23,157,0,0][A156,2808,0,0][A155,2932,0,0][A23,154,0,0][C,  018107,1,0]","[CATEGORY] [A37,615,0,0,1] || [TOP] [A155,2899,0,0][A23,154,0,0] || [TOP] [A155,2932,0,0][A23,154,0,0][C,  018107,1,0] || [TOP] [A155,2787,0,0][A23,154,0,0][C,  018107,1,0] || [TOP] [A23,154,0,0][A155,2908,0,0] || [TOP] [A156,2819,0,0][A23,154,0,0][C,  018108,0,0] || [TOP] [A156,2813,0,0][A23,154,0,0][C,  018108,0,0] || [TOP] [A23,154,0,0][A156,2808,0,0] || [TOP] [A155,2899,0,0][A23,157,0,0] || [TOP] [A155,2932,0,0][A23,157,0,0][C,  018107,1,0] || [TOP] [A155,2787,0,0][A23,157,0,0][C,  018107,1,0] || [TOP] [A23,157,0,0][A155,2908,0,0] || [TOP] [A156,2819,0,0][A23,157,0,0][C,  018108,0,0] || [TOP] [A156,2813,0,0][A23,157,0,0][C,  018108,0,0] || [TOP] [A23,157,0,0][A156,2808,0,0] || [APPLICATION] [A155,2932,0,0][A23,154,0,0][C,  018107,1,0]","drilldown\pl_id_3187\L0\Itm_M3187_C8450_I8_L0.xml","drilldown\pl_id_3187\Itm_M3187_C8450_I8_attributes.xml","drilldown\pl_id_3187\tl_M3187_C8450_attributes.xml","menus\pl_id_3187_attributes.xml"
"M3187","C8450","I8","GHF9539AGNDR","85244","139383","XK8 Coupe/Convertible up to (V) 042775/INTERIOR TRIM AND LININGS/FLOOR COVERINGS/CARPETS","Handbrake cover","LHD > Cream > LH > To VIN (018107)","XK8 Coupe Convertible up to (V) 042775 > INTERIOR TRIM AND LININGS > FLOOR COVERINGS > CARPETS > Handbrake cover > LHD > Cream > LH > To VIN (018107)","[A37,615,0,0,1][A155,2899,0,0][A23,154,0,0][A155,2932,0,0][A23,154,0,0][C,  018107,1,0][A155,2787,0,0][A23,154,0,0][C,  018107,1,0][A23,154,0,0][A155,2908,0,0][A156,2819,0,0][A23,154,0,0][C,  018108,0,0][A156,2813,0,0][A23,154,0,0][C,  018108,0,0][A23,154,0,0][A156,2808,0,0][A155,2899,0,0][A23,157,0,0][A155,2932,0,0][A23,157,0,0][C,  018107,1,0][A155,2787,0,0][A23,157,0,0][C,  018107,1,0][A23,157,0,0][A155,2908,0,0][A156,2819,0,0][A23,157,0,0][C,  018108,0,0][A156,2813,0,0][A23,157,0,0][C,  018108,0,0][A23,157,0,0][A156,2808,0,0][A155,2787,0,0][A23,154,0,0][C,  018107,1,0]","[CATEGORY] [A37,615,0,0,1] || [TOP] [A155,2899,0,0][A23,154,0,0] || [TOP] [A155,2932,0,0][A23,154,0,0][C,  018107,1,0] || [TOP] [A155,2787,0,0][A23,154,0,0][C,  018107,1,0] || [TOP] [A23,154,0,0][A155,2908,0,0] || [TOP] [A156,2819,0,0][A23,154,0,0][C,  018108,0,0] || [TOP] [A156,2813,0,0][A23,154,0,0][C,  018108,0,0] || [TOP] [A23,154,0,0][A156,2808,0,0] || [TOP] [A155,2899,0,0][A23,157,0,0] || [TOP] [A155,2932,0,0][A23,157,0,0][C,  018107,1,0] || [TOP] [A155,2787,0,0][A23,157,0,0][C,  018107,1,0] || [TOP] [A23,157,0,0][A155,2908,0,0] || [TOP] [A156,2819,0,0][A23,157,0,0][C,  018108,0,0] || [TOP] [A156,2813,0,0][A23,157,0,0][C,  018108,0,0] || [TOP] [A23,157,0,0][A156,2808,0,0] || [APPLICATION] [A155,2787,0,0][A23,154,0,0][C,  018107,1,0]","drilldown\pl_id_3187\L0\Itm_M3187_C8450_I8_L0.xml","drilldown\pl_id_3187\Itm_M3187_C8450_I8_attributes.xml","drilldown\pl_id_3187\tl_M3187_C8450_attributes.xml","menus\pl_id_3187_attributes.xml"
"M3187","C8450","I8","GHF9539AGAGD","85246","139393","XK8 Coupe/Convertible up to (V) 042775/INTERIOR TRIM AND LININGS/FLOOR COVERINGS/CARPETS","Handbrake cover","LHD > Oatmeal","XK8 Coupe Convertible up to (V) 042775 > INTERIOR TRIM AND LININGS > FLOOR COVERINGS > CARPETS > Handbrake cover > LHD > Oatmeal","[A37,615,0,0,1][A155,2899,0,0][A23,154,0,0][A155,2932,0,0][A23,154,0,0][C,  018107,1,0][A155,2787,0,0][A23,154,0,0][C,  018107,1,0][A23,154,0,0][A155,2908,0,0][A156,2819,0,0][A23,154,0,0][C,  018108,0,0][A156,2813,0,0][A23,154,0,0][C,  018108,0,0][A23,154,0,0][A156,2808,0,0][A155,2899,0,0][A23,157,0,0][A155,2932,0,0][A23,157,0,0][C,  018107,1,0][A155,2787,0,0][A23,157,0,0][C,  018107,1,0][A23,157,0,0][A155,2908,0,0][A156,2819,0,0][A23,157,0,0][C,  018108,0,0][A156,2813,0,0][A23,157,0,0][C,  018108,0,0][A23,157,0,0][A156,2808,0,0][A155,2899,0,0][A23,154,0,0]","[CATEGORY] [A37,615,0,0,1] || [TOP] [A155,2899,0,0][A23,154,0,0] || [TOP] [A155,2932,0,0][A23,154,0,0][C,  018107,1,0] || [TOP] [A155,2787,0,0][A23,154,0,0][C,  018107,1,0] || [TOP] [A23,154,0,0][A155,2908,0,0] || [TOP] [A156,2819,0,0][A23,154,0,0][C,  018108,0,0] || [TOP] [A156,2813,0,0][A23,154,0,0][C,  018108,0,0] || [TOP] [A23,154,0,0][A156,2808,0,0] || [TOP] [A155,2899,0,0][A23,157,0,0] || [TOP] [A155,2932,0,0][A23,157,0,0][C,  018107,1,0] || [TOP] [A155,2787,0,0][A23,157,0,0][C,  018107,1,0] || [TOP] [A23,157,0,0][A155,2908,0,0] || [TOP] [A156,2819,0,0][A23,157,0,0][C,  018108,0,0] || [TOP] [A156,2813,0,0][A23,157,0,0][C,  018108,0,0] || [TOP] [A23,157,0,0][A156,2808,0,0] || [APPLICATION] [A155,2899,0,0][A23,154,0,0]","drilldown\pl_id_3187\L0\Itm_M3187_C8450_I8_L0.xml","drilldown\pl_id_3187\Itm_M3187_C8450_I8_attributes.xml","drilldown\pl_id_3187\tl_M3187_C8450_attributes.xml","menus\pl_id_3187_attributes.xml"
"M3187","C8450","I8","GHF9539AGHDX","85242","139367","XK8 Coupe/Convertible up to (V) 042775/INTERIOR TRIM AND LININGS/FLOOR COVERINGS/CARPETS","Handbrake cover","LHD > Teal > LH","XK8 Coupe Convertible up to (V) 042775 > INTERIOR TRIM AND LININGS > FLOOR COVERINGS > CARPETS > Handbrake cover > LHD > Teal > LH","[A37,615,0,0,1][A155,2899,0,0][A23,154,0,0][A155,2932,0,0][A23,154,0,0][C,  018107,1,0][A155,2787,0,0][A23,154,0,0][C,  018107,1,0][A23,154,0,0][A155,2908,0,0][A156,2819,0,0][A23,154,0,0][C,  018108,0,0][A156,2813,0,0][A23,154,0,0][C,  018108,0,0][A23,154,0,0][A156,2808,0,0][A155,2899,0,0][A23,157,0,0][A155,2932,0,0][A23,157,0,0][C,  018107,1,0][A155,2787,0,0][A23,157,0,0][C,  018107,1,0][A23,157,0,0][A155,2908,0,0][A156,2819,0,0][A23,157,0,0][C,  018108,0,0][A156,2813,0,0][A23,157,0,0][C,  018108,0,0][A23,157,0,0][A156,2808,0,0][A23,154,0,0][A155,2908,0,0]","[CATEGORY] [A37,615,0,0,1] || [TOP] [A155,2899,0,0][A23,154,0,0] || [TOP] [A155,2932,0,0][A23,154,0,0][C,  018107,1,0] || [TOP] [A155,2787,0,0][A23,154,0,0][C,  018107,1,0] || [TOP] [A23,154,0,0][A155,2908,0,0] || [TOP] [A156,2819,0,0][A23,154,0,0][C,  018108,0,0] || [TOP] [A156,2813,0,0][A23,154,0,0][C,  018108,0,0] || [TOP] [A23,154,0,0][A156,2808,0,0] || [TOP] [A155,2899,0,0][A23,157,0,0] || [TOP] [A155,2932,0,0][A23,157,0,0][C,  018107,1,0] || [TOP] [A155,2787,0,0][A23,157,0,0][C,  018107,1,0] || [TOP] [A23,157,0,0][A155,2908,0,0] || [TOP] [A156,2819,0,0][A23,157,0,0][C,  018108,0,0] || [TOP] [A156,2813,0,0][A23,157,0,0][C,  018108,0,0] || [TOP] [A23,157,0,0][A156,2808,0,0] || [APPLICATION] [A23,154,0,0][A155,2908,0,0]","drilldown\pl_id_3187\L0\Itm_M3187_C8450_I8_L0.xml","drilldown\pl_id_3187\Itm_M3187_C8450_I8_attributes.xml","drilldown\pl_id_3187\tl_M3187_C8450_attributes.xml","menus\pl_id_3187_attributes.xml"
"M3187","C8450","I8","GHF9539AGSDZ","89940","150010","XK8 Coupe/Convertible up to (V) 042775/INTERIOR TRIM AND LININGS/FLOOR COVERINGS/CARPETS","Handbrake cover","LHD > Other Option > LH > Cashmere > From VIN (018108)","XK8 Coupe Convertible up to (V) 042775 > INTERIOR TRIM AND LININGS > FLOOR COVERINGS > CARPETS > Handbrake cover > LHD > Other Option > LH > Cashmere > From VIN (018108)","[A37,615,0,0,1][A155,2899,0,0][A23,154,0,0][A155,2932,0,0][A23,154,0,0][C,  018107,1,0][A155,2787,0,0][A23,154,0,0][C,  018107,1,0][A23,154,0,0][A155,2908,0,0][A156,2819,0,0][A23,154,0,0][C,  018108,0,0][A156,2813,0,0][A23,154,0,0][C,  018108,0,0][A23,154,0,0][A156,2808,0,0][A155,2899,0,0][A23,157,0,0][A155,2932,0,0][A23,157,0,0][C,  018107,1,0][A155,2787,0,0][A23,157,0,0][C,  018107,1,0][A23,157,0,0][A155,2908,0,0][A156,2819,0,0][A23,157,0,0][C,  018108,0,0][A156,2813,0,0][A23,157,0,0][C,  018108,0,0][A23,157,0,0][A156,2808,0,0][A156,2819,0,0][A23,154,0,0][C,  018108,0,0]","[CATEGORY] [A37,615,0,0,1] || [TOP] [A155,2899,0,0][A23,154,0,0] || [TOP] [A155,2932,0,0][A23,154,0,0][C,  018107,1,0] || [TOP] [A155,2787,0,0][A23,154,0,0][C,  018107,1,0] || [TOP] [A23,154,0,0][A155,2908,0,0] || [TOP] [A156,2819,0,0][A23,154,0,0][C,  018108,0,0] || [TOP] [A156,2813,0,0][A23,154,0,0][C,  018108,0,0] || [TOP] [A23,154,0,0][A156,2808,0,0] || [TOP] [A155,2899,0,0][A23,157,0,0] || [TOP] [A155,2932,0,0][A23,157,0,0][C,  018107,1,0] || [TOP] [A155,2787,0,0][A23,157,0,0][C,  018107,1,0] || [TOP] [A23,157,0,0][A155,2908,0,0] || [TOP] [A156,2819,0,0][A23,157,0,0][C,  018108,0,0] || [TOP] [A156,2813,0,0][A23,157,0,0][C,  018108,0,0] || [TOP] [A23,157,0,0][A156,2808,0,0] || [APPLICATION] [A156,2819,0,0][A23,154,0,0][C,  018108,0,0]","drilldown\pl_id_3187\L0\Itm_M3187_C8450_I8_L0.xml","drilldown\pl_id_3187\Itm_M3187_C8450_I8_attributes.xml","drilldown\pl_id_3187\tl_M3187_C8450_attributes.xml","menus\pl_id_3187_attributes.xml"
"M3187","C8450","I8","GHF9539AGNED","89941","150020","XK8 Coupe/Convertible up to (V) 042775/INTERIOR TRIM AND LININGS/FLOOR COVERINGS/CARPETS","Handbrake cover","LHD > Other Option > LH > Ivory > From VIN (018108)","XK8 Coupe Convertible up to (V) 042775 > INTERIOR TRIM AND LININGS > FLOOR COVERINGS > CARPETS > Handbrake cover > LHD > Other Option > LH > Ivory > From VIN (018108)","[A37,615,0,0,1][A155,2899,0,0][A23,154,0,0][A155,2932,0,0][A23,154,0,0][C,  018107,1,0][A155,2787,0,0][A23,154,0,0][C,  018107,1,0][A23,154,0,0][A155,2908,0,0][A156,2819,0,0][A23,154,0,0][C,  018108,0,0][A156,2813,0,0][A23,154,0,0][C,  018108,0,0][A23,154,0,0][A156,2808,0,0][A155,2899,0,0][A23,157,0,0][A155,2932,0,0][A23,157,0,0][C,  018107,1,0][A155,2787,0,0][A23,157,0,0][C,  018107,1,0][A23,157,0,0][A155,2908,0,0][A156,2819,0,0][A23,157,0,0][C,  018108,0,0][A156,2813,0,0][A23,157,0,0][C,  018108,0,0][A23,157,0,0][A156,2808,0,0][A156,2813,0,0][A23,154,0,0][C,  018108,0,0]","[CATEGORY] [A37,615,0,0,1] || [TOP] [A155,2899,0,0][A23,154,0,0] || [TOP] [A155,2932,0,0][A23,154,0,0][C,  018107,1,0] || [TOP] [A155,2787,0,0][A23,154,0,0][C,  018107,1,0] || [TOP] [A23,154,0,0][A155,2908,0,0] || [TOP] [A156,2819,0,0][A23,154,0,0][C,  018108,0,0] || [TOP] [A156,2813,0,0][A23,154,0,0][C,  018108,0,0] || [TOP] [A23,154,0,0][A156,2808,0,0] || [TOP] [A155,2899,0,0][A23,157,0,0] || [TOP] [A155,2932,0,0][A23,157,0,0][C,  018107,1,0] || [TOP] [A155,2787,0,0][A23,157,0,0][C,  018107,1,0] || [TOP] [A23,157,0,0][A155,2908,0,0] || [TOP] [A156,2819,0,0][A23,157,0,0][C,  018108,0,0] || [TOP] [A156,2813,0,0][A23,157,0,0][C,  018108,0,0] || [TOP] [A23,157,0,0][A156,2808,0,0] || [APPLICATION] [A156,2813,0,0][A23,154,0,0][C,  018108,0,0]","drilldown\pl_id_3187\L0\Itm_M3187_C8450_I8_L0.xml","drilldown\pl_id_3187\Itm_M3187_C8450_I8_attributes.xml","drilldown\pl_id_3187\tl_M3187_C8450_attributes.xml","menus\pl_id_3187_attributes.xml"
"M3187","C8450","I8","GHF9539AGLEG","85243","139372","XK8 Coupe/Convertible up to (V) 042775/INTERIOR TRIM AND LININGS/FLOOR COVERINGS/CARPETS","Handbrake cover","LHD > Other Option > LH > Warm charcoal","XK8 Coupe Convertible up to (V) 042775 > INTERIOR TRIM AND LININGS > FLOOR COVERINGS > CARPETS > Handbrake cover > LHD > Other Option > LH > Warm charcoal","[A37,615,0,0,1][A155,2899,0,0][A23,154,0,0][A155,2932,0,0][A23,154,0,0][C,  018107,1,0][A155,2787,0,0][A23,154,0,0][C,  018107,1,0][A23,154,0,0][A155,2908,0,0][A156,2819,0,0][A23,154,0,0][C,  018108,0,0][A156,2813,0,0][A23,154,0,0][C,  018108,0,0][A23,154,0,0][A156,2808,0,0][A155,2899,0,0][A23,157,0,0][A155,2932,0,0][A23,157,0,0][C,  018107,1,0][A155,2787,0,0][A23,157,0,0][C,  018107,1,0][A23,157,0,0][A155,2908,0,0][A156,2819,0,0][A23,157,0,0][C,  018108,0,0][A156,2813,0,0][A23,157,0,0][C,  018108,0,0][A23,157,0,0][A156,2808,0,0][A23,154,0,0][A156,2808,0,0]","[CATEGORY] [A37,615,0,0,1] || [TOP] [A155,2899,0,0][A23,154,0,0] || [TOP] [A155,2932,0,0][A23,154,0,0][C,  018107,1,0] || [TOP] [A155,2787,0,0][A23,154,0,0][C,  018107,1,0] || [TOP] [A23,154,0,0][A155,2908,0,0] || [TOP] [A156,2819,0,0][A23,154,0,0][C,  018108,0,0] || [TOP] [A156,2813,0,0][A23,154,0,0][C,  018108,0,0] || [TOP] [A23,154,0,0][A156,2808,0,0] || [TOP] [A155,2899,0,0][A23,157,0,0] || [TOP] [A155,2932,0,0][A23,157,0,0][C,  018107,1,0] || [TOP] [A155,2787,0,0][A23,157,0,0][C,  018107,1,0] || [TOP] [A23,157,0,0][A155,2908,0,0] || [TOP] [A156,2819,0,0][A23,157,0,0][C,  018108,0,0] || [TOP] [A156,2813,0,0][A23,157,0,0][C,  018108,0,0] || [TOP] [A23,157,0,0][A156,2808,0,0] || [APPLICATION] [A23,154,0,0][A156,2808,0,0]","drilldown\pl_id_3187\L0\Itm_M3187_C8450_I8_L0.xml","drilldown\pl_id_3187\Itm_M3187_C8450_I8_attributes.xml","drilldown\pl_id_3187\tl_M3187_C8450_attributes.xml","menus\pl_id_3187_attributes.xml"
"M3187","C8450","I8","GHF9538AGSDC","85215","139128","XK8 Coupe/Convertible up to (V) 042775/INTERIOR TRIM AND LININGS/FLOOR COVERINGS/CARPETS","Handbrake cover","RHD > RH > Coffee > To VIN (018107)","XK8 Coupe Convertible up to (V) 042775 > INTERIOR TRIM AND LININGS > FLOOR COVERINGS > CARPETS > Handbrake cover > RHD > RH > Coffee > To VIN (018107)","[A37,615,0,0,1][A155,2899,0,0][A23,154,0,0][A155,2932,0,0][A23,154,0,0][C,  018107,1,0][A155,2787,0,0][A23,154,0,0][C,  018107,1,0][A23,154,0,0][A155,2908,0,0][A156,2819,0,0][A23,154,0,0][C,  018108,0,0][A156,2813,0,0][A23,154,0,0][C,  018108,0,0][A23,154,0,0][A156,2808,0,0][A155,2899,0,0][A23,157,0,0][A155,2932,0,0][A23,157,0,0][C,  018107,1,0][A155,2787,0,0][A23,157,0,0][C,  018107,1,0][A23,157,0,0][A155,2908,0,0][A156,2819,0,0][A23,157,0,0][C,  018108,0,0][A156,2813,0,0][A23,157,0,0][C,  018108,0,0][A23,157,0,0][A156,2808,0,0][A155,2932,0,0][A23,157,0,0][C,  018107,1,0]","[CATEGORY] [A37,615,0,0,1] || [TOP] [A155,2899,0,0][A23,154,0,0] || [TOP] [A155,2932,0,0][A23,154,0,0][C,  018107,1,0] || [TOP] [A155,2787,0,0][A23,154,0,0][C,  018107,1,0] || [TOP] [A23,154,0,0][A155,2908,0,0] || [TOP] [A156,2819,0,0][A23,154,0,0][C,  018108,0,0] || [TOP] [A156,2813,0,0][A23,154,0,0][C,  018108,0,0] || [TOP] [A23,154,0,0][A156,2808,0,0] || [TOP] [A155,2899,0,0][A23,157,0,0] || [TOP] [A155,2932,0,0][A23,157,0,0][C,  018107,1,0] || [TOP] [A155,2787,0,0][A23,157,0,0][C,  018107,1,0] || [TOP] [A23,157,0,0][A155,2908,0,0] || [TOP] [A156,2819,0,0][A23,157,0,0][C,  018108,0,0] || [TOP] [A156,2813,0,0][A23,157,0,0][C,  018108,0,0] || [TOP] [A23,157,0,0][A156,2808,0,0] || [APPLICATION] [A155,2932,0,0][A23,157,0,0][C,  018107,1,0]","drilldown\pl_id_3187\L0\Itm_M3187_C8450_I8_L0.xml","drilldown\pl_id_3187\Itm_M3187_C8450_I8_attributes.xml","drilldown\pl_id_3187\tl_M3187_C8450_attributes.xml","menus\pl_id_3187_attributes.xml"
"M3187","C8450","I8","GHF9538AGNDR","85214","139125","XK8 Coupe/Convertible up to (V) 042775/INTERIOR TRIM AND LININGS/FLOOR COVERINGS/CARPETS","Handbrake cover","RHD > RH > Cream > To VIN (018107)","XK8 Coupe Convertible up to (V) 042775 > INTERIOR TRIM AND LININGS > FLOOR COVERINGS > CARPETS > Handbrake cover > RHD > RH > Cream > To VIN (018107)","[A37,615,0,0,1][A155,2899,0,0][A23,154,0,0][A155,2932,0,0][A23,154,0,0][C,  018107,1,0][A155,2787,0,0][A23,154,0,0][C,  018107,1,0][A23,154,0,0][A155,2908,0,0][A156,2819,0,0][A23,154,0,0][C,  018108,0,0][A156,2813,0,0][A23,154,0,0][C,  018108,0,0][A23,154,0,0][A156,2808,0,0][A155,2899,0,0][A23,157,0,0][A155,2932,0,0][A23,157,0,0][C,  018107,1,0][A155,2787,0,0][A23,157,0,0][C,  018107,1,0][A23,157,0,0][A155,2908,0,0][A156,2819,0,0][A23,157,0,0][C,  018108,0,0][A156,2813,0,0][A23,157,0,0][C,  018108,0,0][A23,157,0,0][A156,2808,0,0][A155,2787,0,0][A23,157,0,0][C,  018107,1,0]","[CATEGORY] [A37,615,0,0,1] || [TOP] [A155,2899,0,0][A23,154,0,0] || [TOP] [A155,2932,0,0][A23,154,0,0][C,  018107,1,0] || [TOP] [A155,2787,0,0][A23,154,0,0][C,  018107,1,0] || [TOP] [A23,154,0,0][A155,2908,0,0] || [TOP] [A156,2819,0,0][A23,154,0,0][C,  018108,0,0] || [TOP] [A156,2813,0,0][A23,154,0,0][C,  018108,0,0] || [TOP] [A23,154,0,0][A156,2808,0,0] || [TOP] [A155,2899,0,0][A23,157,0,0] || [TOP] [A155,2932,0,0][A23,157,0,0][C,  018107,1,0] || [TOP] [A155,2787,0,0][A23,157,0,0][C,  018107,1,0] || [TOP] [A23,157,0,0][A155,2908,0,0] || [TOP] [A156,2819,0,0][A23,157,0,0][C,  018108,0,0] || [TOP] [A156,2813,0,0][A23,157,0,0][C,  018108,0,0] || [TOP] [A23,157,0,0][A156,2808,0,0] || [APPLICATION] [A155,2787,0,0][A23,157,0,0][C,  018107,1,0]","drilldown\pl_id_3187\L0\Itm_M3187_C8450_I8_L0.xml","drilldown\pl_id_3187\Itm_M3187_C8450_I8_attributes.xml","drilldown\pl_id_3187\tl_M3187_C8450_attributes.xml","menus\pl_id_3187_attributes.xml"
"M3187","C8450","I8","GHF9538AGAGD","85216","139131","XK8 Coupe/Convertible up to (V) 042775/INTERIOR TRIM AND LININGS/FLOOR COVERINGS/CARPETS","Handbrake cover","RHD > RH > Oatmeal","XK8 Coupe Convertible up to (V) 042775 > INTERIOR TRIM AND LININGS > FLOOR COVERINGS > CARPETS > Handbrake cover > RHD > RH > Oatmeal","[A37,615,0,0,1][A155,2899,0,0][A23,154,0,0][A155,2932,0,0][A23,154,0,0][C,  018107,1,0][A155,2787,0,0][A23,154,0,0][C,  018107,1,0][A23,154,0,0][A155,2908,0,0][A156,2819,0,0][A23,154,0,0][C,  018108,0,0][A156,2813,0,0][A23,154,0,0][C,  018108,0,0][A23,154,0,0][A156,2808,0,0][A155,2899,0,0][A23,157,0,0][A155,2932,0,0][A23,157,0,0][C,  018107,1,0][A155,2787,0,0][A23,157,0,0][C,  018107,1,0][A23,157,0,0][A155,2908,0,0][A156,2819,0,0][A23,157,0,0][C,  018108,0,0][A156,2813,0,0][A23,157,0,0][C,  018108,0,0][A23,157,0,0][A156,2808,0,0][A155,2899,0,0][A23,157,0,0]","[CATEGORY] [A37,615,0,0,1] || [TOP] [A155,2899,0,0][A23,154,0,0] || [TOP] [A155,2932,0,0][A23,154,0,0][C,  018107,1,0] || [TOP] [A155,2787,0,0][A23,154,0,0][C,  018107,1,0] || [TOP] [A23,154,0,0][A155,2908,0,0] || [TOP] [A156,2819,0,0][A23,154,0,0][C,  018108,0,0] || [TOP] [A156,2813,0,0][A23,154,0,0][C,  018108,0,0] || [TOP] [A23,154,0,0][A156,2808,0,0] || [TOP] [A155,2899,0,0][A23,157,0,0] || [TOP] [A155,2932,0,0][A23,157,0,0][C,  018107,1,0] || [TOP] [A155,2787,0,0][A23,157,0,0][C,  018107,1,0] || [TOP] [A23,157,0,0][A155,2908,0,0] || [TOP] [A156,2819,0,0][A23,157,0,0][C,  018108,0,0] || [TOP] [A156,2813,0,0][A23,157,0,0][C,  018108,0,0] || [TOP] [A23,157,0,0][A156,2808,0,0] || [APPLICATION] [A155,2899,0,0][A23,157,0,0]","drilldown\pl_id_3187\L0\Itm_M3187_C8450_I8_L0.xml","drilldown\pl_id_3187\Itm_M3187_C8450_I8_attributes.xml","drilldown\pl_id_3187\tl_M3187_C8450_attributes.xml","menus\pl_id_3187_attributes.xml"
"M3187","C8450","I8","GHF9538AGHDX","85212","139115","XK8 Coupe/Convertible up to (V) 042775/INTERIOR TRIM AND LININGS/FLOOR COVERINGS/CARPETS","Handbrake cover","RHD > RH > Teal","XK8 Coupe Convertible up to (V) 042775 > INTERIOR TRIM AND LININGS > FLOOR COVERINGS > CARPETS > Handbrake cover > RHD > RH > Teal","[A37,615,0,0,1][A155,2899,0,0][A23,154,0,0][A155,2932,0,0][A23,154,0,0][C,  018107,1,0][A155,2787,0,0][A23,154,0,0][C,  018107,1,0][A23,154,0,0][A155,2908,0,0][A156,2819,0,0][A23,154,0,0][C,  018108,0,0][A156,2813,0,0][A23,154,0,0][C,  018108,0,0][A23,154,0,0][A156,2808,0,0][A155,2899,0,0][A23,157,0,0][A155,2932,0,0][A23,157,0,0][C,  018107,1,0][A155,2787,0,0][A23,157,0,0][C,  018107,1,0][A23,157,0,0][A155,2908,0,0][A156,2819,0,0][A23,157,0,0][C,  018108,0,0][A156,2813,0,0][A23,157,0,0][C,  018108,0,0][A23,157,0,0][A156,2808,0,0][A23,157,0,0][A155,2908,0,0]","[CATEGORY] [A37,615,0,0,1] || [TOP] [A155,2899,0,0][A23,154,0,0] || [TOP] [A155,2932,0,0][A23,154,0,0][C,  018107,1,0] || [TOP] [A155,2787,0,0][A23,154,0,0][C,  018107,1,0] || [TOP] [A23,154,0,0][A155,2908,0,0] || [TOP] [A156,2819,0,0][A23,154,0,0][C,  018108,0,0] || [TOP] [A156,2813,0,0][A23,154,0,0][C,  018108,0,0] || [TOP] [A23,154,0,0][A156,2808,0,0] || [TOP] [A155,2899,0,0][A23,157,0,0] || [TOP] [A155,2932,0,0][A23,157,0,0][C,  018107,1,0] || [TOP] [A155,2787,0,0][A23,157,0,0][C,  018107,1,0] || [TOP] [A23,157,0,0][A155,2908,0,0] || [TOP] [A156,2819,0,0][A23,157,0,0][C,  018108,0,0] || [TOP] [A156,2813,0,0][A23,157,0,0][C,  018108,0,0] || [TOP] [A23,157,0,0][A156,2808,0,0] || [APPLICATION] [A23,157,0,0][A155,2908,0,0]","drilldown\pl_id_3187\L0\Itm_M3187_C8450_I8_L0.xml","drilldown\pl_id_3187\Itm_M3187_C8450_I8_attributes.xml","drilldown\pl_id_3187\tl_M3187_C8450_attributes.xml","menus\pl_id_3187_attributes.xml"
"M3187","C8450","I8","GHF9538AGSDZ","89987","150159","XK8 Coupe/Convertible up to (V) 042775/INTERIOR TRIM AND LININGS/FLOOR COVERINGS/CARPETS","Handbrake cover","RHD > RH > Other Option > Cashmere > From VIN (018108)","XK8 Coupe Convertible up to (V) 042775 > INTERIOR TRIM AND LININGS > FLOOR COVERINGS > CARPETS > Handbrake cover > RHD > RH > Other Option > Cashmere > From VIN (018108)","[A37,615,0,0,1][A155,2899,0,0][A23,154,0,0][A155,2932,0,0][A23,154,0,0][C,  018107,1,0][A155,2787,0,0][A23,154,0,0][C,  018107,1,0][A23,154,0,0][A155,2908,0,0][A156,2819,0,0][A23,154,0,0][C,  018108,0,0][A156,2813,0,0][A23,154,0,0][C,  018108,0,0][A23,154,0,0][A156,2808,0,0][A155,2899,0,0][A23,157,0,0][A155,2932,0,0][A23,157,0,0][C,  018107,1,0][A155,2787,0,0][A23,157,0,0][C,  018107,1,0][A23,157,0,0][A155,2908,0,0][A156,2819,0,0][A23,157,0,0][C,  018108,0,0][A156,2813,0,0][A23,157,0,0][C,  018108,0,0][A23,157,0,0][A156,2808,0,0][A156,2819,0,0][A23,157,0,0][C,  018108,0,0]","[CATEGORY] [A37,615,0,0,1] || [TOP] [A155,2899,0,0][A23,154,0,0] || [TOP] [A155,2932,0,0][A23,154,0,0][C,  018107,1,0] || [TOP] [A155,2787,0,0][A23,154,0,0][C,  018107,1,0] || [TOP] [A23,154,0,0][A155,2908,0,0] || [TOP] [A156,2819,0,0][A23,154,0,0][C,  018108,0,0] || [TOP] [A156,2813,0,0][A23,154,0,0][C,  018108,0,0] || [TOP] [A23,154,0,0][A156,2808,0,0] || [TOP] [A155,2899,0,0][A23,157,0,0] || [TOP] [A155,2932,0,0][A23,157,0,0][C,  018107,1,0] || [TOP] [A155,2787,0,0][A23,157,0,0][C,  018107,1,0] || [TOP] [A23,157,0,0][A155,2908,0,0] || [TOP] [A156,2819,0,0][A23,157,0,0][C,  018108,0,0] || [TOP] [A156,2813,0,0][A23,157,0,0][C,  018108,0,0] || [TOP] [A23,157,0,0][A156,2808,0,0] || [APPLICATION] [A156,2819,0,0][A23,157,0,0][C,  018108,0,0]","drilldown\pl_id_3187\L0\Itm_M3187_C8450_I8_L0.xml","drilldown\pl_id_3187\Itm_M3187_C8450_I8_attributes.xml","drilldown\pl_id_3187\tl_M3187_C8450_attributes.xml","menus\pl_id_3187_attributes.xml"
"M3187","C8450","I8","GHF9538AGNED","89988","150165","XK8 Coupe/Convertible up to (V) 042775/INTERIOR TRIM AND LININGS/FLOOR COVERINGS/CARPETS","Handbrake cover","RHD > RH > Other Option > Ivory > From VIN (018108)","XK8 Coupe Convertible up to (V) 042775 > INTERIOR TRIM AND LININGS > FLOOR COVERINGS > CARPETS > Handbrake cover > RHD > RH > Other Option > Ivory > From VIN (018108)","[A37,615,0,0,1][A155,2899,0,0][A23,154,0,0][A155,2932,0,0][A23,154,0,0][C,  018107,1,0][A155,2787,0,0][A23,154,0,0][C,  018107,1,0][A23,154,0,0][A155,2908,0,0][A156,2819,0,0][A23,154,0,0][C,  018108,0,0][A156,2813,0,0][A23,154,0,0][C,  018108,0,0][A23,154,0,0][A156,2808,0,0][A155,2899,0,0][A23,157,0,0][A155,2932,0,0][A23,157,0,0][C,  018107,1,0][A155,2787,0,0][A23,157,0,0][C,  018107,1,0][A23,157,0,0][A155,2908,0,0][A156,2819,0,0][A23,157,0,0][C,  018108,0,0][A156,2813,0,0][A23,157,0,0][C,  018108,0,0][A23,157,0,0][A156,2808,0,0][A156,2813,0,0][A23,157,0,0][C,  018108,0,0]","[CATEGORY] [A37,615,0,0,1] || [TOP] [A155,2899,0,0][A23,154,0,0] || [TOP] [A155,2932,0,0][A23,154,0,0][C,  018107,1,0] || [TOP] [A155,2787,0,0][A23,154,0,0][C,  018107,1,0] || [TOP] [A23,154,0,0][A155,2908,0,0] || [TOP] [A156,2819,0,0][A23,154,0,0][C,  018108,0,0] || [TOP] [A156,2813,0,0][A23,154,0,0][C,  018108,0,0] || [TOP] [A23,154,0,0][A156,2808,0,0] || [TOP] [A155,2899,0,0][A23,157,0,0] || [TOP] [A155,2932,0,0][A23,157,0,0][C,  018107,1,0] || [TOP] [A155,2787,0,0][A23,157,0,0][C,  018107,1,0] || [TOP] [A23,157,0,0][A155,2908,0,0] || [TOP] [A156,2819,0,0][A23,157,0,0][C,  018108,0,0] || [TOP] [A156,2813,0,0][A23,157,0,0][C,  018108,0,0] || [TOP] [A23,157,0,0][A156,2808,0,0] || [APPLICATION] [A156,2813,0,0][A23,157,0,0][C,  018108,0,0]","drilldown\pl_id_3187\L0\Itm_M3187_C8450_I8_L0.xml","drilldown\pl_id_3187\Itm_M3187_C8450_I8_attributes.xml","drilldown\pl_id_3187\tl_M3187_C8450_attributes.xml","menus\pl_id_3187_attributes.xml"
"M3187","C8450","I8","GHF9538AGLEG","85213","139118","XK8 Coupe/Convertible up to (V) 042775/INTERIOR TRIM AND LININGS/FLOOR COVERINGS/CARPETS","Handbrake cover","RHD > RH > Other Option > Warm charcoal","XK8 Coupe Convertible up to (V) 042775 > INTERIOR TRIM AND LININGS > FLOOR COVERINGS > CARPETS > Handbrake cover > RHD > RH > Other Option > Warm charcoal","[A37,615,0,0,1][A155,2899,0,0][A23,154,0,0][A155,2932,0,0][A23,154,0,0][C,  018107,1,0][A155,2787,0,0][A23,154,0,0][C,  018107,1,0][A23,154,0,0][A155,2908,0,0][A156,2819,0,0][A23,154,0,0][C,  018108,0,0][A156,2813,0,0][A23,154,0,0][C,  018108,0,0][A23,154,0,0][A156,2808,0,0][A155,2899,0,0][A23,157,0,0][A155,2932,0,0][A23,157,0,0][C,  018107,1,0][A155,2787,0,0][A23,157,0,0][C,  018107,1,0][A23,157,0,0][A155,2908,0,0][A156,2819,0,0][A23,157,0,0][C,  018108,0,0][A156,2813,0,0][A23,157,0,0][C,  018108,0,0][A23,157,0,0][A156,2808,0,0][A23,157,0,0][A156,2808,0,0]","[CATEGORY] [A37,615,0,0,1] || [TOP] [A155,2899,0,0][A23,154,0,0] || [TOP] [A155,2932,0,0][A23,154,0,0][C,  018107,1,0] || [TOP] [A155,2787,0,0][A23,154,0,0][C,  018107,1,0] || [TOP] [A23,154,0,0][A155,2908,0,0] || [TOP] [A156,2819,0,0][A23,154,0,0][C,  018108,0,0] || [TOP] [A156,2813,0,0][A23,154,0,0][C,  018108,0,0] || [TOP] [A23,154,0,0][A156,2808,0,0] || [TOP] [A155,2899,0,0][A23,157,0,0] || [TOP] [A155,2932,0,0][A23,157,0,0][C,  018107,1,0] || [TOP] [A155,2787,0,0][A23,157,0,0][C,  018107,1,0] || [TOP] [A23,157,0,0][A155,2908,0,0] || [TOP] [A156,2819,0,0][A23,157,0,0][C,  018108,0,0] || [TOP] [A156,2813,0,0][A23,157,0,0][C,  018108,0,0] || [TOP] [A23,157,0,0][A156,2808,0,0] || [APPLICATION] [A23,157,0,0][A156,2808,0,0]","drilldown\pl_id_3187\L0\Itm_M3187_C8450_I8_L0.xml","drilldown\pl_id_3187\Itm_M3187_C8450_I8_attributes.xml","drilldown\pl_id_3187\tl_M3187_C8450_attributes.xml","menus\pl_id_3187_attributes.xml"
"M3187","C8450","I9","BBC7525LEG","59871","94667","XK8 Coupe/Convertible up to (V) 042775/INTERIOR TRIM AND LININGS/FLOOR COVERINGS/CARPETS","Fixing button","Warm charcoal > Warm charcoal","XK8 Coupe Convertible up to (V) 042775 > INTERIOR TRIM AND LININGS > FLOOR COVERINGS > CARPETS > Fixing button > Warm charcoal > Warm charcoal","[A37,615,0,0,1][A156,2808,0,0][A155,2927,0,0][A155,2927,0,0][A156,2808,0,0]","[CATEGORY] [A37,615,0,0,1] || [TOP] [A156,2808,0,0][A155,2927,0,0] || [APPLICATION] [A155,2927,0,0][A156,2808,0,0]","drilldown\pl_id_3187\L0\Itm_M3187_C8450_I9_L0.xml","drilldown\pl_id_3187\Itm_M3187_C8450_I9_attributes.xml","drilldown\pl_id_3187\tl_M3187_C8450_attributes.xml","menus\pl_id_3187_attributes.xml"
